[py_clob_client_v2] request error status=400 url=https://clob.polymarket.com/auth/api-key body={"error":"Could not create api key"}

[py_clob_client_v2] request error status=400 url=https://clob.polymarket.com/auth/api-key body={"error":"Could not create api key"}

request error status=400 url=https://clob.polymarket.com/auth/api-key body={"error":"Could not create api key"}

{
  "started_at": "2026-09-18T06:22:22.700900Z",
  "params": {
    "profile": "conservative",
    "threshold": 0.7,
    "stake_usd": 5.0,
    "stop_loss_pct": 0.25,
    "exit_before_sec": 20,
    "min_entry_seconds_left": 90,
    "max_entry_seconds_left": 150,
    "entry_timeout_min": 20,
    "poll_sec": 2.0,
    "max_ask": 0.85,
    "expensive_ask": 0.8,
    "expensive_after_wins": 3,
    "clob_cut_bid": 0.4,
    "clob_sl_min_bid": 0.45,
    "early_flatten_sec": 45,
    "early_flatten_bid": 0.55,
    "close_retry_max": 30,
    "close_retry_delay_sec": 2.0,
    "no_gamma_sl": false,
    "execute": true,
    "win_streak": 0
  },
  "attempts": [
    {
      "ts": "2026-09-18T06:22:26.739230Z",
      "slug": "btc-updown-5m-1789712400",
      "status": "skip_too_early_to_enter",
      "seconds_left": 153.26077675819397,
      "min_entry_seconds_left": 90,
      "max_entry_seconds_left": 150
    },
    {
      "ts": "2026-09-18T06:22:29.055666Z",
      "slug": "btc-updown-5m-1789712400",
      "status": "skip_too_early_to_enter",
      "seconds_left": 150.94434428215027,
      "min_entry_seconds_left": 90,
      "max_entry_seconds_left": 150
    },
    {
      "ts": "2026-09-18T06:22:32.154219Z",
      "slug": "btc-updown-5m-1789712400",
      "status": "heartbeat",
      "gamma_up": 0.505,
      "gamma_down": 0.495,
      "clob_up_ask": 0.9,
      "clob_down_ask": 0.11,
      "seconds_left": 148.61483120918274,
      "min_spread": 0.009999999999999995
    },
    {
      "ts": "2026-09-18T06:22:32.154258Z",
      "slug": "btc-updown-5m-1789712400",
      "status": "skip_ask_too_expensive",
      "threshold": 0.7,
      "max_ask": 0.85,
      "win_streak": 0,
      "clob_up_ask": 0.9,
      "clob_down_ask": 0.11,
      "seconds_left": 148.61483120918274,
      "trigger_price": 0.9
    },
    {
      "ts": "2026-09-18T06:22:35.108624Z",
      "slug": "btc-updown-5m-1789712400",
      "status": "heartbeat",
      "gamma_up": 0.505,
      "gamma_down": 0.495,
      "clob_up_ask": 0.91,
      "clob_down_ask": 0.1,
      "seconds_left": 145.51109981536865,
      "min_spread": 0.010000000000000009
    },
    {
      "ts": "2026-09-18T06:22:35.108658Z",
      "slug": "btc-updown-5m-1789712400",
      "status": "skip_ask_too_expensive",
      "threshold": 0.7,
      "max_ask": 0.85,
      "win_streak": 0,
      "clob_up_ask": 0.91,
      "clob_down_ask": 0.1,
      "seconds_left": 145.51109981536865,
      "trigger_price": 0.91
    },
    {
      "ts": "2026-09-18T06:22:38.013903Z",
      "slug": "btc-updown-5m-1789712400",
      "status": "heartbeat",
      "gamma_up": 0.505,
      "gamma_down": 0.495,
      "clob_up_ask": 0.91,
      "clob_down_ask": 0.1,
      "seconds_left": 142.59616541862488,
      "min_spread": 0.010000000000000009
    },
    {
      "ts": "2026-09-18T06:22:38.013935Z",
      "slug": "btc-updown-5m-1789712400",
      "status": "skip_ask_too_expensive",
      "threshold": 0.7,
      "max_ask": 0.85,
      "win_streak": 0,
      "clob_up_ask": 0.91,
      "clob_down_ask": 0.1,
      "seconds_left": 142.59616541862488,
      "trigger_price": 0.91
    },
    {
      "ts": "2026-09-18T06:22:40.880166Z",
      "slug": "btc-updown-5m-1789712400",
      "status": "heartbeat",
      "gamma_up": 0.505,
      "gamma_down": 0.495,
      "clob_up_ask": 0.94,
      "clob_down_ask": 0.07,
      "seconds_left": 139.71268343925476,
      "min_spread": 0.009999999999999898
    },
    {
      "ts": "2026-09-18T06:22:40.880196Z",
      "slug": "btc-updown-5m-1789712400",
      "status": "skip_ask_too_expensive",
      "threshold": 0.7,
      "max_ask": 0.85,
      "win_streak": 0,
      "clob_up_ask": 0.94,
      "clob_down_ask": 0.07,
      "seconds_left": 139.71268343925476,
      "trigger_price": 0.94
    },
    {
      "ts": "2026-09-18T06:22:43.750376Z",
      "slug": "btc-updown-5m-1789712400",
      "status": "heartbeat",
      "gamma_up": 0.505,
      "gamma_down": 0.495,
      "clob_up_ask": 0.97,
      "clob_down_ask": 0.04,
      "seconds_left": 136.8399600982666,
      "min_spread": 0.010000000000000002
    },
    {
      "ts": "2026-09-18T06:22:43.750403Z",
      "slug": "btc-updown-5m-1789712400",
      "status": "skip_ask_too_expensive",
      "threshold": 0.7,
      "max_ask": 0.85,
      "win_streak": 0,
      "clob_up_ask": 0.97,
      "clob_down_ask": 0.04,
      "seconds_left": 136.8399600982666,
      "trigger_price": 0.97
    },
    {
      "ts": "2026-09-18T06:22:46.664774Z",
      "slug": "btc-updown-5m-1789712400",
      "status": "heartbeat",
      "gamma_up": 0.505,
      "gamma_down": 0.495,
      "clob_up_ask": 0.98,
      "clob_down_ask": 0.03,
      "seconds_left": 133.92955374717712,
      "min_spread": 0.009999999999999998
    },
    {
      "ts": "2026-09-18T06:22:46.664802Z",
      "slug": "btc-updown-5m-1789712400",
      "status": "skip_ask_too_expensive",
      "threshold": 0.7,
      "max_ask": 0.85,
      "win_streak": 0,
      "clob_up_ask": 0.98,
      "clob_down_ask": 0.03,
      "seconds_left": 133.92955374717712,
      "trigger_price": 0.98
    },
    {
      "ts": "2026-09-18T06:22:49.588894Z",
      "slug": "btc-updown-5m-1789712400",
      "status": "heartbeat",
      "gamma_up": 0.505,
      "gamma_down": 0.495,
      "clob_up_ask": 0.98,
      "clob_down_ask": 0.03,
      "seconds_left": 131.0077419281006,
      "min_spread": 0.009999999999999998
    },
    {
      "ts": "2026-09-18T06:22:49.588922Z",
      "slug": "btc-updown-5m-1789712400",
      "status": "skip_ask_too_expensive",
      "threshold": 0.7,
      "max_ask": 0.85,
      "win_streak": 0,
      "clob_up_ask": 0.98,
      "clob_down_ask": 0.03,
      "seconds_left": 131.0077419281006,
      "trigger_price": 0.98
    },
    {
      "ts": "2026-09-18T06:22:52.494101Z",
      "slug": "btc-updown-5m-1789712400",
      "status": "heartbeat",
      "gamma_up": 0.505,
      "gamma_down": 0.495,
      "clob_up_ask": 0.98,
      "clob_down_ask": 0.03,
      "seconds_left": 128.1190915107727,
      "min_spread": 0.009999999999999998
    },
    {
      "ts": "2026-09-18T06:22:52.494130Z",
      "slug": "btc-updown-5m-1789712400",
      "status": "skip_ask_too_expensive",
      "threshold": 0.7,
      "max_ask": 0.85,
      "win_streak": 0,
      "clob_up_ask": 0.98,
      "clob_down_ask": 0.03,
      "seconds_left": 128.1190915107727,
      "trigger_price": 0.98
    },
    {
      "ts": "2026-09-18T06:22:55.374058Z",
      "slug": "btc-updown-5m-1789712400",
      "status": "heartbeat",
      "gamma_up": 0.955,
      "gamma_down": 0.045,
      "clob_up_ask": 0.98,
      "clob_down_ask": 0.03,
      "seconds_left": 125.22516059875488,
      "min_spread": 0.009999999999999998
    },
    {
      "ts": "2026-09-18T06:22:55.374085Z",
      "slug": "btc-updown-5m-1789712400",
      "status": "skip_ask_too_expensive",
      "threshold": 0.7,
      "max_ask": 0.85,
      "win_streak": 0,
      "clob_up_ask": 0.98,
      "clob_down_ask": 0.03,
      "seconds_left": 125.22516059875488,
      "trigger_price": 0.98
    },
    {
      "ts": "2026-09-18T06:22:58.266856Z",
      "slug": "btc-updown-5m-1789712400",
      "status": "heartbeat",
      "gamma_up": 0.955,
      "gamma_down": 0.045,
      "clob_up_ask": 0.99,
      "clob_down_ask": 0.02,
      "seconds_left": 122.33384585380554,
      "min_spread": 0.01
    },
    {
      "ts": "2026-09-18T06:22:58.266883Z",
      "slug": "btc-updown-5m-1789712400",
      "status": "skip_ask_too_expensive",
      "threshold": 0.7,
      "max_ask": 0.85,
      "win_streak": 0,
      "clob_up_ask": 0.99,
      "clob_down_ask": 0.02,
      "seconds_left": 122.33384585380554,
      "trigger_price": 0.99
    },
    {
      "ts": "2026-09-18T06:23:04.759217Z",
      "slug": "btc-updown-5m-1789712400",
      "status": "heartbeat",
      "gamma_up": 0.955,
      "gamma_down": 0.045,
      "clob_up_ask": null,
      "clob_down_ask": 0.01,
      "seconds_left": 115.8357241153717,
      "min_spread": null
    },
    {
      "ts": "2026-09-18T06:23:04.759240Z",
      "slug": "btc-updown-5m-1789712400",
      "status": "skip_price_below_threshold",
      "threshold": 0.7,
      "max_ask": 0.85,
      "win_streak": 0,
      "clob_up_ask": null,
      "clob_down_ask": 0.01,
      "seconds_left": 115.8357241153717,
      "trigger_price": null
    },
    {
      "ts": "2026-09-18T06:23:07.813479Z",
      "slug": "btc-updown-5m-1789712400",
      "status": "heartbeat",
      "gamma_up": 0.955,
      "gamma_down": 0.045,
      "clob_up_ask": null,
      "clob_down_ask": 0.01,
      "seconds_left": 112.85430192947388,
      "min_spread": null
    },
    {
      "ts": "2026-09-18T06:23:07.813506Z",
      "slug": "btc-updown-5m-1789712400",
      "status": "skip_price_below_threshold",
      "threshold": 0.7,
      "max_ask": 0.85,
      "win_streak": 0,
      "clob_up_ask": null,
      "clob_down_ask": 0.01,
      "seconds_left": 112.85430192947388,
      "trigger_price": null
    },
    {
      "ts": "2026-09-18T06:23:10.912635Z",
      "slug": "btc-updown-5m-1789712400",
      "status": "heartbeat",
      "gamma_up": 0.955,
      "gamma_down": 0.045,
      "clob_up_ask": null,
      "clob_down_ask": 0.01,
      "seconds_left": 109.7234947681427,
      "min_spread": null
    },
    {
      "ts": "2026-09-18T06:23:10.912662Z",
      "slug": "btc-updown-5m-1789712400",
      "status": "skip_price_below_threshold",
      "threshold": 0.7,
      "max_ask": 0.85,
      "win_streak": 0,
      "clob_up_ask": null,
      "clob_down_ask": 0.01,
      "seconds_left": 109.7234947681427,
      "trigger_price": null
    },
    {
      "ts": "2026-09-18T06:23:13.954824Z",
      "slug": "btc-updown-5m-1789712400",
      "status": "heartbeat",
      "gamma_up": 0.955,
      "gamma_down": 0.045,
      "clob_up_ask": null,
      "clob_down_ask": 0.01,
      "seconds_left": 106.65606737136841,
      "min_spread": null
    },
    {
      "ts": "2026-09-18T06:23:13.954848Z",
      "slug": "btc-updown-5m-1789712400",
      "status": "skip_price_below_threshold",
      "threshold": 0.7,
      "max_ask": 0.85,
      "win_streak": 0,
      "clob_up_ask": null,
      "clob_down_ask": 0.01,
      "seconds_left": 106.65606737136841,
      "trigger_price": null
    },
    {
      "ts": "2026-09-18T06:23:17.149734Z",
      "slug": "btc-updown-5m-1789712400",
      "status": "heartbeat",
      "gamma_up": 0.955,
      "gamma_down": 0.045,
      "clob_up_ask": null,
      "clob_down_ask": 0.01,
      "seconds_left": 103.55762529373169,
      "min_spread": null
    },
    {
      "ts": "2026-09-18T06:23:17.149756Z",
      "slug": "btc-updown-5m-1789712400",
      "status": "skip_price_below_threshold",
      "threshold": 0.7,
      "max_ask": 0.85,
      "win_streak": 0,
      "clob_up_ask": null,
      "clob_down_ask": 0.01,
      "seconds_left": 103.55762529373169,
      "trigger_price": null
    },
    {
      "ts": "2026-09-18T06:23:20.099627Z",
      "slug": "btc-updown-5m-1789712400",
      "status": "heartbeat",
      "gamma_up": 0.955,
      "gamma_down": 0.045,
      "clob_up_ask": null,
      "clob_down_ask": 0.01,
      "seconds_left": 100.5116651058197,
      "min_spread": null
    },
    {
      "ts": "2026-09-18T06:23:20.099651Z",
      "slug": "btc-updown-5m-1789712400",
      "status": "skip_price_below_threshold",
      "threshold": 0.7,
      "max_ask": 0.85,
      "win_streak": 0,
      "clob_up_ask": null,
      "clob_down_ask": 0.01,
      "seconds_left": 100.5116651058197,
      "trigger_price": null
    },
    {
      "ts": "2026-09-18T06:23:23.006236Z",
      "slug": "btc-updown-5m-1789712400",
      "status": "heartbeat",
      "gamma_up": 0.955,
      "gamma_down": 0.045,
      "clob_up_ask": null,
      "clob_down_ask": 0.01,
      "seconds_left": 97.58053207397461,
      "min_spread": null
    },
    {
      "ts": "2026-09-18T06:23:23.006250Z",
      "slug": "btc-updown-5m-1789712400",
      "status": "skip_price_below_threshold",
      "threshold": 0.7,
      "max_ask": 0.85,
      "win_streak": 0,
      "clob_up_ask": null,
      "clob_down_ask": 0.01,
      "seconds_left": 97.58053207397461,
      "trigger_price": null
    },
    {
      "ts": "2026-09-18T06:23:25.914887Z",
      "slug": "btc-updown-5m-1789712400",
      "status": "heartbeat",
      "gamma_up": 0.955,
      "gamma_down": 0.045,
      "clob_up_ask": null,
      "clob_down_ask": 0.01,
      "seconds_left": 94.70464754104614,
      "min_spread": null
    },
    {
      "ts": "2026-09-18T06:23:25.914911Z",
      "slug": "btc-updown-5m-1789712400",
      "status": "skip_price_below_threshold",
      "threshold": 0.7,
      "max_ask": 0.85,
      "win_streak": 0,
      "clob_up_ask": null,
      "clob_down_ask": 0.01,
      "seconds_left": 94.70464754104614,
      "trigger_price": null
    },
    {
      "ts": "2026-09-18T06:23:28.838868Z",
      "slug": "btc-updown-5m-1789712400",
      "status": "heartbeat",
      "gamma_up": 0.955,
      "gamma_down": 0.045,
      "clob_up_ask": null,
      "clob_down_ask": 0.01,
      "seconds_left": 91.78458213806152,
      "min_spread": null
    },
    {
      "ts": "2026-09-18T06:23:28.838893Z",
      "slug": "btc-updown-5m-1789712400",
      "status": "skip_price_below_threshold",
      "threshold": 0.7,
      "max_ask": 0.85,
      "win_streak": 0,
      "clob_up_ask": null,
      "clob_down_ask": 0.01,
      "seconds_left": 91.78458213806152,
      "trigger_price": null
    },
    {
      "ts": "2026-09-18T06:23:31.204455Z",
      "slug": "btc-updown-5m-1789712400",
      "status": "skip_too_late_to_enter",
      "seconds_left": 88.79555153846741,
      "min_entry_seconds_left": 90,
      "max_entry_seconds_left": 150
    },
    {
      "ts": "2026-09-18T06:23:33.499600Z",
      "slug": "btc-updown-5m-1789712400",
      "status": "skip_too_late_to_enter",
      "seconds_left": 86.50040650367737,
      "min_entry_seconds_left": 90,
      "max_entry_seconds_left": 150
    },
    {
      "ts": "2026-09-18T06:23:39.397276Z",
      "slug": "btc-updown-5m-1789712400",
      "status": "skip_too_late_to_enter",
      "seconds_left": 80.60273051261902,
      "min_entry_seconds_left": 90,
      "max_entry_seconds_left": 150
    },
    {
      "ts": "2026-09-18T06:23:41.689013Z",
      "slug": "btc-updown-5m-1789712400",
      "status": "skip_too_late_to_enter",
      "seconds_left": 78.31099319458008,
      "min_entry_seconds_left": 90,
      "max_entry_seconds_left": 150
    },
    {
      "ts": "2026-09-18T06:23:44.000912Z",
      "slug": "btc-updown-5m-1789712400",
      "status": "skip_too_late_to_enter",
      "seconds_left": 75.999094247818,
      "min_entry_seconds_left": 90,
      "max_entry_seconds_left": 150
    },
    {
      "ts": "2026-09-18T06:23:46.341569Z",
      "slug": "btc-updown-5m-1789712400",
      "status": "skip_too_late_to_enter",
      "seconds_left": 73.65843772888184,
      "min_entry_seconds_left": 90,
      "max_entry_seconds_left": 150
    },
    {
      "ts": "2026-09-18T06:23:48.623762Z",
      "slug": "btc-updown-5m-1789712400",
      "status": "skip_too_late_to_enter",
      "seconds_left": 71.37624335289001,
      "min_entry_seconds_left": 90,
      "max_entry_seconds_left": 150
    },
    {
      "ts": "2026-09-18T06:23:50.922631Z",
      "slug": "btc-updown-5m-1789712400",
      "status": "skip_too_late_to_enter",
      "seconds_left": 69.07737684249878,
      "min_entry_seconds_left": 90,
      "max_entry_seconds_left": 150
    },
    {
      "ts": "2026-09-18T06:23:53.218555Z",
      "slug": "btc-updown-5m-1789712400",
      "status": "skip_too_late_to_enter",
      "seconds_left": 66.78145289421082,
      "min_entry_seconds_left": 90,
      "max_entry_seconds_left": 150
    },
    {
      "ts": "2026-09-18T06:23:55.553774Z",
      "slug": "btc-updown-5m-1789712400",
      "status": "skip_too_late_to_enter",
      "seconds_left": 64.44623303413391,
      "min_entry_seconds_left": 90,
      "max_entry_seconds_left": 150
    },
    {
      "ts": "2026-09-18T06:23:57.857463Z",
      "slug": "btc-updown-5m-1789712400",
      "status": "skip_too_late_to_enter",
      "seconds_left": 62.14254593849182,
      "min_entry_seconds_left": 90,
      "max_entry_seconds_left": 150
    },
    {
      "ts": "2026-09-18T06:24:00.198797Z",
      "slug": "btc-updown-5m-1789712400",
      "status": "skip_too_late_to_enter",
      "seconds_left": 59.80121064186096,
      "min_entry_seconds_left": 90,
      "max_entry_seconds_left": 150
    },
    {
      "ts": "2026-09-18T06:24:02.467459Z",
      "slug": "btc-updown-5m-1789712400",
      "status": "skip_too_late_to_enter",
      "seconds_left": 57.532548904418945,
      "min_entry_seconds_left": 90,
      "max_entry_seconds_left": 150
    },
    {
      "ts": "2026-09-18T06:24:04.845981Z",
      "slug": "btc-updown-5m-1789712400",
      "status": "skip_too_late_to_enter",
      "seconds_left": 55.15402579307556,
      "min_entry_seconds_left": 90,
      "max_entry_seconds_left": 150
    },
    {
      "ts": "2026-09-18T06:24:07.174963Z",
      "slug": "btc-updown-5m-1789712400",
      "status": "skip_too_late_to_enter",
      "seconds_left": 52.825068950653076,
      "min_entry_seconds_left": 90,
      "max_entry_seconds_left": 150
    },
    {
      "ts": "2026-09-18T06:24:09.464670Z",
      "slug": "btc-updown-5m-1789712400",
      "status": "skip_too_late_to_enter",
      "seconds_left": 50.535338163375854,
      "min_entry_seconds_left": 90,
      "max_entry_seconds_left": 150
    },
    {
      "ts": "2026-09-18T06:24:15.377533Z",
      "slug": "btc-updown-5m-1789712400",
      "status": "skip_too_late_to_enter",
      "seconds_left": 44.62247371673584,
      "min_entry_seconds_left": 90,
      "max_entry_seconds_left": 150
    },
    {
      "ts": "2026-09-18T06:24:17.671249Z",
      "slug": "btc-updown-5m-1789712400",
      "status": "skip_too_late_to_enter",
      "seconds_left": 42.328758239746094,
      "min_entry_seconds_left": 90,
      "max_entry_seconds_left": 150
    },
    {
      "ts": "2026-09-18T06:24:19.958870Z",
      "slug": "btc-updown-5m-1789712400",
      "status": "skip_too_late_to_enter",
      "seconds_left": 40.04113483428955,
      "min_entry_seconds_left": 90,
      "max_entry_seconds_left": 150
    },
    {
      "ts": "2026-09-18T06:24:22.246363Z",
      "slug": "btc-updown-5m-1789712400",
      "status": "skip_too_late_to_enter",
      "seconds_left": 37.75364351272583,
      "min_entry_seconds_left": 90,
      "max_entry_seconds_left": 150
    },
    {
      "ts": "2026-09-18T06:24:24.535774Z",
      "slug": "btc-updown-5m-1789712400",
      "status": "skip_too_late_to_enter",
      "seconds_left": 35.46423387527466,
      "min_entry_seconds_left": 90,
      "max_entry_seconds_left": 150
    },
    {
      "ts": "2026-09-18T06:24:26.821814Z",
      "slug": "btc-updown-5m-1789712400",
      "status": "skip_too_late_to_enter",
      "seconds_left": 33.17819333076477,
      "min_entry_seconds_left": 90,
      "max_entry_seconds_left": 150
    },
    {
      "ts": "2026-09-18T06:24:29.103455Z",
      "slug": "btc-updown-5m-1789712400",
      "status": "skip_too_late_to_enter",
      "seconds_left": 30.896551370620728,
      "min_entry_seconds_left": 90,
      "max_entry_seconds_left": 150
    },
    {
      "ts": "2026-09-18T06:24:31.399628Z",
      "slug": "btc-updown-5m-1789712400",
      "status": "skip_too_late_to_enter",
      "seconds_left": 28.60037899017334,
      "min_entry_seconds_left": 90,
      "max_entry_seconds_left": 150
    },
    {
      "ts": "2026-09-18T06:24:33.698299Z",
      "slug": "btc-updown-5m-1789712400",
      "status": "skip_too_late_to_enter",
      "seconds_left": 26.30170774459839,
      "min_entry_seconds_left": 90,
      "max_entry_seconds_left": 150
    },
    {
      "ts": "2026-09-18T06:24:35.992323Z",
      "slug": "btc-updown-5m-1789712400",
      "status": "skip_too_late_to_enter",
      "seconds_left": 24.007683277130127,
      "min_entry_seconds_left": 90,
      "max_entry_seconds_left": 150
    },
    {
      "ts": "2026-09-18T06:24:38.310108Z",
      "slug": "btc-updown-5m-1789712400",
      "status": "skip_too_late_to_enter",
      "seconds_left": 21.689900875091553,
      "min_entry_seconds_left": 90,
      "max_entry_seconds_left": 150
    },
    {
      "ts": "2026-09-18T06:24:40.596223Z",
      "slug": "btc-updown-5m-1789712400",
      "status": "skip_too_late_to_enter",
      "seconds_left": 19.40384602546692,
      "min_entry_seconds_left": 90,
      "max_entry_seconds_left": 150
    },
    {
      "ts": "2026-09-18T06:24:42.882413Z",
      "slug": "btc-updown-5m-1789712400",
      "status": "skip_too_late_to_enter",
      "seconds_left": 17.117594957351685,
      "min_entry_seconds_left": 90,
      "max_entry_seconds_left": 150
    },
    {
      "ts": "2026-09-18T06:24:45.183500Z",
      "slug": "btc-updown-5m-1789712400",
      "status": "skip_too_late_to_enter",
      "seconds_left": 14.816507339477539,
      "min_entry_seconds_left": 90,
      "max_entry_seconds_left": 150
    },
    {
      "ts": "2026-09-18T06:24:51.075976Z",
      "slug": "btc-updown-5m-1789712400",
      "status": "skip_too_late_to_enter",
      "seconds_left": 8.924083232879639,
      "min_entry_seconds_left": 90,
      "max_entry_seconds_left": 150
    },
    {
      "ts": "2026-09-18T06:24:53.362946Z",
      "slug": "btc-updown-5m-1789712400",
      "status": "skip_too_late_to_enter",
      "seconds_left": 6.637062072753906,
      "min_entry_seconds_left": 90,
      "max_entry_seconds_left": 150
    },
    {
      "ts": "2026-09-18T06:24:55.670969Z",
      "status": "heartbeat_no_current_market"
    },
    {
      "ts": "2026-09-18T06:24:57.980064Z",
      "status": "heartbeat_no_current_market"
    },
    {
      "ts": "2026-09-18T06:25:00.346430Z",
      "status": "heartbeat_no_current_market"
    },
    {
      "ts": "2026-09-18T06:25:02.635700Z",
      "slug": "btc-updown-5m-1789712700",
      "status": "skip_too_early_to_enter",
      "seconds_left": 297.36430764198303,
      "min_entry_seconds_left": 90,
      "max_entry_seconds_left": 150
    },
    {
      "ts": "2026-09-18T06:25:04.970960Z",
      "slug": "btc-updown-5m-1789712700",
      "status": "skip_too_early_to_enter",
      "seconds_left": 295.0290446281433,
      "min_entry_seconds_left": 90,
      "max_entry_seconds_left": 150
    },
    {
      "ts": "2026-09-18T06:25:07.470440Z",
      "slug": "btc-updown-5m-1789712700",
      "status": "skip_too_early_to_enter",
      "seconds_left": 292.52956461906433,
      "min_entry_seconds_left": 90,
      "max_entry_seconds_left": 150
    },
    {
      "ts": "2026-09-18T06:25:09.845731Z",
      "slug": "btc-updown-5m-1789712700",
      "status": "skip_too_early_to_enter",
      "seconds_left": 290.1542761325836,
      "min_entry_seconds_left": 90,
      "max_entry_seconds_left": 150
    },
    {
      "ts": "2026-09-18T06:25:12.161852Z",
      "slug": "btc-updown-5m-1789712700",
      "status": "skip_too_early_to_enter",
      "seconds_left": 287.83815598487854,
      "min_entry_seconds_left": 90,
      "max_entry_seconds_left": 150
    },
    {
      "ts": "2026-09-18T06:25:14.465927Z",
      "slug": "btc-updown-5m-1789712700",
      "status": "skip_too_early_to_enter",
      "seconds_left": 285.53407979011536,
      "min_entry_seconds_left": 90,
      "max_entry_seconds_left": 150
    },
    {
      "ts": "2026-09-18T06:25:16.769614Z",
      "slug": "btc-updown-5m-1789712700",
      "status": "skip_too_early_to_enter",
      "seconds_left": 283.230393409729,
      "min_entry_seconds_left": 90,
      "max_entry_seconds_left": 150
    },
    {
      "ts": "2026-09-18T06:25:19.063917Z",
      "slug": "btc-updown-5m-1789712700",
      "status": "skip_too_early_to_enter",
      "seconds_left": 280.93608927726746,
      "min_entry_seconds_left": 90,
      "max_entry_seconds_left": 150
    },
    {
      "ts": "2026-09-18T06:25:21.360436Z",
      "slug": "btc-updown-5m-1789712700",
      "status": "skip_too_early_to_enter",
      "seconds_left": 278.63957118988037,
      "min_entry_seconds_left": 90,
      "max_entry_seconds_left": 150
    },
    {
      "ts": "2026-09-18T06:25:27.266294Z",
      "slug": "btc-updown-5m-1789712700",
      "status": "skip_too_early_to_enter",
      "seconds_left": 272.73371291160583,
      "min_entry_seconds_left": 90,
      "max_entry_seconds_left": 150
    },
    {
      "ts": "2026-09-18T06:25:29.568372Z",
      "slug": "btc-updown-5m-1789712700",
      "status": "skip_too_early_to_enter",
      "seconds_left": 270.4316408634186,
      "min_entry_seconds_left": 90,
      "max_entry_seconds_left": 150
    },
    {
      "ts": "2026-09-18T06:25:32.007411Z",
      "slug": "btc-updown-5m-1789712700",
      "status": "skip_too_early_to_enter",
      "seconds_left": 267.99259209632874,
      "min_entry_seconds_left": 90,
      "max_entry_seconds_left": 150
    },
    {
      "ts": "2026-09-18T06:25:34.336030Z",
      "slug": "btc-updown-5m-1789712700",
      "status": "skip_too_early_to_enter",
      "seconds_left": 265.66397619247437,
      "min_entry_seconds_left": 90,
      "max_entry_seconds_left": 150
    },
    {
      "ts": "2026-09-18T06:25:36.611744Z",
      "slug": "btc-updown-5m-1789712700",
      "status": "skip_too_early_to_enter",
      "seconds_left": 263.3882610797882,
      "min_entry_seconds_left": 90,
      "max_entry_seconds_left": 150
    },
    {
      "ts": "2026-09-18T06:25:38.902290Z",
      "slug": "btc-updown-5m-1789712700",
      "status": "skip_too_early_to_enter",
      "seconds_left": 261.097718000412,
      "min_entry_seconds_left": 90,
      "max_entry_seconds_left": 150
    },
    {
      "ts": "2026-09-18T06:25:41.196521Z",
      "slug": "btc-updown-5m-1789712700",
      "status": "skip_too_early_to_enter",
      "seconds_left": 258.80350947380066,
      "min_entry_seconds_left": 90,
      "max_entry_seconds_left": 150
    },
    {
      "ts": "2026-09-18T06:25:43.498852Z",
      "slug": "btc-updown-5m-1789712700",
      "status": "skip_too_early_to_enter",
      "seconds_left": 256.50119709968567,
      "min_entry_seconds_left": 90,
      "max_entry_seconds_left": 150
    },
    {
      "ts": "2026-09-18T06:25:45.780641Z",
      "slug": "btc-updown-5m-1789712700",
      "status": "skip_too_early_to_enter",
      "seconds_left": 254.21936583518982,
      "min_entry_seconds_left": 90,
      "max_entry_seconds_left": 150
    },
    {
      "ts": "2026-09-18T06:25:48.056413Z",
      "slug": "btc-updown-5m-1789712700",
      "status": "skip_too_early_to_enter",
      "seconds_left": 251.94359374046326,
      "min_entry_seconds_left": 90,
      "max_entry_seconds_left": 150
    },
    {
      "ts": "2026-09-18T06:25:50.373876Z",
      "slug": "btc-updown-5m-1789712700",
      "status": "skip_too_early_to_enter",
      "seconds_left": 249.6261270046234,
      "min_entry_seconds_left": 90,
      "max_entry_seconds_left": 150
    },
    {
      "ts": "2026-09-18T06:25:52.675406Z",
      "slug": "btc-updown-5m-1789712700",
      "status": "skip_too_early_to_enter",
      "seconds_left": 247.32460045814514,
      "min_entry_seconds_left": 90,
      "max_entry_seconds_left": 150
    },
    {
      "ts": "2026-09-18T06:25:54.948452Z",
      "slug": "btc-updown-5m-1789712700",
      "status": "skip_too_early_to_enter",
      "seconds_left": 245.05155324935913,
      "min_entry_seconds_left": 90,
      "max_entry_seconds_left": 150
    },
    {
      "ts": "2026-09-18T06:25:57.251379Z",
      "slug": "btc-updown-5m-1789712700",
      "status": "skip_too_early_to_enter",
      "seconds_left": 242.74862790107727,
      "min_entry_seconds_left": 90,
      "max_entry_seconds_left": 150
    },
    {
      "ts": "2026-09-18T06:26:03.140359Z",
      "slug": "btc-updown-5m-1789712700",
      "status": "skip_too_early_to_enter",
      "seconds_left": 236.85964727401733,
      "min_entry_seconds_left": 90,
      "max_entry_seconds_left": 150
    },
    {
      "ts": "2026-09-18T06:26:05.444587Z",
      "slug": "btc-updown-5m-1789712700",
      "status": "skip_too_early_to_enter",
      "seconds_left": 234.5554518699646,
      "min_entry_seconds_left": 90,
      "max_entry_seconds_left": 150
    },
    {
      "ts": "2026-09-18T06:26:07.728229Z",
      "slug": "btc-updown-5m-1789712700",
      "status": "skip_too_early_to_enter",
      "seconds_left": 232.2717785835266,
      "min_entry_seconds_left": 90,
      "max_entry_seconds_left": 150
    },
    {
      "ts": "2026-09-18T06:26:10.070099Z",
      "slug": "btc-updown-5m-1789712700",
      "status": "skip_too_early_to_enter",
      "seconds_left": 229.92990899085999,
      "min_entry_seconds_left": 90,
      "max_entry_seconds_left": 150
    },
    {
      "ts": "2026-09-18T06:26:12.407135Z",
      "slug": "btc-updown-5m-1789712700",
      "status": "skip_too_early_to_enter",
      "seconds_left": 227.59287214279175,
      "min_entry_seconds_left": 90,
      "max_entry_seconds_left": 150
    },
    {
      "ts": "2026-09-18T06:26:14.750432Z",
      "slug": "btc-updown-5m-1789712700",
      "status": "skip_too_early_to_enter",
      "seconds_left": 225.24957180023193,
      "min_entry_seconds_left": 90,
      "max_entry_seconds_left": 150
    },
    {
      "ts": "2026-09-18T06:26:17.068701Z",
      "slug": "btc-updown-5m-1789712700",
      "status": "skip_too_early_to_enter",
      "seconds_left": 222.93130612373352,
      "min_entry_seconds_left": 90,
      "max_entry_seconds_left": 150
    },
    {
      "ts": "2026-09-18T06:26:19.344686Z",
      "slug": "btc-updown-5m-1789712700",
      "status": "skip_too_early_to_enter",
      "seconds_left": 220.65532088279724,
      "min_entry_seconds_left": 90,
      "max_entry_seconds_left": 150
    },
    {
      "ts": "2026-09-18T06:26:21.640334Z",
      "slug": "btc-updown-5m-1789712700",
      "status": "skip_too_early_to_enter",
      "seconds_left": 218.35967135429382,
      "min_entry_seconds_left": 90,
      "max_entry_seconds_left": 150
    },
    {
      "ts": "2026-09-18T06:26:23.939822Z",
      "slug": "btc-updown-5m-1789712700",
      "status": "skip_too_early_to_enter",
      "seconds_left": 216.0601840019226,
      "min_entry_seconds_left": 90,
      "max_entry_seconds_left": 150
    },
    {
      "ts": "2026-09-18T06:26:26.236688Z",
      "slug": "btc-updown-5m-1789712700",
      "status": "skip_too_early_to_enter",
      "seconds_left": 213.76331853866577,
      "min_entry_seconds_left": 90,
      "max_entry_seconds_left": 150
    },
    {
      "ts": "2026-09-18T06:26:28.583914Z",
      "slug": "btc-updown-5m-1789712700",
      "status": "skip_too_early_to_enter",
      "seconds_left": 211.41609263420105,
      "min_entry_seconds_left": 90,
      "max_entry_seconds_left": 150
    },
    {
      "ts": "2026-09-18T06:26:30.877760Z",
      "slug": "btc-updown-5m-1789712700",
      "status": "skip_too_early_to_enter",
      "seconds_left": 209.12224650382996,
      "min_entry_seconds_left": 90,
      "max_entry_seconds_left": 150
    },
    {
      "ts": "2026-09-18T06:26:33.174441Z",
      "slug": "btc-updown-5m-1789712700",
      "status": "skip_too_early_to_enter",
      "seconds_left": 206.82556581497192,
      "min_entry_seconds_left": 90,
      "max_entry_seconds_left": 150
    },
    {
      "ts": "2026-09-18T06:26:35.473412Z",
      "slug": "btc-updown-5m-1789712700",
      "status": "skip_too_early_to_enter",
      "seconds_left": 204.5265953540802,
      "min_entry_seconds_left": 90,
      "max_entry_seconds_left": 150
    },
    {
      "ts": "2026-09-18T06:26:41.436285Z",
      "slug": "btc-updown-5m-1789712700",
      "status": "skip_too_early_to_enter",
      "seconds_left": 198.56372165679932,
      "min_entry_seconds_left": 90,
      "max_entry_seconds_left": 150
    },
    {
      "ts": "2026-09-18T06:26:43.733466Z",
      "slug": "btc-updown-5m-1789712700",
      "status": "skip_too_early_to_enter",
      "seconds_left": 196.2665410041809,
      "min_entry_seconds_left": 90,
      "max_entry_seconds_left": 150
    },
    {
      "ts": "2026-09-18T06:26:46.037038Z",
      "slug": "btc-updown-5m-1789712700",
      "status": "skip_too_early_to_enter",
      "seconds_left": 193.96296787261963,
      "min_entry_seconds_left": 90,
      "max_entry_seconds_left": 150
    },
    {
      "ts": "2026-09-18T06:26:48.341752Z",
      "slug": "btc-updown-5m-1789712700",
      "status": "skip_too_early_to_enter",
      "seconds_left": 191.65825486183167,
      "min_entry_seconds_left": 90,
      "max_entry_seconds_left": 150
    },
    {
      "ts": "2026-09-18T06:26:50.612004Z",
      "slug": "btc-updown-5m-1789712700",
      "status": "skip_too_early_to_enter",
      "seconds_left": 189.38800573349,
      "min_entry_seconds_left": 90,
      "max_entry_seconds_left": 150
    },
    {
      "ts": "2026-09-18T06:26:52.925805Z",
      "slug": "btc-updown-5m-1789712700",
      "status": "skip_too_early_to_enter",
      "seconds_left": 187.07420253753662,
      "min_entry_seconds_left": 90,
      "max_entry_seconds_left": 150
    },
    {
      "ts": "2026-09-18T06:26:55.227894Z",
      "slug": "btc-updown-5m-1789712700",
      "status": "skip_too_early_to_enter",
      "seconds_left": 184.77211356163025,
      "min_entry_seconds_left": 90,
      "max_entry_seconds_left": 150
    },
    {
      "ts": "2026-09-18T06:26:57.527680Z",
      "slug": "btc-updown-5m-1789712700",
      "status": "skip_too_early_to_enter",
      "seconds_left": 182.47232723236084,
      "min_entry_seconds_left": 90,
      "max_entry_seconds_left": 150
    },
    {
      "ts": "2026-09-18T06:26:59.849146Z",
      "slug": "btc-updown-5m-1789712700",
      "status": "skip_too_early_to_enter",
      "seconds_left": 180.15086102485657,
      "min_entry_seconds_left": 90,
      "max_entry_seconds_left": 150
    },
    {
      "ts": "2026-09-18T06:27:02.130828Z",
      "slug": "btc-updown-5m-1789712700",
      "status": "skip_too_early_to_enter",
      "seconds_left": 177.86917781829834,
      "min_entry_seconds_left": 90,
      "max_entry_seconds_left": 150
    },
    {
      "ts": "2026-09-18T06:27:04.444473Z",
      "slug": "btc-updown-5m-1789712700",
      "status": "skip_too_early_to_enter",
      "seconds_left": 175.55553317070007,
      "min_entry_seconds_left": 90,
      "max_entry_seconds_left": 150
    },
    {
      "ts": "2026-09-18T06:27:06.745689Z",
      "slug": "btc-updown-5m-1789712700",
      "status": "skip_too_early_to_enter",
      "seconds_left": 173.25431728363037,
      "min_entry_seconds_left": 90,
      "max_entry_seconds_left": 150
    },
    {
      "ts": "2026-09-18T06:27:09.028789Z",
      "slug": "btc-updown-5m-1789712700",
      "status": "skip_too_early_to_enter",
      "seconds_left": 170.97121453285217,
      "min_entry_seconds_left": 90,
      "max_entry_seconds_left": 150
    },
    {
      "ts": "2026-09-18T06:27:11.309030Z",
      "slug": "btc-updown-5m-1789712700",
      "status": "skip_too_early_to_enter",
      "seconds_left": 168.69097352027893,
      "min_entry_seconds_left": 90,
      "max_entry_seconds_left": 150
    },
    {
      "ts": "2026-09-18T06:27:17.205346Z",
      "slug": "btc-updown-5m-1789712700",
      "status": "skip_too_early_to_enter",
      "seconds_left": 162.79466128349304,
      "min_entry_seconds_left": 90,
      "max_entry_seconds_left": 150
    },
    {
      "ts": "2026-09-18T06:27:19.489732Z",
      "slug": "btc-updown-5m-1789712700",
      "status": "skip_too_early_to_enter",
      "seconds_left": 160.51027393341064,
      "min_entry_seconds_left": 90,
      "max_entry_seconds_left": 150
    },
    {
      "ts": "2026-09-18T06:27:21.781693Z",
      "slug": "btc-updown-5m-1789712700",
      "status": "skip_too_early_to_enter",
      "seconds_left": 158.21831679344177,
      "min_entry_seconds_left": 90,
      "max_entry_seconds_left": 150
    },
    {
      "ts": "2026-09-18T06:27:24.079165Z",
      "slug": "btc-updown-5m-1789712700",
      "status": "skip_too_early_to_enter",
      "seconds_left": 155.92084097862244,
      "min_entry_seconds_left": 90,
      "max_entry_seconds_left": 150
    },
    {
      "ts": "2026-09-18T06:27:26.387221Z",
      "slug": "btc-updown-5m-1789712700",
      "status": "skip_too_early_to_enter",
      "seconds_left": 153.61278533935547,
      "min_entry_seconds_left": 90,
      "max_entry_seconds_left": 150
    },
    {
      "ts": "2026-09-18T06:27:28.670419Z",
      "slug": "btc-updown-5m-1789712700",
      "status": "skip_too_early_to_enter",
      "seconds_left": 151.32958793640137,
      "min_entry_seconds_left": 90,
      "max_entry_seconds_left": 150
    },
    {
      "ts": "2026-09-18T06:27:31.857704Z",
      "slug": "btc-updown-5m-1789712700",
      "status": "heartbeat",
      "gamma_up": 0.52,
      "gamma_down": 0.48,
      "clob_up_ask": 0.84,
      "clob_down_ask": 0.17,
      "seconds_left": 149.03051662445068,
      "min_spread": 0.010000000000000009
    },
    {
      "ts": "2026-09-18T06:27:40.042603Z",
      "slug": "btc-updown-5m-1789712700",
      "status": "heartbeat",
      "gamma_up": 0.52,
      "gamma_down": 0.48,
      "clob_up_ask": 0.88,
      "clob_down_ask": 0.13,
      "seconds_left": 140.74188613891602,
      "min_spread": 0.010000000000000009
    },
    {
      "ts": "2026-09-18T06:27:40.042637Z",
      "slug": "btc-updown-5m-1789712700",
      "status": "skip_ask_too_expensive",
      "threshold": 0.7,
      "max_ask": 0.85,
      "win_streak": 0,
      "clob_up_ask": 0.88,
      "clob_down_ask": 0.13,
      "seconds_left": 140.74188613891602,
      "trigger_price": 0.88
    },
    {
      "ts": "2026-09-18T06:27:42.924408Z",
      "slug": "btc-updown-5m-1789712700",
      "status": "heartbeat",
      "gamma_up": 0.52,
      "gamma_down": 0.48,
      "clob_up_ask": 0.89,
      "clob_down_ask": 0.14,
      "seconds_left": 137.67079424858093,
      "min_spread": 0.010000000000000009
    },
    {
      "ts": "2026-09-18T06:27:42.924437Z",
      "slug": "btc-updown-5m-1789712700",
      "status": "skip_ask_too_expensive",
      "threshold": 0.7,
      "max_ask": 0.85,
      "win_streak": 0,
      "clob_up_ask": 0.89,
      "clob_down_ask": 0.14,
      "seconds_left": 137.67079424858093,
      "trigger_price": 0.89
    },
    {
      "ts": "2026-09-18T06:27:45.802359Z",
      "slug": "btc-updown-5m-1789712700",
      "status": "heartbeat",
      "gamma_up": 0.52,
      "gamma_down": 0.48,
      "clob_up_ask": 0.84,
      "clob_down_ask": 0.23,
      "seconds_left": 134.7898392677307,
      "min_spread": 0.010000000000000009
    }
  ],
  "last_open_try": "{\"error\": \"PolyApiException[status_code=400, error_message={'error': 'no orders found to match with FAK order. FAK orders are partially filled or killed if no match is found.', 'orderID': '0x1c3b7967361e5909466ae0b722bdb6b29a18daeb0b05bd0030a8f0fc4876f7db'}]\", \"order_post_result\": {\"success\": false, \"status\": \"error\", \"errorMsg\": \"PolyApiException[status_code=400, error_message={'error': 'no orders found to match with FAK order. FAK orders are partially filled or killed if no match is found.', 'orderID': '0x1c3b7967361e5909466ae0b722bdb6b29a18daeb0b05bd0030a8f0fc4876f7db'}]\"}, \"close_skipped\": \"\"}\n\n[py_clob_client_v2] request error status=400 url=https://clob.polymarket.com/auth/api-key body={\"error\":\"Could not create api key\"}\n\n[py_clob_client_v2] request error status=400 url=https://clob.polymarket.com/order body={\"error\":\"no orders found to match with FAK order. FAK orders are partially filled or killed if no match is found.\",\"orderID\":\"0x1c3b7967361e5909466ae0b722bdb6b29a18daeb0b05bd0030a8f0fc4876f7db\"}\n",
  "open_raw": "{\"mode\": \"open\", \"execute\": true, \"market_slug\": \"btc-updown-5m-1789712700\", \"force_side\": \"UP\", \"token_id\": \"37611095288918380399526342492033692223620707009559639236093142048234659552902\", \"entry_price\": 0.83, \"notional_usd\": 5.0, \"top_ask_notional_usd\": 183.8533, \"collateral_pusd\": 435.535218, \"order_post_result\": {\"errorMsg\": \"\", \"orderID\": \"0xd274f7b9012a684878a3983bc224510698d1575713d93387a24ff725c5df626c\", \"takingAmount\": \"6.024094\", \"makingAmount\": \"4.999998\", \"status\": \"matched\", \"transactionsHashes\": [\"0xa9c8b0a9840d8c0eeda1c0c27ee191110e65f8ff2d8fb8a079966a3a3dd43300\"], \"success\": true}}\n\n[py_clob_client_v2] request error status=400 url=https://clob.polymarket.com/auth/api-key body={\"error\":\"Could not create api key\"}\n\n",
  "opened": {
    "opened_at": "2026-09-18T06:27:53.996122Z",
    "market_slug": "btc-updown-5m-1789712700",
    "market_end_iso": "2026-09-18T06:30:00Z",
    "side": "UP",
    "token_id": "37611095288918380399526342492033692223620707009559639236093142048234659552902",
    "entry_price": 0.83,
    "shares": 6.024094,
    "cost_usdc": 4.999998,
    "open_order_id": "0xd274f7b9012a684878a3983bc224510698d1575713d93387a24ff725c5df626c",
    "open_tx": "0xa9c8b0a9840d8c0eeda1c0c27ee191110e65f8ff2d8fb8a079966a3a3dd43300"
  },
  "stop_loss_price": 0.6224999999999999,
  "last_side_price": 0.52,
  "last_clob_bid": 0.82,
  "last_check_at": "2026-09-18T06:27:54.572830Z",
  "close_debug": [
    {
      "ts": "2026-09-18T06:27:59.207816Z",
      "attempt": 1,
      "order_type": "FAK",
      "status": "matched",
      "close_skipped": ""
    }
  ],
  "close_raw": "{\"mode\": \"close\", \"execute\": true, \"market_slug\": \"btc-updown-5m-1789712700\", \"token_id\": \"37611095288918380399526342492033692223620707009559639236093142048234659552902\", \"requested_shares\": 6.024094, \"close_order_type\": \"FAK\", \"close_limit_price\": null, \"available_shares\": 6.024094, \"sell_shares\": 6.024, \"order_post_result\": {\"errorMsg\": \"\", \"orderID\": \"0xba35fb85d665ce8d04a3e44f9c729fc5681bd531c0a46f90725399901df65ced\", \"takingAmount\": \"4.515\", \"makingAmount\": \"6.02\", \"status\": \"matched\", \"transactionsHashes\": [\"0xe4677db504e4350b76075123e712310479030abbda7cf30211cd9d437a28a985\"], \"success\": true}, \"close_skipped\": \"\"}\n\n[py_clob_client_v2] request error status=400 url=https://clob.polymarket.com/auth/api-key body={\"error\":\"Could not create api key\"}\n\n",
  "closed": {
    "close_reason": "stop_loss_25pct",
    "closed_at": "2026-09-18T06:27:59.207875Z",
    "close_success": true,
    "close_status": "matched",
    "close_order_id": "0xba35fb85d665ce8d04a3e44f9c729fc5681bd531c0a46f90725399901df65ced",
    "close_tx": "0xe4677db504e4350b76075123e712310479030abbda7cf30211cd9d437a28a985",
    "close_shares": 6.02,
    "close_usdc": 4.515,
    "close_skipped": ""
  },
  "realized_cashflow_pnl_usdc": -0.484998,
  "finished_at": "2026-09-18T06:27:59.207898Z",
  "result": "done"
}
[2026-09-18T06:27:59Z] session_end rc=0 sessions=1 stake_usd=5
journal_ok trades=207 md=/home/yukeen/polymarketbot/5min-btc-polymarket/data/live_trades.md json=/home/yukeen/polymarketbot/5min-btc-polymarket/data/live_trades.json
[2026-09-18T06:29:23Z] fills=1/10 sessions=1/80
[2026-09-18T06:29:43Z] cash=434.91172
[2026-09-18T06:29:51Z] session_begin sessions=1 fills=1 stake_usd=5
{
  "started_at": "2026-09-18T06:29:52.143171Z",
  "params": {
    "profile": "conservative",
    "threshold": 0.7,
    "stake_usd": 5.0,
    "stop_loss_pct": 0.25,
    "exit_before_sec": 20,
    "min_entry_seconds_left": 90,
    "max_entry_seconds_left": 150,
    "entry_timeout_min": 20,
    "poll_sec": 2.0,
    "max_ask": 0.85,
    "expensive_ask": 0.8,
    "expensive_after_wins": 3,
    "clob_cut_bid": 0.4,
    "clob_sl_min_bid": 0.45,
    "early_flatten_sec": 45,
    "early_flatten_bid": 0.55,
    "close_retry_max": 30,
    "close_retry_delay_sec": 2.0,
    "no_gamma_sl": false,
    "execute": true,
    "win_streak": 0
  },
  "attempts": [
    {
      "ts": "2026-09-18T06:29:52.435395Z",
      "slug": "btc-updown-5m-1789712700",
      "status": "skip_too_late_to_enter",
      "seconds_left": 7.564610958099365,
      "min_entry_seconds_left": 90,
      "max_entry_seconds_left": 150
    },
    {
      "ts": "2026-09-18T06:29:54.723961Z",
      "slug": "btc-updown-5m-1789712700",
      "status": "skip_too_late_to_enter",
      "seconds_left": 5.276048183441162,
      "min_entry_seconds_left": 90,
      "max_entry_seconds_left": 150
    },
    {
      "ts": "2026-09-18T06:29:57.071560Z",
      "status": "heartbeat_no_current_market"
    },
    {
      "ts": "2026-09-18T06:29:59.380552Z",
      "status": "heartbeat_no_current_market"
    },
    {
      "ts": "2026-09-18T06:30:01.689321Z",
      "slug": "btc-updown-5m-1789713000",
      "status": "skip_too_early_to_enter",
      "seconds_left": 298.31068778038025,
      "min_entry_seconds_left": 90,
      "max_entry_seconds_left": 150
    },
    {
      "ts": "2026-09-18T06:30:03.996866Z",
      "slug": "btc-updown-5m-1789713000",
      "status": "skip_too_early_to_enter",
      "seconds_left": 296.0031406879425,
      "min_entry_seconds_left": 90,
      "max_entry_seconds_left": 150
    },
    {
      "ts": "2026-09-18T06:30:06.305509Z",
      "slug": "btc-updown-5m-1789713000",
      "status": "skip_too_early_to_enter",
      "seconds_left": 293.6945011615753,
      "min_entry_seconds_left": 90,
      "max_entry_seconds_left": 150
    },
    {
      "ts": "2026-09-18T06:30:08.577543Z",
      "slug": "btc-updown-5m-1789713000",
      "status": "skip_too_early_to_enter",
      "seconds_left": 291.4224603176117,
      "min_entry_seconds_left": 90,
      "max_entry_seconds_left": 150
    },
    {
      "ts": "2026-09-18T06:30:10.874638Z",
      "slug": "btc-updown-5m-1789713000",
      "status": "skip_too_early_to_enter",
      "seconds_left": 289.1253662109375,
      "min_entry_seconds_left": 90,
      "max_entry_seconds_left": 150
    },
    {
      "ts": "2026-09-18T06:30:16.782279Z",
      "slug": "btc-updown-5m-1789713000",
      "status": "skip_too_early_to_enter",
      "seconds_left": 283.21772503852844,
      "min_entry_seconds_left": 90,
      "max_entry_seconds_left": 150
    },
    {
      "ts": "2026-09-18T06:30:19.174467Z",
      "slug": "btc-updown-5m-1789713000",
      "status": "skip_too_early_to_enter",
      "seconds_left": 280.8255407810211,
      "min_entry_seconds_left": 90,
      "max_entry_seconds_left": 150
    },
    {
      "ts": "2026-09-18T06:30:21.473421Z",
      "slug": "btc-updown-5m-1789713000",
      "status": "skip_too_early_to_enter",
      "seconds_left": 278.52658224105835,
      "min_entry_seconds_left": 90,
      "max_entry_seconds_left": 150
    },
    {
      "ts": "2026-09-18T06:30:23.865408Z",
      "slug": "btc-updown-5m-1789713000",
      "status": "skip_too_early_to_enter",
      "seconds_left": 276.13459753990173,
      "min_entry_seconds_left": 90,
      "max_entry_seconds_left": 150
    },
    {
      "ts": "2026-09-18T06:30:26.153991Z",
      "slug": "btc-updown-5m-1789713000",
      "status": "skip_too_early_to_enter",
      "seconds_left": 273.8460168838501,
      "min_entry_seconds_left": 90,
      "max_entry_seconds_left": 150
    },
    {
      "ts": "2026-09-18T06:30:28.477654Z",
      "slug": "btc-updown-5m-1789713000",
      "status": "skip_too_early_to_enter",
      "seconds_left": 271.5223526954651,
      "min_entry_seconds_left": 90,
      "max_entry_seconds_left": 150
    },
    {
      "ts": "2026-09-18T06:30:30.912037Z",
      "slug": "btc-updown-5m-1789713000",
      "status": "skip_too_early_to_enter",
      "seconds_left": 269.08796644210815,
      "min_entry_seconds_left": 90,
      "max_entry_seconds_left": 150
    },
    {
      "ts": "2026-09-18T06:30:33.203917Z",
      "slug": "btc-updown-5m-1789713000",
      "status": "skip_too_early_to_enter",
      "seconds_left": 266.7960865497589,
      "min_entry_seconds_left": 90,
      "max_entry_seconds_left": 150
    },
    {
      "ts": "2026-09-18T06:30:35.526375Z",
      "slug": "btc-updown-5m-1789713000",
      "status": "skip_too_early_to_enter",
      "seconds_left": 264.47362899780273,
      "min_entry_seconds_left": 90,
      "max_entry_seconds_left": 150
    },
    {
      "ts": "2026-09-18T06:30:37.825898Z",
      "slug": "btc-updown-5m-1789713000",
      "status": "skip_too_early_to_enter",
      "seconds_left": 262.17414236068726,
      "min_entry_seconds_left": 90,
      "max_entry_seconds_left": 150
    },
    {
      "ts": "2026-09-18T06:30:40.155285Z",
      "slug": "btc-updown-5m-1789713000",
      "status": "skip_too_early_to_enter",
      "seconds_left": 259.84472012519836,
      "min_entry_seconds_left": 90,
      "max_entry_seconds_left": 150
    },
    {
      "ts": "2026-09-18T06:30:42.446889Z",
      "slug": "btc-updown-5m-1789713000",
      "status": "skip_too_early_to_enter",
      "seconds_left": 257.55311822891235,
      "min_entry_seconds_left": 90,
      "max_entry_seconds_left": 150
    },
    {
      "ts": "2026-09-18T06:30:44.744318Z",
      "slug": "btc-updown-5m-1789713000",
      "status": "skip_too_early_to_enter",
      "seconds_left": 255.2556893825531,
      "min_entry_seconds_left": 90,
      "max_entry_seconds_left": 150
    },
    {
      "ts": "2026-09-18T06:30:47.059540Z",
      "slug": "btc-updown-5m-1789713000",
      "status": "skip_too_early_to_enter",
      "seconds_left": 252.9404637813568,
      "min_entry_seconds_left": 90,
      "max_entry_seconds_left": 150
    },
    {
      "ts": "2026-09-18T06:30:52.969498Z",
      "slug": "btc-updown-5m-1789713000",
      "status": "skip_too_early_to_enter",
      "seconds_left": 247.03050780296326,
      "min_entry_seconds_left": 90,
      "max_entry_seconds_left": 150
    },
    {
      "ts": "2026-09-18T06:30:55.250027Z",
      "slug": "btc-updown-5m-1789713000",
      "status": "skip_too_early_to_enter",
      "seconds_left": 244.74998092651367,
      "min_entry_seconds_left": 90,
      "max_entry_seconds_left": 150
    },
    {
      "ts": "2026-09-18T06:30:57.543274Z",
      "slug": "btc-updown-5m-1789713000",
      "status": "skip_too_early_to_enter",
      "seconds_left": 242.4567301273346,
      "min_entry_seconds_left": 90,
      "max_entry_seconds_left": 150
    },
    {
      "ts": "2026-09-18T06:30:59.824348Z",
      "slug": "btc-updown-5m-1789713000",
      "status": "skip_too_early_to_enter",
      "seconds_left": 240.17565655708313,
      "min_entry_seconds_left": 90,
      "max_entry_seconds_left": 150
    },
    {
      "ts": "2026-09-18T06:31:02.121834Z",
      "slug": "btc-updown-5m-1789713000",
      "status": "skip_too_early_to_enter",
      "seconds_left": 237.87817072868347,
      "min_entry_seconds_left": 90,
      "max_entry_seconds_left": 150
    },
    {
      "ts": "2026-09-18T06:31:04.395844Z",
      "slug": "btc-updown-5m-1789713000",
      "status": "skip_too_early_to_enter",
      "seconds_left": 235.60416340827942,
      "min_entry_seconds_left": 90,
      "max_entry_seconds_left": 150
    },
    {
      "ts": "2026-09-18T06:31:06.710629Z",
      "slug": "btc-updown-5m-1789713000",
      "status": "skip_too_early_to_enter",
      "seconds_left": 233.28937602043152,
      "min_entry_seconds_left": 90,
      "max_entry_seconds_left": 150
    },
    {
      "ts": "2026-09-18T06:31:09.018326Z",
      "slug": "btc-updown-5m-1789713000",
      "status": "skip_too_early_to_enter",
      "seconds_left": 230.98167777061462,
      "min_entry_seconds_left": 90,
      "max_entry_seconds_left": 150
    },
    {
      "ts": "2026-09-18T06:31:11.383199Z",
      "slug": "btc-updown-5m-1789713000",
      "status": "skip_too_early_to_enter",
      "seconds_left": 228.61680579185486,
      "min_entry_seconds_left": 90,
      "max_entry_seconds_left": 150
    },
    {
      "ts": "2026-09-18T06:31:13.798905Z",
      "slug": "btc-updown-5m-1789713000",
      "status": "skip_too_early_to_enter",
      "seconds_left": 226.20110034942627,
      "min_entry_seconds_left": 90,
      "max_entry_seconds_left": 150
    },
    {
      "ts": "2026-09-18T06:31:16.132692Z",
      "slug": "btc-updown-5m-1789713000",
      "status": "skip_too_early_to_enter",
      "seconds_left": 223.86731386184692,
      "min_entry_seconds_left": 90,
      "max_entry_seconds_left": 150
    },
    {
      "ts": "2026-09-18T06:31:18.413662Z",
      "slug": "btc-updown-5m-1789713000",
      "status": "skip_too_early_to_enter",
      "seconds_left": 221.58634614944458,
      "min_entry_seconds_left": 90,
      "max_entry_seconds_left": 150
    },
    {
      "ts": "2026-09-18T06:31:20.727888Z",
      "slug": "btc-updown-5m-1789713000",
      "status": "skip_too_early_to_enter",
      "seconds_left": 219.2721152305603,
      "min_entry_seconds_left": 90,
      "max_entry_seconds_left": 150
    },
    {
      "ts": "2026-09-18T06:31:36.639216Z",
      "slug": "btc-updown-5m-1789713000",
      "status": "skip_too_early_to_enter",
      "seconds_left": 203.36079573631287,
      "min_entry_seconds_left": 90,
      "max_entry_seconds_left": 150
    },
    {
      "ts": "2026-09-18T06:31:38.919076Z",
      "slug": "btc-updown-5m-1789713000",
      "status": "skip_too_early_to_enter",
      "seconds_left": 201.08093547821045,
      "min_entry_seconds_left": 90,
      "max_entry_seconds_left": 150
    },
    {
      "ts": "2026-09-18T06:31:41.213497Z",
      "slug": "btc-updown-5m-1789713000",
      "status": "skip_too_early_to_enter",
      "seconds_left": 198.78650760650635,
      "min_entry_seconds_left": 90,
      "max_entry_seconds_left": 150
    },
    {
      "ts": "2026-09-18T06:31:43.514299Z",
      "slug": "btc-updown-5m-1789713000",
      "status": "skip_too_early_to_enter",
      "seconds_left": 196.48570823669434,
      "min_entry_seconds_left": 90,
      "max_entry_seconds_left": 150
    },
    {
      "ts": "2026-09-18T06:31:45.804921Z",
      "slug": "btc-updown-5m-1789713000",
      "status": "skip_too_early_to_enter",
      "seconds_left": 194.19508385658264,
      "min_entry_seconds_left": 90,
      "max_entry_seconds_left": 150
    },
    {
      "ts": "2026-09-18T06:31:48.107620Z",
      "slug": "btc-updown-5m-1789713000",
      "status": "skip_too_early_to_enter",
      "seconds_left": 191.89238619804382,
      "min_entry_seconds_left": 90,
      "max_entry_seconds_left": 150
    },
    {
      "ts": "2026-09-18T06:31:50.407553Z",
      "slug": "btc-updown-5m-1789713000",
      "status": "skip_too_early_to_enter",
      "seconds_left": 189.59245252609253,
      "min_entry_seconds_left": 90,
      "max_entry_seconds_left": 150
    },
    {
      "ts": "2026-09-18T06:31:52.739532Z",
      "slug": "btc-updown-5m-1789713000",
      "status": "skip_too_early_to_enter",
      "seconds_left": 187.26047348976135,
      "min_entry_seconds_left": 90,
      "max_entry_seconds_left": 150
    },
    {
      "ts": "2026-09-18T06:31:55.034944Z",
      "slug": "btc-updown-5m-1789713000",
      "status": "skip_too_early_to_enter",
      "seconds_left": 184.96506190299988,
      "min_entry_seconds_left": 90,
      "max_entry_seconds_left": 150
    },
    {
      "ts": "2026-09-18T06:31:57.336305Z",
      "slug": "btc-updown-5m-1789713000",
      "status": "skip_too_early_to_enter",
      "seconds_left": 182.66370129585266,
      "min_entry_seconds_left": 90,
      "max_entry_seconds_left": 150
    },
    {
      "ts": "2026-09-18T06:31:59.611982Z",
      "slug": "btc-updown-5m-1789713000",
      "status": "skip_too_early_to_enter",
      "seconds_left": 180.38802433013916,
      "min_entry_seconds_left": 90,
      "max_entry_seconds_left": 150
    },
    {
      "ts": "2026-09-18T06:32:05.527199Z",
      "slug": "btc-updown-5m-1789713000",
      "status": "skip_too_early_to_enter",
      "seconds_left": 174.4728090763092,
      "min_entry_seconds_left": 90,
      "max_entry_seconds_left": 150
    },
    {
      "ts": "2026-09-18T06:32:07.815141Z",
      "slug": "btc-updown-5m-1789713000",
      "status": "skip_too_early_to_enter",
      "seconds_left": 172.18486189842224,
      "min_entry_seconds_left": 90,
      "max_entry_seconds_left": 150
    },
    {
      "ts": "2026-09-18T06:32:10.144601Z",
      "slug": "btc-updown-5m-1789713000",
      "status": "skip_too_early_to_enter",
      "seconds_left": 169.8554048538208,
      "min_entry_seconds_left": 90,
      "max_entry_seconds_left": 150
    },
    {
      "ts": "2026-09-18T06:32:12.691315Z",
      "slug": "btc-updown-5m-1789713000",
      "status": "skip_too_early_to_enter",
      "seconds_left": 167.30869841575623,
      "min_entry_seconds_left": 90,
      "max_entry_seconds_left": 150
    },
    {
      "ts": "2026-09-18T06:32:14.989809Z",
      "slug": "btc-updown-5m-1789713000",
      "status": "skip_too_early_to_enter",
      "seconds_left": 165.01019382476807,
      "min_entry_seconds_left": 90,
      "max_entry_seconds_left": 150
    },
    {
      "ts": "2026-09-18T06:32:17.280680Z",
      "slug": "btc-updown-5m-1789713000",
      "status": "skip_too_early_to_enter",
      "seconds_left": 162.71932697296143,
      "min_entry_seconds_left": 90,
      "max_entry_seconds_left": 150
    },
    {
      "ts": "2026-09-18T06:32:19.566214Z",
      "slug": "btc-updown-5m-1789713000",
      "status": "skip_too_early_to_enter",
      "seconds_left": 160.43378949165344,
      "min_entry_seconds_left": 90,
      "max_entry_seconds_left": 150
    },
    {
      "ts": "2026-09-18T06:32:21.876082Z",
      "slug": "btc-updown-5m-1789713000",
      "status": "skip_too_early_to_enter",
      "seconds_left": 158.12392163276672,
      "min_entry_seconds_left": 90,
      "max_entry_seconds_left": 150
    },
    {
      "ts": "2026-09-18T06:32:24.169103Z",
      "slug": "btc-updown-5m-1789713000",
      "status": "skip_too_early_to_enter",
      "seconds_left": 155.83090043067932,
      "min_entry_seconds_left": 90,
      "max_entry_seconds_left": 150
    },
    {
      "ts": "2026-09-18T06:32:26.469533Z",
      "slug": "btc-updown-5m-1789713000",
      "status": "skip_too_early_to_enter",
      "seconds_left": 153.53047275543213,
      "min_entry_seconds_left": 90,
      "max_entry_seconds_left": 150
    },
    {
      "ts": "2026-09-18T06:32:28.754258Z",
      "slug": "btc-updown-5m-1789713000",
      "status": "skip_too_early_to_enter",
      "seconds_left": 151.245747089386,
      "min_entry_seconds_left": 90,
      "max_entry_seconds_left": 150
    },
    {
      "ts": "2026-09-18T06:32:32.044880Z",
      "slug": "btc-updown-5m-1789713000",
      "status": "heartbeat",
      "gamma_up": 0.395,
      "gamma_down": 0.605,
      "clob_up_ask": 0.37,
      "clob_down_ask": 0.61,
      "seconds_left": 148.87334728240967,
      "min_spread": 0.010000000000000009
    },
    {
      "ts": "2026-09-18T06:32:32.044912Z",
      "slug": "btc-updown-5m-1789713000",
      "status": "skip_price_below_threshold",
      "threshold": 0.7,
      "max_ask": 0.85,
      "win_streak": 0,
      "clob_up_ask": 0.37,
      "clob_down_ask": 0.61,
      "seconds_left": 148.87334728240967,
      "trigger_price": null
    },
    {
      "ts": "2026-09-18T06:32:34.958341Z",
      "slug": "btc-updown-5m-1789713000",
      "status": "heartbeat",
      "gamma_up": 0.395,
      "gamma_down": 0.605,
      "clob_up_ask": 0.45,
      "clob_down_ask": 0.56,
      "seconds_left": 145.6508948802948,
      "min_spread": 0.010000000000000009
    },
    {
      "ts": "2026-09-18T06:32:34.958367Z",
      "slug": "btc-updown-5m-1789713000",
      "status": "skip_price_below_threshold",
      "threshold": 0.7,
      "max_ask": 0.85,
      "win_streak": 0,
      "clob_up_ask": 0.45,
      "clob_down_ask": 0.56,
      "seconds_left": 145.6508948802948,
      "trigger_price": null
    },
    {
      "ts": "2026-09-18T06:32:41.517883Z",
      "slug": "btc-updown-5m-1789713000",
      "status": "heartbeat",
      "gamma_up": 0.395,
      "gamma_down": 0.605,
      "clob_up_ask": 0.42,
      "clob_down_ask": 0.59,
      "seconds_left": 139.09035921096802,
      "min_spread": 0.010000000000000009
    },
    {
      "ts": "2026-09-18T06:32:41.517898Z",
      "slug": "btc-updown-5m-1789713000",
      "status": "skip_price_below_threshold",
      "threshold": 0.7,
      "max_ask": 0.85,
      "win_streak": 0,
      "clob_up_ask": 0.42,
      "clob_down_ask": 0.59,
      "seconds_left": 139.09035921096802,
      "trigger_price": null
    },
    {
      "ts": "2026-09-18T06:32:44.488383Z",
      "slug": "btc-updown-5m-1789713000",
      "status": "heartbeat",
      "gamma_up": 0.395,
      "gamma_down": 0.605,
      "clob_up_ask": 0.37,
      "clob_down_ask": 0.63,
      "seconds_left": 136.186998128891,
      "min_spread": 0.010000000000000009
    },
    {
      "ts": "2026-09-18T06:32:44.488410Z",
      "slug": "btc-updown-5m-1789713000",
      "status": "skip_price_below_threshold",
      "threshold": 0.7,
      "max_ask": 0.85,
      "win_streak": 0,
      "clob_up_ask": 0.37,
      "clob_down_ask": 0.63,
      "seconds_left": 136.186998128891,
      "trigger_price": null
    },
    {
      "ts": "2026-09-18T06:32:47.388799Z",
      "slug": "btc-updown-5m-1789713000",
      "status": "heartbeat",
      "gamma_up": 0.395,
      "gamma_down": 0.605,
      "clob_up_ask": 0.36,
      "clob_down_ask": 0.65,
      "seconds_left": 133.20406937599182,
      "min_spread": 0.010000000000000009
    },
    {
      "ts": "2026-09-18T06:32:47.388844Z",
      "slug": "btc-updown-5m-1789713000",
      "status": "skip_price_below_threshold",
      "threshold": 0.7,
      "max_ask": 0.85,
      "win_streak": 0,
      "clob_up_ask": 0.36,
      "clob_down_ask": 0.65,
      "seconds_left": 133.20406937599182,
      "trigger_price": null
    },
    {
      "ts": "2026-09-18T06:32:50.303404Z",
      "slug": "btc-updown-5m-1789713000",
      "status": "heartbeat",
      "gamma_up": 0.395,
      "gamma_down": 0.605,
      "clob_up_ask": 0.32,
      "clob_down_ask": 0.69,
      "seconds_left": 130.32014775276184,
      "min_spread": 0.009999999999999898
    },
    {
      "ts": "2026-09-18T06:32:50.303430Z",
      "slug": "btc-updown-5m-1789713000",
      "status": "skip_price_below_threshold",
      "threshold": 0.7,
      "max_ask": 0.85,
      "win_streak": 0,
      "clob_up_ask": 0.32,
      "clob_down_ask": 0.69,
      "seconds_left": 130.32014775276184,
      "trigger_price": null
    },
    {
      "ts": "2026-09-18T06:32:53.211043Z",
      "slug": "btc-updown-5m-1789713000",
      "status": "heartbeat",
      "gamma_up": 0.395,
      "gamma_down": 0.605,
      "clob_up_ask": 0.32,
      "clob_down_ask": 0.69,
      "seconds_left": 127.39789485931396,
      "min_spread": 0.009999999999999898
    },
    {
      "ts": "2026-09-18T06:32:53.211074Z",
      "slug": "btc-updown-5m-1789713000",
      "status": "skip_price_below_threshold",
      "threshold": 0.7,
      "max_ask": 0.85,
      "win_streak": 0,
      "clob_up_ask": 0.32,
      "clob_down_ask": 0.69,
      "seconds_left": 127.39789485931396,
      "trigger_price": null
    },
    {
      "ts": "2026-09-18T06:32:56.232731Z",
      "slug": "btc-updown-5m-1789713000",
      "status": "heartbeat",
      "gamma_up": 0.395,
      "gamma_down": 0.605,
      "clob_up_ask": 0.3,
      "clob_down_ask": 0.71,
      "seconds_left": 124.49469661712646,
      "min_spread": 0.010000000000000009
    }
  ],
  "open_raw": "{\"mode\": \"open\", \"execute\": true, \"market_slug\": \"btc-updown-5m-1789713000\", \"force_side\": \"DOWN\", \"token_id\": \"114736286860304270440779673056871234318607003864091061501530472854437902761540\", \"entry_price\": 0.68, \"notional_usd\": 5.0, \"top_ask_notional_usd\": 238.0136, \"collateral_pusd\": 434.91172, \"order_post_result\": {\"errorMsg\": \"\", \"orderID\": \"0xbf0f7b062670366269c8a76e2e1e47d3902719ffd130439d0d3ec0df3c8d492d\", \"takingAmount\": \"8.19672\", \"makingAmount\": \"4.999999\", \"status\": \"matched\", \"transactionsHashes\": [\"0x303dca12da7ffd99be11dfd0b9617685f7f39474c23c2ae020f2a5913edbf436\"], \"success\": true}}\n\n[py_clob_client_v2] request error status=400 url=https://clob.polymarket.com/auth/api-key body={\"error\":\"Could not create api key\"}\n\n",
  "opened": {
    "opened_at": "2026-09-18T06:33:00.933789Z",
    "market_slug": "btc-updown-5m-1789713000",
    "market_end_iso": "2026-09-18T06:35:00Z",
    "side": "DOWN",
    "token_id": "114736286860304270440779673056871234318607003864091061501530472854437902761540",
    "entry_price": 0.68,
    "shares": 8.19672,
    "cost_usdc": 4.999999,
    "open_order_id": "0xbf0f7b062670366269c8a76e2e1e47d3902719ffd130439d0d3ec0df3c8d492d",
    "open_tx": "0x303dca12da7ffd99be11dfd0b9617685f7f39474c23c2ae020f2a5913edbf436"
  },
  "stop_loss_price": 0.51,
  "last_side_price": 0.605,
  "last_clob_bid": 0.99,
  "last_check_at": "2026-09-18T06:34:39.048966Z",
  "closed": {
    "close_reason": "hold_to_settlement_winning_book",
    "closed_at": "2026-09-18T06:34:41.411202Z",
    "close_success": false,
    "close_status": "held",
    "close_order_id": null,
    "close_tx": null,
    "close_shares": 0.0,
    "close_usdc": 0.0,
    "close_skipped": "hold_to_settlement"
  },
  "realized_cashflow_pnl_usdc": null,
  "finished_at": "2026-09-18T06:34:41.411233Z",
  "result": "done"
}
[2026-09-18T06:34:41Z] session_end rc=0 sessions=2 stake_usd=5
journal_ok trades=208 md=/home/yukeen/polymarketbot/5min-btc-polymarket/data/live_trades.md json=/home/yukeen/polymarketbot/5min-btc-polymarket/data/live_trades.json
[2026-09-18T06:36:08Z] fills=2/10 sessions=2/80
[py_clob_client_v2] request error status=400 url=https://clob.polymarket.com/auth/api-key body={"error":"Could not create api key"}

[2026-09-18T06:36:28Z] cash=429.775231
[py_clob_client_v2] request error status=400 url=https://clob.polymarket.com/auth/api-key body={"error":"Could not create api key"}

[2026-09-18T06:36:45Z] cash_retry=437.971951
[2026-09-18T06:36:56Z] session_begin sessions=2 fills=2 stake_usd=5
[py_clob_client_v2] request error status=400 url=https://clob.polymarket.com/auth/api-key body={"error":"Could not create api key"}

{
  "started_at": "2026-09-18T06:36:57.520380Z",
  "params": {
    "profile": "conservative",
    "threshold": 0.7,
    "stake_usd": 5.0,
    "stop_loss_pct": 0.25,
    "exit_before_sec": 20,
    "min_entry_seconds_left": 90,
    "max_entry_seconds_left": 150,
    "entry_timeout_min": 20,
    "poll_sec": 2.0,
    "max_ask": 0.85,
    "expensive_ask": 0.8,
    "expensive_after_wins": 3,
    "clob_cut_bid": 0.4,
    "clob_sl_min_bid": 0.45,
    "early_flatten_sec": 45,
    "early_flatten_bid": 0.55,
    "close_retry_max": 30,
    "close_retry_delay_sec": 2.0,
    "no_gamma_sl": false,
    "execute": true,
    "win_streak": 1
  },
  "attempts": [
    {
      "ts": "2026-09-18T06:36:57.947034Z",
      "slug": "btc-updown-5m-1789713300",
      "status": "skip_too_early_to_enter",
      "seconds_left": 182.0529806613922,
      "min_entry_seconds_left": 90,
      "max_entry_seconds_left": 150
    },
    {
      "ts": "2026-09-18T06:37:00.242459Z",
      "slug": "btc-updown-5m-1789713300",
      "status": "skip_too_early_to_enter",
      "seconds_left": 179.75754976272583,
      "min_entry_seconds_left": 90,
      "max_entry_seconds_left": 150
    },
    {
      "ts": "2026-09-18T06:37:02.530005Z",
      "slug": "btc-updown-5m-1789713300",
      "status": "skip_too_early_to_enter",
      "seconds_left": 177.47000360488892,
      "min_entry_seconds_left": 90,
      "max_entry_seconds_left": 150
    },
    {
      "ts": "2026-09-18T06:37:04.853808Z",
      "slug": "btc-updown-5m-1789713300",
      "status": "skip_too_early_to_enter",
      "seconds_left": 175.1462004184723,
      "min_entry_seconds_left": 90,
      "max_entry_seconds_left": 150
    },
    {
      "ts": "2026-09-18T06:37:07.154207Z",
      "slug": "btc-updown-5m-1789713300",
      "status": "skip_too_early_to_enter",
      "seconds_left": 172.84580039978027,
      "min_entry_seconds_left": 90,
      "max_entry_seconds_left": 150
    },
    {
      "ts": "2026-09-18T06:37:09.452900Z",
      "slug": "btc-updown-5m-1789713300",
      "status": "skip_too_early_to_enter",
      "seconds_left": 170.54710388183594,
      "min_entry_seconds_left": 90,
      "max_entry_seconds_left": 150
    },
    {
      "ts": "2026-09-18T06:37:11.749709Z",
      "slug": "btc-updown-5m-1789713300",
      "status": "skip_too_early_to_enter",
      "seconds_left": 168.2502977848053,
      "min_entry_seconds_left": 90,
      "max_entry_seconds_left": 150
    },
    {
      "ts": "2026-09-18T06:37:14.040398Z",
      "slug": "btc-updown-5m-1789713300",
      "status": "skip_too_early_to_enter",
      "seconds_left": 165.95960783958435,
      "min_entry_seconds_left": 90,
      "max_entry_seconds_left": 150
    },
    {
      "ts": "2026-09-18T06:37:16.378736Z",
      "slug": "btc-updown-5m-1789713300",
      "status": "skip_too_early_to_enter",
      "seconds_left": 163.6212718486786,
      "min_entry_seconds_left": 90,
      "max_entry_seconds_left": 150
    },
    {
      "ts": "2026-09-18T06:37:18.669599Z",
      "slug": "btc-updown-5m-1789713300",
      "status": "skip_too_early_to_enter",
      "seconds_left": 161.3304100036621,
      "min_entry_seconds_left": 90,
      "max_entry_seconds_left": 150
    },
    {
      "ts": "2026-09-18T06:37:20.982415Z",
      "slug": "btc-updown-5m-1789713300",
      "status": "skip_too_early_to_enter",
      "seconds_left": 159.0175940990448,
      "min_entry_seconds_left": 90,
      "max_entry_seconds_left": 150
    },
    {
      "ts": "2026-09-18T06:37:23.271217Z",
      "slug": "btc-updown-5m-1789713300",
      "status": "skip_too_early_to_enter",
      "seconds_left": 156.72879195213318,
      "min_entry_seconds_left": 90,
      "max_entry_seconds_left": 150
    },
    {
      "ts": "2026-09-18T06:37:25.613484Z",
      "slug": "btc-updown-5m-1789713300",
      "status": "skip_too_early_to_enter",
      "seconds_left": 154.38652515411377,
      "min_entry_seconds_left": 90,
      "max_entry_seconds_left": 150
    },
    {
      "ts": "2026-09-18T06:37:32.231930Z",
      "slug": "btc-updown-5m-1789713300",
      "status": "heartbeat",
      "gamma_up": 0.395,
      "gamma_down": 0.605,
      "clob_up_ask": 0.6,
      "clob_down_ask": 0.39,
      "seconds_left": 148.48303866386414,
      "min_spread": 0.010000000000000009
    },
    {
      "ts": "2026-09-18T06:37:32.231947Z",
      "slug": "btc-updown-5m-1789713300",
      "status": "skip_price_below_threshold",
      "threshold": 0.7,
      "max_ask": 0.85,
      "win_streak": 1,
      "clob_up_ask": 0.6,
      "clob_down_ask": 0.39,
      "seconds_left": 148.48303866386414,
      "trigger_price": null
    },
    {
      "ts": "2026-09-18T06:37:35.325835Z",
      "slug": "btc-updown-5m-1789713300",
      "status": "heartbeat",
      "gamma_up": 0.395,
      "gamma_down": 0.605,
      "clob_up_ask": 0.59,
      "clob_down_ask": 0.42,
      "seconds_left": 145.44062614440918,
      "min_spread": 0.010000000000000009
    },
    {
      "ts": "2026-09-18T06:37:35.325860Z",
      "slug": "btc-updown-5m-1789713300",
      "status": "skip_price_below_threshold",
      "threshold": 0.7,
      "max_ask": 0.85,
      "win_streak": 1,
      "clob_up_ask": 0.59,
      "clob_down_ask": 0.42,
      "seconds_left": 145.44062614440918,
      "trigger_price": null
    },
    {
      "ts": "2026-09-18T06:37:38.196480Z",
      "slug": "btc-updown-5m-1789713300",
      "status": "heartbeat",
      "gamma_up": 0.395,
      "gamma_down": 0.605,
      "clob_up_ask": 0.51,
      "clob_down_ask": 0.5,
      "seconds_left": 142.38884568214417,
      "min_spread": 0.010000000000000009
    },
    {
      "ts": "2026-09-18T06:37:38.196505Z",
      "slug": "btc-updown-5m-1789713300",
      "status": "skip_price_below_threshold",
      "threshold": 0.7,
      "max_ask": 0.85,
      "win_streak": 1,
      "clob_up_ask": 0.51,
      "clob_down_ask": 0.5,
      "seconds_left": 142.38884568214417,
      "trigger_price": null
    },
    {
      "ts": "2026-09-18T06:37:41.148845Z",
      "slug": "btc-updown-5m-1789713300",
      "status": "heartbeat",
      "gamma_up": 0.395,
      "gamma_down": 0.605,
      "clob_up_ask": 0.48,
      "clob_down_ask": 0.51,
      "seconds_left": 139.45398902893066,
      "min_spread": 0.010000000000000009
    },
    {
      "ts": "2026-09-18T06:37:41.148869Z",
      "slug": "btc-updown-5m-1789713300",
      "status": "skip_price_below_threshold",
      "threshold": 0.7,
      "max_ask": 0.85,
      "win_streak": 1,
      "clob_up_ask": 0.48,
      "clob_down_ask": 0.51,
      "seconds_left": 139.45398902893066,
      "trigger_price": null
    },
    {
      "ts": "2026-09-18T06:37:44.182427Z",
      "slug": "btc-updown-5m-1789713300",
      "status": "heartbeat",
      "gamma_up": 0.395,
      "gamma_down": 0.605,
      "clob_up_ask": 0.58,
      "clob_down_ask": 0.41,
      "seconds_left": 136.4837942123413,
      "min_spread": 0.009999999999999953
    },
    {
      "ts": "2026-09-18T06:37:44.182451Z",
      "slug": "btc-updown-5m-1789713300",
      "status": "skip_price_below_threshold",
      "threshold": 0.7,
      "max_ask": 0.85,
      "win_streak": 1,
      "clob_up_ask": 0.58,
      "clob_down_ask": 0.41,
      "seconds_left": 136.4837942123413,
      "trigger_price": null
    },
    {
      "ts": "2026-09-18T06:37:47.057654Z",
      "slug": "btc-updown-5m-1789713300",
      "status": "heartbeat",
      "gamma_up": 0.395,
      "gamma_down": 0.605,
      "clob_up_ask": 0.75,
      "clob_down_ask": 0.26,
      "seconds_left": 133.54258370399475,
      "min_spread": 0.010000000000000009
    }
  ],
  "open_raw": "{\"mode\": \"open\", \"execute\": true, \"market_slug\": \"btc-updown-5m-1789713300\", \"force_side\": \"UP\", \"token_id\": \"19353269975143514353484104020133010478795494431050250984758749611601382869676\", \"entry_price\": 0.75, \"notional_usd\": 5.0, \"top_ask_notional_usd\": 1432.095, \"collateral_pusd\": 437.971951, \"order_post_result\": {\"errorMsg\": \"\", \"orderID\": \"0x462ebff717da15fafc8cbbf8e3b1ef5e7ac9d0061b1da2cef5dc54f48c85bc15\", \"takingAmount\": \"6.944442\", \"makingAmount\": \"4.999998\", \"status\": \"matched\", \"transactionsHashes\": [\"0x60a748c2c85417b91fe09709fcd1dc685fc34e92b3c788493fbc9ed85502ef7b\"], \"success\": true}}\n\n[py_clob_client_v2] request error status=400 url=https://clob.polymarket.com/auth/api-key body={\"error\":\"Could not create api key\"}\n\n",
  "opened": {
    "opened_at": "2026-09-18T06:37:51.968671Z",
    "market_slug": "btc-updown-5m-1789713300",
    "market_end_iso": "2026-09-18T06:40:00Z",
    "side": "UP",
    "token_id": "19353269975143514353484104020133010478795494431050250984758749611601382869676",
    "entry_price": 0.75,
    "shares": 6.944442,
    "cost_usdc": 4.999998,
    "open_order_id": "0x462ebff717da15fafc8cbbf8e3b1ef5e7ac9d0061b1da2cef5dc54f48c85bc15",
    "open_tx": "0x60a748c2c85417b91fe09709fcd1dc685fc34e92b3c788493fbc9ed85502ef7b"
  },
  "stop_loss_price": 0.5625,
  "last_side_price": 0.395,
  "last_clob_bid": 0.63,
  "last_check_at": "2026-09-18T06:37:52.889806Z",
  "close_debug": [
    {
      "ts": "2026-09-18T06:37:57.264419Z",
      "attempt": 1,
      "order_type": "FAK",
      "status": "matched",
      "close_skipped": ""
    }
  ],
  "close_raw": "{\"mode\": \"close\", \"execute\": true, \"market_slug\": \"btc-updown-5m-1789713300\", \"token_id\": \"19353269975143514353484104020133010478795494431050250984758749611601382869676\", \"requested_shares\": 6.944442, \"close_order_type\": \"FAK\", \"close_limit_price\": null, \"available_shares\": 6.944442, \"sell_shares\": 6.9444, \"order_post_result\": {\"errorMsg\": \"\", \"orderID\": \"0x0244ce0764def1d511f2cb3dc6d49148bddb7f8512b0078ef712874f5c42f0d8\", \"takingAmount\": \"4.164\", \"makingAmount\": \"6.94\", \"status\": \"matched\", \"transactionsHashes\": [\"0xc46aa8ac3a31f84930945c95ebbbfabeeb52a386f41befae8999b0ad1bf893d2\"], \"success\": true}, \"close_skipped\": \"\"}\n\n[py_clob_client_v2] request error status=400 url=https://clob.polymarket.com/auth/api-key body={\"error\":\"Could not create api key\"}\n\n",
  "closed": {
    "close_reason": "stop_loss_25pct",
    "closed_at": "2026-09-18T06:37:57.264437Z",
    "close_success": true,
    "close_status": "matched",
    "close_order_id": "0x0244ce0764def1d511f2cb3dc6d49148bddb7f8512b0078ef712874f5c42f0d8",
    "close_tx": "0xc46aa8ac3a31f84930945c95ebbbfabeeb52a386f41befae8999b0ad1bf893d2",
    "close_shares": 6.94,
    "close_usdc": 4.164,
    "close_skipped": ""
  },
  "realized_cashflow_pnl_usdc": -0.835998,
  "finished_at": "2026-09-18T06:37:57.264449Z",
  "result": "done"
}
[2026-09-18T06:37:57Z] session_end rc=0 sessions=3 stake_usd=5
journal_ok trades=209 md=/home/yukeen/polymarketbot/5min-btc-polymarket/data/live_trades.md json=/home/yukeen/polymarketbot/5min-btc-polymarket/data/live_trades.json
[2026-09-18T06:39:30Z] fills=3/10 sessions=3/80
[py_clob_client_v2] request error status=400 url=https://clob.polymarket.com/auth/api-key body={"error":"Could not create api key"}

[2026-09-18T06:39:46Z] cash=436.921373
[2026-09-18T06:39:58Z] session_begin sessions=3 fills=3 stake_usd=5
[py_clob_client_v2] request error status=400 url=https://clob.polymarket.com/auth/api-key body={"error":"Could not create api key"}

{
  "started_at": "2026-09-18T06:39:59.018112Z",
  "params": {
    "profile": "conservative",
    "threshold": 0.7,
    "stake_usd": 5.0,
    "stop_loss_pct": 0.25,
    "exit_before_sec": 20,
    "min_entry_seconds_left": 90,
    "max_entry_seconds_left": 150,
    "entry_timeout_min": 20,
    "poll_sec": 2.0,
    "max_ask": 0.85,
    "expensive_ask": 0.8,
    "expensive_after_wins": 3,
    "clob_cut_bid": 0.4,
    "clob_sl_min_bid": 0.45,
    "early_flatten_sec": 45,
    "early_flatten_bid": 0.55,
    "close_retry_max": 30,
    "close_retry_delay_sec": 2.0,
    "no_gamma_sl": false,
    "execute": true,
    "win_streak": 1
  },
  "attempts": [
    {
      "ts": "2026-09-18T06:39:59.291635Z",
      "status": "heartbeat_no_current_market"
    },
    {
      "ts": "2026-09-18T06:40:01.626818Z",
      "slug": "btc-updown-5m-1789713600",
      "status": "skip_too_early_to_enter",
      "seconds_left": 298.373193025589,
      "min_entry_seconds_left": 90,
      "max_entry_seconds_left": 150
    },
    {
      "ts": "2026-09-18T06:40:03.913312Z",
      "slug": "btc-updown-5m-1789713600",
      "status": "skip_too_early_to_enter",
      "seconds_left": 296.0866982936859,
      "min_entry_seconds_left": 90,
      "max_entry_seconds_left": 150
    },
    {
      "ts": "2026-09-18T06:40:06.205519Z",
      "slug": "btc-updown-5m-1789713600",
      "status": "skip_too_early_to_enter",
      "seconds_left": 293.79448533058167,
      "min_entry_seconds_left": 90,
      "max_entry_seconds_left": 150
    },
    {
      "ts": "2026-09-18T06:40:08.549155Z",
      "slug": "btc-updown-5m-1789713600",
      "status": "skip_too_early_to_enter",
      "seconds_left": 291.4508490562439,
      "min_entry_seconds_left": 90,
      "max_entry_seconds_left": 150
    },
    {
      "ts": "2026-09-18T06:40:10.851957Z",
      "slug": "btc-updown-5m-1789713600",
      "status": "skip_too_early_to_enter",
      "seconds_left": 289.148056268692,
      "min_entry_seconds_left": 90,
      "max_entry_seconds_left": 150
    },
    {
      "ts": "2026-09-18T06:40:13.177160Z",
      "slug": "btc-updown-5m-1789713600",
      "status": "skip_too_early_to_enter",
      "seconds_left": 286.82285022735596,
      "min_entry_seconds_left": 90,
      "max_entry_seconds_left": 150
    },
    {
      "ts": "2026-09-18T06:40:15.505466Z",
      "slug": "btc-updown-5m-1789713600",
      "status": "skip_too_early_to_enter",
      "seconds_left": 284.49454069137573,
      "min_entry_seconds_left": 90,
      "max_entry_seconds_left": 150
    },
    {
      "ts": "2026-09-18T06:40:17.801403Z",
      "slug": "btc-updown-5m-1789713600",
      "status": "skip_too_early_to_enter",
      "seconds_left": 282.19860434532166,
      "min_entry_seconds_left": 90,
      "max_entry_seconds_left": 150
    },
    {
      "ts": "2026-09-18T06:40:20.077141Z",
      "slug": "btc-updown-5m-1789713600",
      "status": "skip_too_early_to_enter",
      "seconds_left": 279.9228744506836,
      "min_entry_seconds_left": 90,
      "max_entry_seconds_left": 150
    },
    {
      "ts": "2026-09-18T06:40:22.362310Z",
      "slug": "btc-updown-5m-1789713600",
      "status": "skip_too_early_to_enter",
      "seconds_left": 277.63769483566284,
      "min_entry_seconds_left": 90,
      "max_entry_seconds_left": 150
    },
    {
      "ts": "2026-09-18T06:40:24.667805Z",
      "slug": "btc-updown-5m-1789713600",
      "status": "skip_too_early_to_enter",
      "seconds_left": 275.3322036266327,
      "min_entry_seconds_left": 90,
      "max_entry_seconds_left": 150
    },
    {
      "ts": "2026-09-18T06:40:30.571879Z",
      "slug": "btc-updown-5m-1789713600",
      "status": "skip_too_early_to_enter",
      "seconds_left": 269.42812514305115,
      "min_entry_seconds_left": 90,
      "max_entry_seconds_left": 150
    },
    {
      "ts": "2026-09-18T06:40:32.874852Z",
      "slug": "btc-updown-5m-1789713600",
      "status": "skip_too_early_to_enter",
      "seconds_left": 267.1251564025879,
      "min_entry_seconds_left": 90,
      "max_entry_seconds_left": 150
    },
    {
      "ts": "2026-09-18T06:40:35.145596Z",
      "slug": "btc-updown-5m-1789713600",
      "status": "skip_too_early_to_enter",
      "seconds_left": 264.85441398620605,
      "min_entry_seconds_left": 90,
      "max_entry_seconds_left": 150
    },
    {
      "ts": "2026-09-18T06:40:37.428465Z",
      "slug": "btc-updown-5m-1789713600",
      "status": "skip_too_early_to_enter",
      "seconds_left": 262.5715420246124,
      "min_entry_seconds_left": 90,
      "max_entry_seconds_left": 150
    },
    {
      "ts": "2026-09-18T06:40:39.733463Z",
      "slug": "btc-updown-5m-1789713600",
      "status": "skip_too_early_to_enter",
      "seconds_left": 260.2665457725525,
      "min_entry_seconds_left": 90,
      "max_entry_seconds_left": 150
    },
    {
      "ts": "2026-09-18T06:40:42.073679Z",
      "slug": "btc-updown-5m-1789713600",
      "status": "skip_too_early_to_enter",
      "seconds_left": 257.92632937431335,
      "min_entry_seconds_left": 90,
      "max_entry_seconds_left": 150
    },
    {
      "ts": "2026-09-18T06:40:44.476644Z",
      "slug": "btc-updown-5m-1789713600",
      "status": "skip_too_early_to_enter",
      "seconds_left": 255.52336478233337,
      "min_entry_seconds_left": 90,
      "max_entry_seconds_left": 150
    },
    {
      "ts": "2026-09-18T06:40:46.773256Z",
      "slug": "btc-updown-5m-1789713600",
      "status": "skip_too_early_to_enter",
      "seconds_left": 253.22675108909607,
      "min_entry_seconds_left": 90,
      "max_entry_seconds_left": 150
    },
    {
      "ts": "2026-09-18T06:40:49.053850Z",
      "slug": "btc-updown-5m-1789713600",
      "status": "skip_too_early_to_enter",
      "seconds_left": 250.94615387916565,
      "min_entry_seconds_left": 90,
      "max_entry_seconds_left": 150
    },
    {
      "ts": "2026-09-18T06:40:51.333462Z",
      "slug": "btc-updown-5m-1789713600",
      "status": "skip_too_early_to_enter",
      "seconds_left": 248.6665437221527,
      "min_entry_seconds_left": 90,
      "max_entry_seconds_left": 150
    },
    {
      "ts": "2026-09-18T06:40:53.618851Z",
      "slug": "btc-updown-5m-1789713600",
      "status": "skip_too_early_to_enter",
      "seconds_left": 246.38116145133972,
      "min_entry_seconds_left": 90,
      "max_entry_seconds_left": 150
    },
    {
      "ts": "2026-09-18T06:40:55.937322Z",
      "slug": "btc-updown-5m-1789713600",
      "status": "skip_too_early_to_enter",
      "seconds_left": 244.06268668174744,
      "min_entry_seconds_left": 90,
      "max_entry_seconds_left": 150
    },
    {
      "ts": "2026-09-18T06:40:58.224806Z",
      "slug": "btc-updown-5m-1789713600",
      "status": "skip_too_early_to_enter",
      "seconds_left": 241.77519869804382,
      "min_entry_seconds_left": 90,
      "max_entry_seconds_left": 150
    },
    {
      "ts": "2026-09-18T06:41:00.510598Z",
      "slug": "btc-updown-5m-1789713600",
      "status": "skip_too_early_to_enter",
      "seconds_left": 239.48941135406494,
      "min_entry_seconds_left": 90,
      "max_entry_seconds_left": 150
    },
    {
      "ts": "2026-09-18T06:41:06.534034Z",
      "slug": "btc-updown-5m-1789713600",
      "status": "skip_too_early_to_enter",
      "seconds_left": 233.4659698009491,
      "min_entry_seconds_left": 90,
      "max_entry_seconds_left": 150
    },
    {
      "ts": "2026-09-18T06:41:08.819322Z",
      "slug": "btc-updown-5m-1789713600",
      "status": "skip_too_early_to_enter",
      "seconds_left": 231.1806833744049,
      "min_entry_seconds_left": 90,
      "max_entry_seconds_left": 150
    },
    {
      "ts": "2026-09-18T06:41:11.127758Z",
      "slug": "btc-updown-5m-1789713600",
      "status": "skip_too_early_to_enter",
      "seconds_left": 228.8722493648529,
      "min_entry_seconds_left": 90,
      "max_entry_seconds_left": 150
    },
    {
      "ts": "2026-09-18T06:41:13.421904Z",
      "slug": "btc-updown-5m-1789713600",
      "status": "skip_too_early_to_enter",
      "seconds_left": 226.57810139656067,
      "min_entry_seconds_left": 90,
      "max_entry_seconds_left": 150
    },
    {
      "ts": "2026-09-18T06:41:15.832690Z",
      "slug": "btc-updown-5m-1789713600",
      "status": "skip_too_early_to_enter",
      "seconds_left": 224.16732001304626,
      "min_entry_seconds_left": 90,
      "max_entry_seconds_left": 150
    },
    {
      "ts": "2026-09-18T06:41:18.129770Z",
      "slug": "btc-updown-5m-1789713600",
      "status": "skip_too_early_to_enter",
      "seconds_left": 221.8702380657196,
      "min_entry_seconds_left": 90,
      "max_entry_seconds_left": 150
    },
    {
      "ts": "2026-09-18T06:41:20.415522Z",
      "slug": "btc-updown-5m-1789713600",
      "status": "skip_too_early_to_enter",
      "seconds_left": 219.58448266983032,
      "min_entry_seconds_left": 90,
      "max_entry_seconds_left": 150
    },
    {
      "ts": "2026-09-18T06:41:22.708074Z",
      "slug": "btc-updown-5m-1789713600",
      "status": "skip_too_early_to_enter",
      "seconds_left": 217.29193449020386,
      "min_entry_seconds_left": 90,
      "max_entry_seconds_left": 150
    },
    {
      "ts": "2026-09-18T06:41:25.023279Z",
      "slug": "btc-updown-5m-1789713600",
      "status": "skip_too_early_to_enter",
      "seconds_left": 214.97672533988953,
      "min_entry_seconds_left": 90,
      "max_entry_seconds_left": 150
    },
    {
      "ts": "2026-09-18T06:41:27.313466Z",
      "slug": "btc-updown-5m-1789713600",
      "status": "skip_too_early_to_enter",
      "seconds_left": 212.68654131889343,
      "min_entry_seconds_left": 90,
      "max_entry_seconds_left": 150
    },
    {
      "ts": "2026-09-18T06:41:29.600865Z",
      "slug": "btc-updown-5m-1789713600",
      "status": "skip_too_early_to_enter",
      "seconds_left": 210.3991401195526,
      "min_entry_seconds_left": 90,
      "max_entry_seconds_left": 150
    },
    {
      "ts": "2026-09-18T06:41:31.908863Z",
      "slug": "btc-updown-5m-1789713600",
      "status": "skip_too_early_to_enter",
      "seconds_left": 208.0911455154419,
      "min_entry_seconds_left": 90,
      "max_entry_seconds_left": 150
    },
    {
      "ts": "2026-09-18T06:41:34.182924Z",
      "slug": "btc-updown-5m-1789713600",
      "status": "skip_too_early_to_enter",
      "seconds_left": 205.81708073616028,
      "min_entry_seconds_left": 90,
      "max_entry_seconds_left": 150
    },
    {
      "ts": "2026-09-18T06:41:36.470380Z",
      "slug": "btc-updown-5m-1789713600",
      "status": "skip_too_early_to_enter",
      "seconds_left": 203.529625415802,
      "min_entry_seconds_left": 90,
      "max_entry_seconds_left": 150
    },
    {
      "ts": "2026-09-18T06:41:42.369042Z",
      "slug": "btc-updown-5m-1789713600",
      "status": "skip_too_early_to_enter",
      "seconds_left": 197.63096594810486,
      "min_entry_seconds_left": 90,
      "max_entry_seconds_left": 150
    },
    {
      "ts": "2026-09-18T06:41:44.675760Z",
      "slug": "btc-updown-5m-1789713600",
      "status": "skip_too_early_to_enter",
      "seconds_left": 195.3242449760437,
      "min_entry_seconds_left": 90,
      "max_entry_seconds_left": 150
    },
    {
      "ts": "2026-09-18T06:41:46.961908Z",
      "slug": "btc-updown-5m-1789713600",
      "status": "skip_too_early_to_enter",
      "seconds_left": 193.03809928894043,
      "min_entry_seconds_left": 90,
      "max_entry_seconds_left": 150
    },
    {
      "ts": "2026-09-18T06:41:49.239523Z",
      "slug": "btc-updown-5m-1789713600",
      "status": "skip_too_early_to_enter",
      "seconds_left": 190.7604820728302,
      "min_entry_seconds_left": 90,
      "max_entry_seconds_left": 150
    },
    {
      "ts": "2026-09-18T06:41:51.524566Z",
      "slug": "btc-updown-5m-1789713600",
      "status": "skip_too_early_to_enter",
      "seconds_left": 188.47543835639954,
      "min_entry_seconds_left": 90,
      "max_entry_seconds_left": 150
    },
    {
      "ts": "2026-09-18T06:41:53.813454Z",
      "slug": "btc-updown-5m-1789713600",
      "status": "skip_too_early_to_enter",
      "seconds_left": 186.18655228614807,
      "min_entry_seconds_left": 90,
      "max_entry_seconds_left": 150
    },
    {
      "ts": "2026-09-18T06:41:56.109271Z",
      "slug": "btc-updown-5m-1789713600",
      "status": "skip_too_early_to_enter",
      "seconds_left": 183.89073419570923,
      "min_entry_seconds_left": 90,
      "max_entry_seconds_left": 150
    },
    {
      "ts": "2026-09-18T06:41:58.415620Z",
      "slug": "btc-updown-5m-1789713600",
      "status": "skip_too_early_to_enter",
      "seconds_left": 181.58438754081726,
      "min_entry_seconds_left": 90,
      "max_entry_seconds_left": 150
    },
    {
      "ts": "2026-09-18T06:42:00.758238Z",
      "slug": "btc-updown-5m-1789713600",
      "status": "skip_too_early_to_enter",
      "seconds_left": 179.24176740646362,
      "min_entry_seconds_left": 90,
      "max_entry_seconds_left": 150
    },
    {
      "ts": "2026-09-18T06:42:03.026562Z",
      "slug": "btc-updown-5m-1789713600",
      "status": "skip_too_early_to_enter",
      "seconds_left": 176.9734423160553,
      "min_entry_seconds_left": 90,
      "max_entry_seconds_left": 150
    },
    {
      "ts": "2026-09-18T06:42:05.308786Z",
      "slug": "btc-updown-5m-1789713600",
      "status": "skip_too_early_to_enter",
      "seconds_left": 174.69122076034546,
      "min_entry_seconds_left": 90,
      "max_entry_seconds_left": 150
    },
    {
      "ts": "2026-09-18T06:42:07.604277Z",
      "slug": "btc-updown-5m-1789713600",
      "status": "skip_too_early_to_enter",
      "seconds_left": 172.39572930335999,
      "min_entry_seconds_left": 90,
      "max_entry_seconds_left": 150
    },
    {
      "ts": "2026-09-18T06:42:09.877640Z",
      "slug": "btc-updown-5m-1789713600",
      "status": "skip_too_early_to_enter",
      "seconds_left": 170.12236380577087,
      "min_entry_seconds_left": 90,
      "max_entry_seconds_left": 150
    },
    {
      "ts": "2026-09-18T06:42:12.172840Z",
      "slug": "btc-updown-5m-1789713600",
      "status": "skip_too_early_to_enter",
      "seconds_left": 167.82716536521912,
      "min_entry_seconds_left": 90,
      "max_entry_seconds_left": 150
    },
    {
      "ts": "2026-09-18T06:42:14.456140Z",
      "slug": "btc-updown-5m-1789713600",
      "status": "skip_too_early_to_enter",
      "seconds_left": 165.54386472702026,
      "min_entry_seconds_left": 90,
      "max_entry_seconds_left": 150
    },
    {
      "ts": "2026-09-18T06:42:20.333504Z",
      "slug": "btc-updown-5m-1789713600",
      "status": "skip_too_early_to_enter",
      "seconds_left": 159.66650247573853,
      "min_entry_seconds_left": 90,
      "max_entry_seconds_left": 150
    },
    {
      "ts": "2026-09-18T06:42:22.626928Z",
      "slug": "btc-updown-5m-1789713600",
      "status": "skip_too_early_to_enter",
      "seconds_left": 157.37307691574097,
      "min_entry_seconds_left": 90,
      "max_entry_seconds_left": 150
    },
    {
      "ts": "2026-09-18T06:42:24.945736Z",
      "slug": "btc-updown-5m-1789713600",
      "status": "skip_too_early_to_enter",
      "seconds_left": 155.0542688369751,
      "min_entry_seconds_left": 90,
      "max_entry_seconds_left": 150
    },
    {
      "ts": "2026-09-18T06:42:27.223774Z",
      "slug": "btc-updown-5m-1789713600",
      "status": "skip_too_early_to_enter",
      "seconds_left": 152.77623319625854,
      "min_entry_seconds_left": 90,
      "max_entry_seconds_left": 150
    },
    {
      "ts": "2026-09-18T06:42:29.524492Z",
      "slug": "btc-updown-5m-1789713600",
      "status": "skip_too_early_to_enter",
      "seconds_left": 150.47551655769348,
      "min_entry_seconds_left": 90,
      "max_entry_seconds_left": 150
    },
    {
      "ts": "2026-09-18T06:42:32.695652Z",
      "slug": "btc-updown-5m-1789713600",
      "status": "heartbeat",
      "gamma_up": 0.505,
      "gamma_down": 0.495,
      "clob_up_ask": 0.18,
      "clob_down_ask": 0.87,
      "seconds_left": 148.18376851081848,
      "min_spread": 0.009999999999999981
    },
    {
      "ts": "2026-09-18T06:42:32.695674Z",
      "slug": "btc-updown-5m-1789713600",
      "status": "skip_ask_too_expensive",
      "threshold": 0.7,
      "max_ask": 0.85,
      "win_streak": 1,
      "clob_up_ask": 0.18,
      "clob_down_ask": 0.87,
      "seconds_left": 148.18376851081848,
      "trigger_price": 0.87
    },
    {
      "ts": "2026-09-18T06:42:35.603456Z",
      "slug": "btc-updown-5m-1789713600",
      "status": "heartbeat",
      "gamma_up": 0.505,
      "gamma_down": 0.495,
      "clob_up_ask": 0.16,
      "clob_down_ask": 0.85,
      "seconds_left": 145.01460695266724,
      "min_spread": 0.010000000000000009
    },
    {
      "ts": "2026-09-18T06:42:35.603492Z",
      "slug": "btc-updown-5m-1789713600",
      "status": "skip_ask_too_expensive",
      "threshold": 0.7,
      "max_ask": 0.85,
      "win_streak": 1,
      "clob_up_ask": 0.16,
      "clob_down_ask": 0.85,
      "seconds_left": 145.01460695266724,
      "trigger_price": 0.85
    },
    {
      "ts": "2026-09-18T06:42:38.577696Z",
      "slug": "btc-updown-5m-1789713600",
      "status": "heartbeat",
      "gamma_up": 0.505,
      "gamma_down": 0.495,
      "clob_up_ask": 0.14,
      "clob_down_ask": 0.88,
      "seconds_left": 142.0931260585785,
      "min_spread": 0.010000000000000009
    },
    {
      "ts": "2026-09-18T06:42:38.577717Z",
      "slug": "btc-updown-5m-1789713600",
      "status": "skip_ask_too_expensive",
      "threshold": 0.7,
      "max_ask": 0.85,
      "win_streak": 1,
      "clob_up_ask": 0.14,
      "clob_down_ask": 0.88,
      "seconds_left": 142.0931260585785,
      "trigger_price": 0.88
    },
    {
      "ts": "2026-09-18T06:42:41.772069Z",
      "slug": "btc-updown-5m-1789713600",
      "status": "heartbeat",
      "gamma_up": 0.325,
      "gamma_down": 0.675,
      "clob_up_ask": 0.13,
      "clob_down_ask": 0.88,
      "seconds_left": 138.9878306388855,
      "min_spread": 0.010000000000000009
    },
    {
      "ts": "2026-09-18T06:42:41.772114Z",
      "slug": "btc-updown-5m-1789713600",
      "status": "skip_ask_too_expensive",
      "threshold": 0.7,
      "max_ask": 0.85,
      "win_streak": 1,
      "clob_up_ask": 0.13,
      "clob_down_ask": 0.88,
      "seconds_left": 138.9878306388855,
      "trigger_price": 0.88
    },
    {
      "ts": "2026-09-18T06:42:44.659284Z",
      "slug": "btc-updown-5m-1789713600",
      "status": "heartbeat",
      "gamma_up": 0.325,
      "gamma_down": 0.675,
      "clob_up_ask": 0.11,
      "clob_down_ask": 0.9,
      "seconds_left": 135.93349528312683,
      "min_spread": 0.009999999999999995
    },
    {
      "ts": "2026-09-18T06:42:44.659305Z",
      "slug": "btc-updown-5m-1789713600",
      "status": "skip_ask_too_expensive",
      "threshold": 0.7,
      "max_ask": 0.85,
      "win_streak": 1,
      "clob_up_ask": 0.11,
      "clob_down_ask": 0.9,
      "seconds_left": 135.93349528312683,
      "trigger_price": 0.9
    },
    {
      "ts": "2026-09-18T06:42:47.617964Z",
      "slug": "btc-updown-5m-1789713600",
      "status": "heartbeat",
      "gamma_up": 0.325,
      "gamma_down": 0.675,
      "clob_up_ask": 0.1,
      "clob_down_ask": 0.91,
      "seconds_left": 132.9912440776825,
      "min_spread": 0.010000000000000009
    },
    {
      "ts": "2026-09-18T06:42:47.617979Z",
      "slug": "btc-updown-5m-1789713600",
      "status": "skip_ask_too_expensive",
      "threshold": 0.7,
      "max_ask": 0.85,
      "win_streak": 1,
      "clob_up_ask": 0.1,
      "clob_down_ask": 0.91,
      "seconds_left": 132.9912440776825,
      "trigger_price": 0.91
    },
    {
      "ts": "2026-09-18T06:42:50.515578Z",
      "slug": "btc-updown-5m-1789713600",
      "status": "heartbeat",
      "gamma_up": 0.325,
      "gamma_down": 0.675,
      "clob_up_ask": 0.09,
      "clob_down_ask": 0.92,
      "seconds_left": 130.10362887382507,
      "min_spread": 0.009999999999999995
    },
    {
      "ts": "2026-09-18T06:42:50.515607Z",
      "slug": "btc-updown-5m-1789713600",
      "status": "skip_ask_too_expensive",
      "threshold": 0.7,
      "max_ask": 0.85,
      "win_streak": 1,
      "clob_up_ask": 0.09,
      "clob_down_ask": 0.92,
      "seconds_left": 130.10362887382507,
      "trigger_price": 0.92
    },
    {
      "ts": "2026-09-18T06:42:57.052387Z",
      "slug": "btc-updown-5m-1789713600",
      "status": "heartbeat",
      "gamma_up": 0.325,
      "gamma_down": 0.675,
      "clob_up_ask": 0.12,
      "clob_down_ask": 0.89,
      "seconds_left": 123.54068350791931,
      "min_spread": 0.009999999999999995
    },
    {
      "ts": "2026-09-18T06:42:57.052412Z",
      "slug": "btc-updown-5m-1789713600",
      "status": "skip_ask_too_expensive",
      "threshold": 0.7,
      "max_ask": 0.85,
      "win_streak": 1,
      "clob_up_ask": 0.12,
      "clob_down_ask": 0.89,
      "seconds_left": 123.54068350791931,
      "trigger_price": 0.89
    },
    {
      "ts": "2026-09-18T06:42:59.953678Z",
      "slug": "btc-updown-5m-1789713600",
      "status": "heartbeat",
      "gamma_up": 0.325,
      "gamma_down": 0.675,
      "clob_up_ask": 0.1,
      "clob_down_ask": 0.94,
      "seconds_left": 120.65646648406982,
      "min_spread": 0.009999999999999898
    },
    {
      "ts": "2026-09-18T06:42:59.953710Z",
      "slug": "btc-updown-5m-1789713600",
      "status": "skip_ask_too_expensive",
      "threshold": 0.7,
      "max_ask": 0.85,
      "win_streak": 1,
      "clob_up_ask": 0.1,
      "clob_down_ask": 0.94,
      "seconds_left": 120.65646648406982,
      "trigger_price": 0.94
    },
    {
      "ts": "2026-09-18T06:43:02.862233Z",
      "slug": "btc-updown-5m-1789713600",
      "status": "heartbeat",
      "gamma_up": 0.325,
      "gamma_down": 0.675,
      "clob_up_ask": 0.08,
      "clob_down_ask": 0.93,
      "seconds_left": 117.77346611022949,
      "min_spread": 0.009999999999999995
    },
    {
      "ts": "2026-09-18T06:43:02.862253Z",
      "slug": "btc-updown-5m-1789713600",
      "status": "skip_ask_too_expensive",
      "threshold": 0.7,
      "max_ask": 0.85,
      "win_streak": 1,
      "clob_up_ask": 0.08,
      "clob_down_ask": 0.93,
      "seconds_left": 117.77346611022949,
      "trigger_price": 0.93
    },
    {
      "ts": "2026-09-18T06:43:05.723838Z",
      "slug": "btc-updown-5m-1789713600",
      "status": "heartbeat",
      "gamma_up": 0.325,
      "gamma_down": 0.675,
      "clob_up_ask": 0.06,
      "clob_down_ask": 0.96,
      "seconds_left": 114.8532943725586,
      "min_spread": 0.009999999999999995
    },
    {
      "ts": "2026-09-18T06:43:05.723864Z",
      "slug": "btc-updown-5m-1789713600",
      "status": "skip_ask_too_expensive",
      "threshold": 0.7,
      "max_ask": 0.85,
      "win_streak": 1,
      "clob_up_ask": 0.06,
      "clob_down_ask": 0.96,
      "seconds_left": 114.8532943725586,
      "trigger_price": 0.96
    },
    {
      "ts": "2026-09-18T06:43:08.606162Z",
      "slug": "btc-updown-5m-1789713600",
      "status": "heartbeat",
      "gamma_up": 0.325,
      "gamma_down": 0.675,
      "clob_up_ask": 0.05,
      "clob_down_ask": 0.95,
      "seconds_left": 111.98897695541382,
      "min_spread": 0.010000000000000002
    },
    {
      "ts": "2026-09-18T06:43:08.606178Z",
      "slug": "btc-updown-5m-1789713600",
      "status": "skip_ask_too_expensive",
      "threshold": 0.7,
      "max_ask": 0.85,
      "win_streak": 1,
      "clob_up_ask": 0.05,
      "clob_down_ask": 0.95,
      "seconds_left": 111.98897695541382,
      "trigger_price": 0.95
    },
    {
      "ts": "2026-09-18T06:43:11.471254Z",
      "slug": "btc-updown-5m-1789713600",
      "status": "heartbeat",
      "gamma_up": 0.325,
      "gamma_down": 0.675,
      "clob_up_ask": 0.06,
      "clob_down_ask": 0.95,
      "seconds_left": 109.10842108726501,
      "min_spread": 0.009999999999999995
    },
    {
      "ts": "2026-09-18T06:43:11.471272Z",
      "slug": "btc-updown-5m-1789713600",
      "status": "skip_ask_too_expensive",
      "threshold": 0.7,
      "max_ask": 0.85,
      "win_streak": 1,
      "clob_up_ask": 0.06,
      "clob_down_ask": 0.95,
      "seconds_left": 109.10842108726501,
      "trigger_price": 0.95
    },
    {
      "ts": "2026-09-18T06:43:14.418440Z",
      "slug": "btc-updown-5m-1789713600",
      "status": "heartbeat",
      "gamma_up": 0.325,
      "gamma_down": 0.675,
      "clob_up_ask": 0.05,
      "clob_down_ask": 0.97,
      "seconds_left": 106.18901753425598,
      "min_spread": 0.010000000000000002
    },
    {
      "ts": "2026-09-18T06:43:14.418462Z",
      "slug": "btc-updown-5m-1789713600",
      "status": "skip_ask_too_expensive",
      "threshold": 0.7,
      "max_ask": 0.85,
      "win_streak": 1,
      "clob_up_ask": 0.05,
      "clob_down_ask": 0.97,
      "seconds_left": 106.18901753425598,
      "trigger_price": 0.97
    },
    {
      "ts": "2026-09-18T06:43:17.334833Z",
      "slug": "btc-updown-5m-1789713600",
      "status": "heartbeat",
      "gamma_up": 0.325,
      "gamma_down": 0.675,
      "clob_up_ask": 0.04,
      "clob_down_ask": 0.97,
      "seconds_left": 103.28599905967712,
      "min_spread": 0.010000000000000002
    },
    {
      "ts": "2026-09-18T06:43:17.334852Z",
      "slug": "btc-updown-5m-1789713600",
      "status": "skip_ask_too_expensive",
      "threshold": 0.7,
      "max_ask": 0.85,
      "win_streak": 1,
      "clob_up_ask": 0.04,
      "clob_down_ask": 0.97,
      "seconds_left": 103.28599905967712,
      "trigger_price": 0.97
    },
    {
      "ts": "2026-09-18T06:43:20.205902Z",
      "slug": "btc-updown-5m-1789713600",
      "status": "heartbeat",
      "gamma_up": 0.325,
      "gamma_down": 0.675,
      "clob_up_ask": 0.05,
      "clob_down_ask": 0.96,
      "seconds_left": 100.37481641769409,
      "min_spread": 0.010000000000000002
    },
    {
      "ts": "2026-09-18T06:43:20.205936Z",
      "slug": "btc-updown-5m-1789713600",
      "status": "skip_ask_too_expensive",
      "threshold": 0.7,
      "max_ask": 0.85,
      "win_streak": 1,
      "clob_up_ask": 0.05,
      "clob_down_ask": 0.96,
      "seconds_left": 100.37481641769409,
      "trigger_price": 0.96
    },
    {
      "ts": "2026-09-18T06:43:23.109730Z",
      "slug": "btc-updown-5m-1789713600",
      "status": "heartbeat",
      "gamma_up": 0.325,
      "gamma_down": 0.675,
      "clob_up_ask": 0.05,
      "clob_down_ask": 0.96,
      "seconds_left": 97.50026845932007,
      "min_spread": 0.010000000000000002
    },
    {
      "ts": "2026-09-18T06:43:23.109759Z",
      "slug": "btc-updown-5m-1789713600",
      "status": "skip_ask_too_expensive",
      "threshold": 0.7,
      "max_ask": 0.85,
      "win_streak": 1,
      "clob_up_ask": 0.05,
      "clob_down_ask": 0.96,
      "seconds_left": 97.50026845932007,
      "trigger_price": 0.96
    },
    {
      "ts": "2026-09-18T06:43:26.003806Z",
      "slug": "btc-updown-5m-1789713600",
      "status": "heartbeat",
      "gamma_up": 0.325,
      "gamma_down": 0.675,
      "clob_up_ask": 0.05,
      "clob_down_ask": 0.96,
      "seconds_left": 94.58683180809021,
      "min_spread": 0.010000000000000002
    },
    {
      "ts": "2026-09-18T06:43:26.003823Z",
      "slug": "btc-updown-5m-1789713600",
      "status": "skip_ask_too_expensive",
      "threshold": 0.7,
      "max_ask": 0.85,
      "win_streak": 1,
      "clob_up_ask": 0.05,
      "clob_down_ask": 0.96,
      "seconds_left": 94.58683180809021,
      "trigger_price": 0.96
    },
    {
      "ts": "2026-09-18T06:43:31.918972Z",
      "slug": "btc-updown-5m-1789713600",
      "status": "skip_too_late_to_enter",
      "seconds_left": 88.0810375213623,
      "min_entry_seconds_left": 90,
      "max_entry_seconds_left": 150
    },
    {
      "ts": "2026-09-18T06:43:34.214018Z",
      "slug": "btc-updown-5m-1789713600",
      "status": "skip_too_late_to_enter",
      "seconds_left": 85.78598999977112,
      "min_entry_seconds_left": 90,
      "max_entry_seconds_left": 150
    },
    {
      "ts": "2026-09-18T06:43:36.512502Z",
      "slug": "btc-updown-5m-1789713600",
      "status": "skip_too_late_to_enter",
      "seconds_left": 83.48750591278076,
      "min_entry_seconds_left": 90,
      "max_entry_seconds_left": 150
    },
    {
      "ts": "2026-09-18T06:43:38.803576Z",
      "slug": "btc-updown-5m-1789713600",
      "status": "skip_too_late_to_enter",
      "seconds_left": 81.19643115997314,
      "min_entry_seconds_left": 90,
      "max_entry_seconds_left": 150
    },
    {
      "ts": "2026-09-18T06:43:41.095412Z",
      "slug": "btc-updown-5m-1789713600",
      "status": "skip_too_late_to_enter",
      "seconds_left": 78.90459680557251,
      "min_entry_seconds_left": 90,
      "max_entry_seconds_left": 150
    },
    {
      "ts": "2026-09-18T06:43:43.387706Z",
      "slug": "btc-updown-5m-1789713600",
      "status": "skip_too_late_to_enter",
      "seconds_left": 76.61230254173279,
      "min_entry_seconds_left": 90,
      "max_entry_seconds_left": 150
    },
    {
      "ts": "2026-09-18T06:43:45.708979Z",
      "slug": "btc-updown-5m-1789713600",
      "status": "skip_too_late_to_enter",
      "seconds_left": 74.29102921485901,
      "min_entry_seconds_left": 90,
      "max_entry_seconds_left": 150
    },
    {
      "ts": "2026-09-18T06:43:47.999072Z",
      "slug": "btc-updown-5m-1789713600",
      "status": "skip_too_late_to_enter",
      "seconds_left": 72.00093173980713,
      "min_entry_seconds_left": 90,
      "max_entry_seconds_left": 150
    },
    {
      "ts": "2026-09-18T06:43:50.287834Z",
      "slug": "btc-updown-5m-1789713600",
      "status": "skip_too_late_to_enter",
      "seconds_left": 69.71217083930969,
      "min_entry_seconds_left": 90,
      "max_entry_seconds_left": 150
    },
    {
      "ts": "2026-09-18T06:43:52.560353Z",
      "slug": "btc-updown-5m-1789713600",
      "status": "skip_too_late_to_enter",
      "seconds_left": 67.4396584033966,
      "min_entry_seconds_left": 90,
      "max_entry_seconds_left": 150
    },
    {
      "ts": "2026-09-18T06:43:54.853908Z",
      "slug": "btc-updown-5m-1789713600",
      "status": "skip_too_late_to_enter",
      "seconds_left": 65.14614653587341,
      "min_entry_seconds_left": 90,
      "max_entry_seconds_left": 150
    },
    {
      "ts": "2026-09-18T06:43:57.142073Z",
      "slug": "btc-updown-5m-1789713600",
      "status": "skip_too_late_to_enter",
      "seconds_left": 62.85793161392212,
      "min_entry_seconds_left": 90,
      "max_entry_seconds_left": 150
    },
    {
      "ts": "2026-09-18T06:43:59.436361Z",
      "slug": "btc-updown-5m-1789713600",
      "status": "skip_too_late_to_enter",
      "seconds_left": 60.56364703178406,
      "min_entry_seconds_left": 90,
      "max_entry_seconds_left": 150
    },
    {
      "ts": "2026-09-18T06:44:01.731219Z",
      "slug": "btc-updown-5m-1789713600",
      "status": "skip_too_late_to_enter",
      "seconds_left": 58.26878881454468,
      "min_entry_seconds_left": 90,
      "max_entry_seconds_left": 150
    },
    {
      "ts": "2026-09-18T06:44:07.682784Z",
      "slug": "btc-updown-5m-1789713600",
      "status": "skip_too_late_to_enter",
      "seconds_left": 52.31722092628479,
      "min_entry_seconds_left": 90,
      "max_entry_seconds_left": 150
    },
    {
      "ts": "2026-09-18T06:44:09.979190Z",
      "slug": "btc-updown-5m-1789713600",
      "status": "skip_too_late_to_enter",
      "seconds_left": 50.020813941955566,
      "min_entry_seconds_left": 90,
      "max_entry_seconds_left": 150
    },
    {
      "ts": "2026-09-18T06:44:12.291659Z",
      "slug": "btc-updown-5m-1789713600",
      "status": "skip_too_late_to_enter",
      "seconds_left": 47.708351850509644,
      "min_entry_seconds_left": 90,
      "max_entry_seconds_left": 150
    },
    {
      "ts": "2026-09-18T06:44:14.575505Z",
      "slug": "btc-updown-5m-1789713600",
      "status": "skip_too_late_to_enter",
      "seconds_left": 45.42450308799744,
      "min_entry_seconds_left": 90,
      "max_entry_seconds_left": 150
    },
    {
      "ts": "2026-09-18T06:44:16.886851Z",
      "slug": "btc-updown-5m-1789713600",
      "status": "skip_too_late_to_enter",
      "seconds_left": 43.11315703392029,
      "min_entry_seconds_left": 90,
      "max_entry_seconds_left": 150
    },
    {
      "ts": "2026-09-18T06:44:19.355825Z",
      "slug": "btc-updown-5m-1789713600",
      "status": "skip_too_late_to_enter",
      "seconds_left": 40.644185066223145,
      "min_entry_seconds_left": 90,
      "max_entry_seconds_left": 150
    },
    {
      "ts": "2026-09-18T06:44:21.647792Z",
      "slug": "btc-updown-5m-1789713600",
      "status": "skip_too_late_to_enter",
      "seconds_left": 38.35221457481384,
      "min_entry_seconds_left": 90,
      "max_entry_seconds_left": 150
    },
    {
      "ts": "2026-09-18T06:44:23.938235Z",
      "slug": "btc-updown-5m-1789713600",
      "status": "skip_too_late_to_enter",
      "seconds_left": 36.0617733001709,
      "min_entry_seconds_left": 90,
      "max_entry_seconds_left": 150
    },
    {
      "ts": "2026-09-18T06:44:26.254194Z",
      "slug": "btc-updown-5m-1789713600",
      "status": "skip_too_late_to_enter",
      "seconds_left": 33.745810747146606,
      "min_entry_seconds_left": 90,
      "max_entry_seconds_left": 150
    },
    {
      "ts": "2026-09-18T06:44:28.608360Z",
      "slug": "btc-updown-5m-1789713600",
      "status": "skip_too_late_to_enter",
      "seconds_left": 31.391644954681396,
      "min_entry_seconds_left": 90,
      "max_entry_seconds_left": 150
    },
    {
      "ts": "2026-09-18T06:44:30.906639Z",
      "slug": "btc-updown-5m-1789713600",
      "status": "skip_too_late_to_enter",
      "seconds_left": 29.093371868133545,
      "min_entry_seconds_left": 90,
      "max_entry_seconds_left": 150
    },
    {
      "ts": "2026-09-18T06:44:33.348908Z",
      "slug": "btc-updown-5m-1789713600",
      "status": "skip_too_late_to_enter",
      "seconds_left": 26.65109920501709,
      "min_entry_seconds_left": 90,
      "max_entry_seconds_left": 150
    },
    {
      "ts": "2026-09-18T06:44:35.624262Z",
      "slug": "btc-updown-5m-1789713600",
      "status": "skip_too_late_to_enter",
      "seconds_left": 24.37574577331543,
      "min_entry_seconds_left": 90,
      "max_entry_seconds_left": 150
    },
    {
      "ts": "2026-09-18T06:44:37.901070Z",
      "slug": "btc-updown-5m-1789713600",
      "status": "skip_too_late_to_enter",
      "seconds_left": 22.098939418792725,
      "min_entry_seconds_left": 90,
      "max_entry_seconds_left": 150
    },
    {
      "ts": "2026-09-18T06:44:43.790508Z",
      "slug": "btc-updown-5m-1789713600",
      "status": "skip_too_late_to_enter",
      "seconds_left": 16.209502458572388,
      "min_entry_seconds_left": 90,
      "max_entry_seconds_left": 150
    },
    {
      "ts": "2026-09-18T06:44:46.072325Z",
      "slug": "btc-updown-5m-1789713600",
      "status": "skip_too_late_to_enter",
      "seconds_left": 13.927698135375977,
      "min_entry_seconds_left": 90,
      "max_entry_seconds_left": 150
    },
    {
      "ts": "2026-09-18T06:44:48.358206Z",
      "slug": "btc-updown-5m-1789713600",
      "status": "skip_too_late_to_enter",
      "seconds_left": 11.641802072525024,
      "min_entry_seconds_left": 90,
      "max_entry_seconds_left": 150
    },
    {
      "ts": "2026-09-18T06:44:50.639265Z",
      "slug": "btc-updown-5m-1789713600",
      "status": "skip_too_late_to_enter",
      "seconds_left": 9.360740900039673,
      "min_entry_seconds_left": 90,
      "max_entry_seconds_left": 150
    },
    {
      "ts": "2026-09-18T06:44:52.922007Z",
      "slug": "btc-updown-5m-1789713600",
      "status": "skip_too_late_to_enter",
      "seconds_left": 7.078005075454712,
      "min_entry_seconds_left": 90,
      "max_entry_seconds_left": 150
    },
    {
      "ts": "2026-09-18T06:44:55.238854Z",
      "status": "heartbeat_no_current_market"
    },
    {
      "ts": "2026-09-18T06:44:57.530881Z",
      "status": "heartbeat_no_current_market"
    },
    {
      "ts": "2026-09-18T06:44:59.855795Z",
      "status": "heartbeat_no_current_market"
    },
    {
      "ts": "2026-09-18T06:45:02.170661Z",
      "slug": "btc-updown-5m-1789713900",
      "status": "skip_too_early_to_enter",
      "seconds_left": 297.8294825553894,
      "min_entry_seconds_left": 90,
      "max_entry_seconds_left": 150
    },
    {
      "ts": "2026-09-18T06:45:04.458481Z",
      "slug": "btc-updown-5m-1789713900",
      "status": "skip_too_early_to_enter",
      "seconds_left": 295.54152727127075,
      "min_entry_seconds_left": 90,
      "max_entry_seconds_left": 150
    },
    {
      "ts": "2026-09-18T06:45:06.757078Z",
      "slug": "btc-updown-5m-1789713900",
      "status": "skip_too_early_to_enter",
      "seconds_left": 293.24292731285095,
      "min_entry_seconds_left": 90,
      "max_entry_seconds_left": 150
    },
    {
      "ts": "2026-09-18T06:45:09.054113Z",
      "slug": "btc-updown-5m-1789713900",
      "status": "skip_too_early_to_enter",
      "seconds_left": 290.94589471817017,
      "min_entry_seconds_left": 90,
      "max_entry_seconds_left": 150
    },
    {
      "ts": "2026-09-18T06:45:11.362975Z",
      "slug": "btc-updown-5m-1789713900",
      "status": "skip_too_early_to_enter",
      "seconds_left": 288.63703298568726,
      "min_entry_seconds_left": 90,
      "max_entry_seconds_left": 150
    },
    {
      "ts": "2026-09-18T06:45:13.644360Z",
      "slug": "btc-updown-5m-1789713900",
      "status": "skip_too_early_to_enter",
      "seconds_left": 286.3556475639343,
      "min_entry_seconds_left": 90,
      "max_entry_seconds_left": 150
    },
    {
      "ts": "2026-09-18T06:45:19.629678Z",
      "slug": "btc-updown-5m-1789713900",
      "status": "skip_too_early_to_enter",
      "seconds_left": 280.3703360557556,
      "min_entry_seconds_left": 90,
      "max_entry_seconds_left": 150
    },
    {
      "ts": "2026-09-18T06:45:21.929643Z",
      "slug": "btc-updown-5m-1789713900",
      "status": "skip_too_early_to_enter",
      "seconds_left": 278.07036447525024,
      "min_entry_seconds_left": 90,
      "max_entry_seconds_left": 150
    },
    {
      "ts": "2026-09-18T06:45:24.235874Z",
      "slug": "btc-updown-5m-1789713900",
      "status": "skip_too_early_to_enter",
      "seconds_left": 275.76413655281067,
      "min_entry_seconds_left": 90,
      "max_entry_seconds_left": 150
    },
    {
      "ts": "2026-09-18T06:45:26.535081Z",
      "slug": "btc-updown-5m-1789713900",
      "status": "skip_too_early_to_enter",
      "seconds_left": 273.46492743492126,
      "min_entry_seconds_left": 90,
      "max_entry_seconds_left": 150
    },
    {
      "ts": "2026-09-18T06:45:28.846012Z",
      "slug": "btc-updown-5m-1789713900",
      "status": "skip_too_early_to_enter",
      "seconds_left": 271.1539959907532,
      "min_entry_seconds_left": 90,
      "max_entry_seconds_left": 150
    },
    {
      "ts": "2026-09-18T06:45:31.184726Z",
      "slug": "btc-updown-5m-1789713900",
      "status": "skip_too_early_to_enter",
      "seconds_left": 268.8152801990509,
      "min_entry_seconds_left": 90,
      "max_entry_seconds_left": 150
    },
    {
      "ts": "2026-09-18T06:45:33.484733Z",
      "slug": "btc-updown-5m-1789713900",
      "status": "skip_too_early_to_enter",
      "seconds_left": 266.51527070999146,
      "min_entry_seconds_left": 90,
      "max_entry_seconds_left": 150
    },
    {
      "ts": "2026-09-18T06:45:35.791159Z",
      "slug": "btc-updown-5m-1789713900",
      "status": "skip_too_early_to_enter",
      "seconds_left": 264.20884919166565,
      "min_entry_seconds_left": 90,
      "max_entry_seconds_left": 150
    },
    {
      "ts": "2026-09-18T06:45:38.156005Z",
      "slug": "btc-updown-5m-1789713900",
      "status": "skip_too_early_to_enter",
      "seconds_left": 261.84400749206543,
      "min_entry_seconds_left": 90,
      "max_entry_seconds_left": 150
    },
    {
      "ts": "2026-09-18T06:45:40.454058Z",
      "slug": "btc-updown-5m-1789713900",
      "status": "skip_too_early_to_enter",
      "seconds_left": 259.5459475517273,
      "min_entry_seconds_left": 90,
      "max_entry_seconds_left": 150
    },
    {
      "ts": "2026-09-18T06:45:42.747496Z",
      "slug": "btc-updown-5m-1789713900",
      "status": "skip_too_early_to_enter",
      "seconds_left": 257.2525107860565,
      "min_entry_seconds_left": 90,
      "max_entry_seconds_left": 150
    },
    {
      "ts": "2026-09-18T06:45:45.090778Z",
      "slug": "btc-updown-5m-1789713900",
      "status": "skip_too_early_to_enter",
      "seconds_left": 254.90922832489014,
      "min_entry_seconds_left": 90,
      "max_entry_seconds_left": 150
    },
    {
      "ts": "2026-09-18T06:45:47.401906Z",
      "slug": "btc-updown-5m-1789713900",
      "status": "skip_too_early_to_enter",
      "seconds_left": 252.59810256958008,
      "min_entry_seconds_left": 90,
      "max_entry_seconds_left": 150
    },
    {
      "ts": "2026-09-18T06:45:49.741696Z",
      "slug": "btc-updown-5m-1789713900",
      "status": "skip_too_early_to_enter",
      "seconds_left": 250.25831151008606,
      "min_entry_seconds_left": 90,
      "max_entry_seconds_left": 150
    },
    {
      "ts": "2026-09-18T06:45:55.722848Z",
      "slug": "btc-updown-5m-1789713900",
      "status": "skip_too_early_to_enter",
      "seconds_left": 244.27715921401978,
      "min_entry_seconds_left": 90,
      "max_entry_seconds_left": 150
    },
    {
      "ts": "2026-09-18T06:45:58.011751Z",
      "slug": "btc-updown-5m-1789713900",
      "status": "skip_too_early_to_enter",
      "seconds_left": 241.98825764656067,
      "min_entry_seconds_left": 90,
      "max_entry_seconds_left": 150
    },
    {
      "ts": "2026-09-18T06:46:00.311031Z",
      "slug": "btc-updown-5m-1789713900",
      "status": "skip_too_early_to_enter",
      "seconds_left": 239.6889762878418,
      "min_entry_seconds_left": 90,
      "max_entry_seconds_left": 150
    },
    {
      "ts": "2026-09-18T06:46:02.651093Z",
      "slug": "btc-updown-5m-1789713900",
      "status": "skip_too_early_to_enter",
      "seconds_left": 237.34891271591187,
      "min_entry_seconds_left": 90,
      "max_entry_seconds_left": 150
    },
    {
      "ts": "2026-09-18T06:46:04.970553Z",
      "slug": "btc-updown-5m-1789713900",
      "status": "skip_too_early_to_enter",
      "seconds_left": 235.02945280075073,
      "min_entry_seconds_left": 90,
      "max_entry_seconds_left": 150
    },
    {
      "ts": "2026-09-18T06:46:07.339584Z",
      "slug": "btc-updown-5m-1789713900",
      "status": "skip_too_early_to_enter",
      "seconds_left": 232.66042590141296,
      "min_entry_seconds_left": 90,
      "max_entry_seconds_left": 150
    },
    {
      "ts": "2026-09-18T06:46:09.691606Z",
      "slug": "btc-updown-5m-1789713900",
      "status": "skip_too_early_to_enter",
      "seconds_left": 230.30839943885803,
      "min_entry_seconds_left": 90,
      "max_entry_seconds_left": 150
    },
    {
      "ts": "2026-09-18T06:46:11.974887Z",
      "slug": "btc-updown-5m-1789713900",
      "status": "skip_too_early_to_enter",
      "seconds_left": 228.02512335777283,
      "min_entry_seconds_left": 90,
      "max_entry_seconds_left": 150
    },
    {
      "ts": "2026-09-18T06:46:14.251377Z",
      "slug": "btc-updown-5m-1789713900",
      "status": "skip_too_early_to_enter",
      "seconds_left": 225.74863123893738,
      "min_entry_seconds_left": 90,
      "max_entry_seconds_left": 150
    },
    {
      "ts": "2026-09-18T06:46:16.669701Z",
      "slug": "btc-updown-5m-1789713900",
      "status": "skip_too_early_to_enter",
      "seconds_left": 223.3303074836731,
      "min_entry_seconds_left": 90,
      "max_entry_seconds_left": 150
    },
    {
      "ts": "2026-09-18T06:46:18.961404Z",
      "slug": "btc-updown-5m-1789713900",
      "status": "skip_too_early_to_enter",
      "seconds_left": 221.03860759735107,
      "min_entry_seconds_left": 90,
      "max_entry_seconds_left": 150
    },
    {
      "ts": "2026-09-18T06:46:21.259605Z",
      "slug": "btc-updown-5m-1789713900",
      "status": "skip_too_early_to_enter",
      "seconds_left": 218.7404022216797,
      "min_entry_seconds_left": 90,
      "max_entry_seconds_left": 150
    },
    {
      "ts": "2026-09-18T06:46:23.590473Z",
      "slug": "btc-updown-5m-1789713900",
      "status": "skip_too_early_to_enter",
      "seconds_left": 216.40953421592712,
      "min_entry_seconds_left": 90,
      "max_entry_seconds_left": 150
    },
    {
      "ts": "2026-09-18T06:46:25.880594Z",
      "slug": "btc-updown-5m-1789713900",
      "status": "skip_too_early_to_enter",
      "seconds_left": 214.11940956115723,
      "min_entry_seconds_left": 90,
      "max_entry_seconds_left": 150
    },
    {
      "ts": "2026-09-18T06:46:31.815221Z",
      "slug": "btc-updown-5m-1789713900",
      "status": "skip_too_early_to_enter",
      "seconds_left": 208.1847870349884,
      "min_entry_seconds_left": 90,
      "max_entry_seconds_left": 150
    },
    {
      "ts": "2026-09-18T06:46:34.106165Z",
      "slug": "btc-updown-5m-1789713900",
      "status": "skip_too_early_to_enter",
      "seconds_left": 205.8938431739807,
      "min_entry_seconds_left": 90,
      "max_entry_seconds_left": 150
    },
    {
      "ts": "2026-09-18T06:46:36.428652Z",
      "slug": "btc-updown-5m-1789713900",
      "status": "skip_too_early_to_enter",
      "seconds_left": 203.57135438919067,
      "min_entry_seconds_left": 90,
      "max_entry_seconds_left": 150
    },
    {
      "ts": "2026-09-18T06:46:38.723139Z",
      "slug": "btc-updown-5m-1789713900",
      "status": "skip_too_early_to_enter",
      "seconds_left": 201.2768714427948,
      "min_entry_seconds_left": 90,
      "max_entry_seconds_left": 150
    },
    {
      "ts": "2026-09-18T06:46:41.138859Z",
      "slug": "btc-updown-5m-1789713900",
      "status": "skip_too_early_to_enter",
      "seconds_left": 198.8611490726471,
      "min_entry_seconds_left": 90,
      "max_entry_seconds_left": 150
    },
    {
      "ts": "2026-09-18T06:46:43.486359Z",
      "slug": "btc-updown-5m-1789713900",
      "status": "skip_too_early_to_enter",
      "seconds_left": 196.5136489868164,
      "min_entry_seconds_left": 90,
      "max_entry_seconds_left": 150
    },
    {
      "ts": "2026-09-18T06:46:45.819098Z",
      "slug": "btc-updown-5m-1789713900",
      "status": "skip_too_early_to_enter",
      "seconds_left": 194.18090915679932,
      "min_entry_seconds_left": 90,
      "max_entry_seconds_left": 150
    },
    {
      "ts": "2026-09-18T06:46:48.117210Z",
      "slug": "btc-updown-5m-1789713900",
      "status": "skip_too_early_to_enter",
      "seconds_left": 191.882798910141,
      "min_entry_seconds_left": 90,
      "max_entry_seconds_left": 150
    },
    {
      "ts": "2026-09-18T06:46:50.407618Z",
      "slug": "btc-updown-5m-1789713900",
      "status": "skip_too_early_to_enter",
      "seconds_left": 189.59239149093628,
      "min_entry_seconds_left": 90,
      "max_entry_seconds_left": 150
    },
    {
      "ts": "2026-09-18T06:46:52.712461Z",
      "slug": "btc-updown-5m-1789713900",
      "status": "skip_too_early_to_enter",
      "seconds_left": 187.28754591941833,
      "min_entry_seconds_left": 90,
      "max_entry_seconds_left": 150
    },
    {
      "ts": "2026-09-18T06:46:54.990075Z",
      "slug": "btc-updown-5m-1789713900",
      "status": "skip_too_early_to_enter",
      "seconds_left": 185.00992894172668,
      "min_entry_seconds_left": 90,
      "max_entry_seconds_left": 150
    },
    {
      "ts": "2026-09-18T06:46:57.275734Z",
      "slug": "btc-updown-5m-1789713900",
      "status": "skip_too_early_to_enter",
      "seconds_left": 182.72427248954773,
      "min_entry_seconds_left": 90,
      "max_entry_seconds_left": 150
    },
    {
      "ts": "2026-09-18T06:46:59.656817Z",
      "slug": "btc-updown-5m-1789713900",
      "status": "skip_too_early_to_enter",
      "seconds_left": 180.34318709373474,
      "min_entry_seconds_left": 90,
      "max_entry_seconds_left": 150
    },
    {
      "ts": "2026-09-18T06:47:01.935159Z",
      "slug": "btc-updown-5m-1789713900",
      "status": "skip_too_early_to_enter",
      "seconds_left": 178.064847946167,
      "min_entry_seconds_left": 90,
      "max_entry_seconds_left": 150
    },
    {
      "ts": "2026-09-18T06:47:07.837839Z",
      "slug": "btc-updown-5m-1789713900",
      "status": "skip_too_early_to_enter",
      "seconds_left": 172.16216897964478,
      "min_entry_seconds_left": 90,
      "max_entry_seconds_left": 150
    },
    {
      "ts": "2026-09-18T06:47:10.132725Z",
      "slug": "btc-updown-5m-1789713900",
      "status": "skip_too_early_to_enter",
      "seconds_left": 169.86728024482727,
      "min_entry_seconds_left": 90,
      "max_entry_seconds_left": 150
    },
    {
      "ts": "2026-09-18T06:47:12.403555Z",
      "slug": "btc-updown-5m-1789713900",
      "status": "skip_too_early_to_enter",
      "seconds_left": 167.59645223617554,
      "min_entry_seconds_left": 90,
      "max_entry_seconds_left": 150
    },
    {
      "ts": "2026-09-18T06:47:14.698648Z",
      "slug": "btc-updown-5m-1789713900",
      "status": "skip_too_early_to_enter",
      "seconds_left": 165.30135679244995,
      "min_entry_seconds_left": 90,
      "max_entry_seconds_left": 150
    },
    {
      "ts": "2026-09-18T06:47:17.029544Z",
      "slug": "btc-updown-5m-1789713900",
      "status": "skip_too_early_to_enter",
      "seconds_left": 162.97046041488647,
      "min_entry_seconds_left": 90,
      "max_entry_seconds_left": 150
    },
    {
      "ts": "2026-09-18T06:47:19.305376Z",
      "slug": "btc-updown-5m-1789713900",
      "status": "skip_too_early_to_enter",
      "seconds_left": 160.69462943077087,
      "min_entry_seconds_left": 90,
      "max_entry_seconds_left": 150
    },
    {
      "ts": "2026-09-18T06:47:21.580920Z",
      "slug": "btc-updown-5m-1789713900",
      "status": "skip_too_early_to_enter",
      "seconds_left": 158.41909265518188,
      "min_entry_seconds_left": 90,
      "max_entry_seconds_left": 150
    },
    {
      "ts": "2026-09-18T06:47:23.868595Z",
      "slug": "btc-updown-5m-1789713900",
      "status": "skip_too_early_to_enter",
      "seconds_left": 156.13140892982483,
      "min_entry_seconds_left": 90,
      "max_entry_seconds_left": 150
    },
    {
      "ts": "2026-09-18T06:47:26.266504Z",
      "slug": "btc-updown-5m-1789713900",
      "status": "skip_too_early_to_enter",
      "seconds_left": 153.73350381851196,
      "min_entry_seconds_left": 90,
      "max_entry_seconds_left": 150
    },
    {
      "ts": "2026-09-18T06:47:28.562965Z",
      "slug": "btc-updown-5m-1789713900",
      "status": "skip_too_early_to_enter",
      "seconds_left": 151.43704175949097,
      "min_entry_seconds_left": 90,
      "max_entry_seconds_left": 150
    },
    {
      "ts": "2026-09-18T06:47:31.777370Z",
      "slug": "btc-updown-5m-1789713900",
      "status": "heartbeat",
      "gamma_up": 0.495,
      "gamma_down": 0.505,
      "clob_up_ask": 0.41,
      "clob_down_ask": 0.6,
      "seconds_left": 149.13699436187744,
      "min_spread": 0.009999999999999953
    },
    {
      "ts": "2026-09-18T06:47:31.777389Z",
      "slug": "btc-updown-5m-1789713900",
      "status": "skip_price_below_threshold",
      "threshold": 0.7,
      "max_ask": 0.85,
      "win_streak": 1,
      "clob_up_ask": 0.41,
      "clob_down_ask": 0.6,
      "seconds_left": 149.13699436187744,
      "trigger_price": null
    },
    {
      "ts": "2026-09-18T06:47:34.663361Z",
      "slug": "btc-updown-5m-1789713900",
      "status": "heartbeat",
      "gamma_up": 0.495,
      "gamma_down": 0.505,
      "clob_up_ask": 0.31,
      "clob_down_ask": 0.7,
      "seconds_left": 145.95448875427246,
      "min_spread": 0.010000000000000009
    },
    {
      "ts": "2026-09-18T06:47:45.722222Z",
      "slug": "btc-updown-5m-1789713900",
      "status": "heartbeat",
      "gamma_up": 0.495,
      "gamma_down": 0.505,
      "clob_up_ask": 0.21,
      "clob_down_ask": 0.8,
      "seconds_left": 135.01863932609558,
      "min_spread": 0.009999999999999981
    },
    {
      "ts": "2026-09-18T06:47:53.510414Z",
      "slug": "btc-updown-5m-1789713900",
      "status": "heartbeat",
      "gamma_up": 0.495,
      "gamma_down": 0.505,
      "clob_up_ask": 0.2,
      "clob_down_ask": 0.81,
      "seconds_left": 127.24466300010681,
      "min_spread": 0.010000000000000009
    }
  ],
  "last_open_try": "{\"error\": \"PolyApiException[status_code=400, error_message={'error': 'no orders found to match with FAK order. FAK orders are partially filled or killed if no match is found.', 'orderID': '0xcbee39f056db0892e1fd3e5241556030b656f6dcb5b8b2ae19b321f5e17538d7'}]\", \"order_post_result\": {\"success\": false, \"status\": \"error\", \"errorMsg\": \"PolyApiException[status_code=400, error_message={'error': 'no orders found to match with FAK order. FAK orders are partially filled or killed if no match is found.', 'orderID': '0xcbee39f056db0892e1fd3e5241556030b656f6dcb5b8b2ae19b321f5e17538d7'}]\"}, \"close_skipped\": \"\"}\n\n[py_clob_client_v2] request error status=400 url=https://clob.polymarket.com/auth/api-key body={\"error\":\"Could not create api key\"}\n\n[py_clob_client_v2] request error status=400 url=https://clob.polymarket.com/order body={\"error\":\"no orders found to match with FAK order. FAK orders are partially filled or killed if no match is found.\",\"orderID\":\"0xcbee39f056db0892e1fd3e5241556030b656f6dcb5b8b2ae19b321f5e17538d7\"}\n",
  "open_raw": "{\"mode\": \"open\", \"execute\": true, \"market_slug\": \"btc-updown-5m-1789713900\", \"force_side\": \"DOWN\", \"token_id\": \"79193816178499083795492428481233853219011993628041034006747191630258470360097\", \"entry_price\": 0.84, \"notional_usd\": 5.0, \"top_ask_notional_usd\": 597.8783999999999, \"collateral_pusd\": 436.921373, \"order_post_result\": {\"errorMsg\": \"\", \"orderID\": \"0x2654e4f7d4cc030e058593e00620424ced65dc8b921a406aaae5f58a739c2614\", \"takingAmount\": \"6.024094\", \"makingAmount\": \"4.999998\", \"status\": \"matched\", \"transactionsHashes\": [\"0x7c6c400ac4695db4c07080da5616b03dfce409aa44202496e2c361784d20a249\"], \"success\": true}}\n\n[py_clob_client_v2] request error status=400 url=https://clob.polymarket.com/auth/api-key body={\"error\":\"Could not create api key\"}\n\n",
  "opened": {
    "opened_at": "2026-09-18T06:47:58.518671Z",
    "market_slug": "btc-updown-5m-1789713900",
    "market_end_iso": "2026-09-18T06:50:00Z",
    "side": "DOWN",
    "token_id": "79193816178499083795492428481233853219011993628041034006747191630258470360097",
    "entry_price": 0.84,
    "shares": 6.024094,
    "cost_usdc": 4.999998,
    "open_order_id": "0x2654e4f7d4cc030e058593e00620424ced65dc8b921a406aaae5f58a739c2614",
    "open_tx": "0x7c6c400ac4695db4c07080da5616b03dfce409aa44202496e2c361784d20a249"
  },
  "stop_loss_price": 0.63,
  "last_side_price": 0.505,
  "last_clob_bid": 0.82,
  "last_check_at": "2026-09-18T06:47:59.284381Z",
  "close_debug": [
    {
      "ts": "2026-09-18T06:48:04.180288Z",
      "attempt": 1,
      "order_type": "FAK",
      "status": "matched",
      "close_skipped": ""
    }
  ],
  "close_raw": "{\"mode\": \"close\", \"execute\": true, \"market_slug\": \"btc-updown-5m-1789713900\", \"token_id\": \"79193816178499083795492428481233853219011993628041034006747191630258470360097\", \"requested_shares\": 6.024094, \"close_order_type\": \"FAK\", \"close_limit_price\": null, \"available_shares\": 6.024094, \"sell_shares\": 6.024, \"order_post_result\": {\"errorMsg\": \"\", \"orderID\": \"0x759e6f006d659d042f703cf2ad697b56217442440625da4bbd4bf4c3ab1471d0\", \"takingAmount\": \"4.515\", \"makingAmount\": \"6.02\", \"status\": \"matched\", \"transactionsHashes\": [\"0x5e9da0ca6d4efaf79e90a9ec74bd6a08b72857dec7a67b531fd66ec7493d2bb7\"], \"success\": true}, \"close_skipped\": \"\"}\n\n[py_clob_client_v2] request error status=400 url=https://clob.polymarket.com/auth/api-key body={\"error\":\"Could not create api key\"}\n\n",
  "closed": {
    "close_reason": "stop_loss_25pct",
    "closed_at": "2026-09-18T06:48:04.180314Z",
    "close_success": true,
    "close_status": "matched",
    "close_order_id": "0x759e6f006d659d042f703cf2ad697b56217442440625da4bbd4bf4c3ab1471d0",
    "close_tx": "0x5e9da0ca6d4efaf79e90a9ec74bd6a08b72857dec7a67b531fd66ec7493d2bb7",
    "close_shares": 6.02,
    "close_usdc": 4.515,
    "close_skipped": ""
  },
  "realized_cashflow_pnl_usdc": -0.484998,
  "finished_at": "2026-09-18T06:48:04.180348Z",
  "result": "done"
}
[2026-09-18T06:48:04Z] session_end rc=0 sessions=4 stake_usd=5
journal_ok trades=210 md=/home/yukeen/polymarketbot/5min-btc-polymarket/data/live_trades.md json=/home/yukeen/polymarketbot/5min-btc-polymarket/data/live_trades.json
[2026-09-18T06:49:57Z] fills=4/10 sessions=4/80
[py_clob_client_v2] request error status=400 url=https://clob.polymarket.com/auth/api-key body={"error":"Could not create api key"}

[2026-09-18T06:50:17Z] cash=436.297875
[2026-09-18T06:50:25Z] session_begin sessions=4 fills=4 stake_usd=5
[py_clob_client_v2] request error status=400 url=https://clob.polymarket.com/auth/api-key body={"error":"Could not create api key"}

{
  "started_at": "2026-09-18T06:50:25.848688Z",
  "params": {
    "profile": "conservative",
    "threshold": 0.7,
    "stake_usd": 5.0,
    "stop_loss_pct": 0.25,
    "exit_before_sec": 20,
    "min_entry_seconds_left": 90,
    "max_entry_seconds_left": 150,
    "entry_timeout_min": 20,
    "poll_sec": 2.0,
    "max_ask": 0.85,
    "expensive_ask": 0.8,
    "expensive_after_wins": 3,
    "clob_cut_bid": 0.4,
    "clob_sl_min_bid": 0.45,
    "early_flatten_sec": 45,
    "early_flatten_bid": 0.55,
    "close_retry_max": 30,
    "close_retry_delay_sec": 2.0,
    "no_gamma_sl": false,
    "execute": true,
    "win_streak": 1
  },
  "attempts": [
    {
      "ts": "2026-09-18T06:50:44.763708Z",
      "slug": "btc-updown-5m-1789714200",
      "status": "skip_too_early_to_enter",
      "seconds_left": 255.2363030910492,
      "min_entry_seconds_left": 90,
      "max_entry_seconds_left": 150
    },
    {
      "ts": "2026-09-18T06:50:47.231168Z",
      "slug": "btc-updown-5m-1789714200",
      "status": "skip_too_early_to_enter",
      "seconds_left": 252.76883959770203,
      "min_entry_seconds_left": 90,
      "max_entry_seconds_left": 150
    },
    {
      "ts": "2026-09-18T06:50:49.720110Z",
      "slug": "btc-updown-5m-1789714200",
      "status": "skip_too_early_to_enter",
      "seconds_left": 250.27989745140076,
      "min_entry_seconds_left": 90,
      "max_entry_seconds_left": 150
    },
    {
      "ts": "2026-09-18T06:50:52.304707Z",
      "slug": "btc-updown-5m-1789714200",
      "status": "skip_too_early_to_enter",
      "seconds_left": 247.69529962539673,
      "min_entry_seconds_left": 90,
      "max_entry_seconds_left": 150
    },
    {
      "ts": "2026-09-18T06:50:54.807350Z",
      "slug": "btc-updown-5m-1789714200",
      "status": "skip_too_early_to_enter",
      "seconds_left": 245.19265747070312,
      "min_entry_seconds_left": 90,
      "max_entry_seconds_left": 150
    },
    {
      "ts": "2026-09-18T06:50:57.109901Z",
      "slug": "btc-updown-5m-1789714200",
      "status": "skip_too_early_to_enter",
      "seconds_left": 242.89010548591614,
      "min_entry_seconds_left": 90,
      "max_entry_seconds_left": 150
    },
    {
      "ts": "2026-09-18T06:50:59.576543Z",
      "slug": "btc-updown-5m-1789714200",
      "status": "skip_too_early_to_enter",
      "seconds_left": 240.42346358299255,
      "min_entry_seconds_left": 90,
      "max_entry_seconds_left": 150
    },
    {
      "ts": "2026-09-18T06:51:01.905137Z",
      "slug": "btc-updown-5m-1789714200",
      "status": "skip_too_early_to_enter",
      "seconds_left": 238.09487009048462,
      "min_entry_seconds_left": 90,
      "max_entry_seconds_left": 150
    },
    {
      "ts": "2026-09-18T06:51:04.301677Z",
      "slug": "btc-updown-5m-1789714200",
      "status": "skip_too_early_to_enter",
      "seconds_left": 235.69832849502563,
      "min_entry_seconds_left": 90,
      "max_entry_seconds_left": 150
    },
    {
      "ts": "2026-09-18T06:51:06.614183Z",
      "slug": "btc-updown-5m-1789714200",
      "status": "skip_too_early_to_enter",
      "seconds_left": 233.3858242034912,
      "min_entry_seconds_left": 90,
      "max_entry_seconds_left": 150
    },
    {
      "ts": "2026-09-18T06:51:09.006671Z",
      "slug": "btc-updown-5m-1789714200",
      "status": "skip_too_early_to_enter",
      "seconds_left": 230.9933364391327,
      "min_entry_seconds_left": 90,
      "max_entry_seconds_left": 150
    },
    {
      "ts": "2026-09-18T06:51:11.866614Z",
      "slug": "btc-updown-5m-1789714200",
      "status": "skip_too_early_to_enter",
      "seconds_left": 228.13339614868164,
      "min_entry_seconds_left": 90,
      "max_entry_seconds_left": 150
    },
    {
      "ts": "2026-09-18T06:51:14.368263Z",
      "slug": "btc-updown-5m-1789714200",
      "status": "skip_too_early_to_enter",
      "seconds_left": 225.6317446231842,
      "min_entry_seconds_left": 90,
      "max_entry_seconds_left": 150
    },
    {
      "ts": "2026-09-18T06:51:20.470320Z",
      "slug": "btc-updown-5m-1789714200",
      "status": "skip_too_early_to_enter",
      "seconds_left": 219.52971601486206,
      "min_entry_seconds_left": 90,
      "max_entry_seconds_left": 150
    },
    {
      "ts": "2026-09-18T06:51:23.013701Z",
      "slug": "btc-updown-5m-1789714200",
      "status": "skip_too_early_to_enter",
      "seconds_left": 216.98631119728088,
      "min_entry_seconds_left": 90,
      "max_entry_seconds_left": 150
    },
    {
      "ts": "2026-09-18T06:51:25.450378Z",
      "slug": "btc-updown-5m-1789714200",
      "status": "skip_too_early_to_enter",
      "seconds_left": 214.54962706565857,
      "min_entry_seconds_left": 90,
      "max_entry_seconds_left": 150
    },
    {
      "ts": "2026-09-18T06:51:28.014874Z",
      "slug": "btc-updown-5m-1789714200",
      "status": "skip_too_early_to_enter",
      "seconds_left": 211.98513221740723,
      "min_entry_seconds_left": 90,
      "max_entry_seconds_left": 150
    },
    {
      "ts": "2026-09-18T06:51:30.653236Z",
      "slug": "btc-updown-5m-1789714200",
      "status": "skip_too_early_to_enter",
      "seconds_left": 209.34677052497864,
      "min_entry_seconds_left": 90,
      "max_entry_seconds_left": 150
    },
    {
      "ts": "2026-09-18T06:51:33.096810Z",
      "slug": "btc-updown-5m-1789714200",
      "status": "skip_too_early_to_enter",
      "seconds_left": 206.9031937122345,
      "min_entry_seconds_left": 90,
      "max_entry_seconds_left": 150
    },
    {
      "ts": "2026-09-18T06:51:35.798861Z",
      "slug": "btc-updown-5m-1789714200",
      "status": "skip_too_early_to_enter",
      "seconds_left": 204.20114588737488,
      "min_entry_seconds_left": 90,
      "max_entry_seconds_left": 150
    },
    {
      "ts": "2026-09-18T06:51:38.188766Z",
      "slug": "btc-updown-5m-1789714200",
      "status": "skip_too_early_to_enter",
      "seconds_left": 201.81123900413513,
      "min_entry_seconds_left": 90,
      "max_entry_seconds_left": 150
    },
    {
      "ts": "2026-09-18T06:51:40.787025Z",
      "slug": "btc-updown-5m-1789714200",
      "status": "skip_too_early_to_enter",
      "seconds_left": 199.21298003196716,
      "min_entry_seconds_left": 90,
      "max_entry_seconds_left": 150
    },
    {
      "ts": "2026-09-18T06:51:43.094970Z",
      "slug": "btc-updown-5m-1789714200",
      "status": "skip_too_early_to_enter",
      "seconds_left": 196.90503478050232,
      "min_entry_seconds_left": 90,
      "max_entry_seconds_left": 150
    },
    {
      "ts": "2026-09-18T06:51:45.979587Z",
      "slug": "btc-updown-5m-1789714200",
      "status": "skip_too_early_to_enter",
      "seconds_left": 194.02041959762573,
      "min_entry_seconds_left": 90,
      "max_entry_seconds_left": 150
    },
    {
      "ts": "2026-09-18T06:51:48.639847Z",
      "slug": "btc-updown-5m-1789714200",
      "status": "skip_too_early_to_enter",
      "seconds_left": 191.36015677452087,
      "min_entry_seconds_left": 90,
      "max_entry_seconds_left": 150
    },
    {
      "ts": "2026-09-18T06:51:51.554959Z",
      "slug": "btc-updown-5m-1789714200",
      "status": "skip_too_early_to_enter",
      "seconds_left": 188.44504857063293,
      "min_entry_seconds_left": 90,
      "max_entry_seconds_left": 150
    },
    {
      "ts": "2026-09-18T06:51:57.607303Z",
      "slug": "btc-updown-5m-1789714200",
      "status": "skip_too_early_to_enter",
      "seconds_left": 182.3927035331726,
      "min_entry_seconds_left": 90,
      "max_entry_seconds_left": 150
    },
    {
      "ts": "2026-09-18T06:52:00.160179Z",
      "slug": "btc-updown-5m-1789714200",
      "status": "skip_too_early_to_enter",
      "seconds_left": 179.83982729911804,
      "min_entry_seconds_left": 90,
      "max_entry_seconds_left": 150
    },
    {
      "ts": "2026-09-18T06:52:02.880925Z",
      "slug": "btc-updown-5m-1789714200",
      "status": "skip_too_early_to_enter",
      "seconds_left": 177.1190791130066,
      "min_entry_seconds_left": 90,
      "max_entry_seconds_left": 150
    },
    {
      "ts": "2026-09-18T06:52:05.358101Z",
      "slug": "btc-updown-5m-1789714200",
      "status": "skip_too_early_to_enter",
      "seconds_left": 174.6419038772583,
      "min_entry_seconds_left": 90,
      "max_entry_seconds_left": 150
    },
    {
      "ts": "2026-09-18T06:52:07.687819Z",
      "slug": "btc-updown-5m-1789714200",
      "status": "skip_too_early_to_enter",
      "seconds_left": 172.31218695640564,
      "min_entry_seconds_left": 90,
      "max_entry_seconds_left": 150
    },
    {
      "ts": "2026-09-18T06:52:10.537389Z",
      "slug": "btc-updown-5m-1789714200",
      "status": "skip_too_early_to_enter",
      "seconds_left": 169.4626181125641,
      "min_entry_seconds_left": 90,
      "max_entry_seconds_left": 150
    },
    {
      "ts": "2026-09-18T06:52:13.033905Z",
      "slug": "btc-updown-5m-1789714200",
      "status": "skip_too_early_to_enter",
      "seconds_left": 166.9661033153534,
      "min_entry_seconds_left": 90,
      "max_entry_seconds_left": 150
    },
    {
      "ts": "2026-09-18T06:52:15.693947Z",
      "slug": "btc-updown-5m-1789714200",
      "status": "skip_too_early_to_enter",
      "seconds_left": 164.30606079101562,
      "min_entry_seconds_left": 90,
      "max_entry_seconds_left": 150
    },
    {
      "ts": "2026-09-18T06:52:18.055731Z",
      "slug": "btc-updown-5m-1789714200",
      "status": "skip_too_early_to_enter",
      "seconds_left": 161.94427633285522,
      "min_entry_seconds_left": 90,
      "max_entry_seconds_left": 150
    },
    {
      "ts": "2026-09-18T06:52:20.964243Z",
      "slug": "btc-updown-5m-1789714200",
      "status": "skip_too_early_to_enter",
      "seconds_left": 159.03576278686523,
      "min_entry_seconds_left": 90,
      "max_entry_seconds_left": 150
    },
    {
      "ts": "2026-09-18T06:52:23.408134Z",
      "slug": "btc-updown-5m-1789714200",
      "status": "skip_too_early_to_enter",
      "seconds_left": 156.59187293052673,
      "min_entry_seconds_left": 90,
      "max_entry_seconds_left": 150
    },
    {
      "ts": "2026-09-18T06:52:25.703332Z",
      "slug": "btc-updown-5m-1789714200",
      "status": "skip_too_early_to_enter",
      "seconds_left": 154.29667472839355,
      "min_entry_seconds_left": 90,
      "max_entry_seconds_left": 150
    },
    {
      "ts": "2026-09-18T06:52:28.632200Z",
      "slug": "btc-updown-5m-1789714200",
      "status": "skip_too_early_to_enter",
      "seconds_left": 151.36780619621277,
      "min_entry_seconds_left": 90,
      "max_entry_seconds_left": 150
    },
    {
      "ts": "2026-09-18T06:52:36.107252Z",
      "slug": "btc-updown-5m-1789714200",
      "status": "heartbeat",
      "gamma_up": 0.505,
      "gamma_down": 0.495,
      "clob_up_ask": 0.44,
      "clob_down_ask": 0.57,
      "seconds_left": 145.21539282798767,
      "min_spread": 0.009999999999999898
    },
    {
      "ts": "2026-09-18T06:52:36.107277Z",
      "slug": "btc-updown-5m-1789714200",
      "status": "skip_price_below_threshold",
      "threshold": 0.7,
      "max_ask": 0.85,
      "win_streak": 1,
      "clob_up_ask": 0.44,
      "clob_down_ask": 0.57,
      "seconds_left": 145.21539282798767,
      "trigger_price": null
    },
    {
      "ts": "2026-09-18T06:52:39.008771Z",
      "slug": "btc-updown-5m-1789714200",
      "status": "heartbeat",
      "gamma_up": 0.505,
      "gamma_down": 0.495,
      "clob_up_ask": 0.44,
      "clob_down_ask": 0.59,
      "seconds_left": 141.59885001182556,
      "min_spread": 0.010000000000000009
    },
    {
      "ts": "2026-09-18T06:52:39.008792Z",
      "slug": "btc-updown-5m-1789714200",
      "status": "skip_price_below_threshold",
      "threshold": 0.7,
      "max_ask": 0.85,
      "win_streak": 1,
      "clob_up_ask": 0.44,
      "clob_down_ask": 0.59,
      "seconds_left": 141.59885001182556,
      "trigger_price": null
    },
    {
      "ts": "2026-09-18T06:52:42.589420Z",
      "slug": "btc-updown-5m-1789714200",
      "status": "heartbeat",
      "gamma_up": 0.505,
      "gamma_down": 0.495,
      "clob_up_ask": 0.39,
      "clob_down_ask": 0.62,
      "seconds_left": 138.32278561592102,
      "min_spread": 0.010000000000000009
    },
    {
      "ts": "2026-09-18T06:52:42.589440Z",
      "slug": "btc-updown-5m-1789714200",
      "status": "skip_price_below_threshold",
      "threshold": 0.7,
      "max_ask": 0.85,
      "win_streak": 1,
      "clob_up_ask": 0.39,
      "clob_down_ask": 0.62,
      "seconds_left": 138.32278561592102,
      "trigger_price": null
    },
    {
      "ts": "2026-09-18T06:52:46.301749Z",
      "slug": "btc-updown-5m-1789714200",
      "status": "heartbeat",
      "gamma_up": 0.505,
      "gamma_down": 0.495,
      "clob_up_ask": 0.4,
      "clob_down_ask": 0.61,
      "seconds_left": 134.55064296722412,
      "min_spread": 0.010000000000000009
    },
    {
      "ts": "2026-09-18T06:52:46.301773Z",
      "slug": "btc-updown-5m-1789714200",
      "status": "skip_price_below_threshold",
      "threshold": 0.7,
      "max_ask": 0.85,
      "win_streak": 1,
      "clob_up_ask": 0.4,
      "clob_down_ask": 0.61,
      "seconds_left": 134.55064296722412,
      "trigger_price": null
    },
    {
      "ts": "2026-09-18T06:52:49.213416Z",
      "slug": "btc-updown-5m-1789714200",
      "status": "heartbeat",
      "gamma_up": 0.505,
      "gamma_down": 0.495,
      "clob_up_ask": 0.46,
      "clob_down_ask": 0.58,
      "seconds_left": 131.40442538261414,
      "min_spread": 0.010000000000000009
    },
    {
      "ts": "2026-09-18T06:52:49.213439Z",
      "slug": "btc-updown-5m-1789714200",
      "status": "skip_price_below_threshold",
      "threshold": 0.7,
      "max_ask": 0.85,
      "win_streak": 1,
      "clob_up_ask": 0.46,
      "clob_down_ask": 0.58,
      "seconds_left": 131.40442538261414,
      "trigger_price": null
    },
    {
      "ts": "2026-09-18T06:52:52.090874Z",
      "slug": "btc-updown-5m-1789714200",
      "status": "heartbeat",
      "gamma_up": 0.505,
      "gamma_down": 0.495,
      "clob_up_ask": 0.43,
      "clob_down_ask": 0.58,
      "seconds_left": 128.4956500530243,
      "min_spread": 0.010000000000000009
    },
    {
      "ts": "2026-09-18T06:52:52.090896Z",
      "slug": "btc-updown-5m-1789714200",
      "status": "skip_price_below_threshold",
      "threshold": 0.7,
      "max_ask": 0.85,
      "win_streak": 1,
      "clob_up_ask": 0.43,
      "clob_down_ask": 0.58,
      "seconds_left": 128.4956500530243,
      "trigger_price": null
    },
    {
      "ts": "2026-09-18T06:52:55.057509Z",
      "slug": "btc-updown-5m-1789714200",
      "status": "heartbeat",
      "gamma_up": 0.505,
      "gamma_down": 0.495,
      "clob_up_ask": 0.41,
      "clob_down_ask": 0.64,
      "seconds_left": 125.59725284576416,
      "min_spread": 0.009999999999999953
    },
    {
      "ts": "2026-09-18T06:52:55.057529Z",
      "slug": "btc-updown-5m-1789714200",
      "status": "skip_price_below_threshold",
      "threshold": 0.7,
      "max_ask": 0.85,
      "win_streak": 1,
      "clob_up_ask": 0.41,
      "clob_down_ask": 0.64,
      "seconds_left": 125.59725284576416,
      "trigger_price": null
    },
    {
      "ts": "2026-09-18T06:52:58.011039Z",
      "slug": "btc-updown-5m-1789714200",
      "status": "heartbeat",
      "gamma_up": 0.505,
      "gamma_down": 0.495,
      "clob_up_ask": 0.37,
      "clob_down_ask": 0.64,
      "seconds_left": 122.58923125267029,
      "min_spread": 0.010000000000000009
    },
    {
      "ts": "2026-09-18T06:52:58.011063Z",
      "slug": "btc-updown-5m-1789714200",
      "status": "skip_price_below_threshold",
      "threshold": 0.7,
      "max_ask": 0.85,
      "win_streak": 1,
      "clob_up_ask": 0.37,
      "clob_down_ask": 0.64,
      "seconds_left": 122.58923125267029,
      "trigger_price": null
    },
    {
      "ts": "2026-09-18T06:53:00.933360Z",
      "slug": "btc-updown-5m-1789714200",
      "status": "heartbeat",
      "gamma_up": 0.505,
      "gamma_down": 0.495,
      "clob_up_ask": 0.32,
      "clob_down_ask": 0.69,
      "seconds_left": 119.68028783798218,
      "min_spread": 0.009999999999999898
    },
    {
      "ts": "2026-09-18T06:53:00.933380Z",
      "slug": "btc-updown-5m-1789714200",
      "status": "skip_price_below_threshold",
      "threshold": 0.7,
      "max_ask": 0.85,
      "win_streak": 1,
      "clob_up_ask": 0.32,
      "clob_down_ask": 0.69,
      "seconds_left": 119.68028783798218,
      "trigger_price": null
    },
    {
      "ts": "2026-09-18T06:53:03.819423Z",
      "slug": "btc-updown-5m-1789714200",
      "status": "heartbeat",
      "gamma_up": 0.505,
      "gamma_down": 0.495,
      "clob_up_ask": 0.29,
      "clob_down_ask": 0.72,
      "seconds_left": 116.77490949630737,
      "min_spread": 0.009999999999999953
    }
  ],
  "open_raw": "{\"mode\": \"open\", \"execute\": true, \"market_slug\": \"btc-updown-5m-1789714200\", \"force_side\": \"DOWN\", \"token_id\": \"5546186946446960590551148441521156051658994243241006180867378632404050632181\", \"entry_price\": 0.72, \"notional_usd\": 5.0, \"top_ask_notional_usd\": 672.12, \"collateral_pusd\": 436.297875, \"order_post_result\": {\"errorMsg\": \"\", \"orderID\": \"0x2146a33f45cd484e3da140634ed0eab56e714acaf52390443e1457bf139765d3\", \"takingAmount\": \"5\", \"makingAmount\": \"3.65\", \"status\": \"matched\", \"transactionsHashes\": [\"0xc95b563d65d0ca832d7a6a55c3ada050f2311ef48959bd01ec3fec89519ad601\"], \"success\": true}}\n\n[py_clob_client_v2] request error status=400 url=https://clob.polymarket.com/auth/api-key body={\"error\":\"Could not create api key\"}\n\n",
  "opened": {
    "opened_at": "2026-09-18T06:53:12.349165Z",
    "market_slug": "btc-updown-5m-1789714200",
    "market_end_iso": "2026-09-18T06:55:00Z",
    "side": "DOWN",
    "token_id": "5546186946446960590551148441521156051658994243241006180867378632404050632181",
    "entry_price": 0.72,
    "shares": 5.0,
    "cost_usdc": 3.65,
    "open_order_id": "0x2146a33f45cd484e3da140634ed0eab56e714acaf52390443e1457bf139765d3",
    "open_tx": "0xc95b563d65d0ca832d7a6a55c3ada050f2311ef48959bd01ec3fec89519ad601"
  },
  "stop_loss_price": 0.54,
  "last_side_price": 0.495,
  "last_clob_bid": 0.74,
  "last_check_at": "2026-09-18T06:53:13.072898Z",
  "close_debug": [
    {
      "ts": "2026-09-18T06:53:18.160881Z",
      "attempt": 1,
      "order_type": "FAK",
      "status": "matched",
      "close_skipped": ""
    }
  ],
  "close_raw": "{\"mode\": \"close\", \"execute\": true, \"market_slug\": \"btc-updown-5m-1789714200\", \"token_id\": \"5546186946446960590551148441521156051658994243241006180867378632404050632181\", \"requested_shares\": 5.0, \"close_order_type\": \"FAK\", \"close_limit_price\": null, \"available_shares\": 5.0, \"sell_shares\": 5.0, \"order_post_result\": {\"errorMsg\": \"\", \"orderID\": \"0xbbe0fe928f6b3b96693804f00100e3966ad9760938b59af6b5d831da7842f698\", \"takingAmount\": \"3.35\", \"makingAmount\": \"5\", \"status\": \"matched\", \"transactionsHashes\": [\"0x278f8bfdaa39073e5ca945abf4cfacae9199568e4de95cf92dbf3426ff20f15b\"], \"success\": true}, \"close_skipped\": \"\"}\n\n[py_clob_client_v2] request error status=400 url=https://clob.polymarket.com/auth/api-key body={\"error\":\"Could not create api key\"}\n\n",
  "closed": {
    "close_reason": "stop_loss_25pct",
    "closed_at": "2026-09-18T06:53:18.160899Z",
    "close_success": true,
    "close_status": "matched",
    "close_order_id": "0xbbe0fe928f6b3b96693804f00100e3966ad9760938b59af6b5d831da7842f698",
    "close_tx": "0x278f8bfdaa39073e5ca945abf4cfacae9199568e4de95cf92dbf3426ff20f15b",
    "close_shares": 5.0,
    "close_usdc": 3.35,
    "close_skipped": ""
  },
  "realized_cashflow_pnl_usdc": -0.3,
  "finished_at": "2026-09-18T06:53:18.160911Z",
  "result": "done"
}
[2026-09-18T06:53:18Z] session_end rc=0 sessions=5 stake_usd=5
journal_ok trades=211 md=/home/yukeen/polymarketbot/5min-btc-polymarket/data/live_trades.md json=/home/yukeen/polymarketbot/5min-btc-polymarket/data/live_trades.json
[2026-09-18T06:55:05Z] fills=5/10 sessions=5/80
[py_clob_client_v2] request error status=400 url=https://clob.polymarket.com/auth/api-key body={"error":"Could not create api key"}

[2026-09-18T06:55:22Z] cash=435.851515
[2026-09-18T06:55:33Z] session_begin sessions=5 fills=5 stake_usd=5
[py_clob_client_v2] request error status=400 url=https://clob.polymarket.com/auth/api-key body={"error":"Could not create api key"}

{
  "started_at": "2026-09-18T06:55:34.274557Z",
  "params": {
    "profile": "conservative",
    "threshold": 0.7,
    "stake_usd": 5.0,
    "stop_loss_pct": 0.25,
    "exit_before_sec": 20,
    "min_entry_seconds_left": 90,
    "max_entry_seconds_left": 150,
    "entry_timeout_min": 20,
    "poll_sec": 2.0,
    "max_ask": 0.85,
    "expensive_ask": 0.8,
    "expensive_after_wins": 3,
    "clob_cut_bid": 0.4,
    "clob_sl_min_bid": 0.45,
    "early_flatten_sec": 45,
    "early_flatten_bid": 0.55,
    "close_retry_max": 30,
    "close_retry_delay_sec": 2.0,
    "no_gamma_sl": false,
    "execute": true,
    "win_streak": 1
  },
  "attempts": [
    {
      "ts": "2026-09-18T06:55:34.558990Z",
      "slug": "btc-updown-5m-1789714500",
      "status": "skip_too_early_to_enter",
      "seconds_left": 265.4410288333893,
      "min_entry_seconds_left": 90,
      "max_entry_seconds_left": 150
    },
    {
      "ts": "2026-09-18T06:55:36.862408Z",
      "slug": "btc-updown-5m-1789714500",
      "status": "skip_too_early_to_enter",
      "seconds_left": 263.1375985145569,
      "min_entry_seconds_left": 90,
      "max_entry_seconds_left": 150
    },
    {
      "ts": "2026-09-18T06:55:39.160920Z",
      "slug": "btc-updown-5m-1789714500",
      "status": "skip_too_early_to_enter",
      "seconds_left": 260.83908677101135,
      "min_entry_seconds_left": 90,
      "max_entry_seconds_left": 150
    },
    {
      "ts": "2026-09-18T06:55:41.446549Z",
      "slug": "btc-updown-5m-1789714500",
      "status": "skip_too_early_to_enter",
      "seconds_left": 258.5534563064575,
      "min_entry_seconds_left": 90,
      "max_entry_seconds_left": 150
    },
    {
      "ts": "2026-09-18T06:55:43.853298Z",
      "slug": "btc-updown-5m-1789714500",
      "status": "skip_too_early_to_enter",
      "seconds_left": 256.14670610427856,
      "min_entry_seconds_left": 90,
      "max_entry_seconds_left": 150
    },
    {
      "ts": "2026-09-18T06:55:46.145330Z",
      "slug": "btc-updown-5m-1789714500",
      "status": "skip_too_early_to_enter",
      "seconds_left": 253.8546760082245,
      "min_entry_seconds_left": 90,
      "max_entry_seconds_left": 150
    },
    {
      "ts": "2026-09-18T06:55:48.447484Z",
      "slug": "btc-updown-5m-1789714500",
      "status": "skip_too_early_to_enter",
      "seconds_left": 251.5525221824646,
      "min_entry_seconds_left": 90,
      "max_entry_seconds_left": 150
    },
    {
      "ts": "2026-09-18T06:55:50.753815Z",
      "slug": "btc-updown-5m-1789714500",
      "status": "skip_too_early_to_enter",
      "seconds_left": 249.2461929321289,
      "min_entry_seconds_left": 90,
      "max_entry_seconds_left": 150
    },
    {
      "ts": "2026-09-18T06:55:53.057655Z",
      "slug": "btc-updown-5m-1789714500",
      "status": "skip_too_early_to_enter",
      "seconds_left": 246.94235372543335,
      "min_entry_seconds_left": 90,
      "max_entry_seconds_left": 150
    },
    {
      "ts": "2026-09-18T06:55:55.337187Z",
      "slug": "btc-updown-5m-1789714500",
      "status": "skip_too_early_to_enter",
      "seconds_left": 244.66282033920288,
      "min_entry_seconds_left": 90,
      "max_entry_seconds_left": 150
    },
    {
      "ts": "2026-09-18T06:55:57.636945Z",
      "slug": "btc-updown-5m-1789714500",
      "status": "skip_too_early_to_enter",
      "seconds_left": 242.36305832862854,
      "min_entry_seconds_left": 90,
      "max_entry_seconds_left": 150
    },
    {
      "ts": "2026-09-18T06:55:59.956927Z",
      "slug": "btc-updown-5m-1789714500",
      "status": "skip_too_early_to_enter",
      "seconds_left": 240.04307889938354,
      "min_entry_seconds_left": 90,
      "max_entry_seconds_left": 150
    },
    {
      "ts": "2026-09-18T06:56:02.248134Z",
      "slug": "btc-updown-5m-1789714500",
      "status": "skip_too_early_to_enter",
      "seconds_left": 237.75187253952026,
      "min_entry_seconds_left": 90,
      "max_entry_seconds_left": 150
    },
    {
      "ts": "2026-09-18T06:56:04.528750Z",
      "slug": "btc-updown-5m-1789714500",
      "status": "skip_too_early_to_enter",
      "seconds_left": 235.47125482559204,
      "min_entry_seconds_left": 90,
      "max_entry_seconds_left": 150
    },
    {
      "ts": "2026-09-18T06:56:10.415595Z",
      "slug": "btc-updown-5m-1789714500",
      "status": "skip_too_early_to_enter",
      "seconds_left": 229.58441066741943,
      "min_entry_seconds_left": 90,
      "max_entry_seconds_left": 150
    },
    {
      "ts": "2026-09-18T06:56:12.707834Z",
      "slug": "btc-updown-5m-1789714500",
      "status": "skip_too_early_to_enter",
      "seconds_left": 227.2921702861786,
      "min_entry_seconds_left": 90,
      "max_entry_seconds_left": 150
    },
    {
      "ts": "2026-09-18T06:56:15.011382Z",
      "slug": "btc-updown-5m-1789714500",
      "status": "skip_too_early_to_enter",
      "seconds_left": 224.9886245727539,
      "min_entry_seconds_left": 90,
      "max_entry_seconds_left": 150
    },
    {
      "ts": "2026-09-18T06:56:17.290705Z",
      "slug": "btc-updown-5m-1789714500",
      "status": "skip_too_early_to_enter",
      "seconds_left": 222.7093002796173,
      "min_entry_seconds_left": 90,
      "max_entry_seconds_left": 150
    },
    {
      "ts": "2026-09-18T06:56:19.617405Z",
      "slug": "btc-updown-5m-1789714500",
      "status": "skip_too_early_to_enter",
      "seconds_left": 220.38260293006897,
      "min_entry_seconds_left": 90,
      "max_entry_seconds_left": 150
    },
    {
      "ts": "2026-09-18T06:56:21.918063Z",
      "slug": "btc-updown-5m-1789714500",
      "status": "skip_too_early_to_enter",
      "seconds_left": 218.0819444656372,
      "min_entry_seconds_left": 90,
      "max_entry_seconds_left": 150
    },
    {
      "ts": "2026-09-18T06:56:24.232114Z",
      "slug": "btc-updown-5m-1789714500",
      "status": "skip_too_early_to_enter",
      "seconds_left": 215.767893075943,
      "min_entry_seconds_left": 90,
      "max_entry_seconds_left": 150
    },
    {
      "ts": "2026-09-18T06:56:26.518085Z",
      "slug": "btc-updown-5m-1789714500",
      "status": "skip_too_early_to_enter",
      "seconds_left": 213.48192262649536,
      "min_entry_seconds_left": 90,
      "max_entry_seconds_left": 150
    },
    {
      "ts": "2026-09-18T06:56:28.833032Z",
      "slug": "btc-updown-5m-1789714500",
      "status": "skip_too_early_to_enter",
      "seconds_left": 211.16697239875793,
      "min_entry_seconds_left": 90,
      "max_entry_seconds_left": 150
    },
    {
      "ts": "2026-09-18T06:56:31.121665Z",
      "slug": "btc-updown-5m-1789714500",
      "status": "skip_too_early_to_enter",
      "seconds_left": 208.87834286689758,
      "min_entry_seconds_left": 90,
      "max_entry_seconds_left": 150
    },
    {
      "ts": "2026-09-18T06:56:33.411273Z",
      "slug": "btc-updown-5m-1789714500",
      "status": "skip_too_early_to_enter",
      "seconds_left": 206.58873391151428,
      "min_entry_seconds_left": 90,
      "max_entry_seconds_left": 150
    },
    {
      "ts": "2026-09-18T06:56:35.689318Z",
      "slug": "btc-updown-5m-1789714500",
      "status": "skip_too_early_to_enter",
      "seconds_left": 204.3106870651245,
      "min_entry_seconds_left": 90,
      "max_entry_seconds_left": 150
    },
    {
      "ts": "2026-09-18T06:56:51.731369Z",
      "slug": "btc-updown-5m-1789714500",
      "status": "skip_too_early_to_enter",
      "seconds_left": 188.26865577697754,
      "min_entry_seconds_left": 90,
      "max_entry_seconds_left": 150
    },
    {
      "ts": "2026-09-18T06:56:54.044022Z",
      "slug": "btc-updown-5m-1789714500",
      "status": "skip_too_early_to_enter",
      "seconds_left": 185.9559829235077,
      "min_entry_seconds_left": 90,
      "max_entry_seconds_left": 150
    },
    {
      "ts": "2026-09-18T06:56:56.337704Z",
      "slug": "btc-updown-5m-1789714500",
      "status": "skip_too_early_to_enter",
      "seconds_left": 183.66230392456055,
      "min_entry_seconds_left": 90,
      "max_entry_seconds_left": 150
    },
    {
      "ts": "2026-09-18T06:56:58.641760Z",
      "slug": "btc-updown-5m-1789714500",
      "status": "skip_too_early_to_enter",
      "seconds_left": 181.35824728012085,
      "min_entry_seconds_left": 90,
      "max_entry_seconds_left": 150
    },
    {
      "ts": "2026-09-18T06:57:00.941727Z",
      "slug": "btc-updown-5m-1789714500",
      "status": "skip_too_early_to_enter",
      "seconds_left": 179.05828046798706,
      "min_entry_seconds_left": 90,
      "max_entry_seconds_left": 150
    },
    {
      "ts": "2026-09-18T06:57:03.249450Z",
      "slug": "btc-updown-5m-1789714500",
      "status": "skip_too_early_to_enter",
      "seconds_left": 176.75055646896362,
      "min_entry_seconds_left": 90,
      "max_entry_seconds_left": 150
    },
    {
      "ts": "2026-09-18T06:57:05.567786Z",
      "slug": "btc-updown-5m-1789714500",
      "status": "skip_too_early_to_enter",
      "seconds_left": 174.43222188949585,
      "min_entry_seconds_left": 90,
      "max_entry_seconds_left": 150
    },
    {
      "ts": "2026-09-18T06:57:07.866447Z",
      "slug": "btc-updown-5m-1789714500",
      "status": "skip_too_early_to_enter",
      "seconds_left": 172.13356065750122,
      "min_entry_seconds_left": 90,
      "max_entry_seconds_left": 150
    },
    {
      "ts": "2026-09-18T06:57:10.168343Z",
      "slug": "btc-updown-5m-1789714500",
      "status": "skip_too_early_to_enter",
      "seconds_left": 169.83166193962097,
      "min_entry_seconds_left": 90,
      "max_entry_seconds_left": 150
    },
    {
      "ts": "2026-09-18T06:57:12.476608Z",
      "slug": "btc-updown-5m-1789714500",
      "status": "skip_too_early_to_enter",
      "seconds_left": 167.52339935302734,
      "min_entry_seconds_left": 90,
      "max_entry_seconds_left": 150
    },
    {
      "ts": "2026-09-18T06:57:14.775459Z",
      "slug": "btc-updown-5m-1789714500",
      "status": "skip_too_early_to_enter",
      "seconds_left": 165.2245490550995,
      "min_entry_seconds_left": 90,
      "max_entry_seconds_left": 150
    },
    {
      "ts": "2026-09-18T06:57:17.062626Z",
      "slug": "btc-updown-5m-1789714500",
      "status": "skip_too_early_to_enter",
      "seconds_left": 162.93738174438477,
      "min_entry_seconds_left": 90,
      "max_entry_seconds_left": 150
    },
    {
      "ts": "2026-09-18T06:57:22.976341Z",
      "slug": "btc-updown-5m-1789714500",
      "status": "skip_too_early_to_enter",
      "seconds_left": 157.02366614341736,
      "min_entry_seconds_left": 90,
      "max_entry_seconds_left": 150
    },
    {
      "ts": "2026-09-18T06:57:25.301057Z",
      "slug": "btc-updown-5m-1789714500",
      "status": "skip_too_early_to_enter",
      "seconds_left": 154.6989507675171,
      "min_entry_seconds_left": 90,
      "max_entry_seconds_left": 150
    },
    {
      "ts": "2026-09-18T06:57:27.614116Z",
      "slug": "btc-updown-5m-1789714500",
      "status": "skip_too_early_to_enter",
      "seconds_left": 152.38589191436768,
      "min_entry_seconds_left": 90,
      "max_entry_seconds_left": 150
    },
    {
      "ts": "2026-09-18T06:57:29.929669Z",
      "slug": "btc-updown-5m-1789714500",
      "status": "skip_too_early_to_enter",
      "seconds_left": 150.07033848762512,
      "min_entry_seconds_left": 90,
      "max_entry_seconds_left": 150
    },
    {
      "ts": "2026-09-18T06:57:33.150531Z",
      "slug": "btc-updown-5m-1789714500",
      "status": "heartbeat",
      "gamma_up": 0.295,
      "gamma_down": 0.705,
      "clob_up_ask": 0.22,
      "clob_down_ask": 0.78,
      "seconds_left": 147.76986813545227,
      "min_spread": 0.010000000000000009
    }
  ],
  "open_raw": "{\"mode\": \"open\", \"execute\": true, \"market_slug\": \"btc-updown-5m-1789714500\", \"force_side\": \"DOWN\", \"token_id\": \"108917342094678434453755382300280905649400620250089487278129064115610565460736\", \"entry_price\": 0.78, \"notional_usd\": 5.0, \"top_ask_notional_usd\": 568.3314, \"collateral_pusd\": 435.851515, \"order_post_result\": {\"errorMsg\": \"\", \"orderID\": \"0x198720f110df5b4521115a0e2d54ed33c0c3cec0e27a31be680a497464b02980\", \"takingAmount\": \"6.578945\", \"makingAmount\": \"4.999998\", \"status\": \"matched\", \"transactionsHashes\": [\"0x567494ba864eda64d41997ad119cf510e28df1296e032f56f68ec0a0d5803c7a\"], \"success\": true}}\n\n[py_clob_client_v2] request error status=400 url=https://clob.polymarket.com/auth/api-key body={\"error\":\"Could not create api key\"}\n\n",
  "opened": {
    "opened_at": "2026-09-18T06:57:37.826531Z",
    "market_slug": "btc-updown-5m-1789714500",
    "market_end_iso": "2026-09-18T07:00:00Z",
    "side": "DOWN",
    "token_id": "108917342094678434453755382300280905649400620250089487278129064115610565460736",
    "entry_price": 0.78,
    "shares": 6.578945,
    "cost_usdc": 4.999998,
    "open_order_id": "0x198720f110df5b4521115a0e2d54ed33c0c3cec0e27a31be680a497464b02980",
    "open_tx": "0x567494ba864eda64d41997ad119cf510e28df1296e032f56f68ec0a0d5803c7a"
  },
  "stop_loss_price": 0.585,
  "last_side_price": 0.705,
  "last_clob_bid": 0.5,
  "last_check_at": "2026-09-18T06:57:46.434103Z",
  "close_debug": [
    {
      "ts": "2026-09-18T06:57:50.786643Z",
      "attempt": 1,
      "order_type": "FAK",
      "status": "matched",
      "close_skipped": ""
    }
  ],
  "close_raw": "{\"mode\": \"close\", \"execute\": true, \"market_slug\": \"btc-updown-5m-1789714500\", \"token_id\": \"108917342094678434453755382300280905649400620250089487278129064115610565460736\", \"requested_shares\": 6.578945, \"close_order_type\": \"FAK\", \"close_limit_price\": null, \"available_shares\": 6.578945, \"sell_shares\": 6.5789, \"order_post_result\": {\"errorMsg\": \"\", \"orderID\": \"0x2bc2b1acfc110f59e1fdb91a8d70a26d1958ac2fb1a52de732d37c2abcf40edb\", \"takingAmount\": \"2.1024\", \"makingAmount\": \"6.57\", \"status\": \"matched\", \"transactionsHashes\": [\"0x5f7371032d00d6f6e7dde5ca51adb90ff9b9b8076cc76da3f38713a32b3d2e07\"], \"success\": true}, \"close_skipped\": \"\"}\n\n[py_clob_client_v2] request error status=400 url=https://clob.polymarket.com/auth/api-key body={\"error\":\"Could not create api key\"}\n\n",
  "closed": {
    "close_reason": "stop_loss_clob_25pct",
    "closed_at": "2026-09-18T06:57:50.786673Z",
    "close_success": true,
    "close_status": "matched",
    "close_order_id": "0x2bc2b1acfc110f59e1fdb91a8d70a26d1958ac2fb1a52de732d37c2abcf40edb",
    "close_tx": "0x5f7371032d00d6f6e7dde5ca51adb90ff9b9b8076cc76da3f38713a32b3d2e07",
    "close_shares": 6.57,
    "close_usdc": 2.1024,
    "close_skipped": ""
  },
  "realized_cashflow_pnl_usdc": -2.897598,
  "finished_at": "2026-09-18T06:57:50.786696Z",
  "result": "done"
}
[2026-09-18T06:57:50Z] session_end rc=0 sessions=6 stake_usd=5
journal_ok trades=212 md=/home/yukeen/polymarketbot/5min-btc-polymarket/data/live_trades.md json=/home/yukeen/polymarketbot/5min-btc-polymarket/data/live_trades.json
[2026-09-18T06:59:50Z] fills=6/10 sessions=6/80
[py_clob_client_v2] request error status=400 url=https://clob.polymarket.com/auth/api-key body={"error":"Could not create api key"}

[2026-09-18T07:00:07Z] cash=432.769857
[2026-09-18T07:00:15Z] session_begin sessions=6 fills=6 stake_usd=5
{
  "started_at": "2026-09-18T07:00:16.370988Z",
  "params": {
    "profile": "conservative",
    "threshold": 0.7,
    "stake_usd": 5.0,
    "stop_loss_pct": 0.25,
    "exit_before_sec": 20,
    "min_entry_seconds_left": 90,
    "max_entry_seconds_left": 150,
    "entry_timeout_min": 20,
    "poll_sec": 2.0,
    "max_ask": 0.85,
    "expensive_ask": 0.8,
    "expensive_after_wins": 3,
    "clob_cut_bid": 0.4,
    "clob_sl_min_bid": 0.45,
    "early_flatten_sec": 45,
    "early_flatten_bid": 0.55,
    "close_retry_max": 30,
    "close_retry_delay_sec": 2.0,
    "no_gamma_sl": false,
    "execute": true,
    "win_streak": 0
  },
  "attempts": [
    {
      "ts": "2026-09-18T07:00:16.803842Z",
      "slug": "btc-updown-5m-1789714800",
      "status": "skip_too_early_to_enter",
      "seconds_left": 283.1961691379547,
      "min_entry_seconds_left": 90,
      "max_entry_seconds_left": 150
    },
    {
      "ts": "2026-09-18T07:00:22.695925Z",
      "slug": "btc-updown-5m-1789714800",
      "status": "skip_too_early_to_enter",
      "seconds_left": 277.304083108902,
      "min_entry_seconds_left": 90,
      "max_entry_seconds_left": 150
    },
    {
      "ts": "2026-09-18T07:00:25.011979Z",
      "slug": "btc-updown-5m-1789714800",
      "status": "skip_too_early_to_enter",
      "seconds_left": 274.98802733421326,
      "min_entry_seconds_left": 90,
      "max_entry_seconds_left": 150
    },
    {
      "ts": "2026-09-18T07:00:27.319002Z",
      "slug": "btc-updown-5m-1789714800",
      "status": "skip_too_early_to_enter",
      "seconds_left": 272.6810050010681,
      "min_entry_seconds_left": 90,
      "max_entry_seconds_left": 150
    },
    {
      "ts": "2026-09-18T07:00:29.611967Z",
      "slug": "btc-updown-5m-1789714800",
      "status": "skip_too_early_to_enter",
      "seconds_left": 270.38803935050964,
      "min_entry_seconds_left": 90,
      "max_entry_seconds_left": 150
    },
    {
      "ts": "2026-09-18T07:00:31.909352Z",
      "slug": "btc-updown-5m-1789714800",
      "status": "skip_too_early_to_enter",
      "seconds_left": 268.0906546115875,
      "min_entry_seconds_left": 90,
      "max_entry_seconds_left": 150
    },
    {
      "ts": "2026-09-18T07:00:34.194271Z",
      "slug": "btc-updown-5m-1789714800",
      "status": "skip_too_early_to_enter",
      "seconds_left": 265.8057327270508,
      "min_entry_seconds_left": 90,
      "max_entry_seconds_left": 150
    },
    {
      "ts": "2026-09-18T07:00:36.464832Z",
      "slug": "btc-updown-5m-1789714800",
      "status": "skip_too_early_to_enter",
      "seconds_left": 263.5351731777191,
      "min_entry_seconds_left": 90,
      "max_entry_seconds_left": 150
    },
    {
      "ts": "2026-09-18T07:00:38.763330Z",
      "slug": "btc-updown-5m-1789714800",
      "status": "skip_too_early_to_enter",
      "seconds_left": 261.23667454719543,
      "min_entry_seconds_left": 90,
      "max_entry_seconds_left": 150
    },
    {
      "ts": "2026-09-18T07:00:41.062568Z",
      "slug": "btc-updown-5m-1789714800",
      "status": "skip_too_early_to_enter",
      "seconds_left": 258.9374358654022,
      "min_entry_seconds_left": 90,
      "max_entry_seconds_left": 150
    },
    {
      "ts": "2026-09-18T07:00:43.347372Z",
      "slug": "btc-updown-5m-1789714800",
      "status": "skip_too_early_to_enter",
      "seconds_left": 256.6526312828064,
      "min_entry_seconds_left": 90,
      "max_entry_seconds_left": 150
    },
    {
      "ts": "2026-09-18T07:00:45.648241Z",
      "slug": "btc-updown-5m-1789714800",
      "status": "skip_too_early_to_enter",
      "seconds_left": 254.35176301002502,
      "min_entry_seconds_left": 90,
      "max_entry_seconds_left": 150
    },
    {
      "ts": "2026-09-18T07:00:47.970453Z",
      "slug": "btc-updown-5m-1789714800",
      "status": "skip_too_early_to_enter",
      "seconds_left": 252.02955389022827,
      "min_entry_seconds_left": 90,
      "max_entry_seconds_left": 150
    },
    {
      "ts": "2026-09-18T07:00:50.278832Z",
      "slug": "btc-updown-5m-1789714800",
      "status": "skip_too_early_to_enter",
      "seconds_left": 249.72117495536804,
      "min_entry_seconds_left": 90,
      "max_entry_seconds_left": 150
    },
    {
      "ts": "2026-09-18T07:00:52.591832Z",
      "slug": "btc-updown-5m-1789714800",
      "status": "skip_too_early_to_enter",
      "seconds_left": 247.40817427635193,
      "min_entry_seconds_left": 90,
      "max_entry_seconds_left": 150
    },
    {
      "ts": "2026-09-18T07:00:54.870410Z",
      "slug": "btc-updown-5m-1789714800",
      "status": "skip_too_early_to_enter",
      "seconds_left": 245.12959623336792,
      "min_entry_seconds_left": 90,
      "max_entry_seconds_left": 150
    },
    {
      "ts": "2026-09-18T07:01:00.788453Z",
      "slug": "btc-updown-5m-1789714800",
      "status": "skip_too_early_to_enter",
      "seconds_left": 239.21155095100403,
      "min_entry_seconds_left": 90,
      "max_entry_seconds_left": 150
    },
    {
      "ts": "2026-09-18T07:01:03.076519Z",
      "slug": "btc-updown-5m-1789714800",
      "status": "skip_too_early_to_enter",
      "seconds_left": 236.9234881401062,
      "min_entry_seconds_left": 90,
      "max_entry_seconds_left": 150
    },
    {
      "ts": "2026-09-18T07:01:05.424951Z",
      "slug": "btc-updown-5m-1789714800",
      "status": "skip_too_early_to_enter",
      "seconds_left": 234.57505297660828,
      "min_entry_seconds_left": 90,
      "max_entry_seconds_left": 150
    },
    {
      "ts": "2026-09-18T07:01:07.712230Z",
      "slug": "btc-updown-5m-1789714800",
      "status": "skip_too_early_to_enter",
      "seconds_left": 232.28777885437012,
      "min_entry_seconds_left": 90,
      "max_entry_seconds_left": 150
    },
    {
      "ts": "2026-09-18T07:01:10.033336Z",
      "slug": "btc-updown-5m-1789714800",
      "status": "skip_too_early_to_enter",
      "seconds_left": 229.96667194366455,
      "min_entry_seconds_left": 90,
      "max_entry_seconds_left": 150
    },
    {
      "ts": "2026-09-18T07:01:12.330518Z",
      "slug": "btc-updown-5m-1789714800",
      "status": "skip_too_early_to_enter",
      "seconds_left": 227.66948914527893,
      "min_entry_seconds_left": 90,
      "max_entry_seconds_left": 150
    },
    {
      "ts": "2026-09-18T07:01:14.636610Z",
      "slug": "btc-updown-5m-1789714800",
      "status": "skip_too_early_to_enter",
      "seconds_left": 225.36339378356934,
      "min_entry_seconds_left": 90,
      "max_entry_seconds_left": 150
    },
    {
      "ts": "2026-09-18T07:01:16.936456Z",
      "slug": "btc-updown-5m-1789714800",
      "status": "skip_too_early_to_enter",
      "seconds_left": 223.06355118751526,
      "min_entry_seconds_left": 90,
      "max_entry_seconds_left": 150
    },
    {
      "ts": "2026-09-18T07:01:19.237592Z",
      "slug": "btc-updown-5m-1789714800",
      "status": "skip_too_early_to_enter",
      "seconds_left": 220.76241397857666,
      "min_entry_seconds_left": 90,
      "max_entry_seconds_left": 150
    },
    {
      "ts": "2026-09-18T07:01:21.555215Z",
      "slug": "btc-updown-5m-1789714800",
      "status": "skip_too_early_to_enter",
      "seconds_left": 218.4447922706604,
      "min_entry_seconds_left": 90,
      "max_entry_seconds_left": 150
    },
    {
      "ts": "2026-09-18T07:01:23.922911Z",
      "slug": "btc-updown-5m-1789714800",
      "status": "skip_too_early_to_enter",
      "seconds_left": 216.07709455490112,
      "min_entry_seconds_left": 90,
      "max_entry_seconds_left": 150
    },
    {
      "ts": "2026-09-18T07:01:26.254164Z",
      "slug": "btc-updown-5m-1789714800",
      "status": "skip_too_early_to_enter",
      "seconds_left": 213.74584126472473,
      "min_entry_seconds_left": 90,
      "max_entry_seconds_left": 150
    },
    {
      "ts": "2026-09-18T07:01:28.542867Z",
      "slug": "btc-updown-5m-1789714800",
      "status": "skip_too_early_to_enter",
      "seconds_left": 211.45714020729065,
      "min_entry_seconds_left": 90,
      "max_entry_seconds_left": 150
    },
    {
      "ts": "2026-09-18T07:01:30.839157Z",
      "slug": "btc-updown-5m-1789714800",
      "status": "skip_too_early_to_enter",
      "seconds_left": 209.1608486175537,
      "min_entry_seconds_left": 90,
      "max_entry_seconds_left": 150
    },
    {
      "ts": "2026-09-18T07:01:36.734545Z",
      "slug": "btc-updown-5m-1789714800",
      "status": "skip_too_early_to_enter",
      "seconds_left": 203.2654619216919,
      "min_entry_seconds_left": 90,
      "max_entry_seconds_left": 150
    },
    {
      "ts": "2026-09-18T07:01:39.111295Z",
      "slug": "btc-updown-5m-1789714800",
      "status": "skip_too_early_to_enter",
      "seconds_left": 200.88871335983276,
      "min_entry_seconds_left": 90,
      "max_entry_seconds_left": 150
    },
    {
      "ts": "2026-09-18T07:01:41.403441Z",
      "slug": "btc-updown-5m-1789714800",
      "status": "skip_too_early_to_enter",
      "seconds_left": 198.59656524658203,
      "min_entry_seconds_left": 90,
      "max_entry_seconds_left": 150
    },
    {
      "ts": "2026-09-18T07:01:43.722393Z",
      "slug": "btc-updown-5m-1789714800",
      "status": "skip_too_early_to_enter",
      "seconds_left": 196.27761387825012,
      "min_entry_seconds_left": 90,
      "max_entry_seconds_left": 150
    },
    {
      "ts": "2026-09-18T07:01:46.020349Z",
      "slug": "btc-updown-5m-1789714800",
      "status": "skip_too_early_to_enter",
      "seconds_left": 193.97965812683105,
      "min_entry_seconds_left": 90,
      "max_entry_seconds_left": 150
    },
    {
      "ts": "2026-09-18T07:01:48.312178Z",
      "slug": "btc-updown-5m-1789714800",
      "status": "skip_too_early_to_enter",
      "seconds_left": 191.68782949447632,
      "min_entry_seconds_left": 90,
      "max_entry_seconds_left": 150
    },
    {
      "ts": "2026-09-18T07:01:50.601143Z",
      "slug": "btc-updown-5m-1789714800",
      "status": "skip_too_early_to_enter",
      "seconds_left": 189.39886498451233,
      "min_entry_seconds_left": 90,
      "max_entry_seconds_left": 150
    },
    {
      "ts": "2026-09-18T07:01:52.896358Z",
      "slug": "btc-updown-5m-1789714800",
      "status": "skip_too_early_to_enter",
      "seconds_left": 187.10364770889282,
      "min_entry_seconds_left": 90,
      "max_entry_seconds_left": 150
    },
    {
      "ts": "2026-09-18T07:01:55.195855Z",
      "slug": "btc-updown-5m-1789714800",
      "status": "skip_too_early_to_enter",
      "seconds_left": 184.8041524887085,
      "min_entry_seconds_left": 90,
      "max_entry_seconds_left": 150
    },
    {
      "ts": "2026-09-18T07:01:57.513406Z",
      "slug": "btc-updown-5m-1789714800",
      "status": "skip_too_early_to_enter",
      "seconds_left": 182.48660111427307,
      "min_entry_seconds_left": 90,
      "max_entry_seconds_left": 150
    },
    {
      "ts": "2026-09-18T07:01:59.818516Z",
      "slug": "btc-updown-5m-1789714800",
      "status": "skip_too_early_to_enter",
      "seconds_left": 180.18149065971375,
      "min_entry_seconds_left": 90,
      "max_entry_seconds_left": 150
    },
    {
      "ts": "2026-09-18T07:02:02.122145Z",
      "slug": "btc-updown-5m-1789714800",
      "status": "skip_too_early_to_enter",
      "seconds_left": 177.87787437438965,
      "min_entry_seconds_left": 90,
      "max_entry_seconds_left": 150
    },
    {
      "ts": "2026-09-18T07:02:04.427036Z",
      "slug": "btc-updown-5m-1789714800",
      "status": "skip_too_early_to_enter",
      "seconds_left": 175.57297086715698,
      "min_entry_seconds_left": 90,
      "max_entry_seconds_left": 150
    },
    {
      "ts": "2026-09-18T07:02:06.731407Z",
      "slug": "btc-updown-5m-1789714800",
      "status": "skip_too_early_to_enter",
      "seconds_left": 173.2686004638672,
      "min_entry_seconds_left": 90,
      "max_entry_seconds_left": 150
    },
    {
      "ts": "2026-09-18T07:02:12.642614Z",
      "slug": "btc-updown-5m-1789714800",
      "status": "skip_too_early_to_enter",
      "seconds_left": 167.35738921165466,
      "min_entry_seconds_left": 90,
      "max_entry_seconds_left": 150
    },
    {
      "ts": "2026-09-18T07:02:14.956299Z",
      "slug": "btc-updown-5m-1789714800",
      "status": "skip_too_early_to_enter",
      "seconds_left": 165.04370760917664,
      "min_entry_seconds_left": 90,
      "max_entry_seconds_left": 150
    },
    {
      "ts": "2026-09-18T07:02:17.238395Z",
      "slug": "btc-updown-5m-1789714800",
      "status": "skip_too_early_to_enter",
      "seconds_left": 162.7616126537323,
      "min_entry_seconds_left": 90,
      "max_entry_seconds_left": 150
    },
    {
      "ts": "2026-09-18T07:02:19.528389Z",
      "slug": "btc-updown-5m-1789714800",
      "status": "skip_too_early_to_enter",
      "seconds_left": 160.47161865234375,
      "min_entry_seconds_left": 90,
      "max_entry_seconds_left": 150
    },
    {
      "ts": "2026-09-18T07:02:21.817552Z",
      "slug": "btc-updown-5m-1789714800",
      "status": "skip_too_early_to_enter",
      "seconds_left": 158.1824541091919,
      "min_entry_seconds_left": 90,
      "max_entry_seconds_left": 150
    },
    {
      "ts": "2026-09-18T07:02:24.116134Z",
      "slug": "btc-updown-5m-1789714800",
      "status": "skip_too_early_to_enter",
      "seconds_left": 155.88387322425842,
      "min_entry_seconds_left": 90,
      "max_entry_seconds_left": 150
    },
    {
      "ts": "2026-09-18T07:02:26.403016Z",
      "slug": "btc-updown-5m-1789714800",
      "status": "skip_too_early_to_enter",
      "seconds_left": 153.59699034690857,
      "min_entry_seconds_left": 90,
      "max_entry_seconds_left": 150
    },
    {
      "ts": "2026-09-18T07:02:28.818722Z",
      "slug": "btc-updown-5m-1789714800",
      "status": "skip_too_early_to_enter",
      "seconds_left": 151.1812891960144,
      "min_entry_seconds_left": 90,
      "max_entry_seconds_left": 150
    },
    {
      "ts": "2026-09-18T07:02:31.960472Z",
      "slug": "btc-updown-5m-1789714800",
      "status": "heartbeat",
      "gamma_up": 0.825,
      "gamma_down": 0.175,
      "clob_up_ask": 0.79,
      "clob_down_ask": 0.22,
      "seconds_left": 148.89969968795776,
      "min_spread": 0.010000000000000009
    },
    {
      "ts": "2026-09-18T07:02:39.876741Z",
      "slug": "btc-updown-5m-1789714800",
      "status": "heartbeat",
      "gamma_up": 0.825,
      "gamma_down": 0.175,
      "clob_up_ask": 0.73,
      "clob_down_ask": 0.28,
      "seconds_left": 140.9528980255127,
      "min_spread": 0.010000000000000009
    }
  ],
  "last_open_try": "{\"error\": \"PolyApiException[status_code=400, error_message={'error': 'no orders found to match with FAK order. FAK orders are partially filled or killed if no match is found.', 'orderID': '0x3b34c2f237a916a57cc5dde7574287fec987eaf06dfaed99cd7715ca49cef2f3'}]\", \"order_post_result\": {\"success\": false, \"status\": \"error\", \"errorMsg\": \"PolyApiException[status_code=400, error_message={'error': 'no orders found to match with FAK order. FAK orders are partially filled or killed if no match is found.', 'orderID': '0x3b34c2f237a916a57cc5dde7574287fec987eaf06dfaed99cd7715ca49cef2f3'}]\"}, \"close_skipped\": \"\"}\n\n[py_clob_client_v2] request error status=400 url=https://clob.polymarket.com/auth/api-key body={\"error\":\"Could not create api key\"}\n\n[py_clob_client_v2] request error status=400 url=https://clob.polymarket.com/order body={\"error\":\"no orders found to match with FAK order. FAK orders are partially filled or killed if no match is found.\",\"orderID\":\"0x3b34c2f237a916a57cc5dde7574287fec987eaf06dfaed99cd7715ca49cef2f3\"}\n",
  "open_raw": "{\"mode\": \"open\", \"execute\": true, \"market_slug\": \"btc-updown-5m-1789714800\", \"force_side\": \"UP\", \"token_id\": \"35238832863235388636786423313719010268658857778578397973155414774233857753382\", \"entry_price\": 0.68, \"notional_usd\": 5.0, \"top_ask_notional_usd\": 45.3288, \"collateral_pusd\": 432.769857, \"order_post_result\": {\"errorMsg\": \"\", \"orderID\": \"0x22e6e70164be5fed2ffdf75014e3a854f23cc1da0182275f61062c0dab44e54f\", \"takingAmount\": \"6.493504\", \"makingAmount\": \"4.999998\", \"status\": \"matched\", \"transactionsHashes\": [\"0xb4b98b9873ae82c9977f97c6975f855350e8e2a0c37e6fd73e7471e1128f858e\"], \"success\": true}}\n\n[py_clob_client_v2] request error status=400 url=https://clob.polymarket.com/auth/api-key body={\"error\":\"Could not create api key\"}\n\n",
  "opened": {
    "opened_at": "2026-09-18T07:02:48.212287Z",
    "market_slug": "btc-updown-5m-1789714800",
    "market_end_iso": "2026-09-18T07:05:00Z",
    "side": "UP",
    "token_id": "35238832863235388636786423313719010268658857778578397973155414774233857753382",
    "entry_price": 0.68,
    "shares": 6.493504,
    "cost_usdc": 4.999998,
    "open_order_id": "0x22e6e70164be5fed2ffdf75014e3a854f23cc1da0182275f61062c0dab44e54f",
    "open_tx": "0xb4b98b9873ae82c9977f97c6975f855350e8e2a0c37e6fd73e7471e1128f858e"
  },
  "stop_loss_price": 0.51,
  "last_side_price": 0.825,
  "last_clob_bid": 0.99,
  "last_check_at": "2026-09-18T07:04:40.094331Z",
  "closed": {
    "close_reason": "hold_to_settlement_winning_book",
    "closed_at": "2026-09-18T07:04:42.405907Z",
    "close_success": false,
    "close_status": "held",
    "close_order_id": null,
    "close_tx": null,
    "close_shares": 0.0,
    "close_usdc": 0.0,
    "close_skipped": "hold_to_settlement"
  },
  "realized_cashflow_pnl_usdc": null,
  "finished_at": "2026-09-18T07:04:42.405929Z",
  "result": "done"
}
[2026-09-18T07:04:42Z] session_end rc=0 sessions=7 stake_usd=5
journal_ok trades=213 md=/home/yukeen/polymarketbot/5min-btc-polymarket/data/live_trades.md json=/home/yukeen/polymarketbot/5min-btc-polymarket/data/live_trades.json
[2026-09-18T07:06:22Z] fills=7/10 sessions=7/80
[py_clob_client_v2] request error status=400 url=https://clob.polymarket.com/auth/api-key body={"error":"Could not create api key"}

[2026-09-18T07:06:42Z] cash=434.182873
[2026-09-18T07:06:50Z] session_begin sessions=7 fills=7 stake_usd=5
[py_clob_client_v2] request error status=400 url=https://clob.polymarket.com/auth/api-key body={"error":"Could not create api key"}

{
  "started_at": "2026-09-18T07:06:50.792635Z",
  "params": {
    "profile": "conservative",
    "threshold": 0.7,
    "stake_usd": 5.0,
    "stop_loss_pct": 0.25,
    "exit_before_sec": 20,
    "min_entry_seconds_left": 90,
    "max_entry_seconds_left": 150,
    "entry_timeout_min": 20,
    "poll_sec": 2.0,
    "max_ask": 0.85,
    "expensive_ask": 0.8,
    "expensive_after_wins": 3,
    "clob_cut_bid": 0.4,
    "clob_sl_min_bid": 0.45,
    "early_flatten_sec": 45,
    "early_flatten_bid": 0.55,
    "close_retry_max": 30,
    "close_retry_delay_sec": 2.0,
    "no_gamma_sl": false,
    "execute": true,
    "win_streak": 1
  },
  "attempts": [
    {
      "ts": "2026-09-18T07:06:51.118922Z",
      "slug": "btc-updown-5m-1789715100",
      "status": "skip_too_early_to_enter",
      "seconds_left": 188.88108849525452,
      "min_entry_seconds_left": 90,
      "max_entry_seconds_left": 150
    },
    {
      "ts": "2026-09-18T07:06:53.414189Z",
      "slug": "btc-updown-5m-1789715100",
      "status": "skip_too_early_to_enter",
      "seconds_left": 186.58582305908203,
      "min_entry_seconds_left": 90,
      "max_entry_seconds_left": 150
    },
    {
      "ts": "2026-09-18T07:06:55.746720Z",
      "slug": "btc-updown-5m-1789715100",
      "status": "skip_too_early_to_enter",
      "seconds_left": 184.2532880306244,
      "min_entry_seconds_left": 90,
      "max_entry_seconds_left": 150
    },
    {
      "ts": "2026-09-18T07:06:58.081633Z",
      "slug": "btc-updown-5m-1789715100",
      "status": "skip_too_early_to_enter",
      "seconds_left": 181.91837549209595,
      "min_entry_seconds_left": 90,
      "max_entry_seconds_left": 150
    },
    {
      "ts": "2026-09-18T07:07:00.407953Z",
      "slug": "btc-updown-5m-1789715100",
      "status": "skip_too_early_to_enter",
      "seconds_left": 179.5920534133911,
      "min_entry_seconds_left": 90,
      "max_entry_seconds_left": 150
    },
    {
      "ts": "2026-09-18T07:07:02.804568Z",
      "slug": "btc-updown-5m-1789715100",
      "status": "skip_too_early_to_enter",
      "seconds_left": 177.19544100761414,
      "min_entry_seconds_left": 90,
      "max_entry_seconds_left": 150
    },
    {
      "ts": "2026-09-18T07:07:05.299003Z",
      "slug": "btc-updown-5m-1789715100",
      "status": "skip_too_early_to_enter",
      "seconds_left": 174.70100331306458,
      "min_entry_seconds_left": 90,
      "max_entry_seconds_left": 150
    },
    {
      "ts": "2026-09-18T07:07:07.592425Z",
      "slug": "btc-updown-5m-1789715100",
      "status": "skip_too_early_to_enter",
      "seconds_left": 172.40758204460144,
      "min_entry_seconds_left": 90,
      "max_entry_seconds_left": 150
    },
    {
      "ts": "2026-09-18T07:07:09.890606Z",
      "slug": "btc-updown-5m-1789715100",
      "status": "skip_too_early_to_enter",
      "seconds_left": 170.1094024181366,
      "min_entry_seconds_left": 90,
      "max_entry_seconds_left": 150
    },
    {
      "ts": "2026-09-18T07:07:15.156501Z",
      "slug": "btc-updown-5m-1789715100",
      "status": "skip_too_early_to_enter",
      "seconds_left": 164.84350514411926,
      "min_entry_seconds_left": 90,
      "max_entry_seconds_left": 150
    },
    {
      "ts": "2026-09-18T07:07:17.446958Z",
      "slug": "btc-updown-5m-1789715100",
      "status": "skip_too_early_to_enter",
      "seconds_left": 162.553049325943,
      "min_entry_seconds_left": 90,
      "max_entry_seconds_left": 150
    },
    {
      "ts": "2026-09-18T07:07:20.011105Z",
      "slug": "btc-updown-5m-1789715100",
      "status": "skip_too_early_to_enter",
      "seconds_left": 159.98890280723572,
      "min_entry_seconds_left": 90,
      "max_entry_seconds_left": 150
    },
    {
      "ts": "2026-09-18T07:07:22.315452Z",
      "slug": "btc-updown-5m-1789715100",
      "status": "skip_too_early_to_enter",
      "seconds_left": 157.6845555305481,
      "min_entry_seconds_left": 90,
      "max_entry_seconds_left": 150
    },
    {
      "ts": "2026-09-18T07:07:24.619157Z",
      "slug": "btc-updown-5m-1789715100",
      "status": "skip_too_early_to_enter",
      "seconds_left": 155.38085007667542,
      "min_entry_seconds_left": 90,
      "max_entry_seconds_left": 150
    },
    {
      "ts": "2026-09-18T07:07:26.913391Z",
      "slug": "btc-updown-5m-1789715100",
      "status": "skip_too_early_to_enter",
      "seconds_left": 153.08661699295044,
      "min_entry_seconds_left": 90,
      "max_entry_seconds_left": 150
    },
    {
      "ts": "2026-09-18T07:07:29.331609Z",
      "slug": "btc-updown-5m-1789715100",
      "status": "skip_too_early_to_enter",
      "seconds_left": 150.66840052604675,
      "min_entry_seconds_left": 90,
      "max_entry_seconds_left": 150
    },
    {
      "ts": "2026-09-18T07:07:32.727992Z",
      "slug": "btc-updown-5m-1789715100",
      "status": "heartbeat",
      "gamma_up": 0.495,
      "gamma_down": 0.505,
      "clob_up_ask": 0.96,
      "clob_down_ask": 0.05,
      "seconds_left": 148.3068766593933,
      "min_spread": 0.010000000000000002
    },
    {
      "ts": "2026-09-18T07:07:32.728029Z",
      "slug": "btc-updown-5m-1789715100",
      "status": "skip_ask_too_expensive",
      "threshold": 0.7,
      "max_ask": 0.85,
      "win_streak": 1,
      "clob_up_ask": 0.96,
      "clob_down_ask": 0.05,
      "seconds_left": 148.3068766593933,
      "trigger_price": 0.96
    },
    {
      "ts": "2026-09-18T07:07:35.637921Z",
      "slug": "btc-updown-5m-1789715100",
      "status": "heartbeat",
      "gamma_up": 0.495,
      "gamma_down": 0.505,
      "clob_up_ask": 0.95,
      "clob_down_ask": 0.06,
      "seconds_left": 144.9885094165802,
      "min_spread": 0.009999999999999995
    },
    {
      "ts": "2026-09-18T07:07:35.637970Z",
      "slug": "btc-updown-5m-1789715100",
      "status": "skip_ask_too_expensive",
      "threshold": 0.7,
      "max_ask": 0.85,
      "win_streak": 1,
      "clob_up_ask": 0.95,
      "clob_down_ask": 0.06,
      "seconds_left": 144.9885094165802,
      "trigger_price": 0.95
    },
    {
      "ts": "2026-09-18T07:07:38.537523Z",
      "slug": "btc-updown-5m-1789715100",
      "status": "heartbeat",
      "gamma_up": 0.495,
      "gamma_down": 0.505,
      "clob_up_ask": 0.96,
      "clob_down_ask": 0.05,
      "seconds_left": 142.08508896827698,
      "min_spread": 0.010000000000000002
    },
    {
      "ts": "2026-09-18T07:07:38.537542Z",
      "slug": "btc-updown-5m-1789715100",
      "status": "skip_ask_too_expensive",
      "threshold": 0.7,
      "max_ask": 0.85,
      "win_streak": 1,
      "clob_up_ask": 0.96,
      "clob_down_ask": 0.05,
      "seconds_left": 142.08508896827698,
      "trigger_price": 0.96
    },
    {
      "ts": "2026-09-18T07:07:41.463957Z",
      "slug": "btc-updown-5m-1789715100",
      "status": "heartbeat",
      "gamma_up": 0.495,
      "gamma_down": 0.505,
      "clob_up_ask": 0.97,
      "clob_down_ask": 0.04,
      "seconds_left": 139.15880298614502,
      "min_spread": 0.010000000000000002
    },
    {
      "ts": "2026-09-18T07:07:41.463988Z",
      "slug": "btc-updown-5m-1789715100",
      "status": "skip_ask_too_expensive",
      "threshold": 0.7,
      "max_ask": 0.85,
      "win_streak": 1,
      "clob_up_ask": 0.97,
      "clob_down_ask": 0.04,
      "seconds_left": 139.15880298614502,
      "trigger_price": 0.97
    },
    {
      "ts": "2026-09-18T07:07:44.371861Z",
      "slug": "btc-updown-5m-1789715100",
      "status": "heartbeat",
      "gamma_up": 0.495,
      "gamma_down": 0.505,
      "clob_up_ask": 0.97,
      "clob_down_ask": 0.05,
      "seconds_left": 136.25576257705688,
      "min_spread": 0.010000000000000002
    },
    {
      "ts": "2026-09-18T07:07:44.371878Z",
      "slug": "btc-updown-5m-1789715100",
      "status": "skip_ask_too_expensive",
      "threshold": 0.7,
      "max_ask": 0.85,
      "win_streak": 1,
      "clob_up_ask": 0.97,
      "clob_down_ask": 0.05,
      "seconds_left": 136.25576257705688,
      "trigger_price": 0.97
    },
    {
      "ts": "2026-09-18T07:07:50.429007Z",
      "slug": "btc-updown-5m-1789715100",
      "status": "heartbeat",
      "gamma_up": 0.495,
      "gamma_down": 0.505,
      "clob_up_ask": 0.81,
      "clob_down_ask": 0.23,
      "seconds_left": 130.21167850494385,
      "min_spread": 0.010000000000000009
    }
  ],
  "open_raw": "{\"mode\": \"open\", \"execute\": true, \"market_slug\": \"btc-updown-5m-1789715100\", \"force_side\": \"UP\", \"token_id\": \"20454700579155908346588657771097084672331818355383888295389148203771430327056\", \"entry_price\": 0.7, \"notional_usd\": 5.0, \"top_ask_notional_usd\": 306.99899999999997, \"collateral_pusd\": 434.182873, \"order_post_result\": {\"errorMsg\": \"\", \"orderID\": \"0xd0fa57c37a4d1006223785c91fa026915361e76322ef7606c2955f28688d3796\", \"takingAmount\": \"7.042251\", \"makingAmount\": \"4.999998\", \"status\": \"matched\", \"transactionsHashes\": [\"0x49d1fa4c49e455aee338cd9cc8d821bae26e1b35d006a6ce78caabc48f9a7576\"], \"success\": true}}\n\n[py_clob_client_v2] request error status=400 url=https://clob.polymarket.com/auth/api-key body={\"error\":\"Could not create api key\"}\n\n",
  "opened": {
    "opened_at": "2026-09-18T07:07:55.600948Z",
    "market_slug": "btc-updown-5m-1789715100",
    "market_end_iso": "2026-09-18T07:10:00Z",
    "side": "UP",
    "token_id": "20454700579155908346588657771097084672331818355383888295389148203771430327056",
    "entry_price": 0.7,
    "shares": 7.042251,
    "cost_usdc": 4.999998,
    "open_order_id": "0xd0fa57c37a4d1006223785c91fa026915361e76322ef7606c2955f28688d3796",
    "open_tx": "0x49d1fa4c49e455aee338cd9cc8d821bae26e1b35d006a6ce78caabc48f9a7576"
  },
  "stop_loss_price": 0.5249999999999999,
  "last_side_price": 0.965,
  "last_clob_bid": 0.46,
  "last_check_at": "2026-09-18T07:08:30.970019Z",
  "close_debug": [
    {
      "ts": "2026-09-18T07:08:35.566561Z",
      "attempt": 1,
      "order_type": "FAK",
      "status": "matched",
      "close_skipped": ""
    }
  ],
  "close_raw": "{\"mode\": \"close\", \"execute\": true, \"market_slug\": \"btc-updown-5m-1789715100\", \"token_id\": \"20454700579155908346588657771097084672331818355383888295389148203771430327056\", \"requested_shares\": 7.042251, \"close_order_type\": \"FAK\", \"close_limit_price\": null, \"available_shares\": 7.042251, \"sell_shares\": 7.0422, \"order_post_result\": {\"errorMsg\": \"\", \"orderID\": \"0x672310c16efa8ebc86c2a20ff0553c038e5453c1a86e4cf0098b42a041db7926\", \"takingAmount\": \"2.6048\", \"makingAmount\": \"7.04\", \"status\": \"matched\", \"transactionsHashes\": [\"0x10db0a044db758645f063d1b0fc3ff25857ea71ba92d537bf31947bca11eb42b\"], \"success\": true}, \"close_skipped\": \"\"}\n\n[py_clob_client_v2] request error status=400 url=https://clob.polymarket.com/auth/api-key body={\"error\":\"Could not create api key\"}\n\n",
  "closed": {
    "close_reason": "stop_loss_clob_25pct",
    "closed_at": "2026-09-18T07:08:35.566584Z",
    "close_success": true,
    "close_status": "matched",
    "close_order_id": "0x672310c16efa8ebc86c2a20ff0553c038e5453c1a86e4cf0098b42a041db7926",
    "close_tx": "0x10db0a044db758645f063d1b0fc3ff25857ea71ba92d537bf31947bca11eb42b",
    "close_shares": 7.04,
    "close_usdc": 2.6048,
    "close_skipped": ""
  },
  "realized_cashflow_pnl_usdc": -2.395198,
  "finished_at": "2026-09-18T07:08:35.566600Z",
  "result": "done"
}
[2026-09-18T07:08:35Z] session_end rc=0 sessions=8 stake_usd=5
journal_ok trades=214 md=/home/yukeen/polymarketbot/5min-btc-polymarket/data/live_trades.md json=/home/yukeen/polymarketbot/5min-btc-polymarket/data/live_trades.json
[2026-09-18T07:10:30Z] fills=8/10 sessions=8/80
[py_clob_client_v2] request error status=400 url=https://clob.polymarket.com/auth/api-key body={"error":"Could not create api key"}

[2026-09-18T07:10:50Z] cash=431.571315
[2026-09-18T07:10:58Z] session_begin sessions=8 fills=8 stake_usd=5
{
  "started_at": "2026-09-18T07:10:59.039903Z",
  "params": {
    "profile": "conservative",
    "threshold": 0.7,
    "stake_usd": 5.0,
    "stop_loss_pct": 0.25,
    "exit_before_sec": 20,
    "min_entry_seconds_left": 90,
    "max_entry_seconds_left": 150,
    "entry_timeout_min": 20,
    "poll_sec": 2.0,
    "max_ask": 0.85,
    "expensive_ask": 0.8,
    "expensive_after_wins": 3,
    "clob_cut_bid": 0.4,
    "clob_sl_min_bid": 0.45,
    "early_flatten_sec": 45,
    "early_flatten_bid": 0.55,
    "close_retry_max": 30,
    "close_retry_delay_sec": 2.0,
    "no_gamma_sl": false,
    "execute": true,
    "win_streak": 0
  },
  "attempts": [
    {
      "ts": "2026-09-18T07:10:59.366844Z",
      "slug": "btc-updown-5m-1789715400",
      "status": "skip_too_early_to_enter",
      "seconds_left": 240.6331684589386,
      "min_entry_seconds_left": 90,
      "max_entry_seconds_left": 150
    },
    {
      "ts": "2026-09-18T07:11:01.681776Z",
      "slug": "btc-updown-5m-1789715400",
      "status": "skip_too_early_to_enter",
      "seconds_left": 238.31822991371155,
      "min_entry_seconds_left": 90,
      "max_entry_seconds_left": 150
    },
    {
      "ts": "2026-09-18T07:11:03.988148Z",
      "slug": "btc-updown-5m-1789715400",
      "status": "skip_too_early_to_enter",
      "seconds_left": 236.0118567943573,
      "min_entry_seconds_left": 90,
      "max_entry_seconds_left": 150
    },
    {
      "ts": "2026-09-18T07:11:06.283705Z",
      "slug": "btc-updown-5m-1789715400",
      "status": "skip_too_early_to_enter",
      "seconds_left": 233.71630358695984,
      "min_entry_seconds_left": 90,
      "max_entry_seconds_left": 150
    },
    {
      "ts": "2026-09-18T07:11:08.585346Z",
      "slug": "btc-updown-5m-1789715400",
      "status": "skip_too_early_to_enter",
      "seconds_left": 231.41466236114502,
      "min_entry_seconds_left": 90,
      "max_entry_seconds_left": 150
    },
    {
      "ts": "2026-09-18T07:11:10.902294Z",
      "slug": "btc-updown-5m-1789715400",
      "status": "skip_too_early_to_enter",
      "seconds_left": 229.0977132320404,
      "min_entry_seconds_left": 90,
      "max_entry_seconds_left": 150
    },
    {
      "ts": "2026-09-18T07:11:13.207925Z",
      "slug": "btc-updown-5m-1789715400",
      "status": "skip_too_early_to_enter",
      "seconds_left": 226.79208159446716,
      "min_entry_seconds_left": 90,
      "max_entry_seconds_left": 150
    },
    {
      "ts": "2026-09-18T07:11:15.501432Z",
      "slug": "btc-updown-5m-1789715400",
      "status": "skip_too_early_to_enter",
      "seconds_left": 224.49857187271118,
      "min_entry_seconds_left": 90,
      "max_entry_seconds_left": 150
    },
    {
      "ts": "2026-09-18T07:11:17.810915Z",
      "slug": "btc-updown-5m-1789715400",
      "status": "skip_too_early_to_enter",
      "seconds_left": 222.1890914440155,
      "min_entry_seconds_left": 90,
      "max_entry_seconds_left": 150
    },
    {
      "ts": "2026-09-18T07:11:23.073690Z",
      "slug": "btc-updown-5m-1789715400",
      "status": "skip_too_early_to_enter",
      "seconds_left": 216.92631721496582,
      "min_entry_seconds_left": 90,
      "max_entry_seconds_left": 150
    },
    {
      "ts": "2026-09-18T07:11:25.394455Z",
      "slug": "btc-updown-5m-1789715400",
      "status": "skip_too_early_to_enter",
      "seconds_left": 214.60555362701416,
      "min_entry_seconds_left": 90,
      "max_entry_seconds_left": 150
    },
    {
      "ts": "2026-09-18T07:11:27.689389Z",
      "slug": "btc-updown-5m-1789715400",
      "status": "skip_too_early_to_enter",
      "seconds_left": 212.31061792373657,
      "min_entry_seconds_left": 90,
      "max_entry_seconds_left": 150
    },
    {
      "ts": "2026-09-18T07:11:30.045738Z",
      "slug": "btc-updown-5m-1789715400",
      "status": "skip_too_early_to_enter",
      "seconds_left": 209.95426869392395,
      "min_entry_seconds_left": 90,
      "max_entry_seconds_left": 150
    },
    {
      "ts": "2026-09-18T07:11:32.399732Z",
      "slug": "btc-updown-5m-1789715400",
      "status": "skip_too_early_to_enter",
      "seconds_left": 207.60027527809143,
      "min_entry_seconds_left": 90,
      "max_entry_seconds_left": 150
    },
    {
      "ts": "2026-09-18T07:11:34.694090Z",
      "slug": "btc-updown-5m-1789715400",
      "status": "skip_too_early_to_enter",
      "seconds_left": 205.30591559410095,
      "min_entry_seconds_left": 90,
      "max_entry_seconds_left": 150
    },
    {
      "ts": "2026-09-18T07:11:36.994841Z",
      "slug": "btc-updown-5m-1789715400",
      "status": "skip_too_early_to_enter",
      "seconds_left": 203.00516557693481,
      "min_entry_seconds_left": 90,
      "max_entry_seconds_left": 150
    },
    {
      "ts": "2026-09-18T07:11:39.310533Z",
      "slug": "btc-updown-5m-1789715400",
      "status": "skip_too_early_to_enter",
      "seconds_left": 200.6894736289978,
      "min_entry_seconds_left": 90,
      "max_entry_seconds_left": 150
    },
    {
      "ts": "2026-09-18T07:11:41.599632Z",
      "slug": "btc-updown-5m-1789715400",
      "status": "skip_too_early_to_enter",
      "seconds_left": 198.40037536621094,
      "min_entry_seconds_left": 90,
      "max_entry_seconds_left": 150
    },
    {
      "ts": "2026-09-18T07:11:43.903010Z",
      "slug": "btc-updown-5m-1789715400",
      "status": "skip_too_early_to_enter",
      "seconds_left": 196.0969979763031,
      "min_entry_seconds_left": 90,
      "max_entry_seconds_left": 150
    },
    {
      "ts": "2026-09-18T07:11:46.221551Z",
      "slug": "btc-updown-5m-1789715400",
      "status": "skip_too_early_to_enter",
      "seconds_left": 193.77845668792725,
      "min_entry_seconds_left": 90,
      "max_entry_seconds_left": 150
    },
    {
      "ts": "2026-09-18T07:11:48.525258Z",
      "slug": "btc-updown-5m-1789715400",
      "status": "skip_too_early_to_enter",
      "seconds_left": 191.4747498035431,
      "min_entry_seconds_left": 90,
      "max_entry_seconds_left": 150
    },
    {
      "ts": "2026-09-18T07:11:50.827271Z",
      "slug": "btc-updown-5m-1789715400",
      "status": "skip_too_early_to_enter",
      "seconds_left": 189.17273616790771,
      "min_entry_seconds_left": 90,
      "max_entry_seconds_left": 150
    },
    {
      "ts": "2026-09-18T07:11:53.123271Z",
      "slug": "btc-updown-5m-1789715400",
      "status": "skip_too_early_to_enter",
      "seconds_left": 186.87673616409302,
      "min_entry_seconds_left": 90,
      "max_entry_seconds_left": 150
    },
    {
      "ts": "2026-09-18T07:11:55.439215Z",
      "slug": "btc-updown-5m-1789715400",
      "status": "skip_too_early_to_enter",
      "seconds_left": 184.56079196929932,
      "min_entry_seconds_left": 90,
      "max_entry_seconds_left": 150
    },
    {
      "ts": "2026-09-18T07:11:57.735036Z",
      "slug": "btc-updown-5m-1789715400",
      "status": "skip_too_early_to_enter",
      "seconds_left": 182.26496815681458,
      "min_entry_seconds_left": 90,
      "max_entry_seconds_left": 150
    },
    {
      "ts": "2026-09-18T07:12:00.013569Z",
      "slug": "btc-updown-5m-1789715400",
      "status": "skip_too_early_to_enter",
      "seconds_left": 179.98643445968628,
      "min_entry_seconds_left": 90,
      "max_entry_seconds_left": 150
    },
    {
      "ts": "2026-09-18T07:12:02.298539Z",
      "slug": "btc-updown-5m-1789715400",
      "status": "skip_too_early_to_enter",
      "seconds_left": 177.70146656036377,
      "min_entry_seconds_left": 90,
      "max_entry_seconds_left": 150
    },
    {
      "ts": "2026-09-18T07:12:04.619729Z",
      "slug": "btc-updown-5m-1789715400",
      "status": "skip_too_early_to_enter",
      "seconds_left": 175.3802809715271,
      "min_entry_seconds_left": 90,
      "max_entry_seconds_left": 150
    },
    {
      "ts": "2026-09-18T07:12:06.919420Z",
      "slug": "btc-updown-5m-1789715400",
      "status": "skip_too_early_to_enter",
      "seconds_left": 173.08058834075928,
      "min_entry_seconds_left": 90,
      "max_entry_seconds_left": 150
    },
    {
      "ts": "2026-09-18T07:12:09.235256Z",
      "slug": "btc-updown-5m-1789715400",
      "status": "skip_too_early_to_enter",
      "seconds_left": 170.76475191116333,
      "min_entry_seconds_left": 90,
      "max_entry_seconds_left": 150
    },
    {
      "ts": "2026-09-18T07:12:15.904107Z",
      "slug": "btc-updown-5m-1789715400",
      "status": "skip_too_early_to_enter",
      "seconds_left": 164.09590101242065,
      "min_entry_seconds_left": 90,
      "max_entry_seconds_left": 150
    },
    {
      "ts": "2026-09-18T07:12:18.185006Z",
      "slug": "btc-updown-5m-1789715400",
      "status": "skip_too_early_to_enter",
      "seconds_left": 161.8149995803833,
      "min_entry_seconds_left": 90,
      "max_entry_seconds_left": 150
    },
    {
      "ts": "2026-09-18T07:12:20.580878Z",
      "slug": "btc-updown-5m-1789715400",
      "status": "skip_too_early_to_enter",
      "seconds_left": 159.41912651062012,
      "min_entry_seconds_left": 90,
      "max_entry_seconds_left": 150
    },
    {
      "ts": "2026-09-18T07:12:22.904197Z",
      "slug": "btc-updown-5m-1789715400",
      "status": "skip_too_early_to_enter",
      "seconds_left": 157.09581065177917,
      "min_entry_seconds_left": 90,
      "max_entry_seconds_left": 150
    },
    {
      "ts": "2026-09-18T07:12:25.215757Z",
      "slug": "btc-updown-5m-1789715400",
      "status": "skip_too_early_to_enter",
      "seconds_left": 154.78424978256226,
      "min_entry_seconds_left": 90,
      "max_entry_seconds_left": 150
    },
    {
      "ts": "2026-09-18T07:12:27.513764Z",
      "slug": "btc-updown-5m-1789715400",
      "status": "skip_too_early_to_enter",
      "seconds_left": 152.48624300956726,
      "min_entry_seconds_left": 90,
      "max_entry_seconds_left": 150
    },
    {
      "ts": "2026-09-18T07:12:29.836002Z",
      "slug": "btc-updown-5m-1789715400",
      "status": "skip_too_early_to_enter",
      "seconds_left": 150.1640064716339,
      "min_entry_seconds_left": 90,
      "max_entry_seconds_left": 150
    },
    {
      "ts": "2026-09-18T07:12:32.988684Z",
      "slug": "btc-updown-5m-1789715400",
      "status": "heartbeat",
      "gamma_up": 0.635,
      "gamma_down": 0.365,
      "clob_up_ask": 0.84,
      "clob_down_ask": 0.17,
      "seconds_left": 147.85675835609436,
      "min_spread": 0.010000000000000009
    }
  ],
  "open_raw": "{\"mode\": \"open\", \"execute\": true, \"market_slug\": \"btc-updown-5m-1789715400\", \"force_side\": \"UP\", \"token_id\": \"80910418630036914373476522269802244869411581937736719085694316827020209994617\", \"entry_price\": 0.84, \"notional_usd\": 5.0, \"top_ask_notional_usd\": 727.1208, \"collateral_pusd\": 431.571315, \"order_post_result\": {\"errorMsg\": \"\", \"orderID\": \"0xb34d64a52e7cb8ade13b99a88b68793057e29f5761557f7b69969d4e549ce79d\", \"takingAmount\": \"5.952381\", \"makingAmount\": \"5\", \"status\": \"matched\", \"transactionsHashes\": [\"0x3fabd40769653d2ab02cb32469f9d41a64b18fbbd6268b05ca75b5ef97ec1553\"], \"success\": true}}\n\n[py_clob_client_v2] request error status=400 url=https://clob.polymarket.com/auth/api-key body={\"error\":\"Could not create api key\"}\n\n",
  "opened": {
    "opened_at": "2026-09-18T07:12:37.854237Z",
    "market_slug": "btc-updown-5m-1789715400",
    "market_end_iso": "2026-09-18T07:15:00Z",
    "side": "UP",
    "token_id": "80910418630036914373476522269802244869411581937736719085694316827020209994617",
    "entry_price": 0.84,
    "shares": 5.952381,
    "cost_usdc": 5.0,
    "open_order_id": "0xb34d64a52e7cb8ade13b99a88b68793057e29f5761557f7b69969d4e549ce79d",
    "open_tx": "0x3fabd40769653d2ab02cb32469f9d41a64b18fbbd6268b05ca75b5ef97ec1553"
  },
  "stop_loss_price": 0.63,
  "last_side_price": 0.635,
  "last_clob_bid": 0.99,
  "last_check_at": "2026-09-18T07:14:38.201762Z",
  "closed": {
    "close_reason": "hold_to_settlement_winning_book",
    "closed_at": "2026-09-18T07:14:40.509876Z",
    "close_success": false,
    "close_status": "held",
    "close_order_id": null,
    "close_tx": null,
    "close_shares": 0.0,
    "close_usdc": 0.0,
    "close_skipped": "hold_to_settlement"
  },
  "realized_cashflow_pnl_usdc": null,
  "finished_at": "2026-09-18T07:14:40.509889Z",
  "result": "done"
}
[2026-09-18T07:14:40Z] session_end rc=0 sessions=9 stake_usd=5
journal_ok trades=215 md=/home/yukeen/polymarketbot/5min-btc-polymarket/data/live_trades.md json=/home/yukeen/polymarketbot/5min-btc-polymarket/data/live_trades.json
[2026-09-18T07:16:29Z] fills=9/10 sessions=9/80
[py_clob_client_v2] request error status=400 url=https://clob.polymarket.com/auth/api-key body={"error":"Could not create api key"}

[2026-09-18T07:16:46Z] cash=432.467696
[2026-09-18T07:16:54Z] session_begin sessions=9 fills=9 stake_usd=5
[py_clob_client_v2] request error status=400 url=https://clob.polymarket.com/auth/api-key body={"error":"Could not create api key"}

{
  "started_at": "2026-09-18T07:16:57.663579Z",
  "params": {
    "profile": "conservative",
    "threshold": 0.7,
    "stake_usd": 5.0,
    "stop_loss_pct": 0.25,
    "exit_before_sec": 20,
    "min_entry_seconds_left": 90,
    "max_entry_seconds_left": 150,
    "entry_timeout_min": 20,
    "poll_sec": 2.0,
    "max_ask": 0.85,
    "expensive_ask": 0.8,
    "expensive_after_wins": 3,
    "clob_cut_bid": 0.4,
    "clob_sl_min_bid": 0.45,
    "early_flatten_sec": 45,
    "early_flatten_bid": 0.55,
    "close_retry_max": 30,
    "close_retry_delay_sec": 2.0,
    "no_gamma_sl": false,
    "execute": true,
    "win_streak": 1
  },
  "attempts": [
    {
      "ts": "2026-09-18T07:16:57.995201Z",
      "slug": "btc-updown-5m-1789715700",
      "status": "skip_too_early_to_enter",
      "seconds_left": 182.00480794906616,
      "min_entry_seconds_left": 90,
      "max_entry_seconds_left": 150
    },
    {
      "ts": "2026-09-18T07:17:00.318659Z",
      "slug": "btc-updown-5m-1789715700",
      "status": "skip_too_early_to_enter",
      "seconds_left": 179.6813509464264,
      "min_entry_seconds_left": 90,
      "max_entry_seconds_left": 150
    },
    {
      "ts": "2026-09-18T07:17:02.625427Z",
      "slug": "btc-updown-5m-1789715700",
      "status": "skip_too_early_to_enter",
      "seconds_left": 177.37458038330078,
      "min_entry_seconds_left": 90,
      "max_entry_seconds_left": 150
    },
    {
      "ts": "2026-09-18T07:17:04.928035Z",
      "slug": "btc-updown-5m-1789715700",
      "status": "skip_too_early_to_enter",
      "seconds_left": 175.07197284698486,
      "min_entry_seconds_left": 90,
      "max_entry_seconds_left": 150
    },
    {
      "ts": "2026-09-18T07:17:07.206757Z",
      "slug": "btc-updown-5m-1789715700",
      "status": "skip_too_early_to_enter",
      "seconds_left": 172.79325008392334,
      "min_entry_seconds_left": 90,
      "max_entry_seconds_left": 150
    },
    {
      "ts": "2026-09-18T07:17:09.548277Z",
      "slug": "btc-updown-5m-1789715700",
      "status": "skip_too_early_to_enter",
      "seconds_left": 170.45173120498657,
      "min_entry_seconds_left": 90,
      "max_entry_seconds_left": 150
    },
    {
      "ts": "2026-09-18T07:17:11.890055Z",
      "slug": "btc-updown-5m-1789715700",
      "status": "skip_too_early_to_enter",
      "seconds_left": 168.10995292663574,
      "min_entry_seconds_left": 90,
      "max_entry_seconds_left": 150
    },
    {
      "ts": "2026-09-18T07:17:14.196699Z",
      "slug": "btc-updown-5m-1789715700",
      "status": "skip_too_early_to_enter",
      "seconds_left": 165.80330801010132,
      "min_entry_seconds_left": 90,
      "max_entry_seconds_left": 150
    },
    {
      "ts": "2026-09-18T07:17:16.499207Z",
      "slug": "btc-updown-5m-1789715700",
      "status": "skip_too_early_to_enter",
      "seconds_left": 163.50080060958862,
      "min_entry_seconds_left": 90,
      "max_entry_seconds_left": 150
    },
    {
      "ts": "2026-09-18T07:17:18.800572Z",
      "slug": "btc-updown-5m-1789715700",
      "status": "skip_too_early_to_enter",
      "seconds_left": 161.19943523406982,
      "min_entry_seconds_left": 90,
      "max_entry_seconds_left": 150
    },
    {
      "ts": "2026-09-18T07:17:21.097403Z",
      "slug": "btc-updown-5m-1789715700",
      "status": "skip_too_early_to_enter",
      "seconds_left": 158.902601480484,
      "min_entry_seconds_left": 90,
      "max_entry_seconds_left": 150
    },
    {
      "ts": "2026-09-18T07:17:23.409226Z",
      "slug": "btc-updown-5m-1789715700",
      "status": "skip_too_early_to_enter",
      "seconds_left": 156.59078192710876,
      "min_entry_seconds_left": 90,
      "max_entry_seconds_left": 150
    },
    {
      "ts": "2026-09-18T07:17:25.691108Z",
      "slug": "btc-updown-5m-1789715700",
      "status": "skip_too_early_to_enter",
      "seconds_left": 154.30891036987305,
      "min_entry_seconds_left": 90,
      "max_entry_seconds_left": 150
    },
    {
      "ts": "2026-09-18T07:17:27.975077Z",
      "slug": "btc-updown-5m-1789715700",
      "status": "skip_too_early_to_enter",
      "seconds_left": 152.0249319076538,
      "min_entry_seconds_left": 90,
      "max_entry_seconds_left": 150
    },
    {
      "ts": "2026-09-18T07:17:34.151773Z",
      "slug": "btc-updown-5m-1789715700",
      "status": "heartbeat",
      "gamma_up": 0.545,
      "gamma_down": 0.455,
      "clob_up_ask": 0.7,
      "clob_down_ask": 0.32,
      "seconds_left": 146.77205729484558,
      "min_spread": 0.010000000000000009
    },
    {
      "ts": "2026-09-18T07:17:42.123043Z",
      "slug": "btc-updown-5m-1789715700",
      "status": "heartbeat",
      "gamma_up": 0.545,
      "gamma_down": 0.455,
      "clob_up_ask": 0.69,
      "clob_down_ask": 0.26,
      "seconds_left": 138.64195847511292,
      "min_spread": 0.009999999999999898
    },
    {
      "ts": "2026-09-18T07:17:42.123071Z",
      "slug": "btc-updown-5m-1789715700",
      "status": "skip_price_below_threshold",
      "threshold": 0.7,
      "max_ask": 0.85,
      "win_streak": 1,
      "clob_up_ask": 0.69,
      "clob_down_ask": 0.26,
      "seconds_left": 138.64195847511292,
      "trigger_price": null
    },
    {
      "ts": "2026-09-18T07:17:45.133384Z",
      "slug": "btc-updown-5m-1789715700",
      "status": "heartbeat",
      "gamma_up": 0.545,
      "gamma_down": 0.455,
      "clob_up_ask": 0.7,
      "clob_down_ask": 0.3,
      "seconds_left": 135.52617263793945,
      "min_spread": 0.010000000000000009
    }
  ],
  "last_open_try": "{\"error\": \"PolyApiException[status_code=400, error_message={'error': 'no orders found to match with FAK order. FAK orders are partially filled or killed if no match is found.', 'orderID': '0xd2ffc9199fcc798865a5992082cf67978531dbd832eea861b44ade4814143513'}]\", \"order_post_result\": {\"success\": false, \"status\": \"error\", \"errorMsg\": \"PolyApiException[status_code=400, error_message={'error': 'no orders found to match with FAK order. FAK orders are partially filled or killed if no match is found.', 'orderID': '0xd2ffc9199fcc798865a5992082cf67978531dbd832eea861b44ade4814143513'}]\"}, \"close_skipped\": \"\"}\n\n[py_clob_client_v2] request error status=400 url=https://clob.polymarket.com/auth/api-key body={\"error\":\"Could not create api key\"}\n\n[py_clob_client_v2] request error status=400 url=https://clob.polymarket.com/order body={\"error\":\"no orders found to match with FAK order. FAK orders are partially filled or killed if no match is found.\",\"orderID\":\"0xd2ffc9199fcc798865a5992082cf67978531dbd832eea861b44ade4814143513\"}\n",
  "open_raw": "{\"mode\": \"open\", \"execute\": true, \"market_slug\": \"btc-updown-5m-1789715700\", \"force_side\": \"UP\", \"token_id\": \"60666316519785525978228493691138747736191881021675331975147146165576871887760\", \"entry_price\": 0.72, \"notional_usd\": 5.0, \"top_ask_notional_usd\": 128.3688, \"collateral_pusd\": 432.467696, \"order_post_result\": {\"errorMsg\": \"\", \"orderID\": \"0x1ac47f4d15694648b6e54d67a92578ab696a3b6da68ec14a3d0bc73f6e275954\", \"takingAmount\": \"8.474575\", \"makingAmount\": \"4.999999\", \"status\": \"matched\", \"transactionsHashes\": [\"0x68192b9848162f857609679cd24da7a24a7146bfd07cc3dd6e5da77a8a2e1639\"], \"success\": true}}\n\n[py_clob_client_v2] request error status=400 url=https://clob.polymarket.com/auth/api-key body={\"error\":\"Could not create api key\"}\n\n",
  "opened": {
    "opened_at": "2026-09-18T07:17:50.043452Z",
    "market_slug": "btc-updown-5m-1789715700",
    "market_end_iso": "2026-09-18T07:20:00Z",
    "side": "UP",
    "token_id": "60666316519785525978228493691138747736191881021675331975147146165576871887760",
    "entry_price": 0.72,
    "shares": 8.474575,
    "cost_usdc": 4.999999,
    "open_order_id": "0x1ac47f4d15694648b6e54d67a92578ab696a3b6da68ec14a3d0bc73f6e275954",
    "open_tx": "0x68192b9848162f857609679cd24da7a24a7146bfd07cc3dd6e5da77a8a2e1639"
  },
  "stop_loss_price": 0.54,
  "last_side_price": 0.545,
  "last_clob_bid": 0.53,
  "last_check_at": "2026-09-18T07:17:53.388161Z",
  "close_debug": [
    {
      "ts": "2026-09-18T07:17:57.866881Z",
      "attempt": 1,
      "order_type": "FAK",
      "status": "matched",
      "close_skipped": ""
    }
  ],
  "close_raw": "{\"mode\": \"close\", \"execute\": true, \"market_slug\": \"btc-updown-5m-1789715700\", \"token_id\": \"60666316519785525978228493691138747736191881021675331975147146165576871887760\", \"requested_shares\": 8.474575, \"close_order_type\": \"FAK\", \"close_limit_price\": null, \"available_shares\": 8.474575, \"sell_shares\": 8.4745, \"order_post_result\": {\"errorMsg\": \"\", \"orderID\": \"0xa4511f4773484070d597d15d53c5c1384dfbcb0834fd8c42dcddb9099c41a79e\", \"takingAmount\": \"4.1503\", \"makingAmount\": \"8.47\", \"status\": \"matched\", \"transactionsHashes\": [\"0x5b965668db0ba5f0b701e3abedaaee0ec7a5d8edd69a40360460898d9e9dec81\"], \"success\": true}, \"close_skipped\": \"\"}\n\n[py_clob_client_v2] request error status=400 url=https://clob.polymarket.com/auth/api-key body={\"error\":\"Could not create api key\"}\n\n",
  "closed": {
    "close_reason": "stop_loss_clob_25pct",
    "closed_at": "2026-09-18T07:17:57.866905Z",
    "close_success": true,
    "close_status": "matched",
    "close_order_id": "0xa4511f4773484070d597d15d53c5c1384dfbcb0834fd8c42dcddb9099c41a79e",
    "close_tx": "0x5b965668db0ba5f0b701e3abedaaee0ec7a5d8edd69a40360460898d9e9dec81",
    "close_shares": 8.47,
    "close_usdc": 4.1503,
    "close_skipped": ""
  },
  "realized_cashflow_pnl_usdc": -0.849699,
  "finished_at": "2026-09-18T07:17:57.866923Z",
  "result": "done"
}
[2026-09-18T07:17:57Z] session_end rc=0 sessions=10 stake_usd=5
journal_ok trades=216 md=/home/yukeen/polymarketbot/5min-btc-polymarket/data/live_trades.md json=/home/yukeen/polymarketbot/5min-btc-polymarket/data/live_trades.json
[2026-09-18T07:19:30Z] fills=10/10 sessions=10/80
[2026-09-18T07:19:30Z] stop_max_fills=10
[2026-09-18T07:19:30Z] loop_exit
