[py_clob_client_v2] request error status=400 url=https://clob.polymarket.com/auth/api-key body={"error":"Could not create api key"}

[py_clob_client_v2] request error status=400 url=https://clob.polymarket.com/auth/api-key body={"error":"Could not create api key"}

request error status=400 url=https://clob.polymarket.com/auth/api-key body={"error":"Could not create api key"}

{
  "started_at": "2026-09-17T06:18:12.794932Z",
  "params": {
    "profile": "conservative",
    "threshold": 0.7,
    "stake_usd": 5.0,
    "stop_loss_pct": 0.9,
    "exit_before_sec": 20,
    "min_entry_seconds_left": 60,
    "entry_timeout_min": 12,
    "poll_sec": 2.0,
    "max_ask": 0.85,
    "expensive_ask": 0.8,
    "expensive_after_wins": 3,
    "close_retry_max": 30,
    "close_retry_delay_sec": 2.0,
    "execute": true,
    "win_streak": 0
  },
  "attempts": [
    {
      "ts": "2026-09-17T06:18:13.979595Z",
      "slug": "btc-updown-5m-1789625700",
      "status": "heartbeat",
      "gamma_up": 0.495,
      "gamma_down": 0.505,
      "clob_up_ask": 0.067,
      "clob_down_ask": 0.94,
      "seconds_left": 106.7585551738739,
      "min_spread": 0.007000000000000006
    },
    {
      "ts": "2026-09-17T06:18:13.979617Z",
      "slug": "btc-updown-5m-1789625700",
      "status": "skip_ask_too_expensive",
      "threshold": 0.7,
      "max_ask": 0.85,
      "win_streak": 0,
      "clob_up_ask": 0.067,
      "clob_down_ask": 0.94,
      "seconds_left": 106.7585551738739,
      "trigger_price": 0.94
    },
    {
      "ts": "2026-09-17T06:18:16.988441Z",
      "slug": "btc-updown-5m-1789625700",
      "status": "heartbeat",
      "gamma_up": 0.495,
      "gamma_down": 0.505,
      "clob_up_ask": 0.041,
      "clob_down_ask": 0.96,
      "seconds_left": 103.66798210144043,
      "min_spread": 0.0010000000000000009
    },
    {
      "ts": "2026-09-17T06:18:16.988473Z",
      "slug": "btc-updown-5m-1789625700",
      "status": "skip_ask_too_expensive",
      "threshold": 0.7,
      "max_ask": 0.85,
      "win_streak": 0,
      "clob_up_ask": 0.041,
      "clob_down_ask": 0.96,
      "seconds_left": 103.66798210144043,
      "trigger_price": 0.96
    },
    {
      "ts": "2026-09-17T06:18:19.903042Z",
      "slug": "btc-updown-5m-1789625700",
      "status": "heartbeat",
      "gamma_up": 0.495,
      "gamma_down": 0.505,
      "clob_up_ask": 0.04,
      "clob_down_ask": 0.97,
      "seconds_left": 100.73158836364746,
      "min_spread": 0.0040000000000000036
    },
    {
      "ts": "2026-09-17T06:18:19.903063Z",
      "slug": "btc-updown-5m-1789625700",
      "status": "skip_ask_too_expensive",
      "threshold": 0.7,
      "max_ask": 0.85,
      "win_streak": 0,
      "clob_up_ask": 0.04,
      "clob_down_ask": 0.97,
      "seconds_left": 100.73158836364746,
      "trigger_price": 0.97
    },
    {
      "ts": "2026-09-17T06:18:22.820431Z",
      "slug": "btc-updown-5m-1789625700",
      "status": "heartbeat",
      "gamma_up": 0.495,
      "gamma_down": 0.505,
      "clob_up_ask": 0.024,
      "clob_down_ask": 0.979,
      "seconds_left": 97.81285905838013,
      "min_spread": 0.0010000000000000009
    },
    {
      "ts": "2026-09-17T06:18:22.820460Z",
      "slug": "btc-updown-5m-1789625700",
      "status": "skip_ask_too_expensive",
      "threshold": 0.7,
      "max_ask": 0.85,
      "win_streak": 0,
      "clob_up_ask": 0.024,
      "clob_down_ask": 0.979,
      "seconds_left": 97.81285905838013,
      "trigger_price": 0.979
    },
    {
      "ts": "2026-09-17T06:18:25.721236Z",
      "slug": "btc-updown-5m-1789625700",
      "status": "heartbeat",
      "gamma_up": 0.495,
      "gamma_down": 0.505,
      "clob_up_ask": 0.03,
      "clob_down_ask": 0.98,
      "seconds_left": 94.89074540138245,
      "min_spread": 0.009999999999999998
    },
    {
      "ts": "2026-09-17T06:18:25.721268Z",
      "slug": "btc-updown-5m-1789625700",
      "status": "skip_ask_too_expensive",
      "threshold": 0.7,
      "max_ask": 0.85,
      "win_streak": 0,
      "clob_up_ask": 0.03,
      "clob_down_ask": 0.98,
      "seconds_left": 94.89074540138245,
      "trigger_price": 0.98
    },
    {
      "ts": "2026-09-17T06:18:28.628106Z",
      "slug": "btc-updown-5m-1789625700",
      "status": "heartbeat",
      "gamma_up": 0.495,
      "gamma_down": 0.505,
      "clob_up_ask": 0.026,
      "clob_down_ask": 0.98,
      "seconds_left": 91.98150753974915,
      "min_spread": 0.005999999999999998
    },
    {
      "ts": "2026-09-17T06:18:28.628137Z",
      "slug": "btc-updown-5m-1789625700",
      "status": "skip_ask_too_expensive",
      "threshold": 0.7,
      "max_ask": 0.85,
      "win_streak": 0,
      "clob_up_ask": 0.026,
      "clob_down_ask": 0.98,
      "seconds_left": 91.98150753974915,
      "trigger_price": 0.98
    },
    {
      "ts": "2026-09-17T06:18:31.511802Z",
      "slug": "btc-updown-5m-1789625700",
      "status": "heartbeat",
      "gamma_up": 0.495,
      "gamma_down": 0.505,
      "clob_up_ask": 0.02,
      "clob_down_ask": 0.99,
      "seconds_left": 89.0920958518982,
      "min_spread": 0.009000000000000001
    },
    {
      "ts": "2026-09-17T06:18:31.511828Z",
      "slug": "btc-updown-5m-1789625700",
      "status": "skip_ask_too_expensive",
      "threshold": 0.7,
      "max_ask": 0.85,
      "win_streak": 0,
      "clob_up_ask": 0.02,
      "clob_down_ask": 0.99,
      "seconds_left": 89.0920958518982,
      "trigger_price": 0.99
    },
    {
      "ts": "2026-09-17T06:18:34.383282Z",
      "slug": "btc-updown-5m-1789625700",
      "status": "heartbeat",
      "gamma_up": 0.495,
      "gamma_down": 0.505,
      "clob_up_ask": 0.021,
      "clob_down_ask": 0.98,
      "seconds_left": 86.20348310470581,
      "min_spread": 0.0010000000000000009
    },
    {
      "ts": "2026-09-17T06:18:34.383311Z",
      "slug": "btc-updown-5m-1789625700",
      "status": "skip_ask_too_expensive",
      "threshold": 0.7,
      "max_ask": 0.85,
      "win_streak": 0,
      "clob_up_ask": 0.021,
      "clob_down_ask": 0.98,
      "seconds_left": 86.20348310470581,
      "trigger_price": 0.98
    },
    {
      "ts": "2026-09-17T06:18:37.291991Z",
      "slug": "btc-updown-5m-1789625700",
      "status": "heartbeat",
      "gamma_up": 0.495,
      "gamma_down": 0.505,
      "clob_up_ask": 0.02,
      "clob_down_ask": 0.987,
      "seconds_left": 83.31353235244751,
      "min_spread": 0.0010000000000000009
    },
    {
      "ts": "2026-09-17T06:18:37.292019Z",
      "slug": "btc-updown-5m-1789625700",
      "status": "skip_ask_too_expensive",
      "threshold": 0.7,
      "max_ask": 0.85,
      "win_streak": 0,
      "clob_up_ask": 0.02,
      "clob_down_ask": 0.987,
      "seconds_left": 83.31353235244751,
      "trigger_price": 0.987
    },
    {
      "ts": "2026-09-17T06:18:43.807419Z",
      "slug": "btc-updown-5m-1789625700",
      "status": "heartbeat",
      "gamma_up": 0.495,
      "gamma_down": 0.505,
      "clob_up_ask": 0.002,
      "clob_down_ask": 0.997,
      "seconds_left": 80.4137601852417,
      "min_spread": 0.001
    },
    {
      "ts": "2026-09-17T06:18:43.807448Z",
      "slug": "btc-updown-5m-1789625700",
      "status": "skip_ask_too_expensive",
      "threshold": 0.7,
      "max_ask": 0.85,
      "win_streak": 0,
      "clob_up_ask": 0.002,
      "clob_down_ask": 0.997,
      "seconds_left": 80.4137601852417,
      "trigger_price": 0.997
    },
    {
      "ts": "2026-09-17T06:18:46.732783Z",
      "slug": "btc-updown-5m-1789625700",
      "status": "heartbeat",
      "gamma_up": 0.495,
      "gamma_down": 0.505,
      "clob_up_ask": 0.008,
      "clob_down_ask": 0.998,
      "seconds_left": 73.8816990852356,
      "min_spread": 0.0050000000000000044
    },
    {
      "ts": "2026-09-17T06:18:46.732799Z",
      "slug": "btc-updown-5m-1789625700",
      "status": "skip_ask_too_expensive",
      "threshold": 0.7,
      "max_ask": 0.85,
      "win_streak": 0,
      "clob_up_ask": 0.008,
      "clob_down_ask": 0.998,
      "seconds_left": 73.8816990852356,
      "trigger_price": 0.998
    },
    {
      "ts": "2026-09-17T06:18:49.666939Z",
      "slug": "btc-updown-5m-1789625700",
      "status": "heartbeat",
      "gamma_up": 0.495,
      "gamma_down": 0.505,
      "clob_up_ask": 0.006,
      "clob_down_ask": null,
      "seconds_left": 70.98479342460632,
      "min_spread": null
    },
    {
      "ts": "2026-09-17T06:18:49.666958Z",
      "slug": "btc-updown-5m-1789625700",
      "status": "skip_price_below_threshold",
      "threshold": 0.7,
      "max_ask": 0.85,
      "win_streak": 0,
      "clob_up_ask": 0.006,
      "clob_down_ask": null,
      "seconds_left": 70.98479342460632,
      "trigger_price": null
    },
    {
      "ts": "2026-09-17T06:18:52.565710Z",
      "slug": "btc-updown-5m-1789625700",
      "status": "heartbeat",
      "gamma_up": 0.495,
      "gamma_down": 0.505,
      "clob_up_ask": 0.001,
      "clob_down_ask": null,
      "seconds_left": 68.04417133331299,
      "min_spread": null
    },
    {
      "ts": "2026-09-17T06:18:52.565729Z",
      "slug": "btc-updown-5m-1789625700",
      "status": "skip_price_below_threshold",
      "threshold": 0.7,
      "max_ask": 0.85,
      "win_streak": 0,
      "clob_up_ask": 0.001,
      "clob_down_ask": null,
      "seconds_left": 68.04417133331299,
      "trigger_price": null
    },
    {
      "ts": "2026-09-17T06:18:55.484156Z",
      "slug": "btc-updown-5m-1789625700",
      "status": "heartbeat",
      "gamma_up": 0.495,
      "gamma_down": 0.505,
      "clob_up_ask": 0.004,
      "clob_down_ask": null,
      "seconds_left": 65.13371300697327,
      "min_spread": null
    },
    {
      "ts": "2026-09-17T06:18:55.484181Z",
      "slug": "btc-updown-5m-1789625700",
      "status": "skip_price_below_threshold",
      "threshold": 0.7,
      "max_ask": 0.85,
      "win_streak": 0,
      "clob_up_ask": 0.004,
      "clob_down_ask": null,
      "seconds_left": 65.13371300697327,
      "trigger_price": null
    },
    {
      "ts": "2026-09-17T06:18:58.385084Z",
      "slug": "btc-updown-5m-1789625700",
      "status": "heartbeat",
      "gamma_up": 0.495,
      "gamma_down": 0.505,
      "clob_up_ask": 0.001,
      "clob_down_ask": null,
      "seconds_left": 62.22338390350342,
      "min_spread": null
    },
    {
      "ts": "2026-09-17T06:18:58.385096Z",
      "slug": "btc-updown-5m-1789625700",
      "status": "skip_price_below_threshold",
      "threshold": 0.7,
      "max_ask": 0.85,
      "win_streak": 0,
      "clob_up_ask": 0.001,
      "clob_down_ask": null,
      "seconds_left": 62.22338390350342,
      "trigger_price": null
    },
    {
      "ts": "2026-09-17T06:19:00.691958Z",
      "slug": "btc-updown-5m-1789625700",
      "status": "skip_too_late_to_enter",
      "seconds_left": 59.30804920196533,
      "min_entry_seconds_left": 60
    },
    {
      "ts": "2026-09-17T06:19:02.976588Z",
      "slug": "btc-updown-5m-1789625700",
      "status": "skip_too_late_to_enter",
      "seconds_left": 57.02341842651367,
      "min_entry_seconds_left": 60
    },
    {
      "ts": "2026-09-17T06:19:05.265702Z",
      "slug": "btc-updown-5m-1789625700",
      "status": "skip_too_late_to_enter",
      "seconds_left": 54.73430323600769,
      "min_entry_seconds_left": 60
    },
    {
      "ts": "2026-09-17T06:19:07.551825Z",
      "slug": "btc-updown-5m-1789625700",
      "status": "skip_too_late_to_enter",
      "seconds_left": 52.448180198669434,
      "min_entry_seconds_left": 60
    },
    {
      "ts": "2026-09-17T06:19:09.869539Z",
      "slug": "btc-updown-5m-1789625700",
      "status": "skip_too_late_to_enter",
      "seconds_left": 50.13046598434448,
      "min_entry_seconds_left": 60
    },
    {
      "ts": "2026-09-17T06:19:12.215794Z",
      "slug": "btc-updown-5m-1789625700",
      "status": "skip_too_late_to_enter",
      "seconds_left": 47.78420948982239,
      "min_entry_seconds_left": 60
    },
    {
      "ts": "2026-09-17T06:19:14.509285Z",
      "slug": "btc-updown-5m-1789625700",
      "status": "skip_too_late_to_enter",
      "seconds_left": 45.49071931838989,
      "min_entry_seconds_left": 60
    },
    {
      "ts": "2026-09-17T06:19:20.397379Z",
      "slug": "btc-updown-5m-1789625700",
      "status": "skip_too_late_to_enter",
      "seconds_left": 39.602625608444214,
      "min_entry_seconds_left": 60
    },
    {
      "ts": "2026-09-17T06:19:22.668327Z",
      "slug": "btc-updown-5m-1789625700",
      "status": "skip_too_late_to_enter",
      "seconds_left": 37.331677198410034,
      "min_entry_seconds_left": 60
    },
    {
      "ts": "2026-09-17T06:19:24.963645Z",
      "slug": "btc-updown-5m-1789625700",
      "status": "skip_too_late_to_enter",
      "seconds_left": 35.03636026382446,
      "min_entry_seconds_left": 60
    },
    {
      "ts": "2026-09-17T06:19:27.280570Z",
      "slug": "btc-updown-5m-1789625700",
      "status": "skip_too_late_to_enter",
      "seconds_left": 32.71943211555481,
      "min_entry_seconds_left": 60
    },
    {
      "ts": "2026-09-17T06:19:29.578655Z",
      "slug": "btc-updown-5m-1789625700",
      "status": "skip_too_late_to_enter",
      "seconds_left": 30.421350717544556,
      "min_entry_seconds_left": 60
    },
    {
      "ts": "2026-09-17T06:19:31.856664Z",
      "slug": "btc-updown-5m-1789625700",
      "status": "skip_too_late_to_enter",
      "seconds_left": 28.143340826034546,
      "min_entry_seconds_left": 60
    },
    {
      "ts": "2026-09-17T06:19:34.242438Z",
      "slug": "btc-updown-5m-1789625700",
      "status": "skip_too_late_to_enter",
      "seconds_left": 25.757564306259155,
      "min_entry_seconds_left": 60
    },
    {
      "ts": "2026-09-17T06:19:36.570403Z",
      "slug": "btc-updown-5m-1789625700",
      "status": "skip_too_late_to_enter",
      "seconds_left": 23.42966055870056,
      "min_entry_seconds_left": 60
    },
    {
      "ts": "2026-09-17T06:19:38.865884Z",
      "slug": "btc-updown-5m-1789625700",
      "status": "skip_too_late_to_enter",
      "seconds_left": 21.134121894836426,
      "min_entry_seconds_left": 60
    },
    {
      "ts": "2026-09-17T06:19:41.163508Z",
      "slug": "btc-updown-5m-1789625700",
      "status": "skip_too_late_to_enter",
      "seconds_left": 18.83649516105652,
      "min_entry_seconds_left": 60
    },
    {
      "ts": "2026-09-17T06:19:43.454727Z",
      "slug": "btc-updown-5m-1789625700",
      "status": "skip_too_late_to_enter",
      "seconds_left": 16.545278310775757,
      "min_entry_seconds_left": 60
    },
    {
      "ts": "2026-09-17T06:19:45.753592Z",
      "slug": "btc-updown-5m-1789625700",
      "status": "skip_too_late_to_enter",
      "seconds_left": 14.246412515640259,
      "min_entry_seconds_left": 60
    },
    {
      "ts": "2026-09-17T06:19:48.076808Z",
      "slug": "btc-updown-5m-1789625700",
      "status": "skip_too_late_to_enter",
      "seconds_left": 11.923197031021118,
      "min_entry_seconds_left": 60
    },
    {
      "ts": "2026-09-17T06:19:50.361483Z",
      "slug": "btc-updown-5m-1789625700",
      "status": "skip_too_late_to_enter",
      "seconds_left": 9.638522624969482,
      "min_entry_seconds_left": 60
    },
    {
      "ts": "2026-09-17T06:19:56.298272Z",
      "status": "heartbeat_no_current_market"
    },
    {
      "ts": "2026-09-17T06:19:58.603753Z",
      "status": "heartbeat_no_current_market"
    },
    {
      "ts": "2026-09-17T06:20:01.797595Z",
      "slug": "btc-updown-5m-1789626000",
      "status": "heartbeat",
      "gamma_up": 0.485,
      "gamma_down": 0.515,
      "clob_up_ask": 0.5,
      "clob_down_ask": 0.51,
      "seconds_left": 299.10957884788513,
      "min_spread": 0.010000000000000009
    },
    {
      "ts": "2026-09-17T06:20:01.797620Z",
      "slug": "btc-updown-5m-1789626000",
      "status": "skip_price_below_threshold",
      "threshold": 0.7,
      "max_ask": 0.85,
      "win_streak": 0,
      "clob_up_ask": 0.5,
      "clob_down_ask": 0.51,
      "seconds_left": 299.10957884788513,
      "trigger_price": null
    },
    {
      "ts": "2026-09-17T06:20:04.787914Z",
      "slug": "btc-updown-5m-1789626000",
      "status": "heartbeat",
      "gamma_up": 0.485,
      "gamma_down": 0.515,
      "clob_up_ask": 0.51,
      "clob_down_ask": 0.5,
      "seconds_left": 295.8845934867859,
      "min_spread": 0.010000000000000009
    },
    {
      "ts": "2026-09-17T06:20:04.787934Z",
      "slug": "btc-updown-5m-1789626000",
      "status": "skip_price_below_threshold",
      "threshold": 0.7,
      "max_ask": 0.85,
      "win_streak": 0,
      "clob_up_ask": 0.51,
      "clob_down_ask": 0.5,
      "seconds_left": 295.8845934867859,
      "trigger_price": null
    },
    {
      "ts": "2026-09-17T06:20:07.669230Z",
      "slug": "btc-updown-5m-1789626000",
      "status": "heartbeat",
      "gamma_up": 0.485,
      "gamma_down": 0.515,
      "clob_up_ask": 0.45,
      "clob_down_ask": 0.56,
      "seconds_left": 292.93279480934143,
      "min_spread": 0.010000000000000009
    },
    {
      "ts": "2026-09-17T06:20:07.669250Z",
      "slug": "btc-updown-5m-1789626000",
      "status": "skip_price_below_threshold",
      "threshold": 0.7,
      "max_ask": 0.85,
      "win_streak": 0,
      "clob_up_ask": 0.45,
      "clob_down_ask": 0.56,
      "seconds_left": 292.93279480934143,
      "trigger_price": null
    },
    {
      "ts": "2026-09-17T06:20:10.687334Z",
      "slug": "btc-updown-5m-1789626000",
      "status": "heartbeat",
      "gamma_up": 0.485,
      "gamma_down": 0.515,
      "clob_up_ask": 0.38,
      "clob_down_ask": 0.62,
      "seconds_left": 290.0311813354492,
      "min_spread": 0.010000000000000009
    },
    {
      "ts": "2026-09-17T06:20:10.687355Z",
      "slug": "btc-updown-5m-1789626000",
      "status": "skip_price_below_threshold",
      "threshold": 0.7,
      "max_ask": 0.85,
      "win_streak": 0,
      "clob_up_ask": 0.38,
      "clob_down_ask": 0.62,
      "seconds_left": 290.0311813354492,
      "trigger_price": null
    },
    {
      "ts": "2026-09-17T06:20:13.571177Z",
      "slug": "btc-updown-5m-1789626000",
      "status": "heartbeat",
      "gamma_up": 0.485,
      "gamma_down": 0.515,
      "clob_up_ask": 0.42,
      "clob_down_ask": 0.59,
      "seconds_left": 287.0337698459625,
      "min_spread": 0.010000000000000009
    },
    {
      "ts": "2026-09-17T06:20:13.571206Z",
      "slug": "btc-updown-5m-1789626000",
      "status": "skip_price_below_threshold",
      "threshold": 0.7,
      "max_ask": 0.85,
      "win_streak": 0,
      "clob_up_ask": 0.42,
      "clob_down_ask": 0.59,
      "seconds_left": 287.0337698459625,
      "trigger_price": null
    },
    {
      "ts": "2026-09-17T06:20:16.482461Z",
      "slug": "btc-updown-5m-1789626000",
      "status": "heartbeat",
      "gamma_up": 0.485,
      "gamma_down": 0.515,
      "clob_up_ask": 0.42,
      "clob_down_ask": 0.59,
      "seconds_left": 284.1039834022522,
      "min_spread": 0.010000000000000009
    },
    {
      "ts": "2026-09-17T06:20:16.482475Z",
      "slug": "btc-updown-5m-1789626000",
      "status": "skip_price_below_threshold",
      "threshold": 0.7,
      "max_ask": 0.85,
      "win_streak": 0,
      "clob_up_ask": 0.42,
      "clob_down_ask": 0.59,
      "seconds_left": 284.1039834022522,
      "trigger_price": null
    },
    {
      "ts": "2026-09-17T06:20:19.506191Z",
      "slug": "btc-updown-5m-1789626000",
      "status": "heartbeat",
      "gamma_up": 0.485,
      "gamma_down": 0.515,
      "clob_up_ask": 0.33,
      "clob_down_ask": 0.68,
      "seconds_left": 281.13450050354004,
      "min_spread": 0.010000000000000009
    },
    {
      "ts": "2026-09-17T06:20:19.506211Z",
      "slug": "btc-updown-5m-1789626000",
      "status": "skip_price_below_threshold",
      "threshold": 0.7,
      "max_ask": 0.85,
      "win_streak": 0,
      "clob_up_ask": 0.33,
      "clob_down_ask": 0.68,
      "seconds_left": 281.13450050354004,
      "trigger_price": null
    },
    {
      "ts": "2026-09-17T06:20:22.519562Z",
      "slug": "btc-updown-5m-1789626000",
      "status": "heartbeat",
      "gamma_up": 0.485,
      "gamma_down": 0.515,
      "clob_up_ask": 0.35,
      "clob_down_ask": 0.66,
      "seconds_left": 278.1444878578186,
      "min_spread": 0.009999999999999953
    },
    {
      "ts": "2026-09-17T06:20:22.519585Z",
      "slug": "btc-updown-5m-1789626000",
      "status": "skip_price_below_threshold",
      "threshold": 0.7,
      "max_ask": 0.85,
      "win_streak": 0,
      "clob_up_ask": 0.35,
      "clob_down_ask": 0.66,
      "seconds_left": 278.1444878578186,
      "trigger_price": null
    },
    {
      "ts": "2026-09-17T06:20:25.471650Z",
      "slug": "btc-updown-5m-1789626000",
      "status": "heartbeat",
      "gamma_up": 0.485,
      "gamma_down": 0.515,
      "clob_up_ask": 0.35,
      "clob_down_ask": 0.66,
      "seconds_left": 275.18990325927734,
      "min_spread": 0.009999999999999953
    },
    {
      "ts": "2026-09-17T06:20:25.471673Z",
      "slug": "btc-updown-5m-1789626000",
      "status": "skip_price_below_threshold",
      "threshold": 0.7,
      "max_ask": 0.85,
      "win_streak": 0,
      "clob_up_ask": 0.35,
      "clob_down_ask": 0.66,
      "seconds_left": 275.18990325927734,
      "trigger_price": null
    },
    {
      "ts": "2026-09-17T06:20:31.948352Z",
      "slug": "btc-updown-5m-1789626000",
      "status": "heartbeat",
      "gamma_up": 0.485,
      "gamma_down": 0.515,
      "clob_up_ask": 0.35,
      "clob_down_ask": 0.66,
      "seconds_left": 272.2439591884613,
      "min_spread": 0.009999999999999953
    },
    {
      "ts": "2026-09-17T06:20:31.948379Z",
      "slug": "btc-updown-5m-1789626000",
      "status": "skip_price_below_threshold",
      "threshold": 0.7,
      "max_ask": 0.85,
      "win_streak": 0,
      "clob_up_ask": 0.35,
      "clob_down_ask": 0.66,
      "seconds_left": 272.2439591884613,
      "trigger_price": null
    },
    {
      "ts": "2026-09-17T06:20:34.869094Z",
      "slug": "btc-updown-5m-1789626000",
      "status": "heartbeat",
      "gamma_up": 0.485,
      "gamma_down": 0.515,
      "clob_up_ask": 0.34,
      "clob_down_ask": 0.67,
      "seconds_left": 265.7490327358246,
      "min_spread": 0.010000000000000009
    },
    {
      "ts": "2026-09-17T06:20:34.869117Z",
      "slug": "btc-updown-5m-1789626000",
      "status": "skip_price_below_threshold",
      "threshold": 0.7,
      "max_ask": 0.85,
      "win_streak": 0,
      "clob_up_ask": 0.34,
      "clob_down_ask": 0.67,
      "seconds_left": 265.7490327358246,
      "trigger_price": null
    },
    {
      "ts": "2026-09-17T06:20:37.861993Z",
      "slug": "btc-updown-5m-1789626000",
      "status": "heartbeat",
      "gamma_up": 0.485,
      "gamma_down": 0.515,
      "clob_up_ask": 0.31,
      "clob_down_ask": 0.7,
      "seconds_left": 262.8129563331604,
      "min_spread": 0.010000000000000009
    }
  ],
  "open_raw": "{\"mode\": \"open\", \"execute\": true, \"market_slug\": \"btc-updown-5m-1789626000\", \"force_side\": \"DOWN\", \"token_id\": \"900616732776997970385593682177472980220809140388098722227643589393516766649\", \"entry_price\": 0.7, \"notional_usd\": 5.0, \"top_ask_notional_usd\": 47.480999999999995, \"collateral_pusd\": 421.358017, \"order_post_result\": {\"errorMsg\": \"\", \"orderID\": \"0x3442a118bf4e3a6255f6b52f5a5a78d840a398ab7a60d04f252a63a8f002e44c\", \"takingAmount\": \"6.756757\", \"makingAmount\": \"5\", \"status\": \"matched\", \"transactionsHashes\": [\"0xbb979ab53a712922178941e736d45fbf0b1c63c86f6aec32940e48628eb4c252\"], \"success\": true}}\n\n[py_clob_client_v2] request error status=400 url=https://clob.polymarket.com/auth/api-key body={\"error\":\"Could not create api key\"}\n\n",
  "opened": {
    "opened_at": "2026-09-17T06:20:42.552626Z",
    "market_slug": "btc-updown-5m-1789626000",
    "market_end_iso": "2026-09-17T06:25:00Z",
    "side": "DOWN",
    "token_id": "900616732776997970385593682177472980220809140388098722227643589393516766649",
    "entry_price": 0.7,
    "shares": 6.756757,
    "cost_usdc": 5.0,
    "open_order_id": "0x3442a118bf4e3a6255f6b52f5a5a78d840a398ab7a60d04f252a63a8f002e44c",
    "open_tx": "0xbb979ab53a712922178941e736d45fbf0b1c63c86f6aec32940e48628eb4c252"
  },
  "stop_loss_price": 0.06999999999999998,
  "last_side_price": 0.9995,
  "last_clob_bid": 0.999,
  "last_check_at": "2026-09-17T06:24:39.387459Z",
  "close_debug": [
    {
      "ts": "2026-09-17T06:24:45.982911Z",
      "attempt": 1,
      "order_type": "FAK",
      "status": "matched",
      "close_skipped": ""
    }
  ],
  "close_raw": "{\"mode\": \"close\", \"execute\": true, \"market_slug\": \"btc-updown-5m-1789626000\", \"token_id\": \"900616732776997970385593682177472980220809140388098722227643589393516766649\", \"requested_shares\": 6.756757, \"close_order_type\": \"FAK\", \"close_limit_price\": null, \"available_shares\": 6.756757, \"sell_shares\": 6.7567, \"order_post_result\": {\"errorMsg\": \"\", \"orderID\": \"0xef5157f5500e4e259c242efac9e3382aec4172a06b630dc4fdc8482548df5a85\", \"takingAmount\": \"6.74325\", \"makingAmount\": \"6.75\", \"status\": \"matched\", \"transactionsHashes\": [\"0x7c87519decfef0372f58f1c7fa5c0b79affc3c8ea362f7b5bbaec24ed02f38ab\"], \"success\": true}, \"close_skipped\": \"\"}\n\n[py_clob_client_v2] request error status=400 url=https://clob.polymarket.com/auth/api-key body={\"error\":\"Could not create api key\"}\n\n",
  "closed": {
    "close_reason": "time_exit_20s_before_end",
    "closed_at": "2026-09-17T06:24:45.982944Z",
    "close_success": true,
    "close_status": "matched",
    "close_order_id": "0xef5157f5500e4e259c242efac9e3382aec4172a06b630dc4fdc8482548df5a85",
    "close_tx": "0x7c87519decfef0372f58f1c7fa5c0b79affc3c8ea362f7b5bbaec24ed02f38ab",
    "close_shares": 6.75,
    "close_usdc": 6.74325,
    "close_skipped": ""
  },
  "realized_cashflow_pnl_usdc": 1.74325,
  "finished_at": "2026-09-17T06:24:45.982971Z",
  "result": "done"
}
[2026-09-17T06:24:46Z] session_end rc=0 sessions=1 stake_usd=5
journal_ok trades=144 md=/home/yukeen/polymarketbot/5min-btc-polymarket/data/live_trades.md json=/home/yukeen/polymarketbot/5min-btc-polymarket/data/live_trades.json
[2026-09-17T06:25:41Z] fills=1/12 sessions=1/36
[2026-09-17T06:25:58Z] cash=423.009797
[2026-09-17T06:26:06Z] session_begin sessions=1 fills=1 stake_usd=5
[py_clob_client_v2] request error: [Errno -3] Temporary failure in name resolution
[py_clob_client_v2] request error status=400 url=https://clob.polymarket.com/auth/api-key body={"error":"Could not create api key"}

{
  "started_at": "2026-09-17T06:26:06.869771Z",
  "params": {
    "profile": "conservative",
    "threshold": 0.7,
    "stake_usd": 5.0,
    "stop_loss_pct": 0.9,
    "exit_before_sec": 20,
    "min_entry_seconds_left": 60,
    "entry_timeout_min": 12,
    "poll_sec": 2.0,
    "max_ask": 0.85,
    "expensive_ask": 0.8,
    "expensive_after_wins": 3,
    "close_retry_max": 30,
    "close_retry_delay_sec": 2.0,
    "execute": true,
    "win_streak": 1
  },
  "attempts": [
    {
      "ts": "2026-09-17T06:26:30.825716Z",
      "slug": "btc-updown-5m-1789626300",
      "status": "skip_clob_unavailable",
      "error": "PolyApiException[status_code=None, error_message=Request exception!]"
    },
    {
      "ts": "2026-09-17T06:26:34.028984Z",
      "slug": "btc-updown-5m-1789626300",
      "status": "heartbeat",
      "gamma_up": 0.495,
      "gamma_down": 0.505,
      "clob_up_ask": 0.63,
      "clob_down_ask": 0.38,
      "seconds_left": 206.80112528800964,
      "min_spread": 0.010000000000000009
    },
    {
      "ts": "2026-09-17T06:26:34.029010Z",
      "slug": "btc-updown-5m-1789626300",
      "status": "skip_price_below_threshold",
      "threshold": 0.7,
      "max_ask": 0.85,
      "win_streak": 1,
      "clob_up_ask": 0.63,
      "clob_down_ask": 0.38,
      "seconds_left": 206.80112528800964,
      "trigger_price": null
    },
    {
      "ts": "2026-09-17T06:26:36.994090Z",
      "slug": "btc-updown-5m-1789626300",
      "status": "heartbeat",
      "gamma_up": 0.495,
      "gamma_down": 0.505,
      "clob_up_ask": 0.61,
      "clob_down_ask": 0.4,
      "seconds_left": 203.68231177330017,
      "min_spread": 0.010000000000000009
    },
    {
      "ts": "2026-09-17T06:26:36.994121Z",
      "slug": "btc-updown-5m-1789626300",
      "status": "skip_price_below_threshold",
      "threshold": 0.7,
      "max_ask": 0.85,
      "win_streak": 1,
      "clob_up_ask": 0.61,
      "clob_down_ask": 0.4,
      "seconds_left": 203.68231177330017,
      "trigger_price": null
    },
    {
      "ts": "2026-09-17T06:26:40.299727Z",
      "slug": "btc-updown-5m-1789626300",
      "status": "heartbeat",
      "gamma_up": 0.495,
      "gamma_down": 0.505,
      "clob_up_ask": 0.57,
      "clob_down_ask": 0.44,
      "seconds_left": 200.3980724811554,
      "min_spread": 0.009999999999999898
    },
    {
      "ts": "2026-09-17T06:26:40.299752Z",
      "slug": "btc-updown-5m-1789626300",
      "status": "skip_price_below_threshold",
      "threshold": 0.7,
      "max_ask": 0.85,
      "win_streak": 1,
      "clob_up_ask": 0.57,
      "clob_down_ask": 0.44,
      "seconds_left": 200.3980724811554,
      "trigger_price": null
    },
    {
      "ts": "2026-09-17T06:26:43.423718Z",
      "slug": "btc-updown-5m-1789626300",
      "status": "heartbeat",
      "gamma_up": 0.495,
      "gamma_down": 0.505,
      "clob_up_ask": 0.6,
      "clob_down_ask": 0.41,
      "seconds_left": 197.33289504051208,
      "min_spread": 0.009999999999999953
    },
    {
      "ts": "2026-09-17T06:26:43.423751Z",
      "slug": "btc-updown-5m-1789626300",
      "status": "skip_price_below_threshold",
      "threshold": 0.7,
      "max_ask": 0.85,
      "win_streak": 1,
      "clob_up_ask": 0.6,
      "clob_down_ask": 0.41,
      "seconds_left": 197.33289504051208,
      "trigger_price": null
    },
    {
      "ts": "2026-09-17T06:26:49.953677Z",
      "slug": "btc-updown-5m-1789626300",
      "status": "heartbeat",
      "gamma_up": 0.495,
      "gamma_down": 0.505,
      "clob_up_ask": 0.66,
      "clob_down_ask": 0.35,
      "seconds_left": 194.28095126152039,
      "min_spread": 0.009999999999999953
    },
    {
      "ts": "2026-09-17T06:26:49.953703Z",
      "slug": "btc-updown-5m-1789626300",
      "status": "skip_price_below_threshold",
      "threshold": 0.7,
      "max_ask": 0.85,
      "win_streak": 1,
      "clob_up_ask": 0.66,
      "clob_down_ask": 0.35,
      "seconds_left": 194.28095126152039,
      "trigger_price": null
    },
    {
      "ts": "2026-09-17T06:26:52.882862Z",
      "slug": "btc-updown-5m-1789626300",
      "status": "heartbeat",
      "gamma_up": 0.495,
      "gamma_down": 0.505,
      "clob_up_ask": 0.69,
      "clob_down_ask": 0.32,
      "seconds_left": 187.74678587913513,
      "min_spread": 0.009999999999999898
    },
    {
      "ts": "2026-09-17T06:26:52.882878Z",
      "slug": "btc-updown-5m-1789626300",
      "status": "skip_price_below_threshold",
      "threshold": 0.7,
      "max_ask": 0.85,
      "win_streak": 1,
      "clob_up_ask": 0.69,
      "clob_down_ask": 0.32,
      "seconds_left": 187.74678587913513,
      "trigger_price": null
    },
    {
      "ts": "2026-09-17T06:26:55.842262Z",
      "slug": "btc-updown-5m-1789626300",
      "status": "heartbeat",
      "gamma_up": 0.495,
      "gamma_down": 0.505,
      "clob_up_ask": 0.69,
      "clob_down_ask": 0.35,
      "seconds_left": 184.79645347595215,
      "min_spread": 0.009999999999999898
    },
    {
      "ts": "2026-09-17T06:26:55.842285Z",
      "slug": "btc-updown-5m-1789626300",
      "status": "skip_price_below_threshold",
      "threshold": 0.7,
      "max_ask": 0.85,
      "win_streak": 1,
      "clob_up_ask": 0.69,
      "clob_down_ask": 0.35,
      "seconds_left": 184.79645347595215,
      "trigger_price": null
    },
    {
      "ts": "2026-09-17T06:26:58.818090Z",
      "slug": "btc-updown-5m-1789626300",
      "status": "heartbeat",
      "gamma_up": 0.495,
      "gamma_down": 0.505,
      "clob_up_ask": 0.71,
      "clob_down_ask": 0.3,
      "seconds_left": 181.85815382003784,
      "min_spread": 0.010000000000000009
    }
  ],
  "open_raw": "{\"mode\": \"open\", \"execute\": true, \"market_slug\": \"btc-updown-5m-1789626300\", \"force_side\": \"UP\", \"token_id\": \"50923009911768932214675566433677097708165119904583622703954405503945166718907\", \"entry_price\": 0.72, \"notional_usd\": 5.0, \"top_ask_notional_usd\": 179.28719999999998, \"collateral_pusd\": 423.009797, \"order_post_result\": {\"errorMsg\": \"\", \"orderID\": \"0xb2569c8edbd91868e34d3ac2209e1bd60984170c51b3f2c864dd1e39e2dafae0\", \"takingAmount\": \"7.042251\", \"makingAmount\": \"4.999998\", \"status\": \"matched\", \"transactionsHashes\": [\"0x766f6379a64fdcd6295ace05495159346379d07e698060c955ef44960ffff730\"], \"success\": true}}\n\n[py_clob_client_v2] request error status=400 url=https://clob.polymarket.com/auth/api-key body={\"error\":\"Could not create api key\"}\n\n",
  "opened": {
    "opened_at": "2026-09-17T06:27:03.530605Z",
    "market_slug": "btc-updown-5m-1789626300",
    "market_end_iso": "2026-09-17T06:30:00Z",
    "side": "UP",
    "token_id": "50923009911768932214675566433677097708165119904583622703954405503945166718907",
    "entry_price": 0.72,
    "shares": 7.042251,
    "cost_usdc": 4.999998,
    "open_order_id": "0xb2569c8edbd91868e34d3ac2209e1bd60984170c51b3f2c864dd1e39e2dafae0",
    "open_tx": "0x766f6379a64fdcd6295ace05495159346379d07e698060c955ef44960ffff730"
  },
  "stop_loss_price": 0.07199999999999998,
  "last_side_price": 0.785,
  "last_clob_bid": 0.99,
  "last_check_at": "2026-09-17T06:29:38.600936Z",
  "close_debug": [
    {
      "ts": "2026-09-17T06:29:45.509317Z",
      "attempt": 1,
      "order_type": "FAK",
      "status": "matched",
      "close_skipped": ""
    }
  ],
  "close_raw": "{\"mode\": \"close\", \"execute\": true, \"market_slug\": \"btc-updown-5m-1789626300\", \"token_id\": \"50923009911768932214675566433677097708165119904583622703954405503945166718907\", \"requested_shares\": 7.042251, \"close_order_type\": \"FAK\", \"close_limit_price\": null, \"available_shares\": 7.042251, \"sell_shares\": 7.0422, \"order_post_result\": {\"errorMsg\": \"\", \"orderID\": \"0x851a02e0dbd53c3f0ef46b999c64ab5b896fac8f864f4887565f58b449a1e722\", \"takingAmount\": \"6.9696\", \"makingAmount\": \"7.04\", \"status\": \"matched\", \"transactionsHashes\": [\"0xc2bae5e93b4658f24c8eb3ffd74ceae67c32541f270a4193caee8b3fc3a68aea\"], \"success\": true}, \"close_skipped\": \"\"}\n\n[py_clob_client_v2] request error status=400 url=https://clob.polymarket.com/auth/api-key body={\"error\":\"Could not create api key\"}\n\n",
  "closed": {
    "close_reason": "time_exit_20s_before_end",
    "closed_at": "2026-09-17T06:29:45.509336Z",
    "close_success": true,
    "close_status": "matched",
    "close_order_id": "0x851a02e0dbd53c3f0ef46b999c64ab5b896fac8f864f4887565f58b449a1e722",
    "close_tx": "0xc2bae5e93b4658f24c8eb3ffd74ceae67c32541f270a4193caee8b3fc3a68aea",
    "close_shares": 7.04,
    "close_usdc": 6.9696,
    "close_skipped": ""
  },
  "realized_cashflow_pnl_usdc": 1.969602,
  "finished_at": "2026-09-17T06:29:45.509349Z",
  "result": "done"
}
[2026-09-17T06:29:45Z] session_end rc=0 sessions=2 stake_usd=5
journal_ok trades=145 md=/home/yukeen/polymarketbot/5min-btc-polymarket/data/live_trades.md json=/home/yukeen/polymarketbot/5min-btc-polymarket/data/live_trades.json
[2026-09-17T06:30:43Z] fills=2/12 sessions=2/36
[py_clob_client_v2] request error status=400 url=https://clob.polymarket.com/auth/api-key body={"error":"Could not create api key"}

[2026-09-17T06:31:03Z] cash=424.873039
[2026-09-17T06:31:11Z] session_begin sessions=2 fills=2 stake_usd=5
[py_clob_client_v2] request error status=400 url=https://clob.polymarket.com/auth/api-key body={"error":"Could not create api key"}

{
  "started_at": "2026-09-17T06:31:12.068622Z",
  "params": {
    "profile": "conservative",
    "threshold": 0.7,
    "stake_usd": 5.0,
    "stop_loss_pct": 0.9,
    "exit_before_sec": 20,
    "min_entry_seconds_left": 60,
    "entry_timeout_min": 12,
    "poll_sec": 2.0,
    "max_ask": 0.85,
    "expensive_ask": 0.8,
    "expensive_after_wins": 3,
    "close_retry_max": 30,
    "close_retry_delay_sec": 2.0,
    "execute": true,
    "win_streak": 2
  },
  "attempts": [
    {
      "ts": "2026-09-17T06:31:13.163114Z",
      "slug": "btc-updown-5m-1789626600",
      "status": "heartbeat",
      "gamma_up": 0.505,
      "gamma_down": 0.495,
      "clob_up_ask": 0.93,
      "clob_down_ask": 0.08,
      "seconds_left": 227.60801243782043,
      "min_spread": 0.009999999999999995
    },
    {
      "ts": "2026-09-17T06:31:13.163139Z",
      "slug": "btc-updown-5m-1789626600",
      "status": "skip_ask_too_expensive",
      "threshold": 0.7,
      "max_ask": 0.85,
      "win_streak": 2,
      "clob_up_ask": 0.93,
      "clob_down_ask": 0.08,
      "seconds_left": 227.60801243782043,
      "trigger_price": 0.93
    },
    {
      "ts": "2026-09-17T06:31:16.086604Z",
      "slug": "btc-updown-5m-1789626600",
      "status": "heartbeat",
      "gamma_up": 0.505,
      "gamma_down": 0.495,
      "clob_up_ask": 0.92,
      "clob_down_ask": 0.09,
      "seconds_left": 224.50361490249634,
      "min_spread": 0.009999999999999995
    },
    {
      "ts": "2026-09-17T06:31:16.086634Z",
      "slug": "btc-updown-5m-1789626600",
      "status": "skip_ask_too_expensive",
      "threshold": 0.7,
      "max_ask": 0.85,
      "win_streak": 2,
      "clob_up_ask": 0.92,
      "clob_down_ask": 0.09,
      "seconds_left": 224.50361490249634,
      "trigger_price": 0.92
    },
    {
      "ts": "2026-09-17T06:31:19.050832Z",
      "slug": "btc-updown-5m-1789626600",
      "status": "heartbeat",
      "gamma_up": 0.505,
      "gamma_down": 0.495,
      "clob_up_ask": 0.92,
      "clob_down_ask": 0.09,
      "seconds_left": 221.56076645851135,
      "min_spread": 0.009999999999999995
    },
    {
      "ts": "2026-09-17T06:31:19.050862Z",
      "slug": "btc-updown-5m-1789626600",
      "status": "skip_ask_too_expensive",
      "threshold": 0.7,
      "max_ask": 0.85,
      "win_streak": 2,
      "clob_up_ask": 0.92,
      "clob_down_ask": 0.09,
      "seconds_left": 221.56076645851135,
      "trigger_price": 0.92
    },
    {
      "ts": "2026-09-17T06:31:21.985541Z",
      "slug": "btc-updown-5m-1789626600",
      "status": "heartbeat",
      "gamma_up": 0.505,
      "gamma_down": 0.495,
      "clob_up_ask": 0.92,
      "clob_down_ask": 0.09,
      "seconds_left": 218.62474083900452,
      "min_spread": 0.009999999999999995
    },
    {
      "ts": "2026-09-17T06:31:21.985569Z",
      "slug": "btc-updown-5m-1789626600",
      "status": "skip_ask_too_expensive",
      "threshold": 0.7,
      "max_ask": 0.85,
      "win_streak": 2,
      "clob_up_ask": 0.92,
      "clob_down_ask": 0.09,
      "seconds_left": 218.62474083900452,
      "trigger_price": 0.92
    },
    {
      "ts": "2026-09-17T06:31:25.011143Z",
      "slug": "btc-updown-5m-1789626600",
      "status": "heartbeat",
      "gamma_up": 0.505,
      "gamma_down": 0.495,
      "clob_up_ask": 0.93,
      "clob_down_ask": 0.08,
      "seconds_left": 215.60688710212708,
      "min_spread": 0.009999999999999995
    },
    {
      "ts": "2026-09-17T06:31:25.011170Z",
      "slug": "btc-updown-5m-1789626600",
      "status": "skip_ask_too_expensive",
      "threshold": 0.7,
      "max_ask": 0.85,
      "win_streak": 2,
      "clob_up_ask": 0.93,
      "clob_down_ask": 0.08,
      "seconds_left": 215.60688710212708,
      "trigger_price": 0.93
    },
    {
      "ts": "2026-09-17T06:31:27.942743Z",
      "slug": "btc-updown-5m-1789626600",
      "status": "heartbeat",
      "gamma_up": 0.505,
      "gamma_down": 0.495,
      "clob_up_ask": 0.93,
      "clob_down_ask": 0.08,
      "seconds_left": 212.6858880519867,
      "min_spread": 0.009999999999999995
    },
    {
      "ts": "2026-09-17T06:31:27.942773Z",
      "slug": "btc-updown-5m-1789626600",
      "status": "skip_ask_too_expensive",
      "threshold": 0.7,
      "max_ask": 0.85,
      "win_streak": 2,
      "clob_up_ask": 0.93,
      "clob_down_ask": 0.08,
      "seconds_left": 212.6858880519867,
      "trigger_price": 0.93
    },
    {
      "ts": "2026-09-17T06:31:30.862085Z",
      "slug": "btc-updown-5m-1789626600",
      "status": "heartbeat",
      "gamma_up": 0.505,
      "gamma_down": 0.495,
      "clob_up_ask": 0.95,
      "clob_down_ask": 0.06,
      "seconds_left": 209.76221895217896,
      "min_spread": 0.009999999999999995
    },
    {
      "ts": "2026-09-17T06:31:30.862114Z",
      "slug": "btc-updown-5m-1789626600",
      "status": "skip_ask_too_expensive",
      "threshold": 0.7,
      "max_ask": 0.85,
      "win_streak": 2,
      "clob_up_ask": 0.95,
      "clob_down_ask": 0.06,
      "seconds_left": 209.76221895217896,
      "trigger_price": 0.95
    },
    {
      "ts": "2026-09-17T06:31:33.854221Z",
      "slug": "btc-updown-5m-1789626600",
      "status": "heartbeat",
      "gamma_up": 0.505,
      "gamma_down": 0.495,
      "clob_up_ask": 0.96,
      "clob_down_ask": 0.05,
      "seconds_left": 206.79999542236328,
      "min_spread": 0.010000000000000002
    },
    {
      "ts": "2026-09-17T06:31:33.854249Z",
      "slug": "btc-updown-5m-1789626600",
      "status": "skip_ask_too_expensive",
      "threshold": 0.7,
      "max_ask": 0.85,
      "win_streak": 2,
      "clob_up_ask": 0.96,
      "clob_down_ask": 0.05,
      "seconds_left": 206.79999542236328,
      "trigger_price": 0.96
    },
    {
      "ts": "2026-09-17T06:31:40.377106Z",
      "slug": "btc-updown-5m-1789626600",
      "status": "heartbeat",
      "gamma_up": 0.505,
      "gamma_down": 0.495,
      "clob_up_ask": 0.96,
      "clob_down_ask": 0.05,
      "seconds_left": 200.26271557807922,
      "min_spread": 0.010000000000000002
    },
    {
      "ts": "2026-09-17T06:31:40.377135Z",
      "slug": "btc-updown-5m-1789626600",
      "status": "skip_ask_too_expensive",
      "threshold": 0.7,
      "max_ask": 0.85,
      "win_streak": 2,
      "clob_up_ask": 0.96,
      "clob_down_ask": 0.05,
      "seconds_left": 200.26271557807922,
      "trigger_price": 0.96
    },
    {
      "ts": "2026-09-17T06:31:43.411315Z",
      "slug": "btc-updown-5m-1789626600",
      "status": "heartbeat",
      "gamma_up": 0.505,
      "gamma_down": 0.495,
      "clob_up_ask": 0.96,
      "clob_down_ask": 0.05,
      "seconds_left": 197.29910588264465,
      "min_spread": 0.010000000000000002
    },
    {
      "ts": "2026-09-17T06:31:43.411342Z",
      "slug": "btc-updown-5m-1789626600",
      "status": "skip_ask_too_expensive",
      "threshold": 0.7,
      "max_ask": 0.85,
      "win_streak": 2,
      "clob_up_ask": 0.96,
      "clob_down_ask": 0.05,
      "seconds_left": 197.29910588264465,
      "trigger_price": 0.96
    },
    {
      "ts": "2026-09-17T06:31:46.343647Z",
      "slug": "btc-updown-5m-1789626600",
      "status": "heartbeat",
      "gamma_up": 0.505,
      "gamma_down": 0.495,
      "clob_up_ask": 0.96,
      "clob_down_ask": 0.05,
      "seconds_left": 194.2825164794922,
      "min_spread": 0.010000000000000002
    },
    {
      "ts": "2026-09-17T06:31:46.343673Z",
      "slug": "btc-updown-5m-1789626600",
      "status": "skip_ask_too_expensive",
      "threshold": 0.7,
      "max_ask": 0.85,
      "win_streak": 2,
      "clob_up_ask": 0.96,
      "clob_down_ask": 0.05,
      "seconds_left": 194.2825164794922,
      "trigger_price": 0.96
    },
    {
      "ts": "2026-09-17T06:31:49.250247Z",
      "slug": "btc-updown-5m-1789626600",
      "status": "heartbeat",
      "gamma_up": 0.505,
      "gamma_down": 0.495,
      "clob_up_ask": 0.95,
      "clob_down_ask": 0.06,
      "seconds_left": 191.34979939460754,
      "min_spread": 0.009999999999999995
    },
    {
      "ts": "2026-09-17T06:31:49.250266Z",
      "slug": "btc-updown-5m-1789626600",
      "status": "skip_ask_too_expensive",
      "threshold": 0.7,
      "max_ask": 0.85,
      "win_streak": 2,
      "clob_up_ask": 0.95,
      "clob_down_ask": 0.06,
      "seconds_left": 191.34979939460754,
      "trigger_price": 0.95
    },
    {
      "ts": "2026-09-17T06:31:52.207042Z",
      "slug": "btc-updown-5m-1789626600",
      "status": "heartbeat",
      "gamma_up": 0.505,
      "gamma_down": 0.495,
      "clob_up_ask": 0.95,
      "clob_down_ask": 0.06,
      "seconds_left": 188.4392328262329,
      "min_spread": 0.009999999999999995
    },
    {
      "ts": "2026-09-17T06:31:52.207072Z",
      "slug": "btc-updown-5m-1789626600",
      "status": "skip_ask_too_expensive",
      "threshold": 0.7,
      "max_ask": 0.85,
      "win_streak": 2,
      "clob_up_ask": 0.95,
      "clob_down_ask": 0.06,
      "seconds_left": 188.4392328262329,
      "trigger_price": 0.95
    },
    {
      "ts": "2026-09-17T06:31:55.118571Z",
      "slug": "btc-updown-5m-1789626600",
      "status": "heartbeat",
      "gamma_up": 0.505,
      "gamma_down": 0.495,
      "clob_up_ask": 0.95,
      "clob_down_ask": 0.06,
      "seconds_left": 185.4870481491089,
      "min_spread": 0.009999999999999995
    },
    {
      "ts": "2026-09-17T06:31:55.118597Z",
      "slug": "btc-updown-5m-1789626600",
      "status": "skip_ask_too_expensive",
      "threshold": 0.7,
      "max_ask": 0.85,
      "win_streak": 2,
      "clob_up_ask": 0.95,
      "clob_down_ask": 0.06,
      "seconds_left": 185.4870481491089,
      "trigger_price": 0.95
    },
    {
      "ts": "2026-09-17T06:31:58.024039Z",
      "slug": "btc-updown-5m-1789626600",
      "status": "heartbeat",
      "gamma_up": 0.505,
      "gamma_down": 0.495,
      "clob_up_ask": 0.96,
      "clob_down_ask": 0.05,
      "seconds_left": 182.5878574848175,
      "min_spread": 0.010000000000000002
    },
    {
      "ts": "2026-09-17T06:31:58.024069Z",
      "slug": "btc-updown-5m-1789626600",
      "status": "skip_ask_too_expensive",
      "threshold": 0.7,
      "max_ask": 0.85,
      "win_streak": 2,
      "clob_up_ask": 0.96,
      "clob_down_ask": 0.05,
      "seconds_left": 182.5878574848175,
      "trigger_price": 0.96
    },
    {
      "ts": "2026-09-17T06:32:11.062237Z",
      "slug": "btc-updown-5m-1789626600",
      "status": "heartbeat",
      "gamma_up": 0.505,
      "gamma_down": 0.495,
      "clob_up_ask": 0.98,
      "clob_down_ask": 0.03,
      "seconds_left": 169.67135906219482,
      "min_spread": 0.009999999999999998
    },
    {
      "ts": "2026-09-17T06:32:11.062264Z",
      "slug": "btc-updown-5m-1789626600",
      "status": "skip_ask_too_expensive",
      "threshold": 0.7,
      "max_ask": 0.85,
      "win_streak": 2,
      "clob_up_ask": 0.98,
      "clob_down_ask": 0.03,
      "seconds_left": 169.67135906219482,
      "trigger_price": 0.98
    },
    {
      "ts": "2026-09-17T06:32:17.686510Z",
      "slug": "btc-updown-5m-1789626600",
      "status": "heartbeat",
      "gamma_up": 0.505,
      "gamma_down": 0.495,
      "clob_up_ask": 0.98,
      "clob_down_ask": 0.03,
      "seconds_left": 162.92347931861877,
      "min_spread": 0.009999999999999998
    },
    {
      "ts": "2026-09-17T06:32:17.686539Z",
      "slug": "btc-updown-5m-1789626600",
      "status": "skip_ask_too_expensive",
      "threshold": 0.7,
      "max_ask": 0.85,
      "win_streak": 2,
      "clob_up_ask": 0.98,
      "clob_down_ask": 0.03,
      "seconds_left": 162.92347931861877,
      "trigger_price": 0.98
    },
    {
      "ts": "2026-09-17T06:32:20.707146Z",
      "slug": "btc-updown-5m-1789626600",
      "status": "heartbeat",
      "gamma_up": 0.505,
      "gamma_down": 0.495,
      "clob_up_ask": 0.97,
      "clob_down_ask": 0.04,
      "seconds_left": 160.00389456748962,
      "min_spread": 0.010000000000000002
    },
    {
      "ts": "2026-09-17T06:32:20.707173Z",
      "slug": "btc-updown-5m-1789626600",
      "status": "skip_ask_too_expensive",
      "threshold": 0.7,
      "max_ask": 0.85,
      "win_streak": 2,
      "clob_up_ask": 0.97,
      "clob_down_ask": 0.04,
      "seconds_left": 160.00389456748962,
      "trigger_price": 0.97
    },
    {
      "ts": "2026-09-17T06:32:23.600857Z",
      "slug": "btc-updown-5m-1789626600",
      "status": "heartbeat",
      "gamma_up": 0.505,
      "gamma_down": 0.495,
      "clob_up_ask": 0.96,
      "clob_down_ask": 0.05,
      "seconds_left": 157.00249671936035,
      "min_spread": 0.010000000000000002
    },
    {
      "ts": "2026-09-17T06:32:23.600875Z",
      "slug": "btc-updown-5m-1789626600",
      "status": "skip_ask_too_expensive",
      "threshold": 0.7,
      "max_ask": 0.85,
      "win_streak": 2,
      "clob_up_ask": 0.96,
      "clob_down_ask": 0.05,
      "seconds_left": 157.00249671936035,
      "trigger_price": 0.96
    },
    {
      "ts": "2026-09-17T06:32:26.509471Z",
      "slug": "btc-updown-5m-1789626600",
      "status": "heartbeat",
      "gamma_up": 0.505,
      "gamma_down": 0.495,
      "clob_up_ask": 0.96,
      "clob_down_ask": 0.05,
      "seconds_left": 154.09599351882935,
      "min_spread": 0.010000000000000002
    },
    {
      "ts": "2026-09-17T06:32:26.509506Z",
      "slug": "btc-updown-5m-1789626600",
      "status": "skip_ask_too_expensive",
      "threshold": 0.7,
      "max_ask": 0.85,
      "win_streak": 2,
      "clob_up_ask": 0.96,
      "clob_down_ask": 0.05,
      "seconds_left": 154.09599351882935,
      "trigger_price": 0.96
    },
    {
      "ts": "2026-09-17T06:32:29.494567Z",
      "slug": "btc-updown-5m-1789626600",
      "status": "heartbeat",
      "gamma_up": 0.505,
      "gamma_down": 0.495,
      "clob_up_ask": 0.95,
      "clob_down_ask": 0.06,
      "seconds_left": 151.13986039161682,
      "min_spread": 0.009999999999999995
    },
    {
      "ts": "2026-09-17T06:32:29.494595Z",
      "slug": "btc-updown-5m-1789626600",
      "status": "skip_ask_too_expensive",
      "threshold": 0.7,
      "max_ask": 0.85,
      "win_streak": 2,
      "clob_up_ask": 0.95,
      "clob_down_ask": 0.06,
      "seconds_left": 151.13986039161682,
      "trigger_price": 0.95
    },
    {
      "ts": "2026-09-17T06:32:32.418446Z",
      "slug": "btc-updown-5m-1789626600",
      "status": "heartbeat",
      "gamma_up": 0.505,
      "gamma_down": 0.495,
      "clob_up_ask": 0.95,
      "clob_down_ask": 0.06,
      "seconds_left": 148.20905590057373,
      "min_spread": 0.009999999999999995
    },
    {
      "ts": "2026-09-17T06:32:32.418471Z",
      "slug": "btc-updown-5m-1789626600",
      "status": "skip_ask_too_expensive",
      "threshold": 0.7,
      "max_ask": 0.85,
      "win_streak": 2,
      "clob_up_ask": 0.95,
      "clob_down_ask": 0.06,
      "seconds_left": 148.20905590057373,
      "trigger_price": 0.95
    },
    {
      "ts": "2026-09-17T06:32:35.331766Z",
      "slug": "btc-updown-5m-1789626600",
      "status": "heartbeat",
      "gamma_up": 0.505,
      "gamma_down": 0.495,
      "clob_up_ask": 0.94,
      "clob_down_ask": 0.07,
      "seconds_left": 145.26980471611023,
      "min_spread": 0.009999999999999898
    },
    {
      "ts": "2026-09-17T06:32:35.331796Z",
      "slug": "btc-updown-5m-1789626600",
      "status": "skip_ask_too_expensive",
      "threshold": 0.7,
      "max_ask": 0.85,
      "win_streak": 2,
      "clob_up_ask": 0.94,
      "clob_down_ask": 0.07,
      "seconds_left": 145.26980471611023,
      "trigger_price": 0.94
    },
    {
      "ts": "2026-09-17T06:32:38.232122Z",
      "slug": "btc-updown-5m-1789626600",
      "status": "heartbeat",
      "gamma_up": 0.505,
      "gamma_down": 0.495,
      "clob_up_ask": 0.9,
      "clob_down_ask": 0.1,
      "seconds_left": 142.3803379535675,
      "min_spread": 0.010000000000000009
    },
    {
      "ts": "2026-09-17T06:32:38.232152Z",
      "slug": "btc-updown-5m-1789626600",
      "status": "skip_ask_too_expensive",
      "threshold": 0.7,
      "max_ask": 0.85,
      "win_streak": 2,
      "clob_up_ask": 0.9,
      "clob_down_ask": 0.1,
      "seconds_left": 142.3803379535675,
      "trigger_price": 0.9
    },
    {
      "ts": "2026-09-17T06:32:41.181263Z",
      "slug": "btc-updown-5m-1789626600",
      "status": "heartbeat",
      "gamma_up": 0.505,
      "gamma_down": 0.495,
      "clob_up_ask": 0.94,
      "clob_down_ask": 0.07,
      "seconds_left": 139.45962762832642,
      "min_spread": 0.009999999999999898
    },
    {
      "ts": "2026-09-17T06:32:41.181290Z",
      "slug": "btc-updown-5m-1789626600",
      "status": "skip_ask_too_expensive",
      "threshold": 0.7,
      "max_ask": 0.85,
      "win_streak": 2,
      "clob_up_ask": 0.94,
      "clob_down_ask": 0.07,
      "seconds_left": 139.45962762832642,
      "trigger_price": 0.94
    },
    {
      "ts": "2026-09-17T06:32:44.123507Z",
      "slug": "btc-updown-5m-1789626600",
      "status": "heartbeat",
      "gamma_up": 0.505,
      "gamma_down": 0.495,
      "clob_up_ask": 0.95,
      "clob_down_ask": 0.05,
      "seconds_left": 136.52152633666992,
      "min_spread": 0.010000000000000002
    },
    {
      "ts": "2026-09-17T06:32:44.123540Z",
      "slug": "btc-updown-5m-1789626600",
      "status": "skip_ask_too_expensive",
      "threshold": 0.7,
      "max_ask": 0.85,
      "win_streak": 2,
      "clob_up_ask": 0.95,
      "clob_down_ask": 0.05,
      "seconds_left": 136.52152633666992,
      "trigger_price": 0.95
    },
    {
      "ts": "2026-09-17T06:32:47.361882Z",
      "slug": "btc-updown-5m-1789626600",
      "status": "heartbeat",
      "gamma_up": 0.505,
      "gamma_down": 0.495,
      "clob_up_ask": 0.96,
      "clob_down_ask": 0.05,
      "seconds_left": 133.57093143463135,
      "min_spread": 0.010000000000000002
    },
    {
      "ts": "2026-09-17T06:32:47.361914Z",
      "slug": "btc-updown-5m-1789626600",
      "status": "skip_ask_too_expensive",
      "threshold": 0.7,
      "max_ask": 0.85,
      "win_streak": 2,
      "clob_up_ask": 0.96,
      "clob_down_ask": 0.05,
      "seconds_left": 133.57093143463135,
      "trigger_price": 0.96
    },
    {
      "ts": "2026-09-17T06:32:54.189232Z",
      "slug": "btc-updown-5m-1789626600",
      "status": "heartbeat",
      "gamma_up": 0.505,
      "gamma_down": 0.495,
      "clob_up_ask": 0.96,
      "clob_down_ask": 0.05,
      "seconds_left": 126.46781086921692,
      "min_spread": 0.010000000000000002
    },
    {
      "ts": "2026-09-17T06:32:54.189256Z",
      "slug": "btc-updown-5m-1789626600",
      "status": "skip_ask_too_expensive",
      "threshold": 0.7,
      "max_ask": 0.85,
      "win_streak": 2,
      "clob_up_ask": 0.96,
      "clob_down_ask": 0.05,
      "seconds_left": 126.46781086921692,
      "trigger_price": 0.96
    },
    {
      "ts": "2026-09-17T06:32:57.170191Z",
      "slug": "btc-updown-5m-1789626600",
      "status": "heartbeat",
      "gamma_up": 0.505,
      "gamma_down": 0.495,
      "clob_up_ask": 0.97,
      "clob_down_ask": 0.04,
      "seconds_left": 123.49975371360779,
      "min_spread": 0.010000000000000002
    },
    {
      "ts": "2026-09-17T06:32:57.170210Z",
      "slug": "btc-updown-5m-1789626600",
      "status": "skip_ask_too_expensive",
      "threshold": 0.7,
      "max_ask": 0.85,
      "win_streak": 2,
      "clob_up_ask": 0.97,
      "clob_down_ask": 0.04,
      "seconds_left": 123.49975371360779,
      "trigger_price": 0.97
    },
    {
      "ts": "2026-09-17T06:33:00.305885Z",
      "slug": "btc-updown-5m-1789626600",
      "status": "heartbeat",
      "gamma_up": 0.505,
      "gamma_down": 0.495,
      "clob_up_ask": 0.97,
      "clob_down_ask": 0.04,
      "seconds_left": 120.50021195411682,
      "min_spread": 0.010000000000000002
    },
    {
      "ts": "2026-09-17T06:33:00.305923Z",
      "slug": "btc-updown-5m-1789626600",
      "status": "skip_ask_too_expensive",
      "threshold": 0.7,
      "max_ask": 0.85,
      "win_streak": 2,
      "clob_up_ask": 0.97,
      "clob_down_ask": 0.04,
      "seconds_left": 120.50021195411682,
      "trigger_price": 0.97
    },
    {
      "ts": "2026-09-17T06:33:03.272766Z",
      "slug": "btc-updown-5m-1789626600",
      "status": "heartbeat",
      "gamma_up": 0.505,
      "gamma_down": 0.495,
      "clob_up_ask": 0.98,
      "clob_down_ask": 0.03,
      "seconds_left": 117.3904139995575,
      "min_spread": 0.009999999999999998
    },
    {
      "ts": "2026-09-17T06:33:03.272798Z",
      "slug": "btc-updown-5m-1789626600",
      "status": "skip_ask_too_expensive",
      "threshold": 0.7,
      "max_ask": 0.85,
      "win_streak": 2,
      "clob_up_ask": 0.98,
      "clob_down_ask": 0.03,
      "seconds_left": 117.3904139995575,
      "trigger_price": 0.98
    },
    {
      "ts": "2026-09-17T06:33:06.251896Z",
      "slug": "btc-updown-5m-1789626600",
      "status": "heartbeat",
      "gamma_up": 0.505,
      "gamma_down": 0.495,
      "clob_up_ask": 0.98,
      "clob_down_ask": 0.03,
      "seconds_left": 114.37500810623169,
      "min_spread": 0.009999999999999998
    },
    {
      "ts": "2026-09-17T06:33:06.251929Z",
      "slug": "btc-updown-5m-1789626600",
      "status": "skip_ask_too_expensive",
      "threshold": 0.7,
      "max_ask": 0.85,
      "win_streak": 2,
      "clob_up_ask": 0.98,
      "clob_down_ask": 0.03,
      "seconds_left": 114.37500810623169,
      "trigger_price": 0.98
    },
    {
      "ts": "2026-09-17T06:33:09.305922Z",
      "slug": "btc-updown-5m-1789626600",
      "status": "heartbeat",
      "gamma_up": 0.505,
      "gamma_down": 0.495,
      "clob_up_ask": 0.98,
      "clob_down_ask": 0.03,
      "seconds_left": 111.39138627052307,
      "min_spread": 0.009999999999999998
    },
    {
      "ts": "2026-09-17T06:33:09.305952Z",
      "slug": "btc-updown-5m-1789626600",
      "status": "skip_ask_too_expensive",
      "threshold": 0.7,
      "max_ask": 0.85,
      "win_streak": 2,
      "clob_up_ask": 0.98,
      "clob_down_ask": 0.03,
      "seconds_left": 111.39138627052307,
      "trigger_price": 0.98
    },
    {
      "ts": "2026-09-17T06:33:12.624378Z",
      "slug": "btc-updown-5m-1789626600",
      "status": "heartbeat",
      "gamma_up": 0.505,
      "gamma_down": 0.495,
      "clob_up_ask": 0.98,
      "clob_down_ask": 0.03,
      "seconds_left": 108.29418230056763,
      "min_spread": 0.009999999999999998
    },
    {
      "ts": "2026-09-17T06:33:12.624411Z",
      "slug": "btc-updown-5m-1789626600",
      "status": "skip_ask_too_expensive",
      "threshold": 0.7,
      "max_ask": 0.85,
      "win_streak": 2,
      "clob_up_ask": 0.98,
      "clob_down_ask": 0.03,
      "seconds_left": 108.29418230056763,
      "trigger_price": 0.98
    },
    {
      "ts": "2026-09-17T06:33:15.713143Z",
      "slug": "btc-updown-5m-1789626600",
      "status": "heartbeat",
      "gamma_up": 0.505,
      "gamma_down": 0.495,
      "clob_up_ask": null,
      "clob_down_ask": 0.01,
      "seconds_left": 105.00449442863464,
      "min_spread": null
    },
    {
      "ts": "2026-09-17T06:33:15.713171Z",
      "slug": "btc-updown-5m-1789626600",
      "status": "skip_price_below_threshold",
      "threshold": 0.7,
      "max_ask": 0.85,
      "win_streak": 2,
      "clob_up_ask": null,
      "clob_down_ask": 0.01,
      "seconds_left": 105.00449442863464,
      "trigger_price": null
    },
    {
      "ts": "2026-09-17T06:33:18.621004Z",
      "slug": "btc-updown-5m-1789626600",
      "status": "heartbeat",
      "gamma_up": 0.505,
      "gamma_down": 0.495,
      "clob_up_ask": null,
      "clob_down_ask": 0.01,
      "seconds_left": 102.00203323364258,
      "min_spread": null
    },
    {
      "ts": "2026-09-17T06:33:18.621034Z",
      "slug": "btc-updown-5m-1789626600",
      "status": "skip_price_below_threshold",
      "threshold": 0.7,
      "max_ask": 0.85,
      "win_streak": 2,
      "clob_up_ask": null,
      "clob_down_ask": 0.01,
      "seconds_left": 102.00203323364258,
      "trigger_price": null
    },
    {
      "ts": "2026-09-17T06:33:21.582942Z",
      "slug": "btc-updown-5m-1789626600",
      "status": "heartbeat",
      "gamma_up": 0.505,
      "gamma_down": 0.495,
      "clob_up_ask": null,
      "clob_down_ask": 0.01,
      "seconds_left": 99.0152485370636,
      "min_spread": null
    },
    {
      "ts": "2026-09-17T06:33:21.582965Z",
      "slug": "btc-updown-5m-1789626600",
      "status": "skip_price_below_threshold",
      "threshold": 0.7,
      "max_ask": 0.85,
      "win_streak": 2,
      "clob_up_ask": null,
      "clob_down_ask": 0.01,
      "seconds_left": 99.0152485370636,
      "trigger_price": null
    },
    {
      "ts": "2026-09-17T06:33:27.999557Z",
      "slug": "btc-updown-5m-1789626600",
      "status": "heartbeat",
      "gamma_up": 0.505,
      "gamma_down": 0.495,
      "clob_up_ask": null,
      "clob_down_ask": 0.01,
      "seconds_left": 96.12533569335938,
      "min_spread": null
    },
    {
      "ts": "2026-09-17T06:33:27.999570Z",
      "slug": "btc-updown-5m-1789626600",
      "status": "skip_price_below_threshold",
      "threshold": 0.7,
      "max_ask": 0.85,
      "win_streak": 2,
      "clob_up_ask": null,
      "clob_down_ask": 0.01,
      "seconds_left": 96.12533569335938,
      "trigger_price": null
    },
    {
      "ts": "2026-09-17T06:33:30.964118Z",
      "slug": "btc-updown-5m-1789626600",
      "status": "heartbeat",
      "gamma_up": 0.505,
      "gamma_down": 0.495,
      "clob_up_ask": null,
      "clob_down_ask": 0.01,
      "seconds_left": 89.66580414772034,
      "min_spread": null
    },
    {
      "ts": "2026-09-17T06:33:30.964144Z",
      "slug": "btc-updown-5m-1789626600",
      "status": "skip_price_below_threshold",
      "threshold": 0.7,
      "max_ask": 0.85,
      "win_streak": 2,
      "clob_up_ask": null,
      "clob_down_ask": 0.01,
      "seconds_left": 89.66580414772034,
      "trigger_price": null
    },
    {
      "ts": "2026-09-17T06:33:34.005566Z",
      "slug": "btc-updown-5m-1789626600",
      "status": "heartbeat",
      "gamma_up": 0.505,
      "gamma_down": 0.495,
      "clob_up_ask": null,
      "clob_down_ask": 0.01,
      "seconds_left": 86.66141700744629,
      "min_spread": null
    },
    {
      "ts": "2026-09-17T06:33:34.005595Z",
      "slug": "btc-updown-5m-1789626600",
      "status": "skip_price_below_threshold",
      "threshold": 0.7,
      "max_ask": 0.85,
      "win_streak": 2,
      "clob_up_ask": null,
      "clob_down_ask": 0.01,
      "seconds_left": 86.66141700744629,
      "trigger_price": null
    },
    {
      "ts": "2026-09-17T06:33:37.057682Z",
      "slug": "btc-updown-5m-1789626600",
      "status": "heartbeat",
      "gamma_up": 0.505,
      "gamma_down": 0.495,
      "clob_up_ask": null,
      "clob_down_ask": 0.01,
      "seconds_left": 83.67440128326416,
      "min_spread": null
    },
    {
      "ts": "2026-09-17T06:33:37.057706Z",
      "slug": "btc-updown-5m-1789626600",
      "status": "skip_price_below_threshold",
      "threshold": 0.7,
      "max_ask": 0.85,
      "win_streak": 2,
      "clob_up_ask": null,
      "clob_down_ask": 0.01,
      "seconds_left": 83.67440128326416,
      "trigger_price": null
    },
    {
      "ts": "2026-09-17T06:33:40.108993Z",
      "slug": "btc-updown-5m-1789626600",
      "status": "heartbeat",
      "gamma_up": 0.505,
      "gamma_down": 0.495,
      "clob_up_ask": null,
      "clob_down_ask": 0.01,
      "seconds_left": 80.61911082267761,
      "min_spread": null
    },
    {
      "ts": "2026-09-17T06:33:40.109019Z",
      "slug": "btc-updown-5m-1789626600",
      "status": "skip_price_below_threshold",
      "threshold": 0.7,
      "max_ask": 0.85,
      "win_streak": 2,
      "clob_up_ask": null,
      "clob_down_ask": 0.01,
      "seconds_left": 80.61911082267761,
      "trigger_price": null
    },
    {
      "ts": "2026-09-17T06:33:43.079108Z",
      "slug": "btc-updown-5m-1789626600",
      "status": "heartbeat",
      "gamma_up": 0.995,
      "gamma_down": 0.005,
      "clob_up_ask": null,
      "clob_down_ask": 0.01,
      "seconds_left": 77.57355308532715,
      "min_spread": null
    },
    {
      "ts": "2026-09-17T06:33:43.079132Z",
      "slug": "btc-updown-5m-1789626600",
      "status": "skip_price_below_threshold",
      "threshold": 0.7,
      "max_ask": 0.85,
      "win_streak": 2,
      "clob_up_ask": null,
      "clob_down_ask": 0.01,
      "seconds_left": 77.57355308532715,
      "trigger_price": null
    },
    {
      "ts": "2026-09-17T06:33:46.121733Z",
      "slug": "btc-updown-5m-1789626600",
      "status": "heartbeat",
      "gamma_up": 0.995,
      "gamma_down": 0.005,
      "clob_up_ask": null,
      "clob_down_ask": 0.01,
      "seconds_left": 74.59121465682983,
      "min_spread": null
    },
    {
      "ts": "2026-09-17T06:33:46.121755Z",
      "slug": "btc-updown-5m-1789626600",
      "status": "skip_price_below_threshold",
      "threshold": 0.7,
      "max_ask": 0.85,
      "win_streak": 2,
      "clob_up_ask": null,
      "clob_down_ask": 0.01,
      "seconds_left": 74.59121465682983,
      "trigger_price": null
    },
    {
      "ts": "2026-09-17T06:33:49.644635Z",
      "slug": "btc-updown-5m-1789626600",
      "status": "heartbeat",
      "gamma_up": 0.995,
      "gamma_down": 0.005,
      "clob_up_ask": null,
      "clob_down_ask": 0.01,
      "seconds_left": 71.34774947166443,
      "min_spread": null
    },
    {
      "ts": "2026-09-17T06:33:49.644754Z",
      "slug": "btc-updown-5m-1789626600",
      "status": "skip_price_below_threshold",
      "threshold": 0.7,
      "max_ask": 0.85,
      "win_streak": 2,
      "clob_up_ask": null,
      "clob_down_ask": 0.01,
      "seconds_left": 71.34774947166443,
      "trigger_price": null
    },
    {
      "ts": "2026-09-17T06:33:52.709376Z",
      "slug": "btc-updown-5m-1789626600",
      "status": "heartbeat",
      "gamma_up": 0.995,
      "gamma_down": 0.005,
      "clob_up_ask": null,
      "clob_down_ask": 0.01,
      "seconds_left": 68.03102684020996,
      "min_spread": null
    },
    {
      "ts": "2026-09-17T06:33:52.709398Z",
      "slug": "btc-updown-5m-1789626600",
      "status": "skip_price_below_threshold",
      "threshold": 0.7,
      "max_ask": 0.85,
      "win_streak": 2,
      "clob_up_ask": null,
      "clob_down_ask": 0.01,
      "seconds_left": 68.03102684020996,
      "trigger_price": null
    },
    {
      "ts": "2026-09-17T06:33:55.716668Z",
      "slug": "btc-updown-5m-1789626600",
      "status": "heartbeat",
      "gamma_up": 0.995,
      "gamma_down": 0.005,
      "clob_up_ask": null,
      "clob_down_ask": 0.01,
      "seconds_left": 64.92159724235535,
      "min_spread": null
    },
    {
      "ts": "2026-09-17T06:33:55.716691Z",
      "slug": "btc-updown-5m-1789626600",
      "status": "skip_price_below_threshold",
      "threshold": 0.7,
      "max_ask": 0.85,
      "win_streak": 2,
      "clob_up_ask": null,
      "clob_down_ask": 0.01,
      "seconds_left": 64.92159724235535,
      "trigger_price": null
    },
    {
      "ts": "2026-09-17T06:33:58.698570Z",
      "slug": "btc-updown-5m-1789626600",
      "status": "heartbeat",
      "gamma_up": 0.995,
      "gamma_down": 0.005,
      "clob_up_ask": null,
      "clob_down_ask": 0.01,
      "seconds_left": 61.90392851829529,
      "min_spread": null
    },
    {
      "ts": "2026-09-17T06:33:58.698595Z",
      "slug": "btc-updown-5m-1789626600",
      "status": "skip_price_below_threshold",
      "threshold": 0.7,
      "max_ask": 0.85,
      "win_streak": 2,
      "clob_up_ask": null,
      "clob_down_ask": 0.01,
      "seconds_left": 61.90392851829529,
      "trigger_price": null
    },
    {
      "ts": "2026-09-17T06:34:04.591188Z",
      "slug": "btc-updown-5m-1789626600",
      "status": "skip_too_late_to_enter",
      "seconds_left": 55.40881705284119,
      "min_entry_seconds_left": 60
    },
    {
      "ts": "2026-09-17T06:34:06.896348Z",
      "slug": "btc-updown-5m-1789626600",
      "status": "skip_too_late_to_enter",
      "seconds_left": 53.10365915298462,
      "min_entry_seconds_left": 60
    },
    {
      "ts": "2026-09-17T06:34:09.201994Z",
      "slug": "btc-updown-5m-1789626600",
      "status": "skip_too_late_to_enter",
      "seconds_left": 50.798011302948,
      "min_entry_seconds_left": 60
    },
    {
      "ts": "2026-09-17T06:34:11.552527Z",
      "slug": "btc-updown-5m-1789626600",
      "status": "skip_too_late_to_enter",
      "seconds_left": 48.44747591018677,
      "min_entry_seconds_left": 60
    },
    {
      "ts": "2026-09-17T06:34:13.838901Z",
      "slug": "btc-updown-5m-1789626600",
      "status": "skip_too_late_to_enter",
      "seconds_left": 46.16110444068909,
      "min_entry_seconds_left": 60
    },
    {
      "ts": "2026-09-17T06:34:16.183359Z",
      "slug": "btc-updown-5m-1789626600",
      "status": "skip_too_late_to_enter",
      "seconds_left": 43.816643476486206,
      "min_entry_seconds_left": 60
    },
    {
      "ts": "2026-09-17T06:34:18.493007Z",
      "slug": "btc-updown-5m-1789626600",
      "status": "skip_too_late_to_enter",
      "seconds_left": 41.50699830055237,
      "min_entry_seconds_left": 60
    },
    {
      "ts": "2026-09-17T06:34:20.854772Z",
      "slug": "btc-updown-5m-1789626600",
      "status": "skip_too_late_to_enter",
      "seconds_left": 39.145230531692505,
      "min_entry_seconds_left": 60
    },
    {
      "ts": "2026-09-17T06:34:23.170174Z",
      "slug": "btc-updown-5m-1789626600",
      "status": "skip_too_late_to_enter",
      "seconds_left": 36.82983136177063,
      "min_entry_seconds_left": 60
    },
    {
      "ts": "2026-09-17T06:34:25.460963Z",
      "slug": "btc-updown-5m-1789626600",
      "status": "skip_too_late_to_enter",
      "seconds_left": 34.539042472839355,
      "min_entry_seconds_left": 60
    },
    {
      "ts": "2026-09-17T06:34:27.776770Z",
      "slug": "btc-updown-5m-1789626600",
      "status": "skip_too_late_to_enter",
      "seconds_left": 32.2232346534729,
      "min_entry_seconds_left": 60
    },
    {
      "ts": "2026-09-17T06:34:30.063992Z",
      "slug": "btc-updown-5m-1789626600",
      "status": "skip_too_late_to_enter",
      "seconds_left": 29.93601083755493,
      "min_entry_seconds_left": 60
    },
    {
      "ts": "2026-09-17T06:34:32.708507Z",
      "slug": "btc-updown-5m-1789626600",
      "status": "skip_too_late_to_enter",
      "seconds_left": 27.29149842262268,
      "min_entry_seconds_left": 60
    },
    {
      "ts": "2026-09-17T06:34:35.604574Z",
      "slug": "btc-updown-5m-1789626600",
      "status": "skip_too_late_to_enter",
      "seconds_left": 24.395431995391846,
      "min_entry_seconds_left": 60
    },
    {
      "ts": "2026-09-17T06:34:43.817178Z",
      "slug": "btc-updown-5m-1789626600",
      "status": "skip_too_late_to_enter",
      "seconds_left": 16.182828903198242,
      "min_entry_seconds_left": 60
    },
    {
      "ts": "2026-09-17T06:34:47.045429Z",
      "slug": "btc-updown-5m-1789626600",
      "status": "skip_too_late_to_enter",
      "seconds_left": 12.954576969146729,
      "min_entry_seconds_left": 60
    },
    {
      "ts": "2026-09-17T06:34:50.985148Z",
      "slug": "btc-updown-5m-1789626600",
      "status": "skip_too_late_to_enter",
      "seconds_left": 9.014857530593872,
      "min_entry_seconds_left": 60
    },
    {
      "ts": "2026-09-17T06:34:53.319156Z",
      "slug": "btc-updown-5m-1789626600",
      "status": "skip_too_late_to_enter",
      "seconds_left": 6.680847406387329,
      "min_entry_seconds_left": 60
    },
    {
      "ts": "2026-09-17T06:34:55.695931Z",
      "status": "heartbeat_no_current_market"
    },
    {
      "ts": "2026-09-17T06:34:58.072293Z",
      "status": "heartbeat_no_current_market"
    },
    {
      "ts": "2026-09-17T06:35:01.317203Z",
      "slug": "btc-updown-5m-1789626900",
      "status": "heartbeat",
      "gamma_up": 0.505,
      "gamma_down": 0.495,
      "clob_up_ask": 0.47,
      "clob_down_ask": 0.54,
      "seconds_left": 299.6205680370331,
      "min_spread": 0.009999999999999953
    },
    {
      "ts": "2026-09-17T06:35:01.317230Z",
      "slug": "btc-updown-5m-1789626900",
      "status": "skip_price_below_threshold",
      "threshold": 0.7,
      "max_ask": 0.85,
      "win_streak": 2,
      "clob_up_ask": 0.47,
      "clob_down_ask": 0.54,
      "seconds_left": 299.6205680370331,
      "trigger_price": null
    },
    {
      "ts": "2026-09-17T06:35:04.269633Z",
      "slug": "btc-updown-5m-1789626900",
      "status": "heartbeat",
      "gamma_up": 0.505,
      "gamma_down": 0.495,
      "clob_up_ask": 0.47,
      "clob_down_ask": 0.54,
      "seconds_left": 296.3844826221466,
      "min_spread": 0.009999999999999953
    },
    {
      "ts": "2026-09-17T06:35:04.269657Z",
      "slug": "btc-updown-5m-1789626900",
      "status": "skip_price_below_threshold",
      "threshold": 0.7,
      "max_ask": 0.85,
      "win_streak": 2,
      "clob_up_ask": 0.47,
      "clob_down_ask": 0.54,
      "seconds_left": 296.3844826221466,
      "trigger_price": null
    },
    {
      "ts": "2026-09-17T06:35:07.580485Z",
      "slug": "btc-updown-5m-1789626900",
      "status": "heartbeat",
      "gamma_up": 0.505,
      "gamma_down": 0.495,
      "clob_up_ask": 0.51,
      "clob_down_ask": 0.5,
      "seconds_left": 293.2076165676117,
      "min_spread": 0.010000000000000009
    },
    {
      "ts": "2026-09-17T06:35:07.580507Z",
      "slug": "btc-updown-5m-1789626900",
      "status": "skip_price_below_threshold",
      "threshold": 0.7,
      "max_ask": 0.85,
      "win_streak": 2,
      "clob_up_ask": 0.51,
      "clob_down_ask": 0.5,
      "seconds_left": 293.2076165676117,
      "trigger_price": null
    },
    {
      "ts": "2026-09-17T06:35:11.025045Z",
      "slug": "btc-updown-5m-1789626900",
      "status": "heartbeat",
      "gamma_up": 0.505,
      "gamma_down": 0.495,
      "clob_up_ask": 0.54,
      "clob_down_ask": 0.42,
      "seconds_left": 289.86763405799866,
      "min_spread": 0.010000000000000009
    },
    {
      "ts": "2026-09-17T06:35:11.025068Z",
      "slug": "btc-updown-5m-1789626900",
      "status": "skip_price_below_threshold",
      "threshold": 0.7,
      "max_ask": 0.85,
      "win_streak": 2,
      "clob_up_ask": 0.54,
      "clob_down_ask": 0.42,
      "seconds_left": 289.86763405799866,
      "trigger_price": null
    },
    {
      "ts": "2026-09-17T06:35:17.484127Z",
      "slug": "btc-updown-5m-1789626900",
      "status": "heartbeat",
      "gamma_up": 0.505,
      "gamma_down": 0.495,
      "clob_up_ask": 0.53,
      "clob_down_ask": 0.48,
      "seconds_left": 283.12020897865295,
      "min_spread": 0.010000000000000009
    },
    {
      "ts": "2026-09-17T06:35:17.484144Z",
      "slug": "btc-updown-5m-1789626900",
      "status": "skip_price_below_threshold",
      "threshold": 0.7,
      "max_ask": 0.85,
      "win_streak": 2,
      "clob_up_ask": 0.53,
      "clob_down_ask": 0.48,
      "seconds_left": 283.12020897865295,
      "trigger_price": null
    },
    {
      "ts": "2026-09-17T06:35:20.883312Z",
      "slug": "btc-updown-5m-1789626900",
      "status": "heartbeat",
      "gamma_up": 0.505,
      "gamma_down": 0.495,
      "clob_up_ask": 0.56,
      "clob_down_ask": 0.45,
      "seconds_left": 280.19321036338806,
      "min_spread": 0.010000000000000009
    },
    {
      "ts": "2026-09-17T06:35:20.883397Z",
      "slug": "btc-updown-5m-1789626900",
      "status": "skip_price_below_threshold",
      "threshold": 0.7,
      "max_ask": 0.85,
      "win_streak": 2,
      "clob_up_ask": 0.56,
      "clob_down_ask": 0.45,
      "seconds_left": 280.19321036338806,
      "trigger_price": null
    },
    {
      "ts": "2026-09-17T06:35:32.890799Z",
      "status": "heartbeat_no_current_market"
    },
    {
      "ts": "2026-09-17T06:35:36.204105Z",
      "slug": "btc-updown-5m-1789626900",
      "status": "heartbeat",
      "gamma_up": 0.505,
      "gamma_down": 0.495,
      "clob_up_ask": 0.64,
      "clob_down_ask": 0.37,
      "seconds_left": 264.7380108833313,
      "min_spread": 0.010000000000000009
    },
    {
      "ts": "2026-09-17T06:35:36.204130Z",
      "slug": "btc-updown-5m-1789626900",
      "status": "skip_price_below_threshold",
      "threshold": 0.7,
      "max_ask": 0.85,
      "win_streak": 2,
      "clob_up_ask": 0.64,
      "clob_down_ask": 0.37,
      "seconds_left": 264.7380108833313,
      "trigger_price": null
    },
    {
      "ts": "2026-09-17T06:35:39.214735Z",
      "slug": "btc-updown-5m-1789626900",
      "status": "heartbeat",
      "gamma_up": 0.505,
      "gamma_down": 0.495,
      "clob_up_ask": 0.64,
      "clob_down_ask": 0.37,
      "seconds_left": 261.4684102535248,
      "min_spread": 0.010000000000000009
    },
    {
      "ts": "2026-09-17T06:35:39.214761Z",
      "slug": "btc-updown-5m-1789626900",
      "status": "skip_price_below_threshold",
      "threshold": 0.7,
      "max_ask": 0.85,
      "win_streak": 2,
      "clob_up_ask": 0.64,
      "clob_down_ask": 0.37,
      "seconds_left": 261.4684102535248,
      "trigger_price": null
    },
    {
      "ts": "2026-09-17T06:35:42.750267Z",
      "slug": "btc-updown-5m-1789626900",
      "status": "heartbeat",
      "gamma_up": 0.505,
      "gamma_down": 0.495,
      "clob_up_ask": 0.65,
      "clob_down_ask": 0.36,
      "seconds_left": 258.38591051101685,
      "min_spread": 0.010000000000000009
    },
    {
      "ts": "2026-09-17T06:35:42.750293Z",
      "slug": "btc-updown-5m-1789626900",
      "status": "skip_price_below_threshold",
      "threshold": 0.7,
      "max_ask": 0.85,
      "win_streak": 2,
      "clob_up_ask": 0.65,
      "clob_down_ask": 0.36,
      "seconds_left": 258.38591051101685,
      "trigger_price": null
    },
    {
      "ts": "2026-09-17T06:35:45.773959Z",
      "slug": "btc-updown-5m-1789626900",
      "status": "heartbeat",
      "gamma_up": 0.505,
      "gamma_down": 0.495,
      "clob_up_ask": 0.66,
      "clob_down_ask": 0.35,
      "seconds_left": 254.87130761146545,
      "min_spread": 0.009999999999999953
    },
    {
      "ts": "2026-09-17T06:35:45.773986Z",
      "slug": "btc-updown-5m-1789626900",
      "status": "skip_price_below_threshold",
      "threshold": 0.7,
      "max_ask": 0.85,
      "win_streak": 2,
      "clob_up_ask": 0.66,
      "clob_down_ask": 0.35,
      "seconds_left": 254.87130761146545,
      "trigger_price": null
    },
    {
      "ts": "2026-09-17T06:35:54.027709Z",
      "slug": "btc-updown-5m-1789626900",
      "status": "heartbeat",
      "gamma_up": 0.505,
      "gamma_down": 0.495,
      "clob_up_ask": 0.63,
      "clob_down_ask": 0.37,
      "seconds_left": 251.27047896385193,
      "min_spread": 0.010000000000000009
    },
    {
      "ts": "2026-09-17T06:35:54.027723Z",
      "slug": "btc-updown-5m-1789626900",
      "status": "skip_price_below_threshold",
      "threshold": 0.7,
      "max_ask": 0.85,
      "win_streak": 2,
      "clob_up_ask": 0.63,
      "clob_down_ask": 0.37,
      "seconds_left": 251.27047896385193,
      "trigger_price": null
    },
    {
      "ts": "2026-09-17T06:35:58.243408Z",
      "slug": "btc-updown-5m-1789626900",
      "status": "heartbeat",
      "gamma_up": 0.505,
      "gamma_down": 0.495,
      "clob_up_ask": 0.64,
      "clob_down_ask": 0.37,
      "seconds_left": 243.2432358264923,
      "min_spread": 0.010000000000000009
    },
    {
      "ts": "2026-09-17T06:35:58.243433Z",
      "slug": "btc-updown-5m-1789626900",
      "status": "skip_price_below_threshold",
      "threshold": 0.7,
      "max_ask": 0.85,
      "win_streak": 2,
      "clob_up_ask": 0.64,
      "clob_down_ask": 0.37,
      "seconds_left": 243.2432358264923,
      "trigger_price": null
    },
    {
      "ts": "2026-09-17T06:36:02.865088Z",
      "slug": "btc-updown-5m-1789626900",
      "status": "heartbeat",
      "gamma_up": 0.505,
      "gamma_down": 0.495,
      "clob_up_ask": 0.64,
      "clob_down_ask": 0.36,
      "seconds_left": 238.12680912017822,
      "min_spread": 0.010000000000000009
    },
    {
      "ts": "2026-09-17T06:36:02.865113Z",
      "slug": "btc-updown-5m-1789626900",
      "status": "skip_price_below_threshold",
      "threshold": 0.7,
      "max_ask": 0.85,
      "win_streak": 2,
      "clob_up_ask": 0.64,
      "clob_down_ask": 0.36,
      "seconds_left": 238.12680912017822,
      "trigger_price": null
    },
    {
      "ts": "2026-09-17T06:36:06.165955Z",
      "slug": "btc-updown-5m-1789626900",
      "status": "heartbeat",
      "gamma_up": 0.505,
      "gamma_down": 0.495,
      "clob_up_ask": 0.76,
      "clob_down_ask": 0.25,
      "seconds_left": 234.61897826194763,
      "min_spread": 0.010000000000000009
    },
    {
      "ts": "2026-09-17T06:36:16.706570Z",
      "slug": "btc-updown-5m-1789626900",
      "status": "heartbeat",
      "gamma_up": 0.505,
      "gamma_down": 0.495,
      "clob_up_ask": 0.8,
      "clob_down_ask": 0.21,
      "seconds_left": 224.21407008171082,
      "min_spread": 0.009999999999999981
    }
  ],
  "last_open_try": "{\"error\": \"PolyApiException[status_code=400, error_message={'error': 'no orders found to match with FAK order. FAK orders are partially filled or killed if no match is found.', 'orderID': '0xd9a1155b68cc311793552899a05b02c2f64c5739f5a7a893f9b4cad75593d475'}]\", \"order_post_result\": {\"success\": false, \"status\": \"error\", \"errorMsg\": \"PolyApiException[status_code=400, error_message={'error': 'no orders found to match with FAK order. FAK orders are partially filled or killed if no match is found.', 'orderID': '0xd9a1155b68cc311793552899a05b02c2f64c5739f5a7a893f9b4cad75593d475'}]\"}, \"close_skipped\": \"\"}\n\n[py_clob_client_v2] request error status=400 url=https://clob.polymarket.com/auth/api-key body={\"error\":\"Could not create api key\"}\n\n[py_clob_client_v2] request error status=400 url=https://clob.polymarket.com/order body={\"error\":\"no orders found to match with FAK order. FAK orders are partially filled or killed if no match is found.\",\"orderID\":\"0xd9a1155b68cc311793552899a05b02c2f64c5739f5a7a893f9b4cad75593d475\"}\n",
  "open_raw": "{\"mode\": \"open\", \"execute\": true, \"market_slug\": \"btc-updown-5m-1789626900\", \"force_side\": \"UP\", \"token_id\": \"96818856445910246183881691673401042216675013983217640478471132849547458684813\", \"entry_price\": 0.8, \"notional_usd\": 5.0, \"top_ask_notional_usd\": 272.848, \"collateral_pusd\": 424.873039, \"order_post_result\": {\"errorMsg\": \"\", \"orderID\": \"0xf93ac43e16ea94caee79b21af4bcb0763a9d9bd8e961ad8cc96ada523e4d57e1\", \"takingAmount\": \"6.25\", \"makingAmount\": \"5\", \"status\": \"matched\", \"transactionsHashes\": [\"0x9fb20550023048200415e23a1aec065c490c170a2f4f707d73d008ca0cdc3b8c\"], \"success\": true}}\n\n[py_clob_client_v2] request error status=400 url=https://clob.polymarket.com/auth/api-key body={\"error\":\"Could not create api key\"}\n\n",
  "opened": {
    "opened_at": "2026-09-17T06:36:24.619938Z",
    "market_slug": "btc-updown-5m-1789626900",
    "market_end_iso": "2026-09-17T06:40:00Z",
    "side": "UP",
    "token_id": "96818856445910246183881691673401042216675013983217640478471132849547458684813",
    "entry_price": 0.8,
    "shares": 6.25,
    "cost_usdc": 5.0,
    "open_order_id": "0xf93ac43e16ea94caee79b21af4bcb0763a9d9bd8e961ad8cc96ada523e4d57e1",
    "open_tx": "0x9fb20550023048200415e23a1aec065c490c170a2f4f707d73d008ca0cdc3b8c"
  },
  "stop_loss_price": 0.07999999999999999,
  "last_side_price": 0.995,
  "last_clob_bid": 0.99,
  "last_check_at": "2026-09-17T06:39:39.443226Z",
  "close_debug": [
    {
      "ts": "2026-09-17T06:39:46.131159Z",
      "attempt": 1,
      "order_type": "FAK",
      "status": "matched",
      "close_skipped": ""
    }
  ],
  "close_raw": "{\"mode\": \"close\", \"execute\": true, \"market_slug\": \"btc-updown-5m-1789626900\", \"token_id\": \"96818856445910246183881691673401042216675013983217640478471132849547458684813\", \"requested_shares\": 6.25, \"close_order_type\": \"FAK\", \"close_limit_price\": null, \"available_shares\": 6.25, \"sell_shares\": 6.25, \"order_post_result\": {\"errorMsg\": \"\", \"orderID\": \"0xb9944c9f307ef918c6c31d5264b22ded514e336d0a40eed21242c1f740f78164\", \"takingAmount\": \"6.1875\", \"makingAmount\": \"6.25\", \"status\": \"matched\", \"transactionsHashes\": [\"0xbdefd8a8f0f01a8c131f5f5df408cba10956e2112d0bc78dd0af6b03eabc611f\"], \"success\": true}, \"close_skipped\": \"\"}\n\n[py_clob_client_v2] request error status=400 url=https://clob.polymarket.com/auth/api-key body={\"error\":\"Could not create api key\"}\n\n",
  "closed": {
    "close_reason": "time_exit_20s_before_end",
    "closed_at": "2026-09-17T06:39:46.131179Z",
    "close_success": true,
    "close_status": "matched",
    "close_order_id": "0xb9944c9f307ef918c6c31d5264b22ded514e336d0a40eed21242c1f740f78164",
    "close_tx": "0xbdefd8a8f0f01a8c131f5f5df408cba10956e2112d0bc78dd0af6b03eabc611f",
    "close_shares": 6.25,
    "close_usdc": 6.1875,
    "close_skipped": ""
  },
  "realized_cashflow_pnl_usdc": 1.1875,
  "finished_at": "2026-09-17T06:39:46.131195Z",
  "result": "done"
}
[2026-09-17T06:39:46Z] session_end rc=0 sessions=3 stake_usd=5
journal_ok trades=146 md=/home/yukeen/polymarketbot/5min-btc-polymarket/data/live_trades.md json=/home/yukeen/polymarketbot/5min-btc-polymarket/data/live_trades.json
[2026-09-17T06:41:02Z] fills=3/12 sessions=3/36
[py_clob_client_v2] request error status=400 url=https://clob.polymarket.com/auth/api-key body={"error":"Could not create api key"}

[2026-09-17T06:41:22Z] cash=425.986209
[2026-09-17T06:41:30Z] session_begin sessions=3 fills=3 stake_usd=5
[py_clob_client_v2] request error status=400 url=https://clob.polymarket.com/auth/api-key body={"error":"Could not create api key"}

{
  "started_at": "2026-09-17T06:41:30.948559Z",
  "params": {
    "profile": "conservative",
    "threshold": 0.7,
    "stake_usd": 5.0,
    "stop_loss_pct": 0.9,
    "exit_before_sec": 20,
    "min_entry_seconds_left": 60,
    "entry_timeout_min": 12,
    "poll_sec": 2.0,
    "max_ask": 0.85,
    "expensive_ask": 0.8,
    "expensive_after_wins": 3,
    "close_retry_max": 30,
    "close_retry_delay_sec": 2.0,
    "execute": true,
    "win_streak": 3
  },
  "attempts": [
    {
      "ts": "2026-09-17T06:41:32.276847Z",
      "slug": "btc-updown-5m-1789627200",
      "status": "heartbeat",
      "gamma_up": 0.525,
      "gamma_down": 0.475,
      "clob_up_ask": 0.72,
      "clob_down_ask": 0.28,
      "seconds_left": 208.5144922733307,
      "min_spread": 0.010000000000000009
    }
  ],
  "open_raw": "{\"mode\": \"open\", \"execute\": true, \"market_slug\": \"btc-updown-5m-1789627200\", \"force_side\": \"UP\", \"token_id\": \"91221799581344186905073960065301758872056392603602283332164637790841464662832\", \"entry_price\": 0.74, \"notional_usd\": 5.0, \"top_ask_notional_usd\": 37.0, \"collateral_pusd\": 425.986209, \"order_post_result\": {\"errorMsg\": \"\", \"orderID\": \"0x04302a2153706bed9e7370a7db513aae57d34ca3208575a0cfe79bf062dc7458\", \"takingAmount\": \"6.849314\", \"makingAmount\": \"4.999999\", \"status\": \"matched\", \"transactionsHashes\": [\"0x31128f61a68988a1e7541ae6dc3a8e800d41226fd2af73f3ed317300c9d10255\"], \"success\": true}}\n\n[py_clob_client_v2] request error status=400 url=https://clob.polymarket.com/auth/api-key body={\"error\":\"Could not create api key\"}\n\n",
  "opened": {
    "opened_at": "2026-09-17T06:41:37.198609Z",
    "market_slug": "btc-updown-5m-1789627200",
    "market_end_iso": "2026-09-17T06:45:00Z",
    "side": "UP",
    "token_id": "91221799581344186905073960065301758872056392603602283332164637790841464662832",
    "entry_price": 0.74,
    "shares": 6.849314,
    "cost_usdc": 4.999999,
    "open_order_id": "0x04302a2153706bed9e7370a7db513aae57d34ca3208575a0cfe79bf062dc7458",
    "open_tx": "0x31128f61a68988a1e7541ae6dc3a8e800d41226fd2af73f3ed317300c9d10255"
  },
  "stop_loss_price": 0.07399999999999998,
  "last_side_price": 0.525,
  "last_clob_bid": 0.99,
  "last_check_at": "2026-09-17T06:44:39.707175Z",
  "close_debug": [
    {
      "ts": "2026-09-17T06:44:46.194207Z",
      "attempt": 1,
      "order_type": "FAK",
      "status": "matched",
      "close_skipped": ""
    }
  ],
  "close_raw": "{\"mode\": \"close\", \"execute\": true, \"market_slug\": \"btc-updown-5m-1789627200\", \"token_id\": \"91221799581344186905073960065301758872056392603602283332164637790841464662832\", \"requested_shares\": 6.849314, \"close_order_type\": \"FAK\", \"close_limit_price\": null, \"available_shares\": 6.849314, \"sell_shares\": 6.8493, \"order_post_result\": {\"errorMsg\": \"\", \"orderID\": \"0xc4f41311fedab2c6c5f1877c7f5119e3043ccf41d0a644dda4b1891cda59f03a\", \"takingAmount\": \"6.7716\", \"makingAmount\": \"6.84\", \"status\": \"matched\", \"transactionsHashes\": [\"0xe6cd4785550ecdfb588c94509165eca2f08c9ea1da22b33d02696aea4f08d3bb\"], \"success\": true}, \"close_skipped\": \"\"}\n\n[py_clob_client_v2] request error status=400 url=https://clob.polymarket.com/auth/api-key body={\"error\":\"Could not create api key\"}\n\n",
  "closed": {
    "close_reason": "time_exit_20s_before_end",
    "closed_at": "2026-09-17T06:44:46.194223Z",
    "close_success": true,
    "close_status": "matched",
    "close_order_id": "0xc4f41311fedab2c6c5f1877c7f5119e3043ccf41d0a644dda4b1891cda59f03a",
    "close_tx": "0xe6cd4785550ecdfb588c94509165eca2f08c9ea1da22b33d02696aea4f08d3bb",
    "close_shares": 6.84,
    "close_usdc": 6.7716,
    "close_skipped": ""
  },
  "realized_cashflow_pnl_usdc": 1.771601,
  "finished_at": "2026-09-17T06:44:46.194236Z",
  "result": "done"
}
[2026-09-17T06:44:46Z] session_end rc=0 sessions=4 stake_usd=5
journal_ok trades=147 md=/home/yukeen/polymarketbot/5min-btc-polymarket/data/live_trades.md json=/home/yukeen/polymarketbot/5min-btc-polymarket/data/live_trades.json
[2026-09-17T06:45:44Z] fills=4/12 sessions=4/36
[py_clob_client_v2] request error status=400 url=https://clob.polymarket.com/auth/api-key body={"error":"Could not create api key"}

[2026-09-17T06:46:00Z] cash=427.65858
[2026-09-17T06:46:12Z] session_begin sessions=4 fills=4 stake_usd=5
[py_clob_client_v2] request error status=400 url=https://clob.polymarket.com/auth/api-key body={"error":"Could not create api key"}

{
  "started_at": "2026-09-17T06:46:12.874539Z",
  "params": {
    "profile": "conservative",
    "threshold": 0.7,
    "stake_usd": 5.0,
    "stop_loss_pct": 0.9,
    "exit_before_sec": 20,
    "min_entry_seconds_left": 60,
    "entry_timeout_min": 12,
    "poll_sec": 2.0,
    "max_ask": 0.85,
    "expensive_ask": 0.8,
    "expensive_after_wins": 3,
    "close_retry_max": 30,
    "close_retry_delay_sec": 2.0,
    "execute": true,
    "win_streak": 4
  },
  "attempts": [
    {
      "ts": "2026-09-17T06:46:13.919086Z",
      "slug": "btc-updown-5m-1789627500",
      "status": "heartbeat",
      "gamma_up": 0.485,
      "gamma_down": 0.515,
      "clob_up_ask": 0.67,
      "clob_down_ask": 0.34,
      "seconds_left": 226.84860587120056,
      "min_spread": 0.010000000000000009
    },
    {
      "ts": "2026-09-17T06:46:13.919108Z",
      "slug": "btc-updown-5m-1789627500",
      "status": "skip_price_below_threshold",
      "threshold": 0.7,
      "max_ask": 0.85,
      "win_streak": 4,
      "clob_up_ask": 0.67,
      "clob_down_ask": 0.34,
      "seconds_left": 226.84860587120056,
      "trigger_price": null
    },
    {
      "ts": "2026-09-17T06:46:17.084207Z",
      "slug": "btc-updown-5m-1789627500",
      "status": "heartbeat",
      "gamma_up": 0.485,
      "gamma_down": 0.515,
      "clob_up_ask": 0.66,
      "clob_down_ask": 0.35,
      "seconds_left": 223.75541377067566,
      "min_spread": 0.009999999999999953
    },
    {
      "ts": "2026-09-17T06:46:17.084223Z",
      "slug": "btc-updown-5m-1789627500",
      "status": "skip_price_below_threshold",
      "threshold": 0.7,
      "max_ask": 0.85,
      "win_streak": 4,
      "clob_up_ask": 0.66,
      "clob_down_ask": 0.35,
      "seconds_left": 223.75541377067566,
      "trigger_price": null
    },
    {
      "ts": "2026-09-17T06:46:19.979401Z",
      "slug": "btc-updown-5m-1789627500",
      "status": "heartbeat",
      "gamma_up": 0.485,
      "gamma_down": 0.515,
      "clob_up_ask": 0.6,
      "clob_down_ask": 0.41,
      "seconds_left": 220.61165118217468,
      "min_spread": 0.009999999999999953
    },
    {
      "ts": "2026-09-17T06:46:19.979417Z",
      "slug": "btc-updown-5m-1789627500",
      "status": "skip_price_below_threshold",
      "threshold": 0.7,
      "max_ask": 0.85,
      "win_streak": 4,
      "clob_up_ask": 0.6,
      "clob_down_ask": 0.41,
      "seconds_left": 220.61165118217468,
      "trigger_price": null
    },
    {
      "ts": "2026-09-17T06:46:22.968043Z",
      "slug": "btc-updown-5m-1789627500",
      "status": "heartbeat",
      "gamma_up": 0.485,
      "gamma_down": 0.515,
      "clob_up_ask": 0.53,
      "clob_down_ask": 0.48,
      "seconds_left": 217.64837408065796,
      "min_spread": 0.010000000000000009
    },
    {
      "ts": "2026-09-17T06:46:22.968067Z",
      "slug": "btc-updown-5m-1789627500",
      "status": "skip_price_below_threshold",
      "threshold": 0.7,
      "max_ask": 0.85,
      "win_streak": 4,
      "clob_up_ask": 0.53,
      "clob_down_ask": 0.48,
      "seconds_left": 217.64837408065796,
      "trigger_price": null
    },
    {
      "ts": "2026-09-17T06:46:25.941080Z",
      "slug": "btc-updown-5m-1789627500",
      "status": "heartbeat",
      "gamma_up": 0.485,
      "gamma_down": 0.515,
      "clob_up_ask": 0.6,
      "clob_down_ask": 0.45,
      "seconds_left": 214.70574617385864,
      "min_spread": 0.010000000000000009
    },
    {
      "ts": "2026-09-17T06:46:25.941178Z",
      "slug": "btc-updown-5m-1789627500",
      "status": "skip_price_below_threshold",
      "threshold": 0.7,
      "max_ask": 0.85,
      "win_streak": 4,
      "clob_up_ask": 0.6,
      "clob_down_ask": 0.45,
      "seconds_left": 214.70574617385864,
      "trigger_price": null
    },
    {
      "ts": "2026-09-17T06:46:28.961421Z",
      "slug": "btc-updown-5m-1789627500",
      "status": "heartbeat",
      "gamma_up": 0.485,
      "gamma_down": 0.515,
      "clob_up_ask": 0.58,
      "clob_down_ask": 0.43,
      "seconds_left": 211.6555573940277,
      "min_spread": 0.010000000000000009
    },
    {
      "ts": "2026-09-17T06:46:28.961447Z",
      "slug": "btc-updown-5m-1789627500",
      "status": "skip_price_below_threshold",
      "threshold": 0.7,
      "max_ask": 0.85,
      "win_streak": 4,
      "clob_up_ask": 0.58,
      "clob_down_ask": 0.43,
      "seconds_left": 211.6555573940277,
      "trigger_price": null
    },
    {
      "ts": "2026-09-17T06:46:31.865729Z",
      "slug": "btc-updown-5m-1789627500",
      "status": "heartbeat",
      "gamma_up": 0.485,
      "gamma_down": 0.515,
      "clob_up_ask": 0.63,
      "clob_down_ask": 0.38,
      "seconds_left": 208.74371337890625,
      "min_spread": 0.010000000000000009
    },
    {
      "ts": "2026-09-17T06:46:31.865752Z",
      "slug": "btc-updown-5m-1789627500",
      "status": "skip_price_below_threshold",
      "threshold": 0.7,
      "max_ask": 0.85,
      "win_streak": 4,
      "clob_up_ask": 0.63,
      "clob_down_ask": 0.38,
      "seconds_left": 208.74371337890625,
      "trigger_price": null
    },
    {
      "ts": "2026-09-17T06:46:34.780573Z",
      "slug": "btc-updown-5m-1789627500",
      "status": "heartbeat",
      "gamma_up": 0.485,
      "gamma_down": 0.515,
      "clob_up_ask": 0.64,
      "clob_down_ask": 0.37,
      "seconds_left": 205.8383665084839,
      "min_spread": 0.010000000000000009
    },
    {
      "ts": "2026-09-17T06:46:34.780595Z",
      "slug": "btc-updown-5m-1789627500",
      "status": "skip_price_below_threshold",
      "threshold": 0.7,
      "max_ask": 0.85,
      "win_streak": 4,
      "clob_up_ask": 0.64,
      "clob_down_ask": 0.37,
      "seconds_left": 205.8383665084839,
      "trigger_price": null
    },
    {
      "ts": "2026-09-17T06:46:37.704718Z",
      "slug": "btc-updown-5m-1789627500",
      "status": "heartbeat",
      "gamma_up": 0.485,
      "gamma_down": 0.515,
      "clob_up_ask": 0.67,
      "clob_down_ask": 0.35,
      "seconds_left": 202.92012572288513,
      "min_spread": 0.009999999999999953
    },
    {
      "ts": "2026-09-17T06:46:37.704743Z",
      "slug": "btc-updown-5m-1789627500",
      "status": "skip_price_below_threshold",
      "threshold": 0.7,
      "max_ask": 0.85,
      "win_streak": 4,
      "clob_up_ask": 0.67,
      "clob_down_ask": 0.35,
      "seconds_left": 202.92012572288513,
      "trigger_price": null
    },
    {
      "ts": "2026-09-17T06:46:44.381833Z",
      "slug": "btc-updown-5m-1789627500",
      "status": "heartbeat",
      "gamma_up": 0.485,
      "gamma_down": 0.515,
      "clob_up_ask": 0.66,
      "clob_down_ask": 0.35,
      "seconds_left": 199.82940673828125,
      "min_spread": 0.009999999999999953
    },
    {
      "ts": "2026-09-17T06:46:44.381858Z",
      "slug": "btc-updown-5m-1789627500",
      "status": "skip_price_below_threshold",
      "threshold": 0.7,
      "max_ask": 0.85,
      "win_streak": 4,
      "clob_up_ask": 0.66,
      "clob_down_ask": 0.35,
      "seconds_left": 199.82940673828125,
      "trigger_price": null
    },
    {
      "ts": "2026-09-17T06:46:47.419164Z",
      "slug": "btc-updown-5m-1789627500",
      "status": "heartbeat",
      "gamma_up": 0.485,
      "gamma_down": 0.515,
      "clob_up_ask": 0.65,
      "clob_down_ask": 0.36,
      "seconds_left": 193.30429792404175,
      "min_spread": 0.010000000000000009
    },
    {
      "ts": "2026-09-17T06:46:47.419179Z",
      "slug": "btc-updown-5m-1789627500",
      "status": "skip_price_below_threshold",
      "threshold": 0.7,
      "max_ask": 0.85,
      "win_streak": 4,
      "clob_up_ask": 0.65,
      "clob_down_ask": 0.36,
      "seconds_left": 193.30429792404175,
      "trigger_price": null
    },
    {
      "ts": "2026-09-17T06:46:50.331446Z",
      "slug": "btc-updown-5m-1789627500",
      "status": "heartbeat",
      "gamma_up": 0.485,
      "gamma_down": 0.515,
      "clob_up_ask": 0.65,
      "clob_down_ask": 0.36,
      "seconds_left": 190.26994132995605,
      "min_spread": 0.010000000000000009
    },
    {
      "ts": "2026-09-17T06:46:50.331469Z",
      "slug": "btc-updown-5m-1789627500",
      "status": "skip_price_below_threshold",
      "threshold": 0.7,
      "max_ask": 0.85,
      "win_streak": 4,
      "clob_up_ask": 0.65,
      "clob_down_ask": 0.36,
      "seconds_left": 190.26994132995605,
      "trigger_price": null
    },
    {
      "ts": "2026-09-17T06:46:53.342966Z",
      "slug": "btc-updown-5m-1789627500",
      "status": "heartbeat",
      "gamma_up": 0.485,
      "gamma_down": 0.515,
      "clob_up_ask": 0.65,
      "clob_down_ask": 0.36,
      "seconds_left": 187.36108994483948,
      "min_spread": 0.010000000000000009
    },
    {
      "ts": "2026-09-17T06:46:53.342988Z",
      "slug": "btc-updown-5m-1789627500",
      "status": "skip_price_below_threshold",
      "threshold": 0.7,
      "max_ask": 0.85,
      "win_streak": 4,
      "clob_up_ask": 0.65,
      "clob_down_ask": 0.36,
      "seconds_left": 187.36108994483948,
      "trigger_price": null
    },
    {
      "ts": "2026-09-17T06:46:56.301245Z",
      "slug": "btc-updown-5m-1789627500",
      "status": "heartbeat",
      "gamma_up": 0.485,
      "gamma_down": 0.515,
      "clob_up_ask": 0.67,
      "clob_down_ask": 0.34,
      "seconds_left": 184.3122444152832,
      "min_spread": 0.010000000000000009
    },
    {
      "ts": "2026-09-17T06:46:56.301264Z",
      "slug": "btc-updown-5m-1789627500",
      "status": "skip_price_below_threshold",
      "threshold": 0.7,
      "max_ask": 0.85,
      "win_streak": 4,
      "clob_up_ask": 0.67,
      "clob_down_ask": 0.34,
      "seconds_left": 184.3122444152832,
      "trigger_price": null
    },
    {
      "ts": "2026-09-17T06:46:59.229237Z",
      "slug": "btc-updown-5m-1789627500",
      "status": "heartbeat",
      "gamma_up": 0.485,
      "gamma_down": 0.515,
      "clob_up_ask": 0.72,
      "clob_down_ask": 0.28,
      "seconds_left": 181.3848717212677,
      "min_spread": 0.010000000000000009
    }
  ],
  "open_raw": "{\"mode\": \"open\", \"execute\": true, \"market_slug\": \"btc-updown-5m-1789627500\", \"force_side\": \"UP\", \"token_id\": \"65199543641527756455599186605862934617556068699630783057594723515112480451967\", \"entry_price\": 0.75, \"notional_usd\": 5.0, \"top_ask_notional_usd\": 874.1775, \"collateral_pusd\": 427.65858, \"order_post_result\": {\"errorMsg\": \"\", \"orderID\": \"0x1d98b219e768b4e0faadb86c08b19a091bb623881508c6b181a4163d3c06b41a\", \"takingAmount\": \"6.25\", \"makingAmount\": \"5\", \"status\": \"matched\", \"transactionsHashes\": [\"0xb5ef15c851767a371d443c44ccf94474c0a80a0f64048dc00971122f2abde0c5\"], \"success\": true}}\n\n[py_clob_client_v2] request error status=400 url=https://clob.polymarket.com/auth/api-key body={\"error\":\"Could not create api key\"}\n\n",
  "opened": {
    "opened_at": "2026-09-17T06:47:03.930037Z",
    "market_slug": "btc-updown-5m-1789627500",
    "market_end_iso": "2026-09-17T06:50:00Z",
    "side": "UP",
    "token_id": "65199543641527756455599186605862934617556068699630783057594723515112480451967",
    "entry_price": 0.75,
    "shares": 6.25,
    "cost_usdc": 5.0,
    "open_order_id": "0x1d98b219e768b4e0faadb86c08b19a091bb623881508c6b181a4163d3c06b41a",
    "open_tx": "0xb5ef15c851767a371d443c44ccf94474c0a80a0f64048dc00971122f2abde0c5"
  },
  "stop_loss_price": 0.07499999999999998,
  "last_side_price": 0.485,
  "last_clob_bid": 0.999,
  "last_check_at": "2026-09-17T06:49:38.586924Z",
  "close_debug": [
    {
      "ts": "2026-09-17T06:49:48.867393Z",
      "attempt": 1,
      "order_type": "FAK",
      "status": "matched",
      "close_skipped": ""
    }
  ],
  "close_raw": "{\"mode\": \"close\", \"execute\": true, \"market_slug\": \"btc-updown-5m-1789627500\", \"token_id\": \"65199543641527756455599186605862934617556068699630783057594723515112480451967\", \"requested_shares\": 6.25, \"close_order_type\": \"FAK\", \"close_limit_price\": null, \"available_shares\": 6.25, \"sell_shares\": 6.25, \"order_post_result\": {\"errorMsg\": \"\", \"orderID\": \"0x06242f080dc96a62f5dc919e2e0dc427955efb6f1b6838b863c7fef773499f7e\", \"takingAmount\": \"6.24375\", \"makingAmount\": \"6.25\", \"status\": \"matched\", \"transactionsHashes\": [\"0x08135f20c2ac90e97dc28c5e2453ed7793394b1900c650d8644bdea2a97d5984\"], \"success\": true}, \"close_skipped\": \"\"}\n\n[py_clob_client_v2] request error status=400 url=https://clob.polymarket.com/auth/api-key body={\"error\":\"Could not create api key\"}\n\n",
  "closed": {
    "close_reason": "time_exit_20s_before_end",
    "closed_at": "2026-09-17T06:49:48.867422Z",
    "close_success": true,
    "close_status": "matched",
    "close_order_id": "0x06242f080dc96a62f5dc919e2e0dc427955efb6f1b6838b863c7fef773499f7e",
    "close_tx": "0x08135f20c2ac90e97dc28c5e2453ed7793394b1900c650d8644bdea2a97d5984",
    "close_shares": 6.25,
    "close_usdc": 6.24375,
    "close_skipped": ""
  },
  "realized_cashflow_pnl_usdc": 1.24375,
  "finished_at": "2026-09-17T06:49:48.867447Z",
  "result": "done"
}
[2026-09-17T06:49:48Z] session_end rc=0 sessions=5 stake_usd=5
journal_ok trades=148 md=/home/yukeen/polymarketbot/5min-btc-polymarket/data/live_trades.md json=/home/yukeen/polymarketbot/5min-btc-polymarket/data/live_trades.json
[2026-09-17T06:50:48Z] fills=5/12 sessions=5/36
[py_clob_client_v2] request error status=400 url=https://clob.polymarket.com/auth/api-key body={"error":"Could not create api key"}

[2026-09-17T06:51:09Z] cash=428.8319
[2026-09-17T06:51:17Z] session_begin sessions=5 fills=5 stake_usd=5
[py_clob_client_v2] request error status=400 url=https://clob.polymarket.com/auth/api-key body={"error":"Could not create api key"}

{
  "started_at": "2026-09-17T06:51:17.818771Z",
  "params": {
    "profile": "conservative",
    "threshold": 0.7,
    "stake_usd": 5.0,
    "stop_loss_pct": 0.9,
    "exit_before_sec": 20,
    "min_entry_seconds_left": 60,
    "entry_timeout_min": 12,
    "poll_sec": 2.0,
    "max_ask": 0.85,
    "expensive_ask": 0.8,
    "expensive_after_wins": 3,
    "close_retry_max": 30,
    "close_retry_delay_sec": 2.0,
    "execute": true,
    "win_streak": 5
  },
  "attempts": [
    {
      "ts": "2026-09-17T06:51:19.016094Z",
      "slug": "btc-updown-5m-1789627800",
      "status": "heartbeat",
      "gamma_up": 0.475,
      "gamma_down": 0.525,
      "clob_up_ask": 0.15,
      "clob_down_ask": 0.86,
      "seconds_left": 221.73019647598267,
      "min_spread": 0.009999999999999981
    },
    {
      "ts": "2026-09-17T06:51:19.016163Z",
      "slug": "btc-updown-5m-1789627800",
      "status": "skip_ask_too_expensive",
      "threshold": 0.7,
      "max_ask": 0.85,
      "win_streak": 5,
      "clob_up_ask": 0.15,
      "clob_down_ask": 0.86,
      "seconds_left": 221.73019647598267,
      "trigger_price": 0.86
    },
    {
      "ts": "2026-09-17T06:51:21.921753Z",
      "slug": "btc-updown-5m-1789627800",
      "status": "heartbeat",
      "gamma_up": 0.475,
      "gamma_down": 0.525,
      "clob_up_ask": 0.14,
      "clob_down_ask": 0.87,
      "seconds_left": 218.67437362670898,
      "min_spread": 0.010000000000000009
    },
    {
      "ts": "2026-09-17T06:51:21.921778Z",
      "slug": "btc-updown-5m-1789627800",
      "status": "skip_ask_too_expensive",
      "threshold": 0.7,
      "max_ask": 0.85,
      "win_streak": 5,
      "clob_up_ask": 0.14,
      "clob_down_ask": 0.87,
      "seconds_left": 218.67437362670898,
      "trigger_price": 0.87
    },
    {
      "ts": "2026-09-17T06:51:25.071218Z",
      "slug": "btc-updown-5m-1789627800",
      "status": "heartbeat",
      "gamma_up": 0.475,
      "gamma_down": 0.525,
      "clob_up_ask": 0.12,
      "clob_down_ask": 0.89,
      "seconds_left": 215.5232391357422,
      "min_spread": 0.009999999999999995
    },
    {
      "ts": "2026-09-17T06:51:25.071245Z",
      "slug": "btc-updown-5m-1789627800",
      "status": "skip_ask_too_expensive",
      "threshold": 0.7,
      "max_ask": 0.85,
      "win_streak": 5,
      "clob_up_ask": 0.12,
      "clob_down_ask": 0.89,
      "seconds_left": 215.5232391357422,
      "trigger_price": 0.89
    },
    {
      "ts": "2026-09-17T06:51:28.048945Z",
      "slug": "btc-updown-5m-1789627800",
      "status": "heartbeat",
      "gamma_up": 0.475,
      "gamma_down": 0.525,
      "clob_up_ask": 0.09,
      "clob_down_ask": 0.92,
      "seconds_left": 212.6103413105011,
      "min_spread": 0.009999999999999995
    },
    {
      "ts": "2026-09-17T06:51:28.048971Z",
      "slug": "btc-updown-5m-1789627800",
      "status": "skip_ask_too_expensive",
      "threshold": 0.7,
      "max_ask": 0.85,
      "win_streak": 5,
      "clob_up_ask": 0.09,
      "clob_down_ask": 0.92,
      "seconds_left": 212.6103413105011,
      "trigger_price": 0.92
    },
    {
      "ts": "2026-09-17T06:51:34.613567Z",
      "slug": "btc-updown-5m-1789627800",
      "status": "heartbeat",
      "gamma_up": 0.475,
      "gamma_down": 0.525,
      "clob_up_ask": 0.08,
      "clob_down_ask": 0.93,
      "seconds_left": 206.01023983955383,
      "min_spread": 0.009999999999999995
    },
    {
      "ts": "2026-09-17T06:51:34.613596Z",
      "slug": "btc-updown-5m-1789627800",
      "status": "skip_ask_too_expensive",
      "threshold": 0.7,
      "max_ask": 0.85,
      "win_streak": 5,
      "clob_up_ask": 0.08,
      "clob_down_ask": 0.93,
      "seconds_left": 206.01023983955383,
      "trigger_price": 0.93
    },
    {
      "ts": "2026-09-17T06:51:37.526316Z",
      "slug": "btc-updown-5m-1789627800",
      "status": "heartbeat",
      "gamma_up": 0.475,
      "gamma_down": 0.525,
      "clob_up_ask": 0.08,
      "clob_down_ask": 0.93,
      "seconds_left": 203.10095691680908,
      "min_spread": 0.009999999999999995
    },
    {
      "ts": "2026-09-17T06:51:37.526357Z",
      "slug": "btc-updown-5m-1789627800",
      "status": "skip_ask_too_expensive",
      "threshold": 0.7,
      "max_ask": 0.85,
      "win_streak": 5,
      "clob_up_ask": 0.08,
      "clob_down_ask": 0.93,
      "seconds_left": 203.10095691680908,
      "trigger_price": 0.93
    },
    {
      "ts": "2026-09-17T06:51:40.506064Z",
      "slug": "btc-updown-5m-1789627800",
      "status": "heartbeat",
      "gamma_up": 0.475,
      "gamma_down": 0.525,
      "clob_up_ask": 0.08,
      "clob_down_ask": 0.93,
      "seconds_left": 200.1569380760193,
      "min_spread": 0.009999999999999995
    },
    {
      "ts": "2026-09-17T06:51:40.506093Z",
      "slug": "btc-updown-5m-1789627800",
      "status": "skip_ask_too_expensive",
      "threshold": 0.7,
      "max_ask": 0.85,
      "win_streak": 5,
      "clob_up_ask": 0.08,
      "clob_down_ask": 0.93,
      "seconds_left": 200.1569380760193,
      "trigger_price": 0.93
    },
    {
      "ts": "2026-09-17T06:51:43.372453Z",
      "slug": "btc-updown-5m-1789627800",
      "status": "heartbeat",
      "gamma_up": 0.475,
      "gamma_down": 0.525,
      "clob_up_ask": 0.1,
      "clob_down_ask": 0.91,
      "seconds_left": 197.21715235710144,
      "min_spread": 0.010000000000000009
    },
    {
      "ts": "2026-09-17T06:51:43.372484Z",
      "slug": "btc-updown-5m-1789627800",
      "status": "skip_ask_too_expensive",
      "threshold": 0.7,
      "max_ask": 0.85,
      "win_streak": 5,
      "clob_up_ask": 0.1,
      "clob_down_ask": 0.91,
      "seconds_left": 197.21715235710144,
      "trigger_price": 0.91
    },
    {
      "ts": "2026-09-17T06:51:56.554134Z",
      "slug": "btc-updown-5m-1789627800",
      "status": "heartbeat",
      "gamma_up": 0.475,
      "gamma_down": 0.525,
      "clob_up_ask": 0.07,
      "clob_down_ask": 0.94,
      "seconds_left": 184.34189224243164,
      "min_spread": 0.009999999999999898
    },
    {
      "ts": "2026-09-17T06:51:56.554161Z",
      "slug": "btc-updown-5m-1789627800",
      "status": "skip_ask_too_expensive",
      "threshold": 0.7,
      "max_ask": 0.85,
      "win_streak": 5,
      "clob_up_ask": 0.07,
      "clob_down_ask": 0.94,
      "seconds_left": 184.34189224243164,
      "trigger_price": 0.94
    },
    {
      "ts": "2026-09-17T06:51:59.465484Z",
      "slug": "btc-updown-5m-1789627800",
      "status": "heartbeat",
      "gamma_up": 0.475,
      "gamma_down": 0.525,
      "clob_up_ask": 0.1,
      "clob_down_ask": 0.92,
      "seconds_left": 181.16396260261536,
      "min_spread": 0.010000000000000009
    },
    {
      "ts": "2026-09-17T06:51:59.465511Z",
      "slug": "btc-updown-5m-1789627800",
      "status": "skip_ask_too_expensive",
      "threshold": 0.7,
      "max_ask": 0.85,
      "win_streak": 5,
      "clob_up_ask": 0.1,
      "clob_down_ask": 0.92,
      "seconds_left": 181.16396260261536,
      "trigger_price": 0.92
    },
    {
      "ts": "2026-09-17T06:52:02.374874Z",
      "slug": "btc-updown-5m-1789627800",
      "status": "heartbeat",
      "gamma_up": 0.475,
      "gamma_down": 0.525,
      "clob_up_ask": 0.09,
      "clob_down_ask": 0.92,
      "seconds_left": 178.25238299369812,
      "min_spread": 0.009999999999999995
    },
    {
      "ts": "2026-09-17T06:52:02.374905Z",
      "slug": "btc-updown-5m-1789627800",
      "status": "skip_ask_too_expensive",
      "threshold": 0.7,
      "max_ask": 0.85,
      "win_streak": 5,
      "clob_up_ask": 0.09,
      "clob_down_ask": 0.92,
      "seconds_left": 178.25238299369812,
      "trigger_price": 0.92
    },
    {
      "ts": "2026-09-17T06:52:05.255561Z",
      "slug": "btc-updown-5m-1789627800",
      "status": "heartbeat",
      "gamma_up": 0.475,
      "gamma_down": 0.525,
      "clob_up_ask": 0.08,
      "clob_down_ask": 0.93,
      "seconds_left": 175.3553557395935,
      "min_spread": 0.009999999999999995
    },
    {
      "ts": "2026-09-17T06:52:05.255589Z",
      "slug": "btc-updown-5m-1789627800",
      "status": "skip_ask_too_expensive",
      "threshold": 0.7,
      "max_ask": 0.85,
      "win_streak": 5,
      "clob_up_ask": 0.08,
      "clob_down_ask": 0.93,
      "seconds_left": 175.3553557395935,
      "trigger_price": 0.93
    },
    {
      "ts": "2026-09-17T06:52:11.769128Z",
      "slug": "btc-updown-5m-1789627800",
      "status": "heartbeat",
      "gamma_up": 0.475,
      "gamma_down": 0.525,
      "clob_up_ask": 0.06,
      "clob_down_ask": 0.95,
      "seconds_left": 168.82512021064758,
      "min_spread": 0.009999999999999995
    },
    {
      "ts": "2026-09-17T06:52:11.769158Z",
      "slug": "btc-updown-5m-1789627800",
      "status": "skip_ask_too_expensive",
      "threshold": 0.7,
      "max_ask": 0.85,
      "win_streak": 5,
      "clob_up_ask": 0.06,
      "clob_down_ask": 0.95,
      "seconds_left": 168.82512021064758,
      "trigger_price": 0.95
    },
    {
      "ts": "2026-09-17T06:52:14.727558Z",
      "slug": "btc-updown-5m-1789627800",
      "status": "heartbeat",
      "gamma_up": 0.475,
      "gamma_down": 0.525,
      "clob_up_ask": 0.05,
      "clob_down_ask": 0.96,
      "seconds_left": 165.90890407562256,
      "min_spread": 0.010000000000000002
    },
    {
      "ts": "2026-09-17T06:52:14.727586Z",
      "slug": "btc-updown-5m-1789627800",
      "status": "skip_ask_too_expensive",
      "threshold": 0.7,
      "max_ask": 0.85,
      "win_streak": 5,
      "clob_up_ask": 0.05,
      "clob_down_ask": 0.96,
      "seconds_left": 165.90890407562256,
      "trigger_price": 0.96
    },
    {
      "ts": "2026-09-17T06:52:17.664425Z",
      "slug": "btc-updown-5m-1789627800",
      "status": "heartbeat",
      "gamma_up": 0.475,
      "gamma_down": 0.525,
      "clob_up_ask": 0.05,
      "clob_down_ask": 0.96,
      "seconds_left": 162.94726753234863,
      "min_spread": 0.010000000000000002
    },
    {
      "ts": "2026-09-17T06:52:17.664457Z",
      "slug": "btc-updown-5m-1789627800",
      "status": "skip_ask_too_expensive",
      "threshold": 0.7,
      "max_ask": 0.85,
      "win_streak": 5,
      "clob_up_ask": 0.05,
      "clob_down_ask": 0.96,
      "seconds_left": 162.94726753234863,
      "trigger_price": 0.96
    },
    {
      "ts": "2026-09-17T06:52:20.579206Z",
      "slug": "btc-updown-5m-1789627800",
      "status": "heartbeat",
      "gamma_up": 0.475,
      "gamma_down": 0.525,
      "clob_up_ask": 0.05,
      "clob_down_ask": 0.96,
      "seconds_left": 160.03389072418213,
      "min_spread": 0.010000000000000002
    },
    {
      "ts": "2026-09-17T06:52:20.579234Z",
      "slug": "btc-updown-5m-1789627800",
      "status": "skip_ask_too_expensive",
      "threshold": 0.7,
      "max_ask": 0.85,
      "win_streak": 5,
      "clob_up_ask": 0.05,
      "clob_down_ask": 0.96,
      "seconds_left": 160.03389072418213,
      "trigger_price": 0.96
    },
    {
      "ts": "2026-09-17T06:52:23.619401Z",
      "slug": "btc-updown-5m-1789627800",
      "status": "heartbeat",
      "gamma_up": 0.475,
      "gamma_down": 0.525,
      "clob_up_ask": 0.05,
      "clob_down_ask": 0.97,
      "seconds_left": 157.12411093711853,
      "min_spread": 0.010000000000000002
    },
    {
      "ts": "2026-09-17T06:52:23.619426Z",
      "slug": "btc-updown-5m-1789627800",
      "status": "skip_ask_too_expensive",
      "threshold": 0.7,
      "max_ask": 0.85,
      "win_streak": 5,
      "clob_up_ask": 0.05,
      "clob_down_ask": 0.97,
      "seconds_left": 157.12411093711853,
      "trigger_price": 0.97
    },
    {
      "ts": "2026-09-17T06:52:26.627283Z",
      "slug": "btc-updown-5m-1789627800",
      "status": "heartbeat",
      "gamma_up": 0.475,
      "gamma_down": 0.525,
      "clob_up_ask": 0.04,
      "clob_down_ask": 0.97,
      "seconds_left": 154.08633065223694,
      "min_spread": 0.010000000000000002
    },
    {
      "ts": "2026-09-17T06:52:26.627314Z",
      "slug": "btc-updown-5m-1789627800",
      "status": "skip_ask_too_expensive",
      "threshold": 0.7,
      "max_ask": 0.85,
      "win_streak": 5,
      "clob_up_ask": 0.04,
      "clob_down_ask": 0.97,
      "seconds_left": 154.08633065223694,
      "trigger_price": 0.97
    },
    {
      "ts": "2026-09-17T06:52:29.552928Z",
      "slug": "btc-updown-5m-1789627800",
      "status": "heartbeat",
      "gamma_up": 0.475,
      "gamma_down": 0.525,
      "clob_up_ask": 0.05,
      "clob_down_ask": 0.96,
      "seconds_left": 151.06636357307434,
      "min_spread": 0.010000000000000002
    },
    {
      "ts": "2026-09-17T06:52:29.552955Z",
      "slug": "btc-updown-5m-1789627800",
      "status": "skip_ask_too_expensive",
      "threshold": 0.7,
      "max_ask": 0.85,
      "win_streak": 5,
      "clob_up_ask": 0.05,
      "clob_down_ask": 0.96,
      "seconds_left": 151.06636357307434,
      "trigger_price": 0.96
    },
    {
      "ts": "2026-09-17T06:52:32.674620Z",
      "slug": "btc-updown-5m-1789627800",
      "status": "heartbeat",
      "gamma_up": 0.475,
      "gamma_down": 0.525,
      "clob_up_ask": 0.05,
      "clob_down_ask": 0.96,
      "seconds_left": 148.14654541015625,
      "min_spread": 0.010000000000000002
    },
    {
      "ts": "2026-09-17T06:52:32.674635Z",
      "slug": "btc-updown-5m-1789627800",
      "status": "skip_ask_too_expensive",
      "threshold": 0.7,
      "max_ask": 0.85,
      "win_streak": 5,
      "clob_up_ask": 0.05,
      "clob_down_ask": 0.96,
      "seconds_left": 148.14654541015625,
      "trigger_price": 0.96
    },
    {
      "ts": "2026-09-17T06:52:35.576908Z",
      "slug": "btc-updown-5m-1789627800",
      "status": "heartbeat",
      "gamma_up": 0.475,
      "gamma_down": 0.525,
      "clob_up_ask": 0.05,
      "clob_down_ask": 0.96,
      "seconds_left": 145.02841329574585,
      "min_spread": 0.010000000000000002
    },
    {
      "ts": "2026-09-17T06:52:35.576937Z",
      "slug": "btc-updown-5m-1789627800",
      "status": "skip_ask_too_expensive",
      "threshold": 0.7,
      "max_ask": 0.85,
      "win_streak": 5,
      "clob_up_ask": 0.05,
      "clob_down_ask": 0.96,
      "seconds_left": 145.02841329574585,
      "trigger_price": 0.96
    },
    {
      "ts": "2026-09-17T06:52:38.507681Z",
      "slug": "btc-updown-5m-1789627800",
      "status": "heartbeat",
      "gamma_up": 0.475,
      "gamma_down": 0.525,
      "clob_up_ask": 0.04,
      "clob_down_ask": 0.97,
      "seconds_left": 142.14621567726135,
      "min_spread": 0.010000000000000002
    },
    {
      "ts": "2026-09-17T06:52:38.507710Z",
      "slug": "btc-updown-5m-1789627800",
      "status": "skip_ask_too_expensive",
      "threshold": 0.7,
      "max_ask": 0.85,
      "win_streak": 5,
      "clob_up_ask": 0.04,
      "clob_down_ask": 0.97,
      "seconds_left": 142.14621567726135,
      "trigger_price": 0.97
    },
    {
      "ts": "2026-09-17T06:52:41.418354Z",
      "slug": "btc-updown-5m-1789627800",
      "status": "heartbeat",
      "gamma_up": 0.475,
      "gamma_down": 0.525,
      "clob_up_ask": 0.04,
      "clob_down_ask": 0.97,
      "seconds_left": 139.21085143089294,
      "min_spread": 0.010000000000000002
    },
    {
      "ts": "2026-09-17T06:52:41.418383Z",
      "slug": "btc-updown-5m-1789627800",
      "status": "skip_ask_too_expensive",
      "threshold": 0.7,
      "max_ask": 0.85,
      "win_streak": 5,
      "clob_up_ask": 0.04,
      "clob_down_ask": 0.97,
      "seconds_left": 139.21085143089294,
      "trigger_price": 0.97
    },
    {
      "ts": "2026-09-17T06:52:47.956567Z",
      "slug": "btc-updown-5m-1789627800",
      "status": "heartbeat",
      "gamma_up": 0.475,
      "gamma_down": 0.525,
      "clob_up_ask": 0.04,
      "clob_down_ask": 0.97,
      "seconds_left": 132.68028259277344,
      "min_spread": 0.010000000000000002
    },
    {
      "ts": "2026-09-17T06:52:47.956595Z",
      "slug": "btc-updown-5m-1789627800",
      "status": "skip_ask_too_expensive",
      "threshold": 0.7,
      "max_ask": 0.85,
      "win_streak": 5,
      "clob_up_ask": 0.04,
      "clob_down_ask": 0.97,
      "seconds_left": 132.68028259277344,
      "trigger_price": 0.97
    },
    {
      "ts": "2026-09-17T06:52:50.865336Z",
      "slug": "btc-updown-5m-1789627800",
      "status": "heartbeat",
      "gamma_up": 0.475,
      "gamma_down": 0.525,
      "clob_up_ask": 0.03,
      "clob_down_ask": 0.98,
      "seconds_left": 129.75362539291382,
      "min_spread": 0.009999999999999998
    },
    {
      "ts": "2026-09-17T06:52:50.865365Z",
      "slug": "btc-updown-5m-1789627800",
      "status": "skip_ask_too_expensive",
      "threshold": 0.7,
      "max_ask": 0.85,
      "win_streak": 5,
      "clob_up_ask": 0.03,
      "clob_down_ask": 0.98,
      "seconds_left": 129.75362539291382,
      "trigger_price": 0.98
    },
    {
      "ts": "2026-09-17T06:52:53.890402Z",
      "slug": "btc-updown-5m-1789627800",
      "status": "heartbeat",
      "gamma_up": 0.475,
      "gamma_down": 0.525,
      "clob_up_ask": 0.02,
      "clob_down_ask": 0.98,
      "seconds_left": 126.82915902137756,
      "min_spread": 0.01
    },
    {
      "ts": "2026-09-17T06:52:53.890432Z",
      "slug": "btc-updown-5m-1789627800",
      "status": "skip_ask_too_expensive",
      "threshold": 0.7,
      "max_ask": 0.85,
      "win_streak": 5,
      "clob_up_ask": 0.02,
      "clob_down_ask": 0.98,
      "seconds_left": 126.82915902137756,
      "trigger_price": 0.98
    },
    {
      "ts": "2026-09-17T06:52:56.943494Z",
      "slug": "btc-updown-5m-1789627800",
      "status": "heartbeat",
      "gamma_up": 0.475,
      "gamma_down": 0.525,
      "clob_up_ask": 0.03,
      "clob_down_ask": 0.98,
      "seconds_left": 123.67352414131165,
      "min_spread": 0.009999999999999998
    },
    {
      "ts": "2026-09-17T06:52:56.943522Z",
      "slug": "btc-updown-5m-1789627800",
      "status": "skip_ask_too_expensive",
      "threshold": 0.7,
      "max_ask": 0.85,
      "win_streak": 5,
      "clob_up_ask": 0.03,
      "clob_down_ask": 0.98,
      "seconds_left": 123.67352414131165,
      "trigger_price": 0.98
    },
    {
      "ts": "2026-09-17T06:52:59.968650Z",
      "slug": "btc-updown-5m-1789627800",
      "status": "heartbeat",
      "gamma_up": 0.475,
      "gamma_down": 0.525,
      "clob_up_ask": 0.02,
      "clob_down_ask": 0.99,
      "seconds_left": 120.64205956459045,
      "min_spread": 0.01
    },
    {
      "ts": "2026-09-17T06:52:59.968678Z",
      "slug": "btc-updown-5m-1789627800",
      "status": "skip_ask_too_expensive",
      "threshold": 0.7,
      "max_ask": 0.85,
      "win_streak": 5,
      "clob_up_ask": 0.02,
      "clob_down_ask": 0.99,
      "seconds_left": 120.64205956459045,
      "trigger_price": 0.99
    },
    {
      "ts": "2026-09-17T06:53:02.899375Z",
      "slug": "btc-updown-5m-1789627800",
      "status": "heartbeat",
      "gamma_up": 0.475,
      "gamma_down": 0.525,
      "clob_up_ask": 0.02,
      "clob_down_ask": 0.99,
      "seconds_left": 117.71035075187683,
      "min_spread": 0.01
    },
    {
      "ts": "2026-09-17T06:53:02.899404Z",
      "slug": "btc-updown-5m-1789627800",
      "status": "skip_ask_too_expensive",
      "threshold": 0.7,
      "max_ask": 0.85,
      "win_streak": 5,
      "clob_up_ask": 0.02,
      "clob_down_ask": 0.99,
      "seconds_left": 117.71035075187683,
      "trigger_price": 0.99
    },
    {
      "ts": "2026-09-17T06:53:05.972552Z",
      "slug": "btc-updown-5m-1789627800",
      "status": "heartbeat",
      "gamma_up": 0.475,
      "gamma_down": 0.525,
      "clob_up_ask": 0.02,
      "clob_down_ask": 0.99,
      "seconds_left": 114.64458107948303,
      "min_spread": 0.01
    },
    {
      "ts": "2026-09-17T06:53:05.972572Z",
      "slug": "btc-updown-5m-1789627800",
      "status": "skip_ask_too_expensive",
      "threshold": 0.7,
      "max_ask": 0.85,
      "win_streak": 5,
      "clob_up_ask": 0.02,
      "clob_down_ask": 0.99,
      "seconds_left": 114.64458107948303,
      "trigger_price": 0.99
    },
    {
      "ts": "2026-09-17T06:53:21.603753Z",
      "status": "heartbeat_no_current_market"
    },
    {
      "ts": "2026-09-17T06:53:33.616220Z",
      "status": "heartbeat_no_current_market"
    },
    {
      "ts": "2026-09-17T06:53:45.623693Z",
      "status": "heartbeat_no_current_market"
    },
    {
      "ts": "2026-09-17T06:53:48.819550Z",
      "slug": "btc-updown-5m-1789627800",
      "status": "heartbeat",
      "gamma_up": 0.475,
      "gamma_down": 0.525,
      "clob_up_ask": 0.01,
      "clob_down_ask": null,
      "seconds_left": 71.95019745826721,
      "min_spread": null
    },
    {
      "ts": "2026-09-17T06:53:48.819635Z",
      "slug": "btc-updown-5m-1789627800",
      "status": "skip_price_below_threshold",
      "threshold": 0.7,
      "max_ask": 0.85,
      "win_streak": 5,
      "clob_up_ask": 0.01,
      "clob_down_ask": null,
      "seconds_left": 71.95019745826721,
      "trigger_price": null
    },
    {
      "ts": "2026-09-17T06:53:51.947676Z",
      "slug": "btc-updown-5m-1789627800",
      "status": "heartbeat",
      "gamma_up": 0.475,
      "gamma_down": 0.525,
      "clob_up_ask": 0.01,
      "clob_down_ask": null,
      "seconds_left": 68.81477284431458,
      "min_spread": null
    },
    {
      "ts": "2026-09-17T06:53:51.947705Z",
      "slug": "btc-updown-5m-1789627800",
      "status": "skip_price_below_threshold",
      "threshold": 0.7,
      "max_ask": 0.85,
      "win_streak": 5,
      "clob_up_ask": 0.01,
      "clob_down_ask": null,
      "seconds_left": 68.81477284431458,
      "trigger_price": null
    },
    {
      "ts": "2026-09-17T06:53:58.473826Z",
      "slug": "btc-updown-5m-1789627800",
      "status": "heartbeat",
      "gamma_up": 0.475,
      "gamma_down": 0.525,
      "clob_up_ask": 0.01,
      "clob_down_ask": null,
      "seconds_left": 62.11624240875244,
      "min_spread": null
    },
    {
      "ts": "2026-09-17T06:53:58.473852Z",
      "slug": "btc-updown-5m-1789627800",
      "status": "skip_price_below_threshold",
      "threshold": 0.7,
      "max_ask": 0.85,
      "win_streak": 5,
      "clob_up_ask": 0.01,
      "clob_down_ask": null,
      "seconds_left": 62.11624240875244,
      "trigger_price": null
    },
    {
      "ts": "2026-09-17T06:54:00.834874Z",
      "slug": "btc-updown-5m-1789627800",
      "status": "skip_too_late_to_enter",
      "seconds_left": 59.16513204574585,
      "min_entry_seconds_left": 60
    },
    {
      "ts": "2026-09-17T06:54:03.138445Z",
      "slug": "btc-updown-5m-1789627800",
      "status": "skip_too_late_to_enter",
      "seconds_left": 56.86156129837036,
      "min_entry_seconds_left": 60
    },
    {
      "ts": "2026-09-17T06:54:05.487739Z",
      "slug": "btc-updown-5m-1789627800",
      "status": "skip_too_late_to_enter",
      "seconds_left": 54.51226615905762,
      "min_entry_seconds_left": 60
    },
    {
      "ts": "2026-09-17T06:54:07.784007Z",
      "slug": "btc-updown-5m-1789627800",
      "status": "skip_too_late_to_enter",
      "seconds_left": 52.21599531173706,
      "min_entry_seconds_left": 60
    },
    {
      "ts": "2026-09-17T06:54:10.048117Z",
      "slug": "btc-updown-5m-1789627800",
      "status": "skip_too_late_to_enter",
      "seconds_left": 49.951889753341675,
      "min_entry_seconds_left": 60
    },
    {
      "ts": "2026-09-17T06:54:12.355880Z",
      "slug": "btc-updown-5m-1789627800",
      "status": "skip_too_late_to_enter",
      "seconds_left": 47.64412498474121,
      "min_entry_seconds_left": 60
    },
    {
      "ts": "2026-09-17T06:54:14.649834Z",
      "slug": "btc-updown-5m-1789627800",
      "status": "skip_too_late_to_enter",
      "seconds_left": 45.35017156600952,
      "min_entry_seconds_left": 60
    },
    {
      "ts": "2026-09-17T06:54:16.952631Z",
      "slug": "btc-updown-5m-1789627800",
      "status": "skip_too_late_to_enter",
      "seconds_left": 43.0473735332489,
      "min_entry_seconds_left": 60
    },
    {
      "ts": "2026-09-17T06:54:19.266620Z",
      "slug": "btc-updown-5m-1789627800",
      "status": "skip_too_late_to_enter",
      "seconds_left": 40.73338532447815,
      "min_entry_seconds_left": 60
    },
    {
      "ts": "2026-09-17T06:54:21.556786Z",
      "slug": "btc-updown-5m-1789627800",
      "status": "skip_too_late_to_enter",
      "seconds_left": 38.44321942329407,
      "min_entry_seconds_left": 60
    },
    {
      "ts": "2026-09-17T06:54:23.844047Z",
      "slug": "btc-updown-5m-1789627800",
      "status": "skip_too_late_to_enter",
      "seconds_left": 36.15595769882202,
      "min_entry_seconds_left": 60
    },
    {
      "ts": "2026-09-17T06:54:26.139620Z",
      "slug": "btc-updown-5m-1789627800",
      "status": "skip_too_late_to_enter",
      "seconds_left": 33.86038517951965,
      "min_entry_seconds_left": 60
    },
    {
      "ts": "2026-09-17T06:54:28.482926Z",
      "slug": "btc-updown-5m-1789627800",
      "status": "skip_too_late_to_enter",
      "seconds_left": 31.51707911491394,
      "min_entry_seconds_left": 60
    },
    {
      "ts": "2026-09-17T06:54:34.394090Z",
      "slug": "btc-updown-5m-1789627800",
      "status": "skip_too_late_to_enter",
      "seconds_left": 25.605915307998657,
      "min_entry_seconds_left": 60
    },
    {
      "ts": "2026-09-17T06:54:36.683352Z",
      "slug": "btc-updown-5m-1789627800",
      "status": "skip_too_late_to_enter",
      "seconds_left": 23.31665277481079,
      "min_entry_seconds_left": 60
    },
    {
      "ts": "2026-09-17T06:54:38.953334Z",
      "slug": "btc-updown-5m-1789627800",
      "status": "skip_too_late_to_enter",
      "seconds_left": 21.04666829109192,
      "min_entry_seconds_left": 60
    },
    {
      "ts": "2026-09-17T06:54:41.238265Z",
      "slug": "btc-updown-5m-1789627800",
      "status": "skip_too_late_to_enter",
      "seconds_left": 18.76173973083496,
      "min_entry_seconds_left": 60
    },
    {
      "ts": "2026-09-17T06:54:43.515712Z",
      "slug": "btc-updown-5m-1789627800",
      "status": "skip_too_late_to_enter",
      "seconds_left": 16.484293937683105,
      "min_entry_seconds_left": 60
    },
    {
      "ts": "2026-09-17T06:54:45.828943Z",
      "slug": "btc-updown-5m-1789627800",
      "status": "skip_too_late_to_enter",
      "seconds_left": 14.171062469482422,
      "min_entry_seconds_left": 60
    },
    {
      "ts": "2026-09-17T06:54:48.129418Z",
      "slug": "btc-updown-5m-1789627800",
      "status": "skip_too_late_to_enter",
      "seconds_left": 11.87058687210083,
      "min_entry_seconds_left": 60
    },
    {
      "ts": "2026-09-17T06:54:50.419383Z",
      "slug": "btc-updown-5m-1789627800",
      "status": "skip_too_late_to_enter",
      "seconds_left": 9.580619812011719,
      "min_entry_seconds_left": 60
    },
    {
      "ts": "2026-09-17T06:54:52.708494Z",
      "slug": "btc-updown-5m-1789627800",
      "status": "skip_too_late_to_enter",
      "seconds_left": 7.291508913040161,
      "min_entry_seconds_left": 60
    },
    {
      "ts": "2026-09-17T06:54:55.129500Z",
      "status": "heartbeat_no_current_market"
    },
    {
      "ts": "2026-09-17T06:54:57.438569Z",
      "status": "heartbeat_no_current_market"
    },
    {
      "ts": "2026-09-17T06:54:59.751276Z",
      "status": "heartbeat_no_current_market"
    },
    {
      "ts": "2026-09-17T06:55:02.916139Z",
      "slug": "btc-updown-5m-1789628100",
      "status": "heartbeat",
      "gamma_up": 0.505,
      "gamma_down": 0.495,
      "clob_up_ask": 0.37,
      "clob_down_ask": 0.64,
      "seconds_left": 297.9478180408478,
      "min_spread": 0.010000000000000009
    },
    {
      "ts": "2026-09-17T06:55:02.916163Z",
      "slug": "btc-updown-5m-1789628100",
      "status": "skip_price_below_threshold",
      "threshold": 0.7,
      "max_ask": 0.85,
      "win_streak": 5,
      "clob_up_ask": 0.37,
      "clob_down_ask": 0.64,
      "seconds_left": 297.9478180408478,
      "trigger_price": null
    },
    {
      "ts": "2026-09-17T06:55:05.839912Z",
      "slug": "btc-updown-5m-1789628100",
      "status": "heartbeat",
      "gamma_up": 0.505,
      "gamma_down": 0.495,
      "clob_up_ask": 0.37,
      "clob_down_ask": 0.64,
      "seconds_left": 294.79108333587646,
      "min_spread": 0.010000000000000009
    },
    {
      "ts": "2026-09-17T06:55:05.839938Z",
      "slug": "btc-updown-5m-1789628100",
      "status": "skip_price_below_threshold",
      "threshold": 0.7,
      "max_ask": 0.85,
      "win_streak": 5,
      "clob_up_ask": 0.37,
      "clob_down_ask": 0.64,
      "seconds_left": 294.79108333587646,
      "trigger_price": null
    },
    {
      "ts": "2026-09-17T06:55:12.354474Z",
      "slug": "btc-updown-5m-1789628100",
      "status": "heartbeat",
      "gamma_up": 0.505,
      "gamma_down": 0.495,
      "clob_up_ask": 0.39,
      "clob_down_ask": 0.62,
      "seconds_left": 288.2530243396759,
      "min_spread": 0.010000000000000009
    },
    {
      "ts": "2026-09-17T06:55:12.354502Z",
      "slug": "btc-updown-5m-1789628100",
      "status": "skip_price_below_threshold",
      "threshold": 0.7,
      "max_ask": 0.85,
      "win_streak": 5,
      "clob_up_ask": 0.39,
      "clob_down_ask": 0.62,
      "seconds_left": 288.2530243396759,
      "trigger_price": null
    },
    {
      "ts": "2026-09-17T06:55:15.375724Z",
      "slug": "btc-updown-5m-1789628100",
      "status": "heartbeat",
      "gamma_up": 0.505,
      "gamma_down": 0.495,
      "clob_up_ask": 0.39,
      "clob_down_ask": 0.63,
      "seconds_left": 285.2508313655853,
      "min_spread": 0.010000000000000009
    },
    {
      "ts": "2026-09-17T06:55:15.375737Z",
      "slug": "btc-updown-5m-1789628100",
      "status": "skip_price_below_threshold",
      "threshold": 0.7,
      "max_ask": 0.85,
      "win_streak": 5,
      "clob_up_ask": 0.39,
      "clob_down_ask": 0.63,
      "seconds_left": 285.2508313655853,
      "trigger_price": null
    },
    {
      "ts": "2026-09-17T06:55:18.293133Z",
      "slug": "btc-updown-5m-1789628100",
      "status": "heartbeat",
      "gamma_up": 0.505,
      "gamma_down": 0.495,
      "clob_up_ask": 0.38,
      "clob_down_ask": 0.63,
      "seconds_left": 282.32442235946655,
      "min_spread": 0.010000000000000009
    },
    {
      "ts": "2026-09-17T06:55:18.293147Z",
      "slug": "btc-updown-5m-1789628100",
      "status": "skip_price_below_threshold",
      "threshold": 0.7,
      "max_ask": 0.85,
      "win_streak": 5,
      "clob_up_ask": 0.38,
      "clob_down_ask": 0.63,
      "seconds_left": 282.32442235946655,
      "trigger_price": null
    },
    {
      "ts": "2026-09-17T06:55:21.174753Z",
      "slug": "btc-updown-5m-1789628100",
      "status": "heartbeat",
      "gamma_up": 0.505,
      "gamma_down": 0.495,
      "clob_up_ask": 0.37,
      "clob_down_ask": 0.64,
      "seconds_left": 279.42570757865906,
      "min_spread": 0.010000000000000009
    },
    {
      "ts": "2026-09-17T06:55:21.174776Z",
      "slug": "btc-updown-5m-1789628100",
      "status": "skip_price_below_threshold",
      "threshold": 0.7,
      "max_ask": 0.85,
      "win_streak": 5,
      "clob_up_ask": 0.37,
      "clob_down_ask": 0.64,
      "seconds_left": 279.42570757865906,
      "trigger_price": null
    },
    {
      "ts": "2026-09-17T06:55:24.086337Z",
      "slug": "btc-updown-5m-1789628100",
      "status": "heartbeat",
      "gamma_up": 0.505,
      "gamma_down": 0.495,
      "clob_up_ask": 0.26,
      "clob_down_ask": 0.75,
      "seconds_left": 276.5286445617676,
      "min_spread": 0.010000000000000009
    },
    {
      "ts": "2026-09-17T06:55:31.910675Z",
      "slug": "btc-updown-5m-1789628100",
      "status": "heartbeat",
      "gamma_up": 0.505,
      "gamma_down": 0.495,
      "clob_up_ask": 0.32,
      "clob_down_ask": 0.69,
      "seconds_left": 268.9612054824829,
      "min_spread": 0.009999999999999898
    },
    {
      "ts": "2026-09-17T06:55:31.910689Z",
      "slug": "btc-updown-5m-1789628100",
      "status": "skip_price_below_threshold",
      "threshold": 0.7,
      "max_ask": 0.85,
      "win_streak": 5,
      "clob_up_ask": 0.32,
      "clob_down_ask": 0.69,
      "seconds_left": 268.9612054824829,
      "trigger_price": null
    },
    {
      "ts": "2026-09-17T06:55:35.167396Z",
      "slug": "btc-updown-5m-1789628100",
      "status": "heartbeat",
      "gamma_up": 0.505,
      "gamma_down": 0.495,
      "clob_up_ask": 0.31,
      "clob_down_ask": 0.7,
      "seconds_left": 265.46325278282166,
      "min_spread": 0.010000000000000009
    }
  ],
  "last_open_try": "{\"error\": \"PolyApiException[status_code=400, error_message={'error': 'no orders found to match with FAK order. FAK orders are partially filled or killed if no match is found.', 'orderID': '0x7f1b6801fa425c0e80ecc4692c14c798909fedd4b3e40f1886d0ad81f8795cf7'}]\", \"order_post_result\": {\"success\": false, \"status\": \"error\", \"errorMsg\": \"PolyApiException[status_code=400, error_message={'error': 'no orders found to match with FAK order. FAK orders are partially filled or killed if no match is found.', 'orderID': '0x7f1b6801fa425c0e80ecc4692c14c798909fedd4b3e40f1886d0ad81f8795cf7'}]\"}, \"close_skipped\": \"\"}\n\n[py_clob_client_v2] request error status=400 url=https://clob.polymarket.com/auth/api-key body={\"error\":\"Could not create api key\"}\n\n[py_clob_client_v2] request error status=400 url=https://clob.polymarket.com/order body={\"error\":\"no orders found to match with FAK order. FAK orders are partially filled or killed if no match is found.\",\"orderID\":\"0x7f1b6801fa425c0e80ecc4692c14c798909fedd4b3e40f1886d0ad81f8795cf7\"}\n",
  "open_raw": "{\"mode\": \"open\", \"execute\": true, \"market_slug\": \"btc-updown-5m-1789628100\", \"force_side\": \"DOWN\", \"token_id\": \"64851778051810276938792966750569637938762469445131218443427584777435721242768\", \"entry_price\": 0.7, \"notional_usd\": 5.0, \"top_ask_notional_usd\": 39.9, \"collateral_pusd\": 428.8319, \"order_post_result\": {\"errorMsg\": \"\", \"orderID\": \"0x6569b75741e02959c33fedca12704b6d019edcdaf03a4f85362742c44e0133c9\", \"takingAmount\": \"6.849314\", \"makingAmount\": \"4.999999\", \"status\": \"matched\", \"transactionsHashes\": [\"0x9505092343d41b79acfe11af7c4e9d961373e1a7601a03cbe51caa290b3ed9b9\"], \"success\": true}}\n\n[py_clob_client_v2] request error status=400 url=https://clob.polymarket.com/auth/api-key body={\"error\":\"Could not create api key\"}\n\n",
  "opened": {
    "opened_at": "2026-09-17T06:55:39.885453Z",
    "market_slug": "btc-updown-5m-1789628100",
    "market_end_iso": "2026-09-17T07:00:00Z",
    "side": "DOWN",
    "token_id": "64851778051810276938792966750569637938762469445131218443427584777435721242768",
    "entry_price": 0.7,
    "shares": 6.849314,
    "cost_usdc": 4.999999,
    "open_order_id": "0x6569b75741e02959c33fedca12704b6d019edcdaf03a4f85362742c44e0133c9",
    "open_tx": "0x9505092343d41b79acfe11af7c4e9d961373e1a7601a03cbe51caa290b3ed9b9"
  },
  "stop_loss_price": 0.06999999999999998,
  "last_side_price": 0.495,
  "last_clob_bid": 0.999,
  "last_check_at": "2026-09-17T06:59:39.212807Z",
  "close_debug": [
    {
      "ts": "2026-09-17T06:59:45.700016Z",
      "attempt": 1,
      "order_type": "FAK",
      "status": "matched",
      "close_skipped": ""
    }
  ],
  "close_raw": "{\"mode\": \"close\", \"execute\": true, \"market_slug\": \"btc-updown-5m-1789628100\", \"token_id\": \"64851778051810276938792966750569637938762469445131218443427584777435721242768\", \"requested_shares\": 6.849314, \"close_order_type\": \"FAK\", \"close_limit_price\": null, \"available_shares\": 6.849314, \"sell_shares\": 6.8493, \"order_post_result\": {\"errorMsg\": \"\", \"orderID\": \"0x2d285f6ce48d0a84e83b4da8096b5c71e4fcd36f4e6fa545f0894f2aba79a400\", \"takingAmount\": \"6.83316\", \"makingAmount\": \"6.84\", \"status\": \"matched\", \"transactionsHashes\": [\"0xb28fa1dac24351a7dbf82c3f461c078af0f1333516df154d1d00bfc02bd6b4dc\"], \"success\": true}, \"close_skipped\": \"\"}\n\n[py_clob_client_v2] request error status=400 url=https://clob.polymarket.com/auth/api-key body={\"error\":\"Could not create api key\"}\n\n",
  "closed": {
    "close_reason": "time_exit_20s_before_end",
    "closed_at": "2026-09-17T06:59:45.700033Z",
    "close_success": true,
    "close_status": "matched",
    "close_order_id": "0x2d285f6ce48d0a84e83b4da8096b5c71e4fcd36f4e6fa545f0894f2aba79a400",
    "close_tx": "0xb28fa1dac24351a7dbf82c3f461c078af0f1333516df154d1d00bfc02bd6b4dc",
    "close_shares": 6.84,
    "close_usdc": 6.83316,
    "close_skipped": ""
  },
  "realized_cashflow_pnl_usdc": 1.833161,
  "finished_at": "2026-09-17T06:59:45.700045Z",
  "result": "done"
}
[2026-09-17T06:59:45Z] session_end rc=0 sessions=6 stake_usd=5
journal_ok trades=149 md=/home/yukeen/polymarketbot/5min-btc-polymarket/data/live_trades.md json=/home/yukeen/polymarketbot/5min-btc-polymarket/data/live_trades.json
[2026-09-17T07:01:02Z] fills=6/12 sessions=6/36
[py_clob_client_v2] request error status=400 url=https://clob.polymarket.com/auth/api-key body={"error":"Could not create api key"}

[2026-09-17T07:01:34Z] cash=430.570101
[2026-09-17T07:01:42Z] session_begin sessions=6 fills=6 stake_usd=5
[py_clob_client_v2] request error status=400 url=https://clob.polymarket.com/auth/api-key body={"error":"Could not create api key"}

{
  "started_at": "2026-09-17T07:01:43.071126Z",
  "params": {
    "profile": "conservative",
    "threshold": 0.7,
    "stake_usd": 5.0,
    "stop_loss_pct": 0.9,
    "exit_before_sec": 20,
    "min_entry_seconds_left": 60,
    "entry_timeout_min": 12,
    "poll_sec": 2.0,
    "max_ask": 0.85,
    "expensive_ask": 0.8,
    "expensive_after_wins": 3,
    "close_retry_max": 30,
    "close_retry_delay_sec": 2.0,
    "execute": true,
    "win_streak": 6
  },
  "attempts": [
    {
      "ts": "2026-09-17T07:01:44.109428Z",
      "slug": "btc-updown-5m-1789628400",
      "status": "heartbeat",
      "gamma_up": 0.525,
      "gamma_down": 0.475,
      "clob_up_ask": 0.94,
      "clob_down_ask": 0.07,
      "seconds_left": 196.636949300766,
      "min_spread": 0.009999999999999898
    },
    {
      "ts": "2026-09-17T07:01:44.109449Z",
      "slug": "btc-updown-5m-1789628400",
      "status": "skip_ask_too_expensive",
      "threshold": 0.7,
      "max_ask": 0.85,
      "win_streak": 6,
      "clob_up_ask": 0.94,
      "clob_down_ask": 0.07,
      "seconds_left": 196.636949300766,
      "trigger_price": 0.94
    },
    {
      "ts": "2026-09-17T07:01:47.170811Z",
      "slug": "btc-updown-5m-1789628400",
      "status": "heartbeat",
      "gamma_up": 0.525,
      "gamma_down": 0.475,
      "clob_up_ask": 0.94,
      "clob_down_ask": 0.07,
      "seconds_left": 193.5977590084076,
      "min_spread": 0.009999999999999898
    },
    {
      "ts": "2026-09-17T07:01:47.170827Z",
      "slug": "btc-updown-5m-1789628400",
      "status": "skip_ask_too_expensive",
      "threshold": 0.7,
      "max_ask": 0.85,
      "win_streak": 6,
      "clob_up_ask": 0.94,
      "clob_down_ask": 0.07,
      "seconds_left": 193.5977590084076,
      "trigger_price": 0.94
    },
    {
      "ts": "2026-09-17T07:01:50.070810Z",
      "slug": "btc-updown-5m-1789628400",
      "status": "heartbeat",
      "gamma_up": 0.525,
      "gamma_down": 0.475,
      "clob_up_ask": 0.94,
      "clob_down_ask": 0.07,
      "seconds_left": 190.53161215782166,
      "min_spread": 0.009999999999999898
    },
    {
      "ts": "2026-09-17T07:01:50.070838Z",
      "slug": "btc-updown-5m-1789628400",
      "status": "skip_ask_too_expensive",
      "threshold": 0.7,
      "max_ask": 0.85,
      "win_streak": 6,
      "clob_up_ask": 0.94,
      "clob_down_ask": 0.07,
      "seconds_left": 190.53161215782166,
      "trigger_price": 0.94
    },
    {
      "ts": "2026-09-17T07:01:53.064580Z",
      "slug": "btc-updown-5m-1789628400",
      "status": "heartbeat",
      "gamma_up": 0.525,
      "gamma_down": 0.475,
      "clob_up_ask": 0.94,
      "clob_down_ask": 0.07,
      "seconds_left": 187.62252283096313,
      "min_spread": 0.009999999999999898
    },
    {
      "ts": "2026-09-17T07:01:53.064596Z",
      "slug": "btc-updown-5m-1789628400",
      "status": "skip_ask_too_expensive",
      "threshold": 0.7,
      "max_ask": 0.85,
      "win_streak": 6,
      "clob_up_ask": 0.94,
      "clob_down_ask": 0.07,
      "seconds_left": 187.62252283096313,
      "trigger_price": 0.94
    },
    {
      "ts": "2026-09-17T07:01:55.943322Z",
      "slug": "btc-updown-5m-1789628400",
      "status": "heartbeat",
      "gamma_up": 0.525,
      "gamma_down": 0.475,
      "clob_up_ask": 0.94,
      "clob_down_ask": 0.07,
      "seconds_left": 184.6390655040741,
      "min_spread": 0.009999999999999898
    },
    {
      "ts": "2026-09-17T07:01:55.943353Z",
      "slug": "btc-updown-5m-1789628400",
      "status": "skip_ask_too_expensive",
      "threshold": 0.7,
      "max_ask": 0.85,
      "win_streak": 6,
      "clob_up_ask": 0.94,
      "clob_down_ask": 0.07,
      "seconds_left": 184.6390655040741,
      "trigger_price": 0.94
    },
    {
      "ts": "2026-09-17T07:02:16.567759Z",
      "status": "heartbeat_no_current_market"
    },
    {
      "ts": "2026-09-17T07:02:24.703064Z",
      "slug": "btc-updown-5m-1789628400",
      "status": "heartbeat",
      "gamma_up": 0.525,
      "gamma_down": 0.475,
      "clob_up_ask": 0.98,
      "clob_down_ask": 0.03,
      "seconds_left": 156.0381760597229,
      "min_spread": 0.009999999999999998
    },
    {
      "ts": "2026-09-17T07:02:24.703095Z",
      "slug": "btc-updown-5m-1789628400",
      "status": "skip_ask_too_expensive",
      "threshold": 0.7,
      "max_ask": 0.85,
      "win_streak": 6,
      "clob_up_ask": 0.98,
      "clob_down_ask": 0.03,
      "seconds_left": 156.0381760597229,
      "trigger_price": 0.98
    },
    {
      "ts": "2026-09-17T07:02:27.608541Z",
      "slug": "btc-updown-5m-1789628400",
      "status": "heartbeat",
      "gamma_up": 0.525,
      "gamma_down": 0.475,
      "clob_up_ask": 0.98,
      "clob_down_ask": 0.03,
      "seconds_left": 153.00357174873352,
      "min_spread": 0.009999999999999998
    },
    {
      "ts": "2026-09-17T07:02:27.608572Z",
      "slug": "btc-updown-5m-1789628400",
      "status": "skip_ask_too_expensive",
      "threshold": 0.7,
      "max_ask": 0.85,
      "win_streak": 6,
      "clob_up_ask": 0.98,
      "clob_down_ask": 0.03,
      "seconds_left": 153.00357174873352,
      "trigger_price": 0.98
    },
    {
      "ts": "2026-09-17T07:02:30.540549Z",
      "slug": "btc-updown-5m-1789628400",
      "status": "heartbeat",
      "gamma_up": 0.525,
      "gamma_down": 0.475,
      "clob_up_ask": 0.98,
      "clob_down_ask": 0.03,
      "seconds_left": 150.08785557746887,
      "min_spread": 0.009999999999999998
    },
    {
      "ts": "2026-09-17T07:02:30.540579Z",
      "slug": "btc-updown-5m-1789628400",
      "status": "skip_ask_too_expensive",
      "threshold": 0.7,
      "max_ask": 0.85,
      "win_streak": 6,
      "clob_up_ask": 0.98,
      "clob_down_ask": 0.03,
      "seconds_left": 150.08785557746887,
      "trigger_price": 0.98
    },
    {
      "ts": "2026-09-17T07:02:33.501394Z",
      "slug": "btc-updown-5m-1789628400",
      "status": "heartbeat",
      "gamma_up": 0.525,
      "gamma_down": 0.475,
      "clob_up_ask": 0.98,
      "clob_down_ask": 0.03,
      "seconds_left": 147.1477165222168,
      "min_spread": 0.009999999999999998
    },
    {
      "ts": "2026-09-17T07:02:33.501420Z",
      "slug": "btc-updown-5m-1789628400",
      "status": "skip_ask_too_expensive",
      "threshold": 0.7,
      "max_ask": 0.85,
      "win_streak": 6,
      "clob_up_ask": 0.98,
      "clob_down_ask": 0.03,
      "seconds_left": 147.1477165222168,
      "trigger_price": 0.98
    },
    {
      "ts": "2026-09-17T07:02:49.121261Z",
      "status": "heartbeat_no_current_market"
    },
    {
      "ts": "2026-09-17T07:03:01.131845Z",
      "status": "heartbeat_no_current_market"
    },
    {
      "ts": "2026-09-17T07:03:04.465174Z",
      "slug": "btc-updown-5m-1789628400",
      "status": "heartbeat",
      "gamma_up": 0.525,
      "gamma_down": 0.475,
      "clob_up_ask": 0.98,
      "clob_down_ask": 0.03,
      "seconds_left": 116.4404501914978,
      "min_spread": 0.009999999999999998
    },
    {
      "ts": "2026-09-17T07:03:04.465218Z",
      "slug": "btc-updown-5m-1789628400",
      "status": "skip_ask_too_expensive",
      "threshold": 0.7,
      "max_ask": 0.85,
      "win_streak": 6,
      "clob_up_ask": 0.98,
      "clob_down_ask": 0.03,
      "seconds_left": 116.4404501914978,
      "trigger_price": 0.98
    },
    {
      "ts": "2026-09-17T07:03:07.396797Z",
      "slug": "btc-updown-5m-1789628400",
      "status": "heartbeat",
      "gamma_up": 0.525,
      "gamma_down": 0.475,
      "clob_up_ask": 0.44,
      "clob_down_ask": 0.52,
      "seconds_left": 113.23670649528503,
      "min_spread": 0.010000000000000009
    },
    {
      "ts": "2026-09-17T07:03:07.396823Z",
      "slug": "btc-updown-5m-1789628400",
      "status": "skip_price_below_threshold",
      "threshold": 0.7,
      "max_ask": 0.85,
      "win_streak": 6,
      "clob_up_ask": 0.44,
      "clob_down_ask": 0.52,
      "seconds_left": 113.23670649528503,
      "trigger_price": null
    },
    {
      "ts": "2026-09-17T07:03:10.468460Z",
      "slug": "btc-updown-5m-1789628400",
      "status": "heartbeat",
      "gamma_up": 0.525,
      "gamma_down": 0.475,
      "clob_up_ask": 0.44,
      "clob_down_ask": 0.57,
      "seconds_left": 110.26562190055847,
      "min_spread": 0.009999999999999898
    },
    {
      "ts": "2026-09-17T07:03:10.468484Z",
      "slug": "btc-updown-5m-1789628400",
      "status": "skip_price_below_threshold",
      "threshold": 0.7,
      "max_ask": 0.85,
      "win_streak": 6,
      "clob_up_ask": 0.44,
      "clob_down_ask": 0.57,
      "seconds_left": 110.26562190055847,
      "trigger_price": null
    },
    {
      "ts": "2026-09-17T07:03:16.982333Z",
      "slug": "btc-updown-5m-1789628400",
      "status": "heartbeat",
      "gamma_up": 0.525,
      "gamma_down": 0.475,
      "clob_up_ask": 0.56,
      "clob_down_ask": 0.45,
      "seconds_left": 103.63953900337219,
      "min_spread": 0.010000000000000009
    },
    {
      "ts": "2026-09-17T07:03:16.982384Z",
      "slug": "btc-updown-5m-1789628400",
      "status": "skip_price_below_threshold",
      "threshold": 0.7,
      "max_ask": 0.85,
      "win_streak": 6,
      "clob_up_ask": 0.56,
      "clob_down_ask": 0.45,
      "seconds_left": 103.63953900337219,
      "trigger_price": null
    },
    {
      "ts": "2026-09-17T07:03:19.972801Z",
      "slug": "btc-updown-5m-1789628400",
      "status": "heartbeat",
      "gamma_up": 0.525,
      "gamma_down": 0.475,
      "clob_up_ask": 0.62,
      "clob_down_ask": 0.26,
      "seconds_left": 100.72185707092285,
      "min_spread": 0.010000000000000009
    },
    {
      "ts": "2026-09-17T07:03:19.972823Z",
      "slug": "btc-updown-5m-1789628400",
      "status": "skip_price_below_threshold",
      "threshold": 0.7,
      "max_ask": 0.85,
      "win_streak": 6,
      "clob_up_ask": 0.62,
      "clob_down_ask": 0.26,
      "seconds_left": 100.72185707092285,
      "trigger_price": null
    },
    {
      "ts": "2026-09-17T07:03:22.917153Z",
      "slug": "btc-updown-5m-1789628400",
      "status": "heartbeat",
      "gamma_up": 0.525,
      "gamma_down": 0.475,
      "clob_up_ask": 0.8,
      "clob_down_ask": 0.21,
      "seconds_left": 97.72852754592896,
      "min_spread": 0.009999999999999981
    },
    {
      "ts": "2026-09-17T07:03:22.917181Z",
      "slug": "btc-updown-5m-1789628400",
      "status": "skip_expensive_after_wins",
      "threshold": 0.7,
      "max_ask": 0.85,
      "win_streak": 6,
      "clob_up_ask": 0.8,
      "clob_down_ask": 0.21,
      "seconds_left": 97.72852754592896,
      "trigger_price": 0.8
    },
    {
      "ts": "2026-09-17T07:03:25.842055Z",
      "slug": "btc-updown-5m-1789628400",
      "status": "heartbeat",
      "gamma_up": 0.525,
      "gamma_down": 0.475,
      "clob_up_ask": 0.85,
      "clob_down_ask": 0.16,
      "seconds_left": 94.78665041923523,
      "min_spread": 0.010000000000000009
    },
    {
      "ts": "2026-09-17T07:03:25.842082Z",
      "slug": "btc-updown-5m-1789628400",
      "status": "skip_ask_too_expensive",
      "threshold": 0.7,
      "max_ask": 0.85,
      "win_streak": 6,
      "clob_up_ask": 0.85,
      "clob_down_ask": 0.16,
      "seconds_left": 94.78665041923523,
      "trigger_price": 0.85
    },
    {
      "ts": "2026-09-17T07:03:28.801428Z",
      "slug": "btc-updown-5m-1789628400",
      "status": "heartbeat",
      "gamma_up": 0.525,
      "gamma_down": 0.475,
      "clob_up_ask": 0.88,
      "clob_down_ask": 0.13,
      "seconds_left": 91.86249017715454,
      "min_spread": 0.010000000000000009
    },
    {
      "ts": "2026-09-17T07:03:28.801460Z",
      "slug": "btc-updown-5m-1789628400",
      "status": "skip_ask_too_expensive",
      "threshold": 0.7,
      "max_ask": 0.85,
      "win_streak": 6,
      "clob_up_ask": 0.88,
      "clob_down_ask": 0.13,
      "seconds_left": 91.86249017715454,
      "trigger_price": 0.88
    },
    {
      "ts": "2026-09-17T07:03:31.755561Z",
      "slug": "btc-updown-5m-1789628400",
      "status": "heartbeat",
      "gamma_up": 0.525,
      "gamma_down": 0.475,
      "clob_up_ask": 0.9,
      "clob_down_ask": 0.11,
      "seconds_left": 88.87986540794373,
      "min_spread": 0.009999999999999995
    },
    {
      "ts": "2026-09-17T07:03:31.755589Z",
      "slug": "btc-updown-5m-1789628400",
      "status": "skip_ask_too_expensive",
      "threshold": 0.7,
      "max_ask": 0.85,
      "win_streak": 6,
      "clob_up_ask": 0.9,
      "clob_down_ask": 0.11,
      "seconds_left": 88.87986540794373,
      "trigger_price": 0.9
    },
    {
      "ts": "2026-09-17T07:03:34.788414Z",
      "slug": "btc-updown-5m-1789628400",
      "status": "heartbeat",
      "gamma_up": 0.525,
      "gamma_down": 0.475,
      "clob_up_ask": 0.99,
      "clob_down_ask": 0.02,
      "seconds_left": 85.85530734062195,
      "min_spread": 0.01
    },
    {
      "ts": "2026-09-17T07:03:34.788445Z",
      "slug": "btc-updown-5m-1789628400",
      "status": "skip_ask_too_expensive",
      "threshold": 0.7,
      "max_ask": 0.85,
      "win_streak": 6,
      "clob_up_ask": 0.99,
      "clob_down_ask": 0.02,
      "seconds_left": 85.85530734062195,
      "trigger_price": 0.99
    },
    {
      "ts": "2026-09-17T07:03:37.707856Z",
      "slug": "btc-updown-5m-1789628400",
      "status": "heartbeat",
      "gamma_up": 0.525,
      "gamma_down": 0.475,
      "clob_up_ask": null,
      "clob_down_ask": 0.01,
      "seconds_left": 82.91292381286621,
      "min_spread": null
    },
    {
      "ts": "2026-09-17T07:03:37.707878Z",
      "slug": "btc-updown-5m-1789628400",
      "status": "skip_price_below_threshold",
      "threshold": 0.7,
      "max_ask": 0.85,
      "win_streak": 6,
      "clob_up_ask": null,
      "clob_down_ask": 0.01,
      "seconds_left": 82.91292381286621,
      "trigger_price": null
    },
    {
      "ts": "2026-09-17T07:03:40.620033Z",
      "slug": "btc-updown-5m-1789628400",
      "status": "heartbeat",
      "gamma_up": 0.525,
      "gamma_down": 0.475,
      "clob_up_ask": null,
      "clob_down_ask": 0.01,
      "seconds_left": 79.9984381198883,
      "min_spread": null
    },
    {
      "ts": "2026-09-17T07:03:40.620059Z",
      "slug": "btc-updown-5m-1789628400",
      "status": "skip_price_below_threshold",
      "threshold": 0.7,
      "max_ask": 0.85,
      "win_streak": 6,
      "clob_up_ask": null,
      "clob_down_ask": 0.01,
      "seconds_left": 79.9984381198883,
      "trigger_price": null
    },
    {
      "ts": "2026-09-17T07:03:56.303456Z",
      "status": "heartbeat_no_current_market"
    },
    {
      "ts": "2026-09-17T07:03:59.339211Z",
      "slug": "btc-updown-5m-1789628400",
      "status": "heartbeat",
      "gamma_up": 0.525,
      "gamma_down": 0.475,
      "clob_up_ask": null,
      "clob_down_ask": 0.01,
      "seconds_left": 61.41329264640808,
      "min_spread": null
    },
    {
      "ts": "2026-09-17T07:03:59.339238Z",
      "slug": "btc-updown-5m-1789628400",
      "status": "skip_price_below_threshold",
      "threshold": 0.7,
      "max_ask": 0.85,
      "win_streak": 6,
      "clob_up_ask": null,
      "clob_down_ask": 0.01,
      "seconds_left": 61.41329264640808,
      "trigger_price": null
    },
    {
      "ts": "2026-09-17T07:04:01.631959Z",
      "slug": "btc-updown-5m-1789628400",
      "status": "skip_too_late_to_enter",
      "seconds_left": 58.36804676055908,
      "min_entry_seconds_left": 60
    },
    {
      "ts": "2026-09-17T07:04:03.950309Z",
      "slug": "btc-updown-5m-1789628400",
      "status": "skip_too_late_to_enter",
      "seconds_left": 56.04969668388367,
      "min_entry_seconds_left": 60
    },
    {
      "ts": "2026-09-17T07:04:06.250108Z",
      "slug": "btc-updown-5m-1789628400",
      "status": "skip_too_late_to_enter",
      "seconds_left": 53.74989604949951,
      "min_entry_seconds_left": 60
    },
    {
      "ts": "2026-09-17T07:04:08.571676Z",
      "slug": "btc-updown-5m-1789628400",
      "status": "skip_too_late_to_enter",
      "seconds_left": 51.42832899093628,
      "min_entry_seconds_left": 60
    },
    {
      "ts": "2026-09-17T07:04:10.886445Z",
      "slug": "btc-updown-5m-1789628400",
      "status": "skip_too_late_to_enter",
      "seconds_left": 49.11355996131897,
      "min_entry_seconds_left": 60
    },
    {
      "ts": "2026-09-17T07:04:13.190596Z",
      "slug": "btc-updown-5m-1789628400",
      "status": "skip_too_late_to_enter",
      "seconds_left": 46.809409379959106,
      "min_entry_seconds_left": 60
    },
    {
      "ts": "2026-09-17T07:04:15.606261Z",
      "slug": "btc-updown-5m-1789628400",
      "status": "skip_too_late_to_enter",
      "seconds_left": 44.393744230270386,
      "min_entry_seconds_left": 60
    },
    {
      "ts": "2026-09-17T07:04:17.938041Z",
      "slug": "btc-updown-5m-1789628400",
      "status": "skip_too_late_to_enter",
      "seconds_left": 42.06196451187134,
      "min_entry_seconds_left": 60
    },
    {
      "ts": "2026-09-17T07:04:20.253178Z",
      "slug": "btc-updown-5m-1789628400",
      "status": "skip_too_late_to_enter",
      "seconds_left": 39.74682664871216,
      "min_entry_seconds_left": 60
    },
    {
      "ts": "2026-09-17T07:04:22.665845Z",
      "slug": "btc-updown-5m-1789628400",
      "status": "skip_too_late_to_enter",
      "seconds_left": 37.33415961265564,
      "min_entry_seconds_left": 60
    },
    {
      "ts": "2026-09-17T07:04:28.632430Z",
      "slug": "btc-updown-5m-1789628400",
      "status": "skip_too_late_to_enter",
      "seconds_left": 31.3675754070282,
      "min_entry_seconds_left": 60
    },
    {
      "ts": "2026-09-17T07:04:30.948721Z",
      "slug": "btc-updown-5m-1789628400",
      "status": "skip_too_late_to_enter",
      "seconds_left": 29.051284074783325,
      "min_entry_seconds_left": 60
    },
    {
      "ts": "2026-09-17T07:04:33.300026Z",
      "slug": "btc-updown-5m-1789628400",
      "status": "skip_too_late_to_enter",
      "seconds_left": 26.699978590011597,
      "min_entry_seconds_left": 60
    },
    {
      "ts": "2026-09-17T07:04:35.642245Z",
      "slug": "btc-updown-5m-1789628400",
      "status": "skip_too_late_to_enter",
      "seconds_left": 24.357759952545166,
      "min_entry_seconds_left": 60
    },
    {
      "ts": "2026-09-17T07:04:37.951907Z",
      "slug": "btc-updown-5m-1789628400",
      "status": "skip_too_late_to_enter",
      "seconds_left": 22.04809880256653,
      "min_entry_seconds_left": 60
    },
    {
      "ts": "2026-09-17T07:04:40.242716Z",
      "slug": "btc-updown-5m-1789628400",
      "status": "skip_too_late_to_enter",
      "seconds_left": 19.75728964805603,
      "min_entry_seconds_left": 60
    },
    {
      "ts": "2026-09-17T07:04:42.528184Z",
      "slug": "btc-updown-5m-1789628400",
      "status": "skip_too_late_to_enter",
      "seconds_left": 17.47181987762451,
      "min_entry_seconds_left": 60
    },
    {
      "ts": "2026-09-17T07:04:44.822675Z",
      "slug": "btc-updown-5m-1789628400",
      "status": "skip_too_late_to_enter",
      "seconds_left": 15.177330493927002,
      "min_entry_seconds_left": 60
    },
    {
      "ts": "2026-09-17T07:04:47.127212Z",
      "slug": "btc-updown-5m-1789628400",
      "status": "skip_too_late_to_enter",
      "seconds_left": 12.87279224395752,
      "min_entry_seconds_left": 60
    },
    {
      "ts": "2026-09-17T07:04:49.478309Z",
      "slug": "btc-updown-5m-1789628400",
      "status": "skip_too_late_to_enter",
      "seconds_left": 10.521696329116821,
      "min_entry_seconds_left": 60
    },
    {
      "ts": "2026-09-17T07:04:51.999219Z",
      "slug": "btc-updown-5m-1789628400",
      "status": "skip_too_late_to_enter",
      "seconds_left": 8.000783205032349,
      "min_entry_seconds_left": 60
    },
    {
      "ts": "2026-09-17T07:04:54.318163Z",
      "slug": "btc-updown-5m-1789628400",
      "status": "skip_too_late_to_enter",
      "seconds_left": 5.681842088699341,
      "min_entry_seconds_left": 60
    },
    {
      "ts": "2026-09-17T07:04:56.612746Z",
      "status": "heartbeat_no_current_market"
    },
    {
      "ts": "2026-09-17T07:04:58.948224Z",
      "status": "heartbeat_no_current_market"
    },
    {
      "ts": "2026-09-17T07:05:05.750575Z",
      "slug": "btc-updown-5m-1789628700",
      "status": "heartbeat",
      "gamma_up": 0.505,
      "gamma_down": 0.495,
      "clob_up_ask": 0.67,
      "clob_down_ask": 0.34,
      "seconds_left": 295.13624143600464,
      "min_spread": 0.010000000000000009
    },
    {
      "ts": "2026-09-17T07:05:05.750599Z",
      "slug": "btc-updown-5m-1789628700",
      "status": "skip_price_below_threshold",
      "threshold": 0.7,
      "max_ask": 0.85,
      "win_streak": 6,
      "clob_up_ask": 0.67,
      "clob_down_ask": 0.34,
      "seconds_left": 295.13624143600464,
      "trigger_price": null
    },
    {
      "ts": "2026-09-17T07:05:08.726497Z",
      "slug": "btc-updown-5m-1789628700",
      "status": "heartbeat",
      "gamma_up": 0.505,
      "gamma_down": 0.495,
      "clob_up_ask": 0.75,
      "clob_down_ask": 0.26,
      "seconds_left": 291.9461464881897,
      "min_spread": 0.010000000000000009
    }
  ],
  "open_raw": "{\"mode\": \"open\", \"execute\": true, \"market_slug\": \"btc-updown-5m-1789628700\", \"force_side\": \"UP\", \"token_id\": \"67945715963163332909864156488645983470976140367983718645706903896953431498719\", \"entry_price\": 0.74, \"notional_usd\": 5.0, \"top_ask_notional_usd\": 553.3793999999999, \"collateral_pusd\": 430.570101, \"order_post_result\": {\"errorMsg\": \"\", \"orderID\": \"0x1e1148282f811deece8d2b39cc6875c2297fbe0c5692fa4475c56887a8825ed0\", \"takingAmount\": \"6.666664\", \"makingAmount\": \"4.999998\", \"status\": \"matched\", \"transactionsHashes\": [\"0x2968ee63ad11750ad113355bd9f695068046d9dc6ed47962c0e75c85e81ea366\"], \"success\": true}}\n\n[py_clob_client_v2] request error status=400 url=https://clob.polymarket.com/auth/api-key body={\"error\":\"Could not create api key\"}\n\n",
  "opened": {
    "opened_at": "2026-09-17T07:05:13.459188Z",
    "market_slug": "btc-updown-5m-1789628700",
    "market_end_iso": "2026-09-17T07:10:00Z",
    "side": "UP",
    "token_id": "67945715963163332909864156488645983470976140367983718645706903896953431498719",
    "entry_price": 0.74,
    "shares": 6.666664,
    "cost_usdc": 4.999998,
    "open_order_id": "0x1e1148282f811deece8d2b39cc6875c2297fbe0c5692fa4475c56887a8825ed0",
    "open_tx": "0x2968ee63ad11750ad113355bd9f695068046d9dc6ed47962c0e75c85e81ea366"
  },
  "stop_loss_price": 0.07399999999999998,
  "last_side_price": 0.975,
  "last_clob_bid": 0.999,
  "last_check_at": "2026-09-17T07:09:38.746366Z",
  "close_debug": [
    {
      "ts": "2026-09-17T07:09:45.491420Z",
      "attempt": 1,
      "order_type": "FAK",
      "status": "matched",
      "close_skipped": ""
    }
  ],
  "close_raw": "{\"mode\": \"close\", \"execute\": true, \"market_slug\": \"btc-updown-5m-1789628700\", \"token_id\": \"67945715963163332909864156488645983470976140367983718645706903896953431498719\", \"requested_shares\": 6.666664, \"close_order_type\": \"FAK\", \"close_limit_price\": null, \"available_shares\": 6.666664, \"sell_shares\": 6.6666, \"order_post_result\": {\"errorMsg\": \"\", \"orderID\": \"0xaaa498ea6e62db0766bbbd1d3b4127572047a44bdbde78d02c4106c007de97af\", \"takingAmount\": \"6.65334\", \"makingAmount\": \"6.66\", \"status\": \"matched\", \"transactionsHashes\": [\"0x7c94297e46326d7ff78623a51abbc0953ac87a95b948cf7cebe4cf1f09bc3480\"], \"success\": true}, \"close_skipped\": \"\"}\n\n[py_clob_client_v2] request error status=400 url=https://clob.polymarket.com/auth/api-key body={\"error\":\"Could not create api key\"}\n\n",
  "closed": {
    "close_reason": "time_exit_20s_before_end",
    "closed_at": "2026-09-17T07:09:45.491457Z",
    "close_success": true,
    "close_status": "matched",
    "close_order_id": "0xaaa498ea6e62db0766bbbd1d3b4127572047a44bdbde78d02c4106c007de97af",
    "close_tx": "0x7c94297e46326d7ff78623a51abbc0953ac87a95b948cf7cebe4cf1f09bc3480",
    "close_shares": 6.66,
    "close_usdc": 6.65334,
    "close_skipped": ""
  },
  "realized_cashflow_pnl_usdc": 1.653342,
  "finished_at": "2026-09-17T07:09:45.491599Z",
  "result": "done"
}
[2026-09-17T07:09:45Z] session_end rc=0 sessions=7 stake_usd=5
journal_ok trades=150 md=/home/yukeen/polymarketbot/5min-btc-polymarket/data/live_trades.md json=/home/yukeen/polymarketbot/5min-btc-polymarket/data/live_trades.json
[2026-09-17T07:10:45Z] fills=7/12 sessions=7/36
[py_clob_client_v2] request error status=400 url=https://clob.polymarket.com/auth/api-key body={"error":"Could not create api key"}

[2026-09-17T07:11:01Z] cash=432.135493
[2026-09-17T07:11:13Z] session_begin sessions=7 fills=7 stake_usd=5
[py_clob_client_v2] request error status=400 url=https://clob.polymarket.com/auth/api-key body={"error":"Could not create api key"}

[py_clob_client_v2] request error status=404 url=https://clob.polymarket.com/book body={"error":"No orderbook exists for the requested token id"}

[py_clob_client_v2] request error status=404 url=https://clob.polymarket.com/book body={"error":"No orderbook exists for the requested token id"}

[py_clob_client_v2] request error status=404 url=https://clob.polymarket.com/book body={"error":"No orderbook exists for the requested token id"}

[py_clob_client_v2] request error status=404 url=https://clob.polymarket.com/book body={"error":"No orderbook exists for the requested token id"}

[py_clob_client_v2] request error status=404 url=https://clob.polymarket.com/book body={"error":"No orderbook exists for the requested token id"}

[py_clob_client_v2] request error status=404 url=https://clob.polymarket.com/book body={"error":"No orderbook exists for the requested token id"}

[py_clob_client_v2] request error status=404 url=https://clob.polymarket.com/book body={"error":"No orderbook exists for the requested token id"}

[py_clob_client_v2] request error status=404 url=https://clob.polymarket.com/book body={"error":"No orderbook exists for the requested token id"}

[py_clob_client_v2] request error status=404 url=https://clob.polymarket.com/book body={"error":"No orderbook exists for the requested token id"}

[py_clob_client_v2] request error status=404 url=https://clob.polymarket.com/book body={"error":"No orderbook exists for the requested token id"}

[py_clob_client_v2] request error status=404 url=https://clob.polymarket.com/book body={"error":"No orderbook exists for the requested token id"}

[py_clob_client_v2] request error status=404 url=https://clob.polymarket.com/book body={"error":"No orderbook exists for the requested token id"}

{
  "started_at": "2026-09-17T07:11:14.063431Z",
  "params": {
    "profile": "conservative",
    "threshold": 0.7,
    "stake_usd": 5.0,
    "stop_loss_pct": 0.9,
    "exit_before_sec": 20,
    "min_entry_seconds_left": 60,
    "entry_timeout_min": 12,
    "poll_sec": 2.0,
    "max_ask": 0.85,
    "expensive_ask": 0.8,
    "expensive_after_wins": 3,
    "close_retry_max": 30,
    "close_retry_delay_sec": 2.0,
    "execute": true,
    "win_streak": 7
  },
  "attempts": [
    {
      "ts": "2026-09-17T07:11:15.357500Z",
      "slug": "btc-updown-5m-1789629000",
      "status": "heartbeat",
      "gamma_up": 0.465,
      "gamma_down": 0.535,
      "clob_up_ask": 0.71,
      "clob_down_ask": 0.3,
      "seconds_left": 225.56108283996582,
      "min_spread": 0.010000000000000009
    }
  ],
  "open_raw": "{\"mode\": \"open\", \"execute\": true, \"market_slug\": \"btc-updown-5m-1789629000\", \"force_side\": \"UP\", \"token_id\": \"107994526314142145640243705243461848840191449703169429841430717122356137697817\", \"entry_price\": 0.75, \"notional_usd\": 5.0, \"top_ask_notional_usd\": 59.4975, \"collateral_pusd\": 432.135493, \"order_post_result\": {\"errorMsg\": \"\", \"orderID\": \"0xe689e32aa6d43978c4ef9619973c7ea832efa38d3849cfea6106e2ebe4498e19\", \"takingAmount\": \"7.042251\", \"makingAmount\": \"4.999998\", \"status\": \"matched\", \"transactionsHashes\": [\"0xf214ac8d638987c24a3499ae4a044234102e248640e1f6a74bb48244b7fb724d\"], \"success\": true}}\n\n[py_clob_client_v2] request error status=400 url=https://clob.polymarket.com/auth/api-key body={\"error\":\"Could not create api key\"}\n\n",
  "opened": {
    "opened_at": "2026-09-17T07:11:19.994479Z",
    "market_slug": "btc-updown-5m-1789629000",
    "market_end_iso": "2026-09-17T07:15:00Z",
    "side": "UP",
    "token_id": "107994526314142145640243705243461848840191449703169429841430717122356137697817",
    "entry_price": 0.75,
    "shares": 7.042251,
    "cost_usdc": 4.999998,
    "open_order_id": "0xe689e32aa6d43978c4ef9619973c7ea832efa38d3849cfea6106e2ebe4498e19",
    "open_tx": "0xf214ac8d638987c24a3499ae4a044234102e248640e1f6a74bb48244b7fb724d"
  },
  "stop_loss_price": 0.07499999999999998,
  "last_side_price": null,
  "last_clob_bid": 0.01,
  "last_check_at": "2026-09-17T07:14:47.230434Z",
  "close_debug": [
    {
      "ts": "2026-09-17T07:14:53.119765Z",
      "attempt": 1,
      "order_type": "FAK",
      "status": "error",
      "close_skipped": ""
    },
    {
      "ts": "2026-09-17T07:14:58.237966Z",
      "attempt": 2,
      "order_type": "FAK",
      "status": "error",
      "close_skipped": ""
    },
    {
      "ts": "2026-09-17T07:15:13.620398Z",
      "attempt": 3,
      "order_type": "FAK",
      "status": "error",
      "close_skipped": ""
    },
    {
      "ts": "2026-09-17T07:15:22.500197Z",
      "attempt": 4,
      "order_type": "FAK",
      "status": "error",
      "close_skipped": ""
    },
    {
      "ts": "2026-09-17T07:15:27.858253Z",
      "attempt": 5,
      "order_type": "FAK",
      "status": "error",
      "close_skipped": ""
    },
    {
      "ts": "2026-09-17T07:15:33.163209Z",
      "attempt": 6,
      "order_type": "FAK",
      "status": "error",
      "close_skipped": ""
    },
    {
      "ts": "2026-09-17T07:15:38.591392Z",
      "attempt": 7,
      "order_type": "FAK",
      "status": "error",
      "close_skipped": ""
    },
    {
      "ts": "2026-09-17T07:15:43.849818Z",
      "attempt": 8,
      "order_type": "FAK",
      "status": "error",
      "close_skipped": ""
    },
    {
      "ts": "2026-09-17T07:15:49.030399Z",
      "attempt": 9,
      "order_type": "FAK",
      "status": "error",
      "close_skipped": ""
    },
    {
      "ts": "2026-09-17T07:15:57.868096Z",
      "attempt": 10,
      "order_type": "FAK",
      "status": "error",
      "close_skipped": ""
    },
    {
      "ts": "2026-09-17T07:16:03.067055Z",
      "attempt": 11,
      "order_type": "FAK",
      "status": "error",
      "close_skipped": ""
    },
    {
      "ts": "2026-09-17T07:16:08.308989Z",
      "attempt": 12,
      "order_type": "FAK",
      "status": "error",
      "close_skipped": ""
    },
    {
      "ts": "2026-09-17T07:16:13.548998Z",
      "attempt": 13,
      "order_type": "FAK",
      "status": "error",
      "close_skipped": ""
    },
    {
      "ts": "2026-09-17T07:16:18.858933Z",
      "attempt": 14,
      "order_type": "FAK",
      "status": "error",
      "close_skipped": ""
    },
    {
      "ts": "2026-09-17T07:16:24.110777Z",
      "attempt": 15,
      "order_type": "FAK",
      "status": "error",
      "close_skipped": ""
    },
    {
      "ts": "2026-09-17T07:16:32.960503Z",
      "attempt": 16,
      "order_type": "FAK",
      "status": "error",
      "close_skipped": ""
    },
    {
      "ts": "2026-09-17T07:16:38.350570Z",
      "attempt": 17,
      "order_type": "FAK",
      "status": "error",
      "close_skipped": ""
    },
    {
      "ts": "2026-09-17T07:16:43.715712Z",
      "attempt": 18,
      "order_type": "FAK",
      "status": "error",
      "close_skipped": ""
    },
    {
      "ts": "2026-09-17T07:16:59.045389Z",
      "attempt": 19,
      "order_type": "FAK",
      "status": "error",
      "close_skipped": ""
    },
    {
      "ts": "2026-09-17T07:16:59.941297Z",
      "attempt": 19,
      "order_type": "SKIP_DEAD_BOOK",
      "status": "no_salvage_bid",
      "close_skipped": ""
    },
    {
      "ts": "2026-09-17T07:17:08.635945Z",
      "attempt": 20,
      "order_type": "FAK",
      "status": "error",
      "close_skipped": ""
    },
    {
      "ts": "2026-09-17T07:17:09.372193Z",
      "attempt": 20,
      "order_type": "SKIP_DEAD_BOOK",
      "status": "no_salvage_bid",
      "close_skipped": ""
    },
    {
      "ts": "2026-09-17T07:17:14.539999Z",
      "attempt": 21,
      "order_type": "FAK",
      "status": "error",
      "close_skipped": ""
    },
    {
      "ts": "2026-09-17T07:17:15.255370Z",
      "attempt": 21,
      "order_type": "SKIP_DEAD_BOOK",
      "status": "no_salvage_bid",
      "close_skipped": ""
    },
    {
      "ts": "2026-09-17T07:17:20.470282Z",
      "attempt": 22,
      "order_type": "FAK",
      "status": "error",
      "close_skipped": ""
    },
    {
      "ts": "2026-09-17T07:17:21.183260Z",
      "attempt": 22,
      "order_type": "SKIP_DEAD_BOOK",
      "status": "no_salvage_bid",
      "close_skipped": ""
    },
    {
      "ts": "2026-09-17T07:17:26.530128Z",
      "attempt": 23,
      "order_type": "FAK",
      "status": "error",
      "close_skipped": ""
    },
    {
      "ts": "2026-09-17T07:17:27.298015Z",
      "attempt": 23,
      "order_type": "SKIP_DEAD_BOOK",
      "status": "no_salvage_bid",
      "close_skipped": ""
    },
    {
      "ts": "2026-09-17T07:17:32.601326Z",
      "attempt": 24,
      "order_type": "FAK",
      "status": "error",
      "close_skipped": ""
    },
    {
      "ts": "2026-09-17T07:17:33.327118Z",
      "attempt": 24,
      "order_type": "SKIP_DEAD_BOOK",
      "status": "no_salvage_bid",
      "close_skipped": ""
    },
    {
      "ts": "2026-09-17T07:17:42.918572Z",
      "attempt": 25,
      "order_type": "FAK",
      "status": "error",
      "close_skipped": ""
    },
    {
      "ts": "2026-09-17T07:17:43.682618Z",
      "attempt": 25,
      "order_type": "SKIP_DEAD_BOOK",
      "status": "no_salvage_bid",
      "close_skipped": ""
    },
    {
      "ts": "2026-09-17T07:17:49.317839Z",
      "attempt": 26,
      "order_type": "FAK",
      "status": "error",
      "close_skipped": ""
    },
    {
      "ts": "2026-09-17T07:17:50.361648Z",
      "attempt": 26,
      "order_type": "SKIP_DEAD_BOOK",
      "status": "no_salvage_bid",
      "close_skipped": ""
    },
    {
      "ts": "2026-09-17T07:17:55.582861Z",
      "attempt": 27,
      "order_type": "FAK",
      "status": "error",
      "close_skipped": ""
    },
    {
      "ts": "2026-09-17T07:17:56.356404Z",
      "attempt": 27,
      "order_type": "SKIP_DEAD_BOOK",
      "status": "no_salvage_bid",
      "close_skipped": ""
    },
    {
      "ts": "2026-09-17T07:18:01.701908Z",
      "attempt": 28,
      "order_type": "FAK",
      "status": "error",
      "close_skipped": ""
    },
    {
      "ts": "2026-09-17T07:18:02.439786Z",
      "attempt": 28,
      "order_type": "SKIP_DEAD_BOOK",
      "status": "no_salvage_bid",
      "close_skipped": ""
    },
    {
      "ts": "2026-09-17T07:18:21.318397Z",
      "attempt": 29,
      "order_type": "FAK",
      "status": "error",
      "close_skipped": ""
    },
    {
      "ts": "2026-09-17T07:18:22.060837Z",
      "attempt": 29,
      "order_type": "SKIP_DEAD_BOOK",
      "status": "no_salvage_bid",
      "close_skipped": ""
    },
    {
      "ts": "2026-09-17T07:18:37.191762Z",
      "attempt": 30,
      "order_type": "FAK",
      "status": "error",
      "close_skipped": ""
    },
    {
      "ts": "2026-09-17T07:18:38.105847Z",
      "attempt": 30,
      "order_type": "SKIP_DEAD_BOOK",
      "status": "no_salvage_bid",
      "close_skipped": ""
    }
  ],
  "close_raw": "{\"error\": \"PolyApiException[status_code=404, error_message={'error': 'No orderbook exists for the requested token id'}]\", \"order_post_result\": {\"success\": false, \"status\": \"error\", \"errorMsg\": \"PolyApiException[status_code=404, error_message={'error': 'No orderbook exists for the requested token id'}]\"}, \"close_skipped\": \"\"}\n\n[py_clob_client_v2] request error status=400 url=https://clob.polymarket.com/auth/api-key body={\"error\":\"Could not create api key\"}\n\n[py_clob_client_v2] request error status=404 url=https://clob.polymarket.com/book body={\"error\":\"No orderbook exists for the requested token id\"}\n\n",
  "closed": {
    "close_reason": "time_exit_20s_before_end",
    "closed_at": "2026-09-17T07:18:40.105964Z",
    "close_success": false,
    "close_status": "error",
    "close_order_id": null,
    "close_tx": null,
    "close_shares": 0.0,
    "close_usdc": 0.0,
    "close_skipped": ""
  },
  "realized_cashflow_pnl_usdc": null,
  "finished_at": "2026-09-17T07:18:40.106030Z",
  "result": "done"
}
[2026-09-17T07:18:40Z] session_end rc=0 sessions=8 stake_usd=5
journal_ok trades=151 md=/home/yukeen/polymarketbot/5min-btc-polymarket/data/live_trades.md json=/home/yukeen/polymarketbot/5min-btc-polymarket/data/live_trades.json
[2026-09-17T07:20:00Z] fills=8/12 sessions=8/36
[py_clob_client_v2] request error status=400 url=https://clob.polymarket.com/auth/api-key body={"error":"Could not create api key"}

[2026-09-17T07:20:20Z] cash=427.034005
[2026-09-17T07:20:28Z] session_begin sessions=8 fills=8 stake_usd=5
[py_clob_client_v2] request error status=400 url=https://clob.polymarket.com/auth/api-key body={"error":"Could not create api key"}

{
  "started_at": "2026-09-17T07:20:29.315464Z",
  "params": {
    "profile": "conservative",
    "threshold": 0.7,
    "stake_usd": 5.0,
    "stop_loss_pct": 0.9,
    "exit_before_sec": 20,
    "min_entry_seconds_left": 60,
    "entry_timeout_min": 12,
    "poll_sec": 2.0,
    "max_ask": 0.85,
    "expensive_ask": 0.8,
    "expensive_after_wins": 3,
    "close_retry_max": 30,
    "close_retry_delay_sec": 2.0,
    "execute": true,
    "win_streak": 0
  },
  "attempts": [
    {
      "ts": "2026-09-17T07:20:30.425928Z",
      "slug": "btc-updown-5m-1789629600",
      "status": "heartbeat",
      "gamma_up": 0.235,
      "gamma_down": 0.765,
      "clob_up_ask": 0.34,
      "clob_down_ask": 0.67,
      "seconds_left": 270.3282268047333,
      "min_spread": 0.010000000000000009
    },
    {
      "ts": "2026-09-17T07:20:30.425967Z",
      "slug": "btc-updown-5m-1789629600",
      "status": "skip_price_below_threshold",
      "threshold": 0.7,
      "max_ask": 0.85,
      "win_streak": 0,
      "clob_up_ask": 0.34,
      "clob_down_ask": 0.67,
      "seconds_left": 270.3282268047333,
      "trigger_price": null
    },
    {
      "ts": "2026-09-17T07:20:33.530648Z",
      "slug": "btc-updown-5m-1789629600",
      "status": "heartbeat",
      "gamma_up": 0.235,
      "gamma_down": 0.765,
      "clob_up_ask": 0.28,
      "clob_down_ask": 0.73,
      "seconds_left": 267.26596760749817,
      "min_spread": 0.010000000000000009
    }
  ],
  "open_raw": "{\"mode\": \"open\", \"execute\": true, \"market_slug\": \"btc-updown-5m-1789629600\", \"force_side\": \"DOWN\", \"token_id\": \"98762748769709130895962935797095570370349847337124715907496301037157748376347\", \"entry_price\": 0.71, \"notional_usd\": 5.0, \"top_ask_notional_usd\": 747.4099, \"collateral_pusd\": 427.034005, \"order_post_result\": {\"errorMsg\": \"\", \"orderID\": \"0xe4c9032cd0b92437d9a2a3a4c0b09a503977d54db86d166ebbec6eb6ba86792e\", \"takingAmount\": \"6.578945\", \"makingAmount\": \"4.999998\", \"status\": \"matched\", \"transactionsHashes\": [\"0x9c1b9d572b01942b652f4fb625d62b9a98a14ad9c0fa8fa6f4d166843deb5627\"], \"success\": true}}\n\n[py_clob_client_v2] request error status=400 url=https://clob.polymarket.com/auth/api-key body={\"error\":\"Could not create api key\"}\n\n",
  "opened": {
    "opened_at": "2026-09-17T07:20:38.567260Z",
    "market_slug": "btc-updown-5m-1789629600",
    "market_end_iso": "2026-09-17T07:25:00Z",
    "side": "DOWN",
    "token_id": "98762748769709130895962935797095570370349847337124715907496301037157748376347",
    "entry_price": 0.71,
    "shares": 6.578945,
    "cost_usdc": 4.999998,
    "open_order_id": "0xe4c9032cd0b92437d9a2a3a4c0b09a503977d54db86d166ebbec6eb6ba86792e",
    "open_tx": "0x9c1b9d572b01942b652f4fb625d62b9a98a14ad9c0fa8fa6f4d166843deb5627"
  },
  "stop_loss_price": 0.07099999999999998,
  "last_side_price": 0.765,
  "last_clob_bid": 0.99,
  "last_check_at": "2026-09-17T07:24:40.498408Z",
  "close_debug": [
    {
      "ts": "2026-09-17T07:24:44.974066Z",
      "attempt": 1,
      "order_type": "FAK",
      "status": "skipped",
      "close_skipped": "zero_effective_shares"
    },
    {
      "ts": "2026-09-17T07:24:48.559489Z",
      "attempt": 2,
      "order_type": "FAK",
      "status": "skipped",
      "close_skipped": "zero_effective_shares"
    },
    {
      "ts": "2026-09-17T07:24:52.178753Z",
      "attempt": 3,
      "order_type": "FAK",
      "status": "skipped",
      "close_skipped": "zero_effective_shares"
    },
    {
      "ts": "2026-09-17T07:24:55.822202Z",
      "attempt": 4,
      "order_type": "FAK",
      "status": "skipped",
      "close_skipped": "zero_effective_shares"
    },
    {
      "ts": "2026-09-17T07:24:59.439454Z",
      "attempt": 5,
      "order_type": "FAK",
      "status": "skipped",
      "close_skipped": "zero_effective_shares"
    },
    {
      "ts": "2026-09-17T07:25:03.080037Z",
      "attempt": 6,
      "order_type": "FAK",
      "status": "skipped",
      "close_skipped": "zero_effective_shares"
    },
    {
      "ts": "2026-09-17T07:25:20.447421Z",
      "attempt": 7,
      "order_type": "FAK",
      "status": "skipped",
      "close_skipped": "zero_effective_shares"
    },
    {
      "ts": "2026-09-17T07:25:24.088687Z",
      "attempt": 8,
      "order_type": "FAK",
      "status": "skipped",
      "close_skipped": "zero_effective_shares"
    },
    {
      "ts": "2026-09-17T07:25:27.863499Z",
      "attempt": 9,
      "order_type": "FAK",
      "status": "skipped",
      "close_skipped": "zero_effective_shares"
    },
    {
      "ts": "2026-09-17T07:25:41.597360Z",
      "attempt": 10,
      "order_type": "FAK",
      "status": "skipped",
      "close_skipped": "zero_effective_shares"
    },
    {
      "ts": "2026-09-17T07:25:45.321720Z",
      "attempt": 11,
      "order_type": "FAK",
      "status": "skipped",
      "close_skipped": "zero_effective_shares"
    },
    {
      "ts": "2026-09-17T07:25:52.486681Z",
      "attempt": 12,
      "order_type": "FAK",
      "status": "skipped",
      "close_skipped": "zero_effective_shares"
    },
    {
      "ts": "2026-09-17T07:25:56.319513Z",
      "attempt": 13,
      "order_type": "FAK",
      "status": "skipped",
      "close_skipped": "zero_effective_shares"
    },
    {
      "ts": "2026-09-17T07:26:00.012283Z",
      "attempt": 14,
      "order_type": "FAK",
      "status": "skipped",
      "close_skipped": "zero_effective_shares"
    },
    {
      "ts": "2026-09-17T07:26:03.682720Z",
      "attempt": 15,
      "order_type": "FAK",
      "status": "skipped",
      "close_skipped": "zero_effective_shares"
    },
    {
      "ts": "2026-09-17T07:26:07.347133Z",
      "attempt": 16,
      "order_type": "FAK",
      "status": "skipped",
      "close_skipped": "zero_effective_shares"
    },
    {
      "ts": "2026-09-17T07:26:11.066873Z",
      "attempt": 17,
      "order_type": "FAK",
      "status": "skipped",
      "close_skipped": "zero_effective_shares"
    },
    {
      "ts": "2026-09-17T07:26:14.920692Z",
      "attempt": 18,
      "order_type": "FAK",
      "status": "skipped",
      "close_skipped": "zero_effective_shares"
    },
    {
      "ts": "2026-09-17T07:26:18.708933Z",
      "attempt": 19,
      "order_type": "FAK",
      "status": "skipped",
      "close_skipped": "zero_effective_shares"
    },
    {
      "ts": "2026-09-17T07:26:26.020294Z",
      "attempt": 20,
      "order_type": "FAK",
      "status": "skipped",
      "close_skipped": "zero_effective_shares"
    },
    {
      "ts": "2026-09-17T07:26:29.746875Z",
      "attempt": 21,
      "order_type": "FAK",
      "status": "skipped",
      "close_skipped": "zero_effective_shares"
    },
    {
      "ts": "2026-09-17T07:26:33.423818Z",
      "attempt": 22,
      "order_type": "FAK",
      "status": "skipped",
      "close_skipped": "zero_effective_shares"
    },
    {
      "ts": "2026-09-17T07:26:37.169586Z",
      "attempt": 23,
      "order_type": "FAK",
      "status": "skipped",
      "close_skipped": "zero_effective_shares"
    },
    {
      "ts": "2026-09-17T07:26:40.907558Z",
      "attempt": 24,
      "order_type": "FAK",
      "status": "skipped",
      "close_skipped": "zero_effective_shares"
    },
    {
      "ts": "2026-09-17T07:26:44.551483Z",
      "attempt": 25,
      "order_type": "FAK",
      "status": "skipped",
      "close_skipped": "zero_effective_shares"
    },
    {
      "ts": "2026-09-17T07:26:48.481176Z",
      "attempt": 26,
      "order_type": "FAK",
      "status": "skipped",
      "close_skipped": "zero_effective_shares"
    },
    {
      "ts": "2026-09-17T07:27:05.702221Z",
      "attempt": 27,
      "order_type": "FAK",
      "status": "skipped",
      "close_skipped": "zero_effective_shares"
    },
    {
      "ts": "2026-09-17T07:27:09.464791Z",
      "attempt": 28,
      "order_type": "FAK",
      "status": "skipped",
      "close_skipped": "zero_effective_shares"
    },
    {
      "ts": "2026-09-17T07:27:13.172584Z",
      "attempt": 29,
      "order_type": "FAK",
      "status": "skipped",
      "close_skipped": "zero_effective_shares"
    },
    {
      "ts": "2026-09-17T07:27:16.724150Z",
      "attempt": 30,
      "order_type": "FAK",
      "status": "skipped",
      "close_skipped": "zero_effective_shares"
    }
  ],
  "close_raw": "{\"mode\": \"close\", \"execute\": true, \"market_slug\": \"btc-updown-5m-1789629600\", \"token_id\": \"98762748769709130895962935797095570370349847337124715907496301037157748376347\", \"requested_shares\": 6.578945, \"close_order_type\": \"FAK\", \"close_limit_price\": null, \"available_shares\": 0.008945, \"sell_shares\": 0.0089, \"close_skipped\": \"zero_effective_shares\", \"order_post_result\": {\"success\": false, \"status\": \"skipped\"}}\n\n[py_clob_client_v2] request error status=400 url=https://clob.polymarket.com/auth/api-key body={\"error\":\"Could not create api key\"}\n\n",
  "closed": {
    "close_reason": "time_exit_20s_before_end",
    "closed_at": "2026-09-17T07:27:18.724337Z",
    "close_success": false,
    "close_status": "skipped",
    "close_order_id": null,
    "close_tx": null,
    "close_shares": 0.0,
    "close_usdc": 0.0,
    "close_skipped": "zero_effective_shares"
  },
  "realized_cashflow_pnl_usdc": null,
  "finished_at": "2026-09-17T07:27:18.725490Z",
  "result": "done"
}
[2026-09-17T07:27:18Z] session_end rc=0 sessions=9 stake_usd=5
journal_ok trades=152 md=/home/yukeen/polymarketbot/5min-btc-polymarket/data/live_trades.md json=/home/yukeen/polymarketbot/5min-btc-polymarket/data/live_trades.json
[2026-09-17T07:28:31Z] fills=9/12 sessions=9/36
[py_clob_client_v2] request error status=400 url=https://clob.polymarket.com/auth/api-key body={"error":"Could not create api key"}

[2026-09-17T07:28:52Z] cash=428.449767
[2026-09-17T07:29:00Z] session_begin sessions=9 fills=9 stake_usd=5
[py_clob_client_v2] request error status=400 url=https://clob.polymarket.com/auth/api-key body={"error":"Could not create api key"}

{
  "started_at": "2026-09-17T07:29:00.924993Z",
  "params": {
    "profile": "conservative",
    "threshold": 0.7,
    "stake_usd": 5.0,
    "stop_loss_pct": 0.9,
    "exit_before_sec": 20,
    "min_entry_seconds_left": 60,
    "entry_timeout_min": 12,
    "poll_sec": 2.0,
    "max_ask": 0.85,
    "expensive_ask": 0.8,
    "expensive_after_wins": 3,
    "close_retry_max": 30,
    "close_retry_delay_sec": 2.0,
    "execute": true,
    "win_streak": 1
  },
  "attempts": [
    {
      "ts": "2026-09-17T07:29:01.216372Z",
      "slug": "btc-updown-5m-1789629900",
      "status": "skip_too_late_to_enter",
      "seconds_left": 58.78363585472107,
      "min_entry_seconds_left": 60
    },
    {
      "ts": "2026-09-17T07:29:03.502399Z",
      "slug": "btc-updown-5m-1789629900",
      "status": "skip_too_late_to_enter",
      "seconds_left": 56.49760675430298,
      "min_entry_seconds_left": 60
    },
    {
      "ts": "2026-09-17T07:29:05.816092Z",
      "slug": "btc-updown-5m-1789629900",
      "status": "skip_too_late_to_enter",
      "seconds_left": 54.183913469314575,
      "min_entry_seconds_left": 60
    },
    {
      "ts": "2026-09-17T07:29:08.106425Z",
      "slug": "btc-updown-5m-1789629900",
      "status": "skip_too_late_to_enter",
      "seconds_left": 51.89358115196228,
      "min_entry_seconds_left": 60
    },
    {
      "ts": "2026-09-17T07:29:10.395566Z",
      "slug": "btc-updown-5m-1789629900",
      "status": "skip_too_late_to_enter",
      "seconds_left": 49.60443949699402,
      "min_entry_seconds_left": 60
    },
    {
      "ts": "2026-09-17T07:29:12.697594Z",
      "slug": "btc-updown-5m-1789629900",
      "status": "skip_too_late_to_enter",
      "seconds_left": 47.3024115562439,
      "min_entry_seconds_left": 60
    },
    {
      "ts": "2026-09-17T07:29:15.000195Z",
      "slug": "btc-updown-5m-1789629900",
      "status": "skip_too_late_to_enter",
      "seconds_left": 44.999809980392456,
      "min_entry_seconds_left": 60
    },
    {
      "ts": "2026-09-17T07:29:30.907779Z",
      "slug": "btc-updown-5m-1789629900",
      "status": "skip_too_late_to_enter",
      "seconds_left": 29.092226266860962,
      "min_entry_seconds_left": 60
    },
    {
      "ts": "2026-09-17T07:29:33.195920Z",
      "slug": "btc-updown-5m-1789629900",
      "status": "skip_too_late_to_enter",
      "seconds_left": 26.804086208343506,
      "min_entry_seconds_left": 60
    },
    {
      "ts": "2026-09-17T07:29:35.503414Z",
      "slug": "btc-updown-5m-1789629900",
      "status": "skip_too_late_to_enter",
      "seconds_left": 24.496591091156006,
      "min_entry_seconds_left": 60
    },
    {
      "ts": "2026-09-17T07:29:37.795944Z",
      "slug": "btc-updown-5m-1789629900",
      "status": "skip_too_late_to_enter",
      "seconds_left": 22.20406222343445,
      "min_entry_seconds_left": 60
    },
    {
      "ts": "2026-09-17T07:29:40.128271Z",
      "slug": "btc-updown-5m-1789629900",
      "status": "skip_too_late_to_enter",
      "seconds_left": 19.871733903884888,
      "min_entry_seconds_left": 60
    },
    {
      "ts": "2026-09-17T07:29:42.434103Z",
      "slug": "btc-updown-5m-1789629900",
      "status": "skip_too_late_to_enter",
      "seconds_left": 17.56589984893799,
      "min_entry_seconds_left": 60
    },
    {
      "ts": "2026-09-17T07:29:44.731306Z",
      "slug": "btc-updown-5m-1789629900",
      "status": "skip_too_late_to_enter",
      "seconds_left": 15.268709897994995,
      "min_entry_seconds_left": 60
    },
    {
      "ts": "2026-09-17T07:29:47.007721Z",
      "slug": "btc-updown-5m-1789629900",
      "status": "skip_too_late_to_enter",
      "seconds_left": 12.992284059524536,
      "min_entry_seconds_left": 60
    },
    {
      "ts": "2026-09-17T07:29:49.383081Z",
      "slug": "btc-updown-5m-1789629900",
      "status": "skip_too_late_to_enter",
      "seconds_left": 10.616923093795776,
      "min_entry_seconds_left": 60
    },
    {
      "ts": "2026-09-17T07:29:51.668982Z",
      "slug": "btc-updown-5m-1789629900",
      "status": "skip_too_late_to_enter",
      "seconds_left": 8.3310227394104,
      "min_entry_seconds_left": 60
    },
    {
      "ts": "2026-09-17T07:29:53.990573Z",
      "slug": "btc-updown-5m-1789629900",
      "status": "skip_too_late_to_enter",
      "seconds_left": 6.009432077407837,
      "min_entry_seconds_left": 60
    },
    {
      "ts": "2026-09-17T07:29:56.287967Z",
      "status": "heartbeat_no_current_market"
    },
    {
      "ts": "2026-09-17T07:30:02.359873Z",
      "status": "heartbeat_no_current_market"
    },
    {
      "ts": "2026-09-17T07:30:05.530750Z",
      "slug": "btc-updown-5m-1789630200",
      "status": "heartbeat",
      "gamma_up": 0.505,
      "gamma_down": 0.495,
      "clob_up_ask": 0.44,
      "clob_down_ask": 0.57,
      "seconds_left": 295.3403265476227,
      "min_spread": 0.009999999999999898
    },
    {
      "ts": "2026-09-17T07:30:05.530779Z",
      "slug": "btc-updown-5m-1789630200",
      "status": "skip_price_below_threshold",
      "threshold": 0.7,
      "max_ask": 0.85,
      "win_streak": 1,
      "clob_up_ask": 0.44,
      "clob_down_ask": 0.57,
      "seconds_left": 295.3403265476227,
      "trigger_price": null
    },
    {
      "ts": "2026-09-17T07:30:08.415972Z",
      "slug": "btc-updown-5m-1789630200",
      "status": "heartbeat",
      "gamma_up": 0.505,
      "gamma_down": 0.495,
      "clob_up_ask": 0.41,
      "clob_down_ask": 0.6,
      "seconds_left": 292.17292404174805,
      "min_spread": 0.009999999999999953
    },
    {
      "ts": "2026-09-17T07:30:08.416002Z",
      "slug": "btc-updown-5m-1789630200",
      "status": "skip_price_below_threshold",
      "threshold": 0.7,
      "max_ask": 0.85,
      "win_streak": 1,
      "clob_up_ask": 0.41,
      "clob_down_ask": 0.6,
      "seconds_left": 292.17292404174805,
      "trigger_price": null
    },
    {
      "ts": "2026-09-17T07:30:14.886030Z",
      "slug": "btc-updown-5m-1789630200",
      "status": "heartbeat",
      "gamma_up": 0.405,
      "gamma_down": 0.595,
      "clob_up_ask": 0.45,
      "clob_down_ask": 0.56,
      "seconds_left": 285.9198246002197,
      "min_spread": 0.010000000000000009
    },
    {
      "ts": "2026-09-17T07:30:14.886055Z",
      "slug": "btc-updown-5m-1789630200",
      "status": "skip_price_below_threshold",
      "threshold": 0.7,
      "max_ask": 0.85,
      "win_streak": 1,
      "clob_up_ask": 0.45,
      "clob_down_ask": 0.56,
      "seconds_left": 285.9198246002197,
      "trigger_price": null
    },
    {
      "ts": "2026-09-17T07:30:17.818174Z",
      "slug": "btc-updown-5m-1789630200",
      "status": "heartbeat",
      "gamma_up": 0.405,
      "gamma_down": 0.595,
      "clob_up_ask": 0.44,
      "clob_down_ask": 0.6,
      "seconds_left": 282.79350423812866,
      "min_spread": 0.010000000000000009
    },
    {
      "ts": "2026-09-17T07:30:17.818201Z",
      "slug": "btc-updown-5m-1789630200",
      "status": "skip_price_below_threshold",
      "threshold": 0.7,
      "max_ask": 0.85,
      "win_streak": 1,
      "clob_up_ask": 0.44,
      "clob_down_ask": 0.6,
      "seconds_left": 282.79350423812866,
      "trigger_price": null
    },
    {
      "ts": "2026-09-17T07:30:20.759343Z",
      "slug": "btc-updown-5m-1789630200",
      "status": "heartbeat",
      "gamma_up": 0.405,
      "gamma_down": 0.595,
      "clob_up_ask": 0.3,
      "clob_down_ask": 0.71,
      "seconds_left": 279.8551936149597,
      "min_spread": 0.010000000000000009
    }
  ],
  "open_raw": "{\"mode\": \"open\", \"execute\": true, \"market_slug\": \"btc-updown-5m-1789630200\", \"force_side\": \"DOWN\", \"token_id\": \"57196185089571986244060242300804799129388543672320128678822703831409064844752\", \"entry_price\": 0.7, \"notional_usd\": 5.0, \"top_ask_notional_usd\": 406.49, \"collateral_pusd\": 428.449767, \"order_post_result\": {\"errorMsg\": \"\", \"orderID\": \"0x6fa44287bf283250c9b96b00cc87b0769440c1bac146c5bbff34dd9aabc57642\", \"takingAmount\": \"7.692308\", \"makingAmount\": \"5\", \"status\": \"matched\", \"transactionsHashes\": [\"0x1c6103b4c8789036c191e8271888db4911d5d0c101e2ca7f94003a536b3ac0ac\"], \"success\": true}}\n\n[py_clob_client_v2] request error status=400 url=https://clob.polymarket.com/auth/api-key body={\"error\":\"Could not create api key\"}\n\n",
  "opened": {
    "opened_at": "2026-09-17T07:30:25.887979Z",
    "market_slug": "btc-updown-5m-1789630200",
    "market_end_iso": "2026-09-17T07:35:00Z",
    "side": "DOWN",
    "token_id": "57196185089571986244060242300804799129388543672320128678822703831409064844752",
    "entry_price": 0.7,
    "shares": 7.692308,
    "cost_usdc": 5.0,
    "open_order_id": "0x6fa44287bf283250c9b96b00cc87b0769440c1bac146c5bbff34dd9aabc57642",
    "open_tx": "0x1c6103b4c8789036c191e8271888db4911d5d0c101e2ca7f94003a536b3ac0ac"
  },
  "stop_loss_price": 0.06999999999999998,
  "last_side_price": 0.595,
  "last_clob_bid": 0.99,
  "last_check_at": "2026-09-17T07:34:40.320675Z",
  "close_debug": [
    {
      "ts": "2026-09-17T07:34:46.911754Z",
      "attempt": 1,
      "order_type": "FAK",
      "status": "matched",
      "close_skipped": ""
    }
  ],
  "close_raw": "{\"mode\": \"close\", \"execute\": true, \"market_slug\": \"btc-updown-5m-1789630200\", \"token_id\": \"57196185089571986244060242300804799129388543672320128678822703831409064844752\", \"requested_shares\": 7.692308, \"close_order_type\": \"FAK\", \"close_limit_price\": null, \"available_shares\": 7.692308, \"sell_shares\": 7.6923, \"order_post_result\": {\"errorMsg\": \"\", \"orderID\": \"0x7dacdafaaab19d3a903f738c34b12d60ed2649f0fa0b475e150b502fac516233\", \"takingAmount\": \"7.6131\", \"makingAmount\": \"7.69\", \"status\": \"matched\", \"transactionsHashes\": [\"0xb4ec853cee600690fa04280042ba667878dd417eb9af1d6fef0dee579d348b6c\"], \"success\": true}, \"close_skipped\": \"\"}\n\n[py_clob_client_v2] request error status=400 url=https://clob.polymarket.com/auth/api-key body={\"error\":\"Could not create api key\"}\n\n",
  "closed": {
    "close_reason": "time_exit_20s_before_end",
    "closed_at": "2026-09-17T07:34:46.911770Z",
    "close_success": true,
    "close_status": "matched",
    "close_order_id": "0x7dacdafaaab19d3a903f738c34b12d60ed2649f0fa0b475e150b502fac516233",
    "close_tx": "0xb4ec853cee600690fa04280042ba667878dd417eb9af1d6fef0dee579d348b6c",
    "close_shares": 7.69,
    "close_usdc": 7.6131,
    "close_skipped": ""
  },
  "realized_cashflow_pnl_usdc": 2.6131,
  "finished_at": "2026-09-17T07:34:46.911781Z",
  "result": "done"
}
[2026-09-17T07:34:46Z] session_end rc=0 sessions=10 stake_usd=5
journal_ok trades=153 md=/home/yukeen/polymarketbot/5min-btc-polymarket/data/live_trades.md json=/home/yukeen/polymarketbot/5min-btc-polymarket/data/live_trades.json
[2026-09-17T07:35:56Z] fills=10/12 sessions=10/36
[py_clob_client_v2] request error status=400 url=https://clob.polymarket.com/auth/api-key body={"error":"Could not create api key"}

[2026-09-17T07:36:16Z] cash=430.935047
[2026-09-17T07:36:24Z] session_begin sessions=10 fills=10 stake_usd=5
[py_clob_client_v2] request error status=400 url=https://clob.polymarket.com/auth/api-key body={"error":"Could not create api key"}

{
  "started_at": "2026-09-17T07:36:24.894793Z",
  "params": {
    "profile": "conservative",
    "threshold": 0.7,
    "stake_usd": 5.0,
    "stop_loss_pct": 0.9,
    "exit_before_sec": 20,
    "min_entry_seconds_left": 60,
    "entry_timeout_min": 12,
    "poll_sec": 2.0,
    "max_ask": 0.85,
    "expensive_ask": 0.8,
    "expensive_after_wins": 3,
    "close_retry_max": 30,
    "close_retry_delay_sec": 2.0,
    "execute": true,
    "win_streak": 2
  },
  "attempts": [
    {
      "ts": "2026-09-17T07:36:25.966390Z",
      "slug": "btc-updown-5m-1789630500",
      "status": "heartbeat",
      "gamma_up": 0.495,
      "gamma_down": 0.505,
      "clob_up_ask": 0.24,
      "clob_down_ask": 0.77,
      "seconds_left": 214.8131148815155,
      "min_spread": 0.009999999999999981
    }
  ],
  "open_raw": "{\"mode\": \"open\", \"execute\": true, \"market_slug\": \"btc-updown-5m-1789630500\", \"force_side\": \"DOWN\", \"token_id\": \"12505279280494457276919029254473560735141313486424169741569458167718850236572\", \"entry_price\": 0.8, \"notional_usd\": 5.0, \"top_ask_notional_usd\": 70.096, \"collateral_pusd\": 430.935047, \"order_post_result\": {\"errorMsg\": \"\", \"orderID\": \"0x7271e17f9f9879672fbbe4df55523bab00d22a8749ab072def0ad82a34dc098d\", \"takingAmount\": \"6.329114\", \"makingAmount\": \"5\", \"status\": \"matched\", \"transactionsHashes\": [\"0x388002a87d6ab2f2339eaa42221dc4117c123cc9cdba7b09ea328647fd138569\"], \"success\": true}}\n\n[py_clob_client_v2] request error status=400 url=https://clob.polymarket.com/auth/api-key body={\"error\":\"Could not create api key\"}\n\n",
  "opened": {
    "opened_at": "2026-09-17T07:36:30.647163Z",
    "market_slug": "btc-updown-5m-1789630500",
    "market_end_iso": "2026-09-17T07:40:00Z",
    "side": "DOWN",
    "token_id": "12505279280494457276919029254473560735141313486424169741569458167718850236572",
    "entry_price": 0.8,
    "shares": 6.329114,
    "cost_usdc": 5.0,
    "open_order_id": "0x7271e17f9f9879672fbbe4df55523bab00d22a8749ab072def0ad82a34dc098d",
    "open_tx": "0x388002a87d6ab2f2339eaa42221dc4117c123cc9cdba7b09ea328647fd138569"
  },
  "stop_loss_price": 0.07999999999999999,
  "last_side_price": 0.505,
  "last_clob_bid": 0.99,
  "last_check_at": "2026-09-17T07:39:35.466213Z",
  "close_debug": [
    {
      "ts": "2026-09-17T07:39:45.808792Z",
      "attempt": 1,
      "order_type": "FAK",
      "status": "matched",
      "close_skipped": ""
    }
  ],
  "close_raw": "{\"mode\": \"close\", \"execute\": true, \"market_slug\": \"btc-updown-5m-1789630500\", \"token_id\": \"12505279280494457276919029254473560735141313486424169741569458167718850236572\", \"requested_shares\": 6.329114, \"close_order_type\": \"FAK\", \"close_limit_price\": null, \"available_shares\": 6.329114, \"sell_shares\": 6.3291, \"order_post_result\": {\"errorMsg\": \"\", \"orderID\": \"0xbb134178e77d43135cceac6ab9de1899eeeb490b04581e10c192dab4e8a68a12\", \"takingAmount\": \"6.2568\", \"makingAmount\": \"6.32\", \"status\": \"matched\", \"transactionsHashes\": [\"0x4c7ff6207ac9181efbbb1ed64bf1bcc846b20717a718e8622b82c5dc1eadbe44\"], \"success\": true}, \"close_skipped\": \"\"}\n\n[py_clob_client_v2] request error status=400 url=https://clob.polymarket.com/auth/api-key body={\"error\":\"Could not create api key\"}\n\n",
  "closed": {
    "close_reason": "time_exit_20s_before_end",
    "closed_at": "2026-09-17T07:39:45.808823Z",
    "close_success": true,
    "close_status": "matched",
    "close_order_id": "0xbb134178e77d43135cceac6ab9de1899eeeb490b04581e10c192dab4e8a68a12",
    "close_tx": "0x4c7ff6207ac9181efbbb1ed64bf1bcc846b20717a718e8622b82c5dc1eadbe44",
    "close_shares": 6.32,
    "close_usdc": 6.2568,
    "close_skipped": ""
  },
  "realized_cashflow_pnl_usdc": 1.2568,
  "finished_at": "2026-09-17T07:39:45.808846Z",
  "result": "done"
}
[2026-09-17T07:39:45Z] session_end rc=0 sessions=11 stake_usd=5
journal_ok trades=154 md=/home/yukeen/polymarketbot/5min-btc-polymarket/data/live_trades.md json=/home/yukeen/polymarketbot/5min-btc-polymarket/data/live_trades.json
[2026-09-17T07:41:06Z] fills=11/12 sessions=11/36
[py_clob_client_v2] request error status=400 url=https://clob.polymarket.com/auth/api-key body={"error":"Could not create api key"}

[2026-09-17T07:41:23Z] cash=432.113977
[2026-09-17T07:41:35Z] session_begin sessions=11 fills=11 stake_usd=5
[py_clob_client_v2] request error status=400 url=https://clob.polymarket.com/auth/api-key body={"error":"Could not create api key"}

{
  "started_at": "2026-09-17T07:41:35.609285Z",
  "params": {
    "profile": "conservative",
    "threshold": 0.7,
    "stake_usd": 5.0,
    "stop_loss_pct": 0.9,
    "exit_before_sec": 20,
    "min_entry_seconds_left": 60,
    "entry_timeout_min": 12,
    "poll_sec": 2.0,
    "max_ask": 0.85,
    "expensive_ask": 0.8,
    "expensive_after_wins": 3,
    "close_retry_max": 30,
    "close_retry_delay_sec": 2.0,
    "execute": true,
    "win_streak": 3
  },
  "attempts": [
    {
      "ts": "2026-09-17T07:41:36.686710Z",
      "slug": "btc-updown-5m-1789630800",
      "status": "heartbeat",
      "gamma_up": 0.505,
      "gamma_down": 0.495,
      "clob_up_ask": 0.7,
      "clob_down_ask": 0.29,
      "seconds_left": 204.11315298080444,
      "min_spread": 0.009999999999999953
    }
  ],
  "open_raw": "{\"mode\": \"open\", \"execute\": true, \"market_slug\": \"btc-updown-5m-1789630800\", \"force_side\": \"UP\", \"token_id\": \"111577034708057265585947791040280224534756122973625298797214574279542423053781\", \"entry_price\": 0.91, \"notional_usd\": 5.0, \"top_ask_notional_usd\": 517.4988, \"collateral_pusd\": 432.113977, \"order_post_result\": {\"errorMsg\": \"\", \"orderID\": \"0x30026b45fed999db248fe105f9ba7b0181496551a2369b32428e2708072fabc9\", \"takingAmount\": \"5.4945\", \"makingAmount\": \"4.999995\", \"status\": \"matched\", \"transactionsHashes\": [\"0x457e05b8604cac90a42617edb7a91a8f5c374cfb522019d8f0af268a1ac8f475\"], \"success\": true}}\n\n[py_clob_client_v2] request error status=400 url=https://clob.polymarket.com/auth/api-key body={\"error\":\"Could not create api key\"}\n\n",
  "opened": {
    "opened_at": "2026-09-17T07:41:51.381571Z",
    "market_slug": "btc-updown-5m-1789630800",
    "market_end_iso": "2026-09-17T07:45:00Z",
    "side": "UP",
    "token_id": "111577034708057265585947791040280224534756122973625298797214574279542423053781",
    "entry_price": 0.91,
    "shares": 5.4945,
    "cost_usdc": 4.999995,
    "open_order_id": "0x30026b45fed999db248fe105f9ba7b0181496551a2369b32428e2708072fabc9",
    "open_tx": "0x457e05b8604cac90a42617edb7a91a8f5c374cfb522019d8f0af268a1ac8f475"
  },
  "stop_loss_price": 0.09099999999999998,
  "last_side_price": 0.965,
  "last_clob_bid": 0.99,
  "last_check_at": "2026-09-17T07:44:39.348455Z",
  "close_debug": [
    {
      "ts": "2026-09-17T07:44:43.655181Z",
      "attempt": 1,
      "order_type": "FAK",
      "status": "skipped",
      "close_skipped": "zero_effective_shares"
    },
    {
      "ts": "2026-09-17T07:44:47.505138Z",
      "attempt": 2,
      "order_type": "FAK",
      "status": "skipped",
      "close_skipped": "zero_effective_shares"
    },
    {
      "ts": "2026-09-17T07:44:51.564595Z",
      "attempt": 3,
      "order_type": "FAK",
      "status": "skipped",
      "close_skipped": "zero_effective_shares"
    },
    {
      "ts": "2026-09-17T07:44:55.276109Z",
      "attempt": 4,
      "order_type": "FAK",
      "status": "skipped",
      "close_skipped": "zero_effective_shares"
    },
    {
      "ts": "2026-09-17T07:44:59.124359Z",
      "attempt": 5,
      "order_type": "FAK",
      "status": "skipped",
      "close_skipped": "zero_effective_shares"
    },
    {
      "ts": "2026-09-17T07:45:06.437505Z",
      "attempt": 6,
      "order_type": "FAK",
      "status": "skipped",
      "close_skipped": "zero_effective_shares"
    },
    {
      "ts": "2026-09-17T07:45:10.156993Z",
      "attempt": 7,
      "order_type": "FAK",
      "status": "skipped",
      "close_skipped": "zero_effective_shares"
    },
    {
      "ts": "2026-09-17T07:45:14.137211Z",
      "attempt": 8,
      "order_type": "FAK",
      "status": "skipped",
      "close_skipped": "zero_effective_shares"
    },
    {
      "ts": "2026-09-17T07:45:17.926326Z",
      "attempt": 9,
      "order_type": "FAK",
      "status": "skipped",
      "close_skipped": "zero_effective_shares"
    },
    {
      "ts": "2026-09-17T07:45:21.562850Z",
      "attempt": 10,
      "order_type": "FAK",
      "status": "skipped",
      "close_skipped": "zero_effective_shares"
    },
    {
      "ts": "2026-09-17T07:45:25.397417Z",
      "attempt": 11,
      "order_type": "FAK",
      "status": "skipped",
      "close_skipped": "zero_effective_shares"
    },
    {
      "ts": "2026-09-17T07:45:29.128698Z",
      "attempt": 12,
      "order_type": "FAK",
      "status": "skipped",
      "close_skipped": "zero_effective_shares"
    },
    {
      "ts": "2026-09-17T07:45:32.776449Z",
      "attempt": 13,
      "order_type": "FAK",
      "status": "skipped",
      "close_skipped": "zero_effective_shares"
    },
    {
      "ts": "2026-09-17T07:45:36.528789Z",
      "attempt": 14,
      "order_type": "FAK",
      "status": "skipped",
      "close_skipped": "zero_effective_shares"
    },
    {
      "ts": "2026-09-17T07:45:43.827895Z",
      "attempt": 15,
      "order_type": "FAK",
      "status": "skipped",
      "close_skipped": "zero_effective_shares"
    },
    {
      "ts": "2026-09-17T07:45:47.648350Z",
      "attempt": 16,
      "order_type": "FAK",
      "status": "skipped",
      "close_skipped": "zero_effective_shares"
    },
    {
      "ts": "2026-09-17T07:45:51.261308Z",
      "attempt": 17,
      "order_type": "FAK",
      "status": "skipped",
      "close_skipped": "zero_effective_shares"
    },
    {
      "ts": "2026-09-17T07:45:54.967793Z",
      "attempt": 18,
      "order_type": "FAK",
      "status": "skipped",
      "close_skipped": "zero_effective_shares"
    },
    {
      "ts": "2026-09-17T07:46:08.706744Z",
      "attempt": 19,
      "order_type": "FAK",
      "status": "skipped",
      "close_skipped": "zero_effective_shares"
    },
    {
      "ts": "2026-09-17T07:46:12.341898Z",
      "attempt": 20,
      "order_type": "FAK",
      "status": "skipped",
      "close_skipped": "zero_effective_shares"
    },
    {
      "ts": "2026-09-17T07:46:19.584249Z",
      "attempt": 21,
      "order_type": "FAK",
      "status": "skipped",
      "close_skipped": "zero_effective_shares"
    },
    {
      "ts": "2026-09-17T07:46:23.316431Z",
      "attempt": 22,
      "order_type": "FAK",
      "status": "skipped",
      "close_skipped": "zero_effective_shares"
    },
    {
      "ts": "2026-09-17T07:46:26.839994Z",
      "attempt": 23,
      "order_type": "FAK",
      "status": "skipped",
      "close_skipped": "zero_effective_shares"
    },
    {
      "ts": "2026-09-17T07:46:30.593673Z",
      "attempt": 24,
      "order_type": "FAK",
      "status": "skipped",
      "close_skipped": "zero_effective_shares"
    },
    {
      "ts": "2026-09-17T07:46:34.222122Z",
      "attempt": 25,
      "order_type": "FAK",
      "status": "skipped",
      "close_skipped": "zero_effective_shares"
    },
    {
      "ts": "2026-09-17T07:46:48.034703Z",
      "attempt": 26,
      "order_type": "FAK",
      "status": "skipped",
      "close_skipped": "zero_effective_shares"
    },
    {
      "ts": "2026-09-17T07:46:55.311004Z",
      "attempt": 27,
      "order_type": "FAK",
      "status": "skipped",
      "close_skipped": "zero_effective_shares"
    },
    {
      "ts": "2026-09-17T07:46:58.997217Z",
      "attempt": 28,
      "order_type": "FAK",
      "status": "skipped",
      "close_skipped": "zero_effective_shares"
    },
    {
      "ts": "2026-09-17T07:47:02.725415Z",
      "attempt": 29,
      "order_type": "FAK",
      "status": "skipped",
      "close_skipped": "zero_effective_shares"
    },
    {
      "ts": "2026-09-17T07:47:06.420589Z",
      "attempt": 30,
      "order_type": "FAK",
      "status": "skipped",
      "close_skipped": "zero_effective_shares"
    }
  ],
  "close_raw": "{\"mode\": \"close\", \"execute\": true, \"market_slug\": \"btc-updown-5m-1789630800\", \"token_id\": \"111577034708057265585947791040280224534756122973625298797214574279542423053781\", \"requested_shares\": 5.4945, \"close_order_type\": \"FAK\", \"close_limit_price\": null, \"available_shares\": 0.0045, \"sell_shares\": 0.0045, \"close_skipped\": \"zero_effective_shares\", \"order_post_result\": {\"success\": false, \"status\": \"skipped\"}}\n\n[py_clob_client_v2] request error status=400 url=https://clob.polymarket.com/auth/api-key body={\"error\":\"Could not create api key\"}\n\n",
  "closed": {
    "close_reason": "time_exit_20s_before_end",
    "closed_at": "2026-09-17T07:47:08.420856Z",
    "close_success": false,
    "close_status": "skipped",
    "close_order_id": null,
    "close_tx": null,
    "close_shares": 0.0,
    "close_usdc": 0.0,
    "close_skipped": "zero_effective_shares"
  },
  "realized_cashflow_pnl_usdc": null,
  "finished_at": "2026-09-17T07:47:08.420905Z",
  "result": "done"
}
[2026-09-17T07:47:08Z] session_end rc=0 sessions=12 stake_usd=5
journal_ok trades=155 md=/home/yukeen/polymarketbot/5min-btc-polymarket/data/live_trades.md json=/home/yukeen/polymarketbot/5min-btc-polymarket/data/live_trades.json
[2026-09-17T07:48:31Z] fills=12/12 sessions=12/36
[2026-09-17T07:48:31Z] stop_max_fills=12
[2026-09-17T07:48:31Z] loop_exit
