[py_clob_client_v2] request error status=400 url=https://clob.polymarket.com/auth/api-key body={"error":"Could not create api key"}

[py_clob_client_v2] request error status=400 url=https://clob.polymarket.com/auth/api-key body={"error":"Could not create api key"}

request error status=400 url=https://clob.polymarket.com/auth/api-key body={"error":"Could not create api key"}

{
  "started_at": "2026-09-17T07:55:04.034506Z",
  "params": {
    "profile": "conservative",
    "threshold": 0.7,
    "stake_usd": 5.0,
    "stop_loss_pct": 0.9,
    "exit_before_sec": 20,
    "min_entry_seconds_left": 60,
    "entry_timeout_min": 12,
    "poll_sec": 2.0,
    "max_ask": 0.85,
    "expensive_ask": 0.8,
    "expensive_after_wins": 3,
    "close_retry_max": 30,
    "close_retry_delay_sec": 2.0,
    "execute": true,
    "win_streak": 4
  },
  "attempts": [
    {
      "ts": "2026-09-17T07:55:05.217188Z",
      "slug": "btc-updown-5m-1789631700",
      "status": "heartbeat",
      "gamma_up": 0.505,
      "gamma_down": 0.495,
      "clob_up_ask": 0.46,
      "clob_down_ask": 0.55,
      "seconds_left": 295.52837562561035,
      "min_spread": 0.010000000000000009
    },
    {
      "ts": "2026-09-17T07:55:05.217208Z",
      "slug": "btc-updown-5m-1789631700",
      "status": "skip_price_below_threshold",
      "threshold": 0.7,
      "max_ask": 0.85,
      "win_streak": 4,
      "clob_up_ask": 0.46,
      "clob_down_ask": 0.55,
      "seconds_left": 295.52837562561035,
      "trigger_price": null
    },
    {
      "ts": "2026-09-17T07:55:08.153541Z",
      "slug": "btc-updown-5m-1789631700",
      "status": "heartbeat",
      "gamma_up": 0.505,
      "gamma_down": 0.495,
      "clob_up_ask": 0.46,
      "clob_down_ask": 0.55,
      "seconds_left": 292.4790449142456,
      "min_spread": 0.010000000000000009
    },
    {
      "ts": "2026-09-17T07:55:08.153569Z",
      "slug": "btc-updown-5m-1789631700",
      "status": "skip_price_below_threshold",
      "threshold": 0.7,
      "max_ask": 0.85,
      "win_streak": 4,
      "clob_up_ask": 0.46,
      "clob_down_ask": 0.55,
      "seconds_left": 292.4790449142456,
      "trigger_price": null
    },
    {
      "ts": "2026-09-17T07:55:11.080065Z",
      "slug": "btc-updown-5m-1789631700",
      "status": "heartbeat",
      "gamma_up": 0.505,
      "gamma_down": 0.495,
      "clob_up_ask": 0.46,
      "clob_down_ask": 0.55,
      "seconds_left": 289.53688645362854,
      "min_spread": 0.010000000000000009
    },
    {
      "ts": "2026-09-17T07:55:11.080086Z",
      "slug": "btc-updown-5m-1789631700",
      "status": "skip_price_below_threshold",
      "threshold": 0.7,
      "max_ask": 0.85,
      "win_streak": 4,
      "clob_up_ask": 0.46,
      "clob_down_ask": 0.55,
      "seconds_left": 289.53688645362854,
      "trigger_price": null
    },
    {
      "ts": "2026-09-17T07:55:13.981887Z",
      "slug": "btc-updown-5m-1789631700",
      "status": "heartbeat",
      "gamma_up": 0.455,
      "gamma_down": 0.545,
      "clob_up_ask": 0.46,
      "clob_down_ask": 0.55,
      "seconds_left": 286.6310477256775,
      "min_spread": 0.010000000000000009
    },
    {
      "ts": "2026-09-17T07:55:13.981913Z",
      "slug": "btc-updown-5m-1789631700",
      "status": "skip_price_below_threshold",
      "threshold": 0.7,
      "max_ask": 0.85,
      "win_streak": 4,
      "clob_up_ask": 0.46,
      "clob_down_ask": 0.55,
      "seconds_left": 286.6310477256775,
      "trigger_price": null
    },
    {
      "ts": "2026-09-17T07:55:16.973063Z",
      "slug": "btc-updown-5m-1789631700",
      "status": "heartbeat",
      "gamma_up": 0.455,
      "gamma_down": 0.545,
      "clob_up_ask": 0.48,
      "clob_down_ask": 0.53,
      "seconds_left": 283.71015906333923,
      "min_spread": 0.010000000000000009
    },
    {
      "ts": "2026-09-17T07:55:16.973081Z",
      "slug": "btc-updown-5m-1789631700",
      "status": "skip_price_below_threshold",
      "threshold": 0.7,
      "max_ask": 0.85,
      "win_streak": 4,
      "clob_up_ask": 0.48,
      "clob_down_ask": 0.53,
      "seconds_left": 283.71015906333923,
      "trigger_price": null
    },
    {
      "ts": "2026-09-17T07:55:19.887817Z",
      "slug": "btc-updown-5m-1789631700",
      "status": "heartbeat",
      "gamma_up": 0.455,
      "gamma_down": 0.545,
      "clob_up_ask": 0.48,
      "clob_down_ask": 0.53,
      "seconds_left": 280.7284665107727,
      "min_spread": 0.010000000000000009
    },
    {
      "ts": "2026-09-17T07:55:19.887841Z",
      "slug": "btc-updown-5m-1789631700",
      "status": "skip_price_below_threshold",
      "threshold": 0.7,
      "max_ask": 0.85,
      "win_streak": 4,
      "clob_up_ask": 0.48,
      "clob_down_ask": 0.53,
      "seconds_left": 280.7284665107727,
      "trigger_price": null
    },
    {
      "ts": "2026-09-17T07:55:22.808123Z",
      "slug": "btc-updown-5m-1789631700",
      "status": "heartbeat",
      "gamma_up": 0.455,
      "gamma_down": 0.545,
      "clob_up_ask": 0.46,
      "clob_down_ask": 0.55,
      "seconds_left": 277.82301092147827,
      "min_spread": 0.010000000000000009
    },
    {
      "ts": "2026-09-17T07:55:22.808141Z",
      "slug": "btc-updown-5m-1789631700",
      "status": "skip_price_below_threshold",
      "threshold": 0.7,
      "max_ask": 0.85,
      "win_streak": 4,
      "clob_up_ask": 0.46,
      "clob_down_ask": 0.55,
      "seconds_left": 277.82301092147827,
      "trigger_price": null
    },
    {
      "ts": "2026-09-17T07:55:25.747613Z",
      "slug": "btc-updown-5m-1789631700",
      "status": "heartbeat",
      "gamma_up": 0.455,
      "gamma_down": 0.545,
      "clob_up_ask": 0.47,
      "clob_down_ask": 0.54,
      "seconds_left": 274.88851499557495,
      "min_spread": 0.009999999999999953
    },
    {
      "ts": "2026-09-17T07:55:25.747636Z",
      "slug": "btc-updown-5m-1789631700",
      "status": "skip_price_below_threshold",
      "threshold": 0.7,
      "max_ask": 0.85,
      "win_streak": 4,
      "clob_up_ask": 0.47,
      "clob_down_ask": 0.54,
      "seconds_left": 274.88851499557495,
      "trigger_price": null
    },
    {
      "ts": "2026-09-17T07:55:28.644399Z",
      "slug": "btc-updown-5m-1789631700",
      "status": "heartbeat",
      "gamma_up": 0.455,
      "gamma_down": 0.545,
      "clob_up_ask": 0.46,
      "clob_down_ask": 0.55,
      "seconds_left": 271.9664578437805,
      "min_spread": 0.010000000000000009
    },
    {
      "ts": "2026-09-17T07:55:28.644426Z",
      "slug": "btc-updown-5m-1789631700",
      "status": "skip_price_below_threshold",
      "threshold": 0.7,
      "max_ask": 0.85,
      "win_streak": 4,
      "clob_up_ask": 0.46,
      "clob_down_ask": 0.55,
      "seconds_left": 271.9664578437805,
      "trigger_price": null
    },
    {
      "ts": "2026-09-17T07:55:31.645964Z",
      "slug": "btc-updown-5m-1789631700",
      "status": "heartbeat",
      "gamma_up": 0.455,
      "gamma_down": 0.545,
      "clob_up_ask": 0.46,
      "clob_down_ask": 0.55,
      "seconds_left": 268.96005964279175,
      "min_spread": 0.010000000000000009
    },
    {
      "ts": "2026-09-17T07:55:31.645984Z",
      "slug": "btc-updown-5m-1789631700",
      "status": "skip_price_below_threshold",
      "threshold": 0.7,
      "max_ask": 0.85,
      "win_streak": 4,
      "clob_up_ask": 0.46,
      "clob_down_ask": 0.55,
      "seconds_left": 268.96005964279175,
      "trigger_price": null
    },
    {
      "ts": "2026-09-17T07:55:38.217648Z",
      "slug": "btc-updown-5m-1789631700",
      "status": "heartbeat",
      "gamma_up": 0.455,
      "gamma_down": 0.545,
      "clob_up_ask": 0.45,
      "clob_down_ask": 0.56,
      "seconds_left": 262.41376996040344,
      "min_spread": 0.010000000000000009
    },
    {
      "ts": "2026-09-17T07:55:38.217670Z",
      "slug": "btc-updown-5m-1789631700",
      "status": "skip_price_below_threshold",
      "threshold": 0.7,
      "max_ask": 0.85,
      "win_streak": 4,
      "clob_up_ask": 0.45,
      "clob_down_ask": 0.56,
      "seconds_left": 262.41376996040344,
      "trigger_price": null
    },
    {
      "ts": "2026-09-17T07:55:41.276901Z",
      "slug": "btc-updown-5m-1789631700",
      "status": "heartbeat",
      "gamma_up": 0.455,
      "gamma_down": 0.545,
      "clob_up_ask": 0.44,
      "clob_down_ask": 0.57,
      "seconds_left": 259.42735528945923,
      "min_spread": 0.009999999999999898
    },
    {
      "ts": "2026-09-17T07:55:41.276926Z",
      "slug": "btc-updown-5m-1789631700",
      "status": "skip_price_below_threshold",
      "threshold": 0.7,
      "max_ask": 0.85,
      "win_streak": 4,
      "clob_up_ask": 0.44,
      "clob_down_ask": 0.57,
      "seconds_left": 259.42735528945923,
      "trigger_price": null
    },
    {
      "ts": "2026-09-17T07:56:03.285124Z",
      "status": "heartbeat_no_current_market"
    },
    {
      "ts": "2026-09-17T07:56:06.337343Z",
      "slug": "btc-updown-5m-1789631700",
      "status": "heartbeat",
      "gamma_up": 0.455,
      "gamma_down": 0.545,
      "clob_up_ask": 0.29,
      "clob_down_ask": 0.72,
      "seconds_left": 234.41156148910522,
      "min_spread": 0.009999999999999953
    },
    {
      "ts": "2026-09-17T07:56:14.276951Z",
      "slug": "btc-updown-5m-1789631700",
      "status": "heartbeat",
      "gamma_up": 0.455,
      "gamma_down": 0.545,
      "clob_up_ask": 0.27,
      "clob_down_ask": 0.74,
      "seconds_left": 226.3838930130005,
      "min_spread": 0.010000000000000009
    }
  ],
  "last_open_try": "{\"mode\": \"open\", \"execute\": true, \"market_slug\": \"btc-updown-5m-1789631700\", \"force_side\": \"DOWN\", \"token_id\": \"52613932825915190679413253203096301968687483476985484691447055496194263489376\", \"entry_price\": 0.72, \"notional_usd\": 5.0, \"top_ask_notional_usd\": 24.48, \"skipped\": \"thin_top_ask\", \"order_post_result\": {\"success\": false, \"status\": \"skipped\", \"errorMsg\": \"thin_top_ask\"}}\n\n",
  "open_raw": "{\"mode\": \"open\", \"execute\": true, \"market_slug\": \"btc-updown-5m-1789631700\", \"force_side\": \"DOWN\", \"token_id\": \"52613932825915190679413253203096301968687483476985484691447055496194263489376\", \"entry_price\": 0.75, \"notional_usd\": 5.0, \"top_ask_notional_usd\": 174.5925, \"collateral_pusd\": 431.700002, \"order_post_result\": {\"errorMsg\": \"\", \"orderID\": \"0x73e178b3e6eb3c7645e18ce4eb98ebaadce85b8c56532c2916734e52345662f7\", \"takingAmount\": \"7.042251\", \"makingAmount\": \"4.999998\", \"status\": \"matched\", \"transactionsHashes\": [\"0x6d961f462a2bf01779402be76cdf14ed38bce31b1ac841876b7fa9649e3c089c\"], \"success\": true}}\n\n[py_clob_client_v2] request error status=400 url=https://clob.polymarket.com/auth/api-key body={\"error\":\"Could not create api key\"}\n\n",
  "opened": {
    "opened_at": "2026-09-17T07:56:18.923875Z",
    "market_slug": "btc-updown-5m-1789631700",
    "market_end_iso": "2026-09-17T08:00:00Z",
    "side": "DOWN",
    "token_id": "52613932825915190679413253203096301968687483476985484691447055496194263489376",
    "entry_price": 0.75,
    "shares": 7.042251,
    "cost_usdc": 4.999998,
    "open_order_id": "0x73e178b3e6eb3c7645e18ce4eb98ebaadce85b8c56532c2916734e52345662f7",
    "open_tx": "0x6d961f462a2bf01779402be76cdf14ed38bce31b1ac841876b7fa9649e3c089c"
  },
  "stop_loss_price": 0.07499999999999998,
  "last_side_price": null,
  "last_clob_bid": 0.999,
  "last_check_at": "2026-09-17T07:59:53.822080Z",
  "close_debug": [
    {
      "ts": "2026-09-17T08:00:00.194571Z",
      "attempt": 1,
      "order_type": "FAK",
      "status": "matched",
      "close_skipped": ""
    }
  ],
  "close_raw": "{\"mode\": \"close\", \"execute\": true, \"market_slug\": \"btc-updown-5m-1789631700\", \"token_id\": \"52613932825915190679413253203096301968687483476985484691447055496194263489376\", \"requested_shares\": 7.042251, \"close_order_type\": \"FAK\", \"close_limit_price\": null, \"available_shares\": 7.042251, \"sell_shares\": 7.0422, \"order_post_result\": {\"errorMsg\": \"\", \"orderID\": \"0x9dff511366bf9a481ebdd3e8954eeb3a81a05b75538799daf9f561ed46e4d41b\", \"takingAmount\": \"7.03296\", \"makingAmount\": \"7.04\", \"status\": \"matched\", \"transactionsHashes\": [\"0x770b57de28f52fcdc535ee9ea677c3dea2f7e4fab9a196e0b9b8255d9ea46ddd\"], \"success\": true}, \"close_skipped\": \"\"}\n\n[py_clob_client_v2] request error status=400 url=https://clob.polymarket.com/auth/api-key body={\"error\":\"Could not create api key\"}\n\n",
  "closed": {
    "close_reason": "time_exit_20s_before_end",
    "closed_at": "2026-09-17T08:00:00.194588Z",
    "close_success": true,
    "close_status": "matched",
    "close_order_id": "0x9dff511366bf9a481ebdd3e8954eeb3a81a05b75538799daf9f561ed46e4d41b",
    "close_tx": "0x770b57de28f52fcdc535ee9ea677c3dea2f7e4fab9a196e0b9b8255d9ea46ddd",
    "close_shares": 7.04,
    "close_usdc": 7.03296,
    "close_skipped": ""
  },
  "realized_cashflow_pnl_usdc": 2.032962,
  "finished_at": "2026-09-17T08:00:00.194599Z",
  "result": "done"
}
[2026-09-17T08:00:00Z] session_end rc=0 sessions=1 stake_usd=5
journal_ok trades=156 md=/home/yukeen/polymarketbot/5min-btc-polymarket/data/live_trades.md json=/home/yukeen/polymarketbot/5min-btc-polymarket/data/live_trades.json
[2026-09-17T08:00:55Z] fills=1/12 sessions=1/36
[2026-09-17T08:01:16Z] cash=433.630984
[2026-09-17T08:01:24Z] session_begin sessions=1 fills=1 stake_usd=5
[py_clob_client_v2] request error status=400 url=https://clob.polymarket.com/auth/api-key body={"error":"Could not create api key"}

{
  "started_at": "2026-09-17T08:01:24.529466Z",
  "params": {
    "profile": "conservative",
    "threshold": 0.7,
    "stake_usd": 5.0,
    "stop_loss_pct": 0.9,
    "exit_before_sec": 20,
    "min_entry_seconds_left": 60,
    "entry_timeout_min": 12,
    "poll_sec": 2.0,
    "max_ask": 0.85,
    "expensive_ask": 0.8,
    "expensive_after_wins": 3,
    "close_retry_max": 30,
    "close_retry_delay_sec": 2.0,
    "execute": true,
    "win_streak": 5
  },
  "attempts": [
    {
      "ts": "2026-09-17T08:01:25.675540Z",
      "slug": "btc-updown-5m-1789632000",
      "status": "heartbeat",
      "gamma_up": 0.505,
      "gamma_down": 0.495,
      "clob_up_ask": 0.8,
      "clob_down_ask": 0.21,
      "seconds_left": 215.07344579696655,
      "min_spread": 0.009999999999999981
    },
    {
      "ts": "2026-09-17T08:01:25.675564Z",
      "slug": "btc-updown-5m-1789632000",
      "status": "skip_expensive_after_wins",
      "threshold": 0.7,
      "max_ask": 0.85,
      "win_streak": 5,
      "clob_up_ask": 0.8,
      "clob_down_ask": 0.21,
      "seconds_left": 215.07344579696655,
      "trigger_price": 0.8
    },
    {
      "ts": "2026-09-17T08:01:28.576763Z",
      "slug": "btc-updown-5m-1789632000",
      "status": "heartbeat",
      "gamma_up": 0.505,
      "gamma_down": 0.495,
      "clob_up_ask": 0.81,
      "clob_down_ask": 0.2,
      "seconds_left": 212.0295181274414,
      "min_spread": 0.010000000000000009
    },
    {
      "ts": "2026-09-17T08:01:28.576824Z",
      "slug": "btc-updown-5m-1789632000",
      "status": "skip_expensive_after_wins",
      "threshold": 0.7,
      "max_ask": 0.85,
      "win_streak": 5,
      "clob_up_ask": 0.81,
      "clob_down_ask": 0.2,
      "seconds_left": 212.0295181274414,
      "trigger_price": 0.81
    },
    {
      "ts": "2026-09-17T08:01:31.473465Z",
      "slug": "btc-updown-5m-1789632000",
      "status": "heartbeat",
      "gamma_up": 0.505,
      "gamma_down": 0.495,
      "clob_up_ask": 0.8,
      "clob_down_ask": 0.21,
      "seconds_left": 209.14517855644226,
      "min_spread": 0.009999999999999981
    },
    {
      "ts": "2026-09-17T08:01:31.473492Z",
      "slug": "btc-updown-5m-1789632000",
      "status": "skip_expensive_after_wins",
      "threshold": 0.7,
      "max_ask": 0.85,
      "win_streak": 5,
      "clob_up_ask": 0.8,
      "clob_down_ask": 0.21,
      "seconds_left": 209.14517855644226,
      "trigger_price": 0.8
    },
    {
      "ts": "2026-09-17T08:01:37.991064Z",
      "slug": "btc-updown-5m-1789632000",
      "status": "heartbeat",
      "gamma_up": 0.505,
      "gamma_down": 0.495,
      "clob_up_ask": 0.83,
      "clob_down_ask": 0.18,
      "seconds_left": 202.6343810558319,
      "min_spread": 0.009999999999999981
    },
    {
      "ts": "2026-09-17T08:01:37.991081Z",
      "slug": "btc-updown-5m-1789632000",
      "status": "skip_expensive_after_wins",
      "threshold": 0.7,
      "max_ask": 0.85,
      "win_streak": 5,
      "clob_up_ask": 0.83,
      "clob_down_ask": 0.18,
      "seconds_left": 202.6343810558319,
      "trigger_price": 0.83
    },
    {
      "ts": "2026-09-17T08:01:40.934527Z",
      "slug": "btc-updown-5m-1789632000",
      "status": "heartbeat",
      "gamma_up": 0.505,
      "gamma_down": 0.495,
      "clob_up_ask": 0.79,
      "clob_down_ask": 0.22,
      "seconds_left": 199.7087733745575,
      "min_spread": 0.010000000000000009
    },
    {
      "ts": "2026-09-17T08:01:48.890495Z",
      "slug": "btc-updown-5m-1789632000",
      "status": "heartbeat",
      "gamma_up": 0.505,
      "gamma_down": 0.495,
      "clob_up_ask": 0.78,
      "clob_down_ask": 0.23,
      "seconds_left": 191.8599603176117,
      "min_spread": 0.010000000000000009
    }
  ],
  "last_open_try": "{\"error\": \"PolyApiException[status_code=400, error_message={'error': 'no orders found to match with FAK order. FAK orders are partially filled or killed if no match is found.', 'orderID': '0x89f7e11acb6ce6db4d45383b4dc827c4bf2725e5196db06ebc4a3508e3bc7273'}]\", \"order_post_result\": {\"success\": false, \"status\": \"error\", \"errorMsg\": \"PolyApiException[status_code=400, error_message={'error': 'no orders found to match with FAK order. FAK orders are partially filled or killed if no match is found.', 'orderID': '0x89f7e11acb6ce6db4d45383b4dc827c4bf2725e5196db06ebc4a3508e3bc7273'}]\"}, \"close_skipped\": \"\"}\n\n[py_clob_client_v2] request error status=400 url=https://clob.polymarket.com/auth/api-key body={\"error\":\"Could not create api key\"}\n\n[py_clob_client_v2] request error status=400 url=https://clob.polymarket.com/order body={\"error\":\"no orders found to match with FAK order. FAK orders are partially filled or killed if no match is found.\",\"orderID\":\"0x89f7e11acb6ce6db4d45383b4dc827c4bf2725e5196db06ebc4a3508e3bc7273\"}\n",
  "open_raw": "{\"mode\": \"open\", \"execute\": true, \"market_slug\": \"btc-updown-5m-1789632000\", \"force_side\": \"UP\", \"token_id\": \"3193318686923427980560207801223684103083565541130266599796174863694160873011\", \"entry_price\": 0.79, \"notional_usd\": 5.0, \"top_ask_notional_usd\": 544.6023, \"collateral_pusd\": 433.630984, \"order_post_result\": {\"errorMsg\": \"\", \"orderID\": \"0xbeaf5548afc681144afc269d10172630af90315adecd57c715b84a8d35e66e6f\", \"takingAmount\": \"6.172836\", \"makingAmount\": \"4.999997\", \"status\": \"matched\", \"transactionsHashes\": [\"0x6cb177231054ccf8f56dcc5a515e43c9fbb019bda0f8abb03c3533c458dc859f\"], \"success\": true}}\n\n[py_clob_client_v2] request error status=400 url=https://clob.polymarket.com/auth/api-key body={\"error\":\"Could not create api key\"}\n\n",
  "opened": {
    "opened_at": "2026-09-17T08:01:53.983724Z",
    "market_slug": "btc-updown-5m-1789632000",
    "market_end_iso": "2026-09-17T08:05:00Z",
    "side": "UP",
    "token_id": "3193318686923427980560207801223684103083565541130266599796174863694160873011",
    "entry_price": 0.79,
    "shares": 6.172836,
    "cost_usdc": 4.999997,
    "open_order_id": "0xbeaf5548afc681144afc269d10172630af90315adecd57c715b84a8d35e66e6f",
    "open_tx": "0x6cb177231054ccf8f56dcc5a515e43c9fbb019bda0f8abb03c3533c458dc859f"
  },
  "stop_loss_price": 0.07899999999999999,
  "last_side_price": 0.965,
  "last_clob_bid": 0.99,
  "last_check_at": "2026-09-17T08:04:39.932370Z",
  "close_debug": [
    {
      "ts": "2026-09-17T08:04:46.539754Z",
      "attempt": 1,
      "order_type": "FAK",
      "status": "matched",
      "close_skipped": ""
    }
  ],
  "close_raw": "{\"mode\": \"close\", \"execute\": true, \"market_slug\": \"btc-updown-5m-1789632000\", \"token_id\": \"3193318686923427980560207801223684103083565541130266599796174863694160873011\", \"requested_shares\": 6.172836, \"close_order_type\": \"FAK\", \"close_limit_price\": null, \"available_shares\": 6.172836, \"sell_shares\": 6.1728, \"order_post_result\": {\"errorMsg\": \"\", \"orderID\": \"0xee71a5e9d5748d2ae91ac16b90680441dd0c60921f6a69404a6b487e761cf3b5\", \"takingAmount\": \"6.1083\", \"makingAmount\": \"6.17\", \"status\": \"matched\", \"transactionsHashes\": [\"0xf0ae44635db81557b16c1da3aa10ef4bb0d8860967db1bd684c52c4a0bed9d32\"], \"success\": true}, \"close_skipped\": \"\"}\n\n[py_clob_client_v2] request error status=400 url=https://clob.polymarket.com/auth/api-key body={\"error\":\"Could not create api key\"}\n\n",
  "closed": {
    "close_reason": "time_exit_20s_before_end",
    "closed_at": "2026-09-17T08:04:46.539775Z",
    "close_success": true,
    "close_status": "matched",
    "close_order_id": "0xee71a5e9d5748d2ae91ac16b90680441dd0c60921f6a69404a6b487e761cf3b5",
    "close_tx": "0xf0ae44635db81557b16c1da3aa10ef4bb0d8860967db1bd684c52c4a0bed9d32",
    "close_shares": 6.17,
    "close_usdc": 6.1083,
    "close_skipped": ""
  },
  "realized_cashflow_pnl_usdc": 1.108303,
  "finished_at": "2026-09-17T08:04:46.539789Z",
  "result": "done"
}
[2026-09-17T08:04:46Z] session_end rc=0 sessions=2 stake_usd=5
journal_ok trades=157 md=/home/yukeen/polymarketbot/5min-btc-polymarket/data/live_trades.md json=/home/yukeen/polymarketbot/5min-btc-polymarket/data/live_trades.json
[2026-09-17T08:06:16Z] fills=2/12 sessions=2/36
[py_clob_client_v2] request error status=400 url=https://clob.polymarket.com/auth/api-key body={"error":"Could not create api key"}

[2026-09-17T08:06:37Z] cash=434.668527
[2026-09-17T08:06:45Z] session_begin sessions=2 fills=2 stake_usd=5
[py_clob_client_v2] request error status=400 url=https://clob.polymarket.com/auth/api-key body={"error":"Could not create api key"}

{
  "started_at": "2026-09-17T08:06:45.646346Z",
  "params": {
    "profile": "conservative",
    "threshold": 0.7,
    "stake_usd": 5.0,
    "stop_loss_pct": 0.9,
    "exit_before_sec": 20,
    "min_entry_seconds_left": 60,
    "entry_timeout_min": 12,
    "poll_sec": 2.0,
    "max_ask": 0.85,
    "expensive_ask": 0.8,
    "expensive_after_wins": 3,
    "close_retry_max": 30,
    "close_retry_delay_sec": 2.0,
    "execute": true,
    "win_streak": 6
  },
  "attempts": [
    {
      "ts": "2026-09-17T08:06:46.827048Z",
      "slug": "btc-updown-5m-1789632300",
      "status": "heartbeat",
      "gamma_up": 0.505,
      "gamma_down": 0.495,
      "clob_up_ask": 0.26,
      "clob_down_ask": 0.75,
      "seconds_left": 193.91598081588745,
      "min_spread": 0.010000000000000009
    }
  ],
  "open_raw": "{\"mode\": \"open\", \"execute\": true, \"market_slug\": \"btc-updown-5m-1789632300\", \"force_side\": \"DOWN\", \"token_id\": \"9164628045061040629799098544096228648109676218330874515384010706997388412829\", \"entry_price\": 0.74, \"notional_usd\": 5.0, \"top_ask_notional_usd\": 963.2062000000001, \"collateral_pusd\": 434.668527, \"order_post_result\": {\"errorMsg\": \"\", \"orderID\": \"0x4168c867b14730171fcc9272257ec40929acba9b2da1d9faeff9d57e67f8aff5\", \"takingAmount\": \"6.25\", \"makingAmount\": \"5\", \"status\": \"matched\", \"transactionsHashes\": [\"0x61eb41465af66727e9973bf2eec4388aa6d03da8aef274d689ee603876bde92e\"], \"success\": true}}\n\n[py_clob_client_v2] request error status=400 url=https://clob.polymarket.com/auth/api-key body={\"error\":\"Could not create api key\"}\n\n",
  "opened": {
    "opened_at": "2026-09-17T08:06:51.863499Z",
    "market_slug": "btc-updown-5m-1789632300",
    "market_end_iso": "2026-09-17T08:10:00Z",
    "side": "DOWN",
    "token_id": "9164628045061040629799098544096228648109676218330874515384010706997388412829",
    "entry_price": 0.74,
    "shares": 6.25,
    "cost_usdc": 5.0,
    "open_order_id": "0x4168c867b14730171fcc9272257ec40929acba9b2da1d9faeff9d57e67f8aff5",
    "open_tx": "0x61eb41465af66727e9973bf2eec4388aa6d03da8aef274d689ee603876bde92e"
  },
  "stop_loss_price": 0.07399999999999998,
  "last_side_price": 0.795,
  "last_clob_bid": 0.99,
  "last_check_at": "2026-09-17T08:09:38.237883Z",
  "close_debug": [
    {
      "ts": "2026-09-17T08:09:43.621530Z",
      "attempt": 1,
      "order_type": "FAK",
      "status": "skipped",
      "close_skipped": "zero_effective_shares"
    },
    {
      "ts": "2026-09-17T08:09:47.679642Z",
      "attempt": 2,
      "order_type": "FAK",
      "status": "skipped",
      "close_skipped": "zero_effective_shares"
    },
    {
      "ts": "2026-09-17T08:09:51.826912Z",
      "attempt": 3,
      "order_type": "FAK",
      "status": "skipped",
      "close_skipped": "zero_effective_shares"
    },
    {
      "ts": "2026-09-17T08:09:55.840448Z",
      "attempt": 4,
      "order_type": "FAK",
      "status": "skipped",
      "close_skipped": "zero_effective_shares"
    },
    {
      "ts": "2026-09-17T08:10:03.784877Z",
      "attempt": 5,
      "order_type": "FAK",
      "status": "skipped",
      "close_skipped": "zero_effective_shares"
    },
    {
      "ts": "2026-09-17T08:10:08.813483Z",
      "attempt": 6,
      "order_type": "FAK",
      "status": "skipped",
      "close_skipped": "zero_effective_shares"
    },
    {
      "ts": "2026-09-17T08:10:12.886554Z",
      "attempt": 7,
      "order_type": "FAK",
      "status": "skipped",
      "close_skipped": "zero_effective_shares"
    },
    {
      "ts": "2026-09-17T08:10:17.200692Z",
      "attempt": 8,
      "order_type": "FAK",
      "status": "skipped",
      "close_skipped": "zero_effective_shares"
    },
    {
      "ts": "2026-09-17T08:10:21.381439Z",
      "attempt": 9,
      "order_type": "FAK",
      "status": "skipped",
      "close_skipped": "zero_effective_shares"
    },
    {
      "ts": "2026-09-17T08:10:25.670667Z",
      "attempt": 10,
      "order_type": "FAK",
      "status": "skipped",
      "close_skipped": "zero_effective_shares"
    },
    {
      "ts": "2026-09-17T08:10:29.868517Z",
      "attempt": 11,
      "order_type": "FAK",
      "status": "skipped",
      "close_skipped": "zero_effective_shares"
    },
    {
      "ts": "2026-09-17T08:10:57.620420Z",
      "attempt": 12,
      "order_type": "FAK",
      "status": "skipped",
      "close_skipped": "zero_effective_shares"
    },
    {
      "ts": "2026-09-17T08:11:01.649989Z",
      "attempt": 13,
      "order_type": "FAK",
      "status": "skipped",
      "close_skipped": "zero_effective_shares"
    },
    {
      "ts": "2026-09-17T08:11:19.733891Z",
      "attempt": 14,
      "order_type": "FAK",
      "status": "skipped",
      "close_skipped": "zero_effective_shares"
    },
    {
      "ts": "2026-09-17T08:11:23.666755Z",
      "attempt": 15,
      "order_type": "FAK",
      "status": "skipped",
      "close_skipped": "zero_effective_shares"
    },
    {
      "ts": "2026-09-17T08:11:38.090600Z",
      "attempt": 16,
      "order_type": "FAK",
      "status": "skipped",
      "close_skipped": "zero_effective_shares"
    },
    {
      "ts": "2026-09-17T08:11:42.113459Z",
      "attempt": 17,
      "order_type": "FAK",
      "status": "skipped",
      "close_skipped": "zero_effective_shares"
    },
    {
      "ts": "2026-09-17T08:11:46.377645Z",
      "attempt": 18,
      "order_type": "FAK",
      "status": "skipped",
      "close_skipped": "zero_effective_shares"
    },
    {
      "ts": "2026-09-17T08:11:54.014403Z",
      "attempt": 19,
      "order_type": "FAK",
      "status": "skipped",
      "close_skipped": "zero_effective_shares"
    },
    {
      "ts": "2026-09-17T08:11:58.327018Z",
      "attempt": 20,
      "order_type": "FAK",
      "status": "skipped",
      "close_skipped": "zero_effective_shares"
    },
    {
      "ts": "2026-09-17T08:12:02.339048Z",
      "attempt": 21,
      "order_type": "FAK",
      "status": "skipped",
      "close_skipped": "zero_effective_shares"
    },
    {
      "ts": "2026-09-17T08:12:07.171476Z",
      "attempt": 22,
      "order_type": "FAK",
      "status": "skipped",
      "close_skipped": "zero_effective_shares"
    },
    {
      "ts": "2026-09-17T08:12:12.636994Z",
      "attempt": 23,
      "order_type": "FAK",
      "status": "skipped",
      "close_skipped": "zero_effective_shares"
    },
    {
      "ts": "2026-09-17T08:12:16.619315Z",
      "attempt": 24,
      "order_type": "FAK",
      "status": "skipped",
      "close_skipped": "zero_effective_shares"
    },
    {
      "ts": "2026-09-17T08:12:20.895662Z",
      "attempt": 25,
      "order_type": "FAK",
      "status": "skipped",
      "close_skipped": "zero_effective_shares"
    },
    {
      "ts": "2026-09-17T08:12:28.656542Z",
      "attempt": 26,
      "order_type": "FAK",
      "status": "skipped",
      "close_skipped": "zero_effective_shares"
    },
    {
      "ts": "2026-09-17T08:12:32.995190Z",
      "attempt": 27,
      "order_type": "FAK",
      "status": "skipped",
      "close_skipped": "zero_effective_shares"
    },
    {
      "ts": "2026-09-17T08:12:36.927034Z",
      "attempt": 28,
      "order_type": "FAK",
      "status": "skipped",
      "close_skipped": "zero_effective_shares"
    },
    {
      "ts": "2026-09-17T08:12:41.245188Z",
      "attempt": 29,
      "order_type": "FAK",
      "status": "skipped",
      "close_skipped": "zero_effective_shares"
    },
    {
      "ts": "2026-09-17T08:12:45.361029Z",
      "attempt": 30,
      "order_type": "FAK",
      "status": "skipped",
      "close_skipped": "zero_effective_shares"
    }
  ],
  "close_raw": "{\"mode\": \"close\", \"execute\": true, \"market_slug\": \"btc-updown-5m-1789632300\", \"token_id\": \"9164628045061040629799098544096228648109676218330874515384010706997388412829\", \"requested_shares\": 6.25, \"close_order_type\": \"FAK\", \"close_limit_price\": null, \"available_shares\": 0.0, \"sell_shares\": 6.25, \"close_skipped\": \"zero_effective_shares\", \"order_post_result\": {\"success\": false, \"status\": \"skipped\"}}\n\n[py_clob_client_v2] request error status=400 url=https://clob.polymarket.com/auth/api-key body={\"error\":\"Could not create api key\"}\n\n",
  "closed": {
    "close_reason": "time_exit_20s_before_end",
    "closed_at": "2026-09-17T08:12:47.361180Z",
    "close_success": false,
    "close_status": "skipped",
    "close_order_id": null,
    "close_tx": null,
    "close_shares": 0.0,
    "close_usdc": 0.0,
    "close_skipped": "zero_effective_shares"
  },
  "realized_cashflow_pnl_usdc": null,
  "finished_at": "2026-09-17T08:12:47.361223Z",
  "result": "done"
}
[2026-09-17T08:12:47Z] session_end rc=0 sessions=3 stake_usd=5
journal_ok trades=158 md=/home/yukeen/polymarketbot/5min-btc-polymarket/data/live_trades.md json=/home/yukeen/polymarketbot/5min-btc-polymarket/data/live_trades.json
[2026-09-17T08:14:34Z] fills=3/12 sessions=3/36
[py_clob_client_v2] request error status=400 url=https://clob.polymarket.com/auth/api-key body={"error":"Could not create api key"}

[2026-09-17T08:14:55Z] cash=434.139357
[2026-09-17T08:15:03Z] session_begin sessions=3 fills=3 stake_usd=5
[py_clob_client_v2] request error status=400 url=https://clob.polymarket.com/auth/api-key body={"error":"Could not create api key"}

[py_clob_client_v2] request error status=404 url=https://clob.polymarket.com/book body={"error":"No orderbook exists for the requested token id"}

[py_clob_client_v2] request error status=404 url=https://clob.polymarket.com/book body={"error":"No orderbook exists for the requested token id"}

[py_clob_client_v2] request error status=404 url=https://clob.polymarket.com/book body={"error":"No orderbook exists for the requested token id"}

[py_clob_client_v2] request error status=404 url=https://clob.polymarket.com/book body={"error":"No orderbook exists for the requested token id"}

[py_clob_client_v2] request error status=404 url=https://clob.polymarket.com/book body={"error":"No orderbook exists for the requested token id"}

[py_clob_client_v2] request error status=404 url=https://clob.polymarket.com/book body={"error":"No orderbook exists for the requested token id"}

[py_clob_client_v2] request error status=404 url=https://clob.polymarket.com/book body={"error":"No orderbook exists for the requested token id"}

[py_clob_client_v2] request error status=404 url=https://clob.polymarket.com/book body={"error":"No orderbook exists for the requested token id"}

[py_clob_client_v2] request error status=404 url=https://clob.polymarket.com/book body={"error":"No orderbook exists for the requested token id"}

{
  "started_at": "2026-09-17T08:15:04.224250Z",
  "params": {
    "profile": "conservative",
    "threshold": 0.7,
    "stake_usd": 5.0,
    "stop_loss_pct": 0.9,
    "exit_before_sec": 20,
    "min_entry_seconds_left": 60,
    "entry_timeout_min": 12,
    "poll_sec": 2.0,
    "max_ask": 0.85,
    "expensive_ask": 0.8,
    "expensive_after_wins": 3,
    "close_retry_max": 30,
    "close_retry_delay_sec": 2.0,
    "execute": true,
    "win_streak": 7
  },
  "attempts": [
    {
      "ts": "2026-09-17T08:15:05.539919Z",
      "slug": "btc-updown-5m-1789632900",
      "status": "heartbeat",
      "gamma_up": 0.505,
      "gamma_down": 0.495,
      "clob_up_ask": 0.47,
      "clob_down_ask": 0.54,
      "seconds_left": 295.4811763763428,
      "min_spread": 0.009999999999999953
    },
    {
      "ts": "2026-09-17T08:15:05.539950Z",
      "slug": "btc-updown-5m-1789632900",
      "status": "skip_price_below_threshold",
      "threshold": 0.7,
      "max_ask": 0.85,
      "win_streak": 7,
      "clob_up_ask": 0.47,
      "clob_down_ask": 0.54,
      "seconds_left": 295.4811763763428,
      "trigger_price": null
    },
    {
      "ts": "2026-09-17T08:15:08.566022Z",
      "slug": "btc-updown-5m-1789632900",
      "status": "heartbeat",
      "gamma_up": 0.505,
      "gamma_down": 0.495,
      "clob_up_ask": 0.48,
      "clob_down_ask": 0.53,
      "seconds_left": 292.07120513916016,
      "min_spread": 0.010000000000000009
    },
    {
      "ts": "2026-09-17T08:15:08.566037Z",
      "slug": "btc-updown-5m-1789632900",
      "status": "skip_price_below_threshold",
      "threshold": 0.7,
      "max_ask": 0.85,
      "win_streak": 7,
      "clob_up_ask": 0.48,
      "clob_down_ask": 0.53,
      "seconds_left": 292.07120513916016,
      "trigger_price": null
    },
    {
      "ts": "2026-09-17T08:15:11.512212Z",
      "slug": "btc-updown-5m-1789632900",
      "status": "heartbeat",
      "gamma_up": 0.505,
      "gamma_down": 0.495,
      "clob_up_ask": 0.43,
      "clob_down_ask": 0.58,
      "seconds_left": 289.11465883255005,
      "min_spread": 0.010000000000000009
    },
    {
      "ts": "2026-09-17T08:15:11.512236Z",
      "slug": "btc-updown-5m-1789632900",
      "status": "skip_price_below_threshold",
      "threshold": 0.7,
      "max_ask": 0.85,
      "win_streak": 7,
      "clob_up_ask": 0.43,
      "clob_down_ask": 0.58,
      "seconds_left": 289.11465883255005,
      "trigger_price": null
    },
    {
      "ts": "2026-09-17T08:15:14.440839Z",
      "slug": "btc-updown-5m-1789632900",
      "status": "heartbeat",
      "gamma_up": 0.505,
      "gamma_down": 0.495,
      "clob_up_ask": 0.44,
      "clob_down_ask": 0.57,
      "seconds_left": 286.1877543926239,
      "min_spread": 0.009999999999999898
    },
    {
      "ts": "2026-09-17T08:15:14.440857Z",
      "slug": "btc-updown-5m-1789632900",
      "status": "skip_price_below_threshold",
      "threshold": 0.7,
      "max_ask": 0.85,
      "win_streak": 7,
      "clob_up_ask": 0.44,
      "clob_down_ask": 0.57,
      "seconds_left": 286.1877543926239,
      "trigger_price": null
    },
    {
      "ts": "2026-09-17T08:15:17.377597Z",
      "slug": "btc-updown-5m-1789632900",
      "status": "heartbeat",
      "gamma_up": 0.505,
      "gamma_down": 0.495,
      "clob_up_ask": 0.33,
      "clob_down_ask": 0.67,
      "seconds_left": 283.2426452636719,
      "min_spread": 0.010000000000000009
    },
    {
      "ts": "2026-09-17T08:15:17.377616Z",
      "slug": "btc-updown-5m-1789632900",
      "status": "skip_price_below_threshold",
      "threshold": 0.7,
      "max_ask": 0.85,
      "win_streak": 7,
      "clob_up_ask": 0.33,
      "clob_down_ask": 0.67,
      "seconds_left": 283.2426452636719,
      "trigger_price": null
    },
    {
      "ts": "2026-09-17T08:15:20.513831Z",
      "slug": "btc-updown-5m-1789632900",
      "status": "heartbeat",
      "gamma_up": 0.505,
      "gamma_down": 0.495,
      "clob_up_ask": 0.27,
      "clob_down_ask": 0.74,
      "seconds_left": 280.26263785362244,
      "min_spread": 0.010000000000000009
    }
  ],
  "open_raw": "{\"mode\": \"open\", \"execute\": true, \"market_slug\": \"btc-updown-5m-1789632900\", \"force_side\": \"DOWN\", \"token_id\": \"78933847786132468559875053625517580566510480561879778352755580726524618761971\", \"entry_price\": 0.75, \"notional_usd\": 5.0, \"top_ask_notional_usd\": 253.5, \"collateral_pusd\": 434.139357, \"order_post_result\": {\"errorMsg\": \"\", \"orderID\": \"0x141c9df03e7e6516731c47db3a78f3a82e5fd305f31ca0b72cc12a87de2b6730\", \"takingAmount\": \"6.849314\", \"makingAmount\": \"4.999999\", \"status\": \"matched\", \"transactionsHashes\": [\"0x7a1748329d39331c6257bce9b8d8f3947ab078cad2da1c77397002ac3e75b40a\"], \"success\": true}}\n\n[py_clob_client_v2] request error status=400 url=https://clob.polymarket.com/auth/api-key body={\"error\":\"Could not create api key\"}\n\n",
  "opened": {
    "opened_at": "2026-09-17T08:15:28.850974Z",
    "market_slug": "btc-updown-5m-1789632900",
    "market_end_iso": "2026-09-17T08:20:00Z",
    "side": "DOWN",
    "token_id": "78933847786132468559875053625517580566510480561879778352755580726524618761971",
    "entry_price": 0.75,
    "shares": 6.849314,
    "cost_usdc": 4.999999,
    "open_order_id": "0x141c9df03e7e6516731c47db3a78f3a82e5fd305f31ca0b72cc12a87de2b6730",
    "open_tx": "0x7a1748329d39331c6257bce9b8d8f3947ab078cad2da1c77397002ac3e75b40a"
  },
  "stop_loss_price": 0.07499999999999998,
  "last_side_price": 0.675,
  "last_clob_bid": 0.02,
  "last_check_at": "2026-09-17T08:19:40.532747Z",
  "close_debug": [
    {
      "ts": "2026-09-17T08:19:46.708766Z",
      "attempt": 1,
      "order_type": "FAK",
      "status": "error",
      "close_skipped": ""
    },
    {
      "ts": "2026-09-17T08:19:52.047878Z",
      "attempt": 2,
      "order_type": "FAK",
      "status": "error",
      "close_skipped": ""
    },
    {
      "ts": "2026-09-17T08:19:57.363515Z",
      "attempt": 3,
      "order_type": "FAK",
      "status": "error",
      "close_skipped": ""
    },
    {
      "ts": "2026-09-17T08:20:16.729473Z",
      "attempt": 4,
      "order_type": "FAK",
      "status": "error",
      "close_skipped": ""
    },
    {
      "ts": "2026-09-17T08:20:22.028130Z",
      "attempt": 5,
      "order_type": "FAK",
      "status": "error",
      "close_skipped": ""
    },
    {
      "ts": "2026-09-17T08:20:27.348980Z",
      "attempt": 6,
      "order_type": "FAK",
      "status": "error",
      "close_skipped": ""
    },
    {
      "ts": "2026-09-17T08:20:32.996874Z",
      "attempt": 7,
      "order_type": "FAK",
      "status": "error",
      "close_skipped": ""
    },
    {
      "ts": "2026-09-17T08:20:38.327597Z",
      "attempt": 8,
      "order_type": "FAK",
      "status": "error",
      "close_skipped": ""
    },
    {
      "ts": "2026-09-17T08:20:43.769995Z",
      "attempt": 9,
      "order_type": "FAK",
      "status": "error",
      "close_skipped": ""
    },
    {
      "ts": "2026-09-17T08:20:52.667912Z",
      "attempt": 10,
      "order_type": "FAK",
      "status": "error",
      "close_skipped": ""
    },
    {
      "ts": "2026-09-17T08:20:57.901104Z",
      "attempt": 11,
      "order_type": "FAK",
      "status": "error",
      "close_skipped": ""
    },
    {
      "ts": "2026-09-17T08:21:03.374203Z",
      "attempt": 12,
      "order_type": "FAK",
      "status": "error",
      "close_skipped": ""
    },
    {
      "ts": "2026-09-17T08:21:08.697982Z",
      "attempt": 13,
      "order_type": "FAK",
      "status": "error",
      "close_skipped": ""
    },
    {
      "ts": "2026-09-17T08:21:14.150461Z",
      "attempt": 14,
      "order_type": "FAK",
      "status": "error",
      "close_skipped": ""
    },
    {
      "ts": "2026-09-17T08:21:19.404784Z",
      "attempt": 15,
      "order_type": "FAK",
      "status": "error",
      "close_skipped": ""
    },
    {
      "ts": "2026-09-17T08:21:28.658919Z",
      "attempt": 16,
      "order_type": "FAK",
      "status": "error",
      "close_skipped": ""
    },
    {
      "ts": "2026-09-17T08:21:34.219128Z",
      "attempt": 17,
      "order_type": "FAK",
      "status": "error",
      "close_skipped": ""
    },
    {
      "ts": "2026-09-17T08:21:39.501478Z",
      "attempt": 18,
      "order_type": "FAK",
      "status": "error",
      "close_skipped": ""
    },
    {
      "ts": "2026-09-17T08:21:44.644087Z",
      "attempt": 19,
      "order_type": "FAK",
      "status": "error",
      "close_skipped": ""
    },
    {
      "ts": "2026-09-17T08:21:49.722788Z",
      "attempt": 20,
      "order_type": "FAK",
      "status": "error",
      "close_skipped": ""
    },
    {
      "ts": "2026-09-17T08:21:54.904302Z",
      "attempt": 21,
      "order_type": "FAK",
      "status": "error",
      "close_skipped": ""
    },
    {
      "ts": "2026-09-17T08:22:13.925395Z",
      "attempt": 22,
      "order_type": "FAK",
      "status": "error",
      "close_skipped": ""
    },
    {
      "ts": "2026-09-17T08:22:14.792299Z",
      "attempt": 22,
      "order_type": "SKIP_DEAD_BOOK",
      "status": "no_salvage_bid",
      "close_skipped": ""
    },
    {
      "ts": "2026-09-17T08:22:19.938819Z",
      "attempt": 23,
      "order_type": "FAK",
      "status": "error",
      "close_skipped": ""
    },
    {
      "ts": "2026-09-17T08:22:20.665363Z",
      "attempt": 23,
      "order_type": "SKIP_DEAD_BOOK",
      "status": "no_salvage_bid",
      "close_skipped": ""
    },
    {
      "ts": "2026-09-17T08:22:26.000247Z",
      "attempt": 24,
      "order_type": "FAK",
      "status": "error",
      "close_skipped": ""
    },
    {
      "ts": "2026-09-17T08:22:26.901683Z",
      "attempt": 24,
      "order_type": "SKIP_DEAD_BOOK",
      "status": "no_salvage_bid",
      "close_skipped": ""
    },
    {
      "ts": "2026-09-17T08:22:32.194954Z",
      "attempt": 25,
      "order_type": "FAK",
      "status": "error",
      "close_skipped": ""
    },
    {
      "ts": "2026-09-17T08:22:32.900930Z",
      "attempt": 25,
      "order_type": "SKIP_DEAD_BOOK",
      "status": "no_salvage_bid",
      "close_skipped": ""
    },
    {
      "ts": "2026-09-17T08:22:41.706800Z",
      "attempt": 26,
      "order_type": "FAK",
      "status": "error",
      "close_skipped": ""
    },
    {
      "ts": "2026-09-17T08:22:42.479250Z",
      "attempt": 26,
      "order_type": "SKIP_DEAD_BOOK",
      "status": "no_salvage_bid",
      "close_skipped": ""
    },
    {
      "ts": "2026-09-17T08:22:47.660236Z",
      "attempt": 27,
      "order_type": "FAK",
      "status": "error",
      "close_skipped": ""
    },
    {
      "ts": "2026-09-17T08:22:48.439043Z",
      "attempt": 27,
      "order_type": "SKIP_DEAD_BOOK",
      "status": "no_salvage_bid",
      "close_skipped": ""
    },
    {
      "ts": "2026-09-17T08:22:53.703277Z",
      "attempt": 28,
      "order_type": "FAK",
      "status": "error",
      "close_skipped": ""
    },
    {
      "ts": "2026-09-17T08:22:54.501245Z",
      "attempt": 28,
      "order_type": "SKIP_DEAD_BOOK",
      "status": "no_salvage_bid",
      "close_skipped": ""
    },
    {
      "ts": "2026-09-17T08:22:59.729879Z",
      "attempt": 29,
      "order_type": "FAK",
      "status": "error",
      "close_skipped": ""
    },
    {
      "ts": "2026-09-17T08:23:00.488762Z",
      "attempt": 29,
      "order_type": "SKIP_DEAD_BOOK",
      "status": "no_salvage_bid",
      "close_skipped": ""
    },
    {
      "ts": "2026-09-17T08:23:05.699453Z",
      "attempt": 30,
      "order_type": "FAK",
      "status": "error",
      "close_skipped": ""
    },
    {
      "ts": "2026-09-17T08:23:06.572285Z",
      "attempt": 30,
      "order_type": "SKIP_DEAD_BOOK",
      "status": "no_salvage_bid",
      "close_skipped": ""
    }
  ],
  "close_raw": "{\"error\": \"PolyApiException[status_code=404, error_message={'error': 'No orderbook exists for the requested token id'}]\", \"order_post_result\": {\"success\": false, \"status\": \"error\", \"errorMsg\": \"PolyApiException[status_code=404, error_message={'error': 'No orderbook exists for the requested token id'}]\"}, \"close_skipped\": \"\"}\n\n[py_clob_client_v2] request error status=400 url=https://clob.polymarket.com/auth/api-key body={\"error\":\"Could not create api key\"}\n\n[py_clob_client_v2] request error status=404 url=https://clob.polymarket.com/book body={\"error\":\"No orderbook exists for the requested token id\"}\n\n",
  "closed": {
    "close_reason": "time_exit_20s_before_end",
    "closed_at": "2026-09-17T08:23:08.572413Z",
    "close_success": false,
    "close_status": "error",
    "close_order_id": null,
    "close_tx": null,
    "close_shares": 0.0,
    "close_usdc": 0.0,
    "close_skipped": ""
  },
  "realized_cashflow_pnl_usdc": null,
  "finished_at": "2026-09-17T08:23:08.572458Z",
  "result": "done"
}
[2026-09-17T08:23:08Z] session_end rc=0 sessions=4 stake_usd=5
journal_ok trades=159 md=/home/yukeen/polymarketbot/5min-btc-polymarket/data/live_trades.md json=/home/yukeen/polymarketbot/5min-btc-polymarket/data/live_trades.json
[2026-09-17T08:24:19Z] fills=4/12 sessions=4/36
[py_clob_client_v2] request error status=400 url=https://clob.polymarket.com/auth/api-key body={"error":"Could not create api key"}

[2026-09-17T08:24:39Z] cash=429.044868
[2026-09-17T08:24:47Z] session_begin sessions=4 fills=4 stake_usd=5
[py_clob_client_v2] request error status=400 url=https://clob.polymarket.com/auth/api-key body={"error":"Could not create api key"}

[py_clob_client_v2] request error status=404 url=https://clob.polymarket.com/book body={"error":"No orderbook exists for the requested token id"}

[py_clob_client_v2] request error status=404 url=https://clob.polymarket.com/book body={"error":"No orderbook exists for the requested token id"}

[py_clob_client_v2] request error status=404 url=https://clob.polymarket.com/book body={"error":"No orderbook exists for the requested token id"}

{
  "started_at": "2026-09-17T08:24:48.388907Z",
  "params": {
    "profile": "conservative",
    "threshold": 0.7,
    "stake_usd": 5.0,
    "stop_loss_pct": 0.9,
    "exit_before_sec": 20,
    "min_entry_seconds_left": 60,
    "entry_timeout_min": 12,
    "poll_sec": 2.0,
    "max_ask": 0.85,
    "expensive_ask": 0.8,
    "expensive_after_wins": 3,
    "close_retry_max": 30,
    "close_retry_delay_sec": 2.0,
    "execute": true,
    "win_streak": 0
  },
  "attempts": [
    {
      "ts": "2026-09-17T08:24:48.662728Z",
      "slug": "btc-updown-5m-1789633200",
      "status": "skip_too_late_to_enter",
      "seconds_left": 11.337278366088867,
      "min_entry_seconds_left": 60
    },
    {
      "ts": "2026-09-17T08:24:51.006169Z",
      "slug": "btc-updown-5m-1789633200",
      "status": "skip_too_late_to_enter",
      "seconds_left": 8.993839025497437,
      "min_entry_seconds_left": 60
    },
    {
      "ts": "2026-09-17T08:25:07.032506Z",
      "status": "heartbeat_no_current_market"
    },
    {
      "ts": "2026-09-17T08:25:10.067825Z",
      "slug": "btc-updown-5m-1789633500",
      "status": "heartbeat",
      "gamma_up": 0.505,
      "gamma_down": 0.495,
      "clob_up_ask": 0.52,
      "clob_down_ask": 0.49,
      "seconds_left": 290.66733407974243,
      "min_spread": 0.010000000000000009
    },
    {
      "ts": "2026-09-17T08:25:10.067841Z",
      "slug": "btc-updown-5m-1789633500",
      "status": "skip_price_below_threshold",
      "threshold": 0.7,
      "max_ask": 0.85,
      "win_streak": 0,
      "clob_up_ask": 0.52,
      "clob_down_ask": 0.49,
      "seconds_left": 290.66733407974243,
      "trigger_price": null
    },
    {
      "ts": "2026-09-17T08:25:12.989159Z",
      "slug": "btc-updown-5m-1789633500",
      "status": "heartbeat",
      "gamma_up": 0.505,
      "gamma_down": 0.495,
      "clob_up_ask": 0.53,
      "clob_down_ask": 0.48,
      "seconds_left": 287.6241056919098,
      "min_spread": 0.010000000000000009
    },
    {
      "ts": "2026-09-17T08:25:12.989186Z",
      "slug": "btc-updown-5m-1789633500",
      "status": "skip_price_below_threshold",
      "threshold": 0.7,
      "max_ask": 0.85,
      "win_streak": 0,
      "clob_up_ask": 0.53,
      "clob_down_ask": 0.48,
      "seconds_left": 287.6241056919098,
      "trigger_price": null
    },
    {
      "ts": "2026-09-17T08:25:15.927558Z",
      "slug": "btc-updown-5m-1789633500",
      "status": "heartbeat",
      "gamma_up": 0.505,
      "gamma_down": 0.495,
      "clob_up_ask": 0.57,
      "clob_down_ask": 0.46,
      "seconds_left": 284.7062656879425,
      "min_spread": 0.009999999999999898
    },
    {
      "ts": "2026-09-17T08:25:15.927574Z",
      "slug": "btc-updown-5m-1789633500",
      "status": "skip_price_below_threshold",
      "threshold": 0.7,
      "max_ask": 0.85,
      "win_streak": 0,
      "clob_up_ask": 0.57,
      "clob_down_ask": 0.46,
      "seconds_left": 284.7062656879425,
      "trigger_price": null
    },
    {
      "ts": "2026-09-17T08:25:18.886406Z",
      "slug": "btc-updown-5m-1789633500",
      "status": "heartbeat",
      "gamma_up": 0.505,
      "gamma_down": 0.495,
      "clob_up_ask": 0.55,
      "clob_down_ask": 0.46,
      "seconds_left": 281.76880168914795,
      "min_spread": 0.010000000000000009
    },
    {
      "ts": "2026-09-17T08:25:18.886430Z",
      "slug": "btc-updown-5m-1789633500",
      "status": "skip_price_below_threshold",
      "threshold": 0.7,
      "max_ask": 0.85,
      "win_streak": 0,
      "clob_up_ask": 0.55,
      "clob_down_ask": 0.46,
      "seconds_left": 281.76880168914795,
      "trigger_price": null
    },
    {
      "ts": "2026-09-17T08:25:21.910390Z",
      "slug": "btc-updown-5m-1789633500",
      "status": "heartbeat",
      "gamma_up": 0.505,
      "gamma_down": 0.495,
      "clob_up_ask": 0.55,
      "clob_down_ask": 0.46,
      "seconds_left": 278.7439432144165,
      "min_spread": 0.010000000000000009
    },
    {
      "ts": "2026-09-17T08:25:21.910412Z",
      "slug": "btc-updown-5m-1789633500",
      "status": "skip_price_below_threshold",
      "threshold": 0.7,
      "max_ask": 0.85,
      "win_streak": 0,
      "clob_up_ask": 0.55,
      "clob_down_ask": 0.46,
      "seconds_left": 278.7439432144165,
      "trigger_price": null
    },
    {
      "ts": "2026-09-17T08:25:24.862661Z",
      "slug": "btc-updown-5m-1789633500",
      "status": "heartbeat",
      "gamma_up": 0.505,
      "gamma_down": 0.495,
      "clob_up_ask": 0.62,
      "clob_down_ask": 0.39,
      "seconds_left": 275.79937529563904,
      "min_spread": 0.010000000000000009
    },
    {
      "ts": "2026-09-17T08:25:24.862685Z",
      "slug": "btc-updown-5m-1789633500",
      "status": "skip_price_below_threshold",
      "threshold": 0.7,
      "max_ask": 0.85,
      "win_streak": 0,
      "clob_up_ask": 0.62,
      "clob_down_ask": 0.39,
      "seconds_left": 275.79937529563904,
      "trigger_price": null
    },
    {
      "ts": "2026-09-17T08:25:27.782203Z",
      "slug": "btc-updown-5m-1789633500",
      "status": "heartbeat",
      "gamma_up": 0.505,
      "gamma_down": 0.495,
      "clob_up_ask": 0.63,
      "clob_down_ask": 0.38,
      "seconds_left": 272.8312153816223,
      "min_spread": 0.010000000000000009
    },
    {
      "ts": "2026-09-17T08:25:27.782225Z",
      "slug": "btc-updown-5m-1789633500",
      "status": "skip_price_below_threshold",
      "threshold": 0.7,
      "max_ask": 0.85,
      "win_streak": 0,
      "clob_up_ask": 0.63,
      "clob_down_ask": 0.38,
      "seconds_left": 272.8312153816223,
      "trigger_price": null
    },
    {
      "ts": "2026-09-17T08:25:31.591061Z",
      "slug": "btc-updown-5m-1789633500",
      "status": "heartbeat",
      "gamma_up": 0.505,
      "gamma_down": 0.495,
      "clob_up_ask": 0.61,
      "clob_down_ask": 0.42,
      "seconds_left": 269.5454616546631,
      "min_spread": 0.010000000000000009
    },
    {
      "ts": "2026-09-17T08:25:31.591084Z",
      "slug": "btc-updown-5m-1789633500",
      "status": "skip_price_below_threshold",
      "threshold": 0.7,
      "max_ask": 0.85,
      "win_streak": 0,
      "clob_up_ask": 0.61,
      "clob_down_ask": 0.42,
      "seconds_left": 269.5454616546631,
      "trigger_price": null
    },
    {
      "ts": "2026-09-17T08:25:36.569968Z",
      "slug": "btc-updown-5m-1789633500",
      "status": "heartbeat",
      "gamma_up": 0.505,
      "gamma_down": 0.495,
      "clob_up_ask": 0.63,
      "clob_down_ask": 0.34,
      "seconds_left": 265.33503890037537,
      "min_spread": 0.010000000000000009
    },
    {
      "ts": "2026-09-17T08:25:36.569995Z",
      "slug": "btc-updown-5m-1789633500",
      "status": "skip_price_below_threshold",
      "threshold": 0.7,
      "max_ask": 0.85,
      "win_streak": 0,
      "clob_up_ask": 0.63,
      "clob_down_ask": 0.34,
      "seconds_left": 265.33503890037537,
      "trigger_price": null
    },
    {
      "ts": "2026-09-17T08:25:44.425970Z",
      "slug": "btc-updown-5m-1789633500",
      "status": "heartbeat",
      "gamma_up": 0.505,
      "gamma_down": 0.495,
      "clob_up_ask": 0.67,
      "clob_down_ask": 0.33,
      "seconds_left": 256.7344563007355,
      "min_spread": 0.010000000000000009
    },
    {
      "ts": "2026-09-17T08:25:44.425993Z",
      "slug": "btc-updown-5m-1789633500",
      "status": "skip_price_below_threshold",
      "threshold": 0.7,
      "max_ask": 0.85,
      "win_streak": 0,
      "clob_up_ask": 0.67,
      "clob_down_ask": 0.33,
      "seconds_left": 256.7344563007355,
      "trigger_price": null
    },
    {
      "ts": "2026-09-17T08:25:47.350213Z",
      "slug": "btc-updown-5m-1789633500",
      "status": "heartbeat",
      "gamma_up": 0.505,
      "gamma_down": 0.495,
      "clob_up_ask": 0.68,
      "clob_down_ask": 0.33,
      "seconds_left": 253.27740859985352,
      "min_spread": 0.010000000000000009
    },
    {
      "ts": "2026-09-17T08:25:47.350235Z",
      "slug": "btc-updown-5m-1789633500",
      "status": "skip_price_below_threshold",
      "threshold": 0.7,
      "max_ask": 0.85,
      "win_streak": 0,
      "clob_up_ask": 0.68,
      "clob_down_ask": 0.33,
      "seconds_left": 253.27740859985352,
      "trigger_price": null
    },
    {
      "ts": "2026-09-17T08:25:50.262733Z",
      "slug": "btc-updown-5m-1789633500",
      "status": "heartbeat",
      "gamma_up": 0.505,
      "gamma_down": 0.495,
      "clob_up_ask": 0.68,
      "clob_down_ask": 0.33,
      "seconds_left": 250.34777235984802,
      "min_spread": 0.010000000000000009
    },
    {
      "ts": "2026-09-17T08:25:50.262756Z",
      "slug": "btc-updown-5m-1789633500",
      "status": "skip_price_below_threshold",
      "threshold": 0.7,
      "max_ask": 0.85,
      "win_streak": 0,
      "clob_up_ask": 0.68,
      "clob_down_ask": 0.33,
      "seconds_left": 250.34777235984802,
      "trigger_price": null
    },
    {
      "ts": "2026-09-17T08:25:53.168183Z",
      "slug": "btc-updown-5m-1789633500",
      "status": "heartbeat",
      "gamma_up": 0.505,
      "gamma_down": 0.495,
      "clob_up_ask": 0.71,
      "clob_down_ask": 0.3,
      "seconds_left": 247.45034289360046,
      "min_spread": 0.010000000000000009
    }
  ],
  "open_raw": "{\"mode\": \"open\", \"execute\": true, \"market_slug\": \"btc-updown-5m-1789633500\", \"force_side\": \"UP\", \"token_id\": \"16012579500677910206761745914993611126359382481853086624705066666743981525885\", \"entry_price\": 0.74, \"notional_usd\": 5.0, \"top_ask_notional_usd\": 60.117599999999996, \"collateral_pusd\": 429.044868, \"order_post_result\": {\"errorMsg\": \"\", \"orderID\": \"0x7be8afdb2b949ff20180150e9d8356c8d4497187ed85b3c54e822c49b81b4220\", \"takingAmount\": \"6.578945\", \"makingAmount\": \"4.999998\", \"status\": \"matched\", \"transactionsHashes\": [\"0xbf68e2a88eb3de4e3ce1f4551889ebbb26b26b6cb144c6bba79a1dcf43772def\"], \"success\": true}}\n\n[py_clob_client_v2] request error status=400 url=https://clob.polymarket.com/auth/api-key body={\"error\":\"Could not create api key\"}\n\n",
  "opened": {
    "opened_at": "2026-09-17T08:25:58.293622Z",
    "market_slug": "btc-updown-5m-1789633500",
    "market_end_iso": "2026-09-17T08:30:00Z",
    "side": "UP",
    "token_id": "16012579500677910206761745914993611126359382481853086624705066666743981525885",
    "entry_price": 0.74,
    "shares": 6.578945,
    "cost_usdc": 4.999998,
    "open_order_id": "0x7be8afdb2b949ff20180150e9d8356c8d4497187ed85b3c54e822c49b81b4220",
    "open_tx": "0xbf68e2a88eb3de4e3ce1f4551889ebbb26b26b6cb144c6bba79a1dcf43772def"
  },
  "stop_loss_price": 0.07399999999999998,
  "last_side_price": 0.145,
  "last_clob_bid": 0.01,
  "last_check_at": "2026-09-17T08:29:39.761540Z",
  "close_debug": [
    {
      "ts": "2026-09-17T08:29:59.313927Z",
      "attempt": 1,
      "order_type": "FAK",
      "status": "error",
      "close_skipped": ""
    },
    {
      "ts": "2026-09-17T08:30:04.616665Z",
      "attempt": 2,
      "order_type": "FAK",
      "status": "error",
      "close_skipped": ""
    },
    {
      "ts": "2026-09-17T08:30:09.962764Z",
      "attempt": 3,
      "order_type": "FAK",
      "status": "error",
      "close_skipped": ""
    },
    {
      "ts": "2026-09-17T08:30:15.287593Z",
      "attempt": 4,
      "order_type": "FAK",
      "status": "error",
      "close_skipped": ""
    },
    {
      "ts": "2026-09-17T08:30:20.693449Z",
      "attempt": 5,
      "order_type": "FAK",
      "status": "error",
      "close_skipped": ""
    },
    {
      "ts": "2026-09-17T08:30:26.122498Z",
      "attempt": 6,
      "order_type": "FAK",
      "status": "error",
      "close_skipped": ""
    },
    {
      "ts": "2026-09-17T08:30:34.962932Z",
      "attempt": 7,
      "order_type": "FAK",
      "status": "error",
      "close_skipped": ""
    },
    {
      "ts": "2026-09-17T08:30:40.318939Z",
      "attempt": 8,
      "order_type": "FAK",
      "status": "error",
      "close_skipped": ""
    },
    {
      "ts": "2026-09-17T08:30:45.660322Z",
      "attempt": 9,
      "order_type": "FAK",
      "status": "error",
      "close_skipped": ""
    },
    {
      "ts": "2026-09-17T08:30:51.103160Z",
      "attempt": 10,
      "order_type": "FAK",
      "status": "error",
      "close_skipped": ""
    },
    {
      "ts": "2026-09-17T08:30:56.385015Z",
      "attempt": 11,
      "order_type": "FAK",
      "status": "error",
      "close_skipped": ""
    },
    {
      "ts": "2026-09-17T08:31:01.720393Z",
      "attempt": 12,
      "order_type": "FAK",
      "status": "error",
      "close_skipped": ""
    },
    {
      "ts": "2026-09-17T08:31:10.706824Z",
      "attempt": 13,
      "order_type": "FAK",
      "status": "error",
      "close_skipped": ""
    },
    {
      "ts": "2026-09-17T08:31:16.037343Z",
      "attempt": 14,
      "order_type": "FAK",
      "status": "error",
      "close_skipped": ""
    },
    {
      "ts": "2026-09-17T08:31:21.337641Z",
      "attempt": 15,
      "order_type": "FAK",
      "status": "error",
      "close_skipped": ""
    },
    {
      "ts": "2026-09-17T08:31:26.719551Z",
      "attempt": 16,
      "order_type": "FAK",
      "status": "error",
      "close_skipped": ""
    },
    {
      "ts": "2026-09-17T08:31:55.817753Z",
      "attempt": 17,
      "order_type": "FAK",
      "status": "error",
      "close_skipped": ""
    },
    {
      "ts": "2026-09-17T08:32:01.070106Z",
      "attempt": 18,
      "order_type": "FAK",
      "status": "error",
      "close_skipped": ""
    },
    {
      "ts": "2026-09-17T08:32:04.520085Z",
      "attempt": 18,
      "order_type": "GTC",
      "status": "",
      "close_skipped": "",
      "limit_price": 0.135
    },
    {
      "ts": "2026-09-17T08:32:09.776004Z",
      "attempt": 19,
      "order_type": "FAK",
      "status": "error",
      "close_skipped": ""
    },
    {
      "ts": "2026-09-17T08:32:18.830803Z",
      "attempt": 20,
      "order_type": "FAK",
      "status": "error",
      "close_skipped": ""
    },
    {
      "ts": "2026-09-17T08:32:24.163501Z",
      "attempt": 21,
      "order_type": "FAK",
      "status": "error",
      "close_skipped": ""
    },
    {
      "ts": "2026-09-17T08:32:29.597116Z",
      "attempt": 22,
      "order_type": "FAK",
      "status": "error",
      "close_skipped": ""
    },
    {
      "ts": "2026-09-17T08:32:35.301755Z",
      "attempt": 23,
      "order_type": "FAK",
      "status": "error",
      "close_skipped": ""
    },
    {
      "ts": "2026-09-17T08:32:41.493679Z",
      "attempt": 24,
      "order_type": "FAK",
      "status": "error",
      "close_skipped": ""
    },
    {
      "ts": "2026-09-17T08:32:47.028878Z",
      "attempt": 25,
      "order_type": "FAK",
      "status": "error",
      "close_skipped": ""
    },
    {
      "ts": "2026-09-17T08:32:56.022395Z",
      "attempt": 26,
      "order_type": "FAK",
      "status": "error",
      "close_skipped": ""
    },
    {
      "ts": "2026-09-17T08:33:01.292690Z",
      "attempt": 27,
      "order_type": "FAK",
      "status": "error",
      "close_skipped": ""
    },
    {
      "ts": "2026-09-17T08:33:06.587743Z",
      "attempt": 28,
      "order_type": "FAK",
      "status": "error",
      "close_skipped": ""
    },
    {
      "ts": "2026-09-17T08:33:11.826461Z",
      "attempt": 29,
      "order_type": "FAK",
      "status": "error",
      "close_skipped": ""
    },
    {
      "ts": "2026-09-17T08:33:25.606815Z",
      "attempt": 29,
      "order_type": "GTC",
      "status": "",
      "close_skipped": "",
      "limit_price": 0.135
    },
    {
      "ts": "2026-09-17T08:33:34.560948Z",
      "attempt": 30,
      "order_type": "FAK",
      "status": "error",
      "close_skipped": ""
    },
    {
      "ts": "2026-09-17T08:33:38.542433Z",
      "attempt": 30,
      "order_type": "GTC",
      "status": "",
      "close_skipped": "",
      "limit_price": 0.135
    }
  ],
  "close_fallback": {
    "type": "GTC_LIMIT",
    "price": 0.135
  },
  "close_raw": "{\"error\": \"PolyApiException[status_code=400, error_message={'error': 'invalid token id'}]\", \"order_post_result\": {\"success\": false, \"status\": \"error\", \"errorMsg\": \"PolyApiException[status_code=400, error_message={'error': 'invalid token id'}]\"}, \"close_skipped\": \"\"}\n\n[py_clob_client_v2] request error status=400 url=https://clob.polymarket.com/auth/api-key body={\"error\":\"Could not create api key\"}\n\n[py_clob_client_v2] request error status=400 url=https://clob.polymarket.com/order body={\"error\":\"invalid token id\"}\n",
  "closed": {
    "close_reason": "time_exit_20s_before_end",
    "closed_at": "2026-09-17T08:33:40.542555Z",
    "close_success": false,
    "close_status": null,
    "close_order_id": null,
    "close_tx": null,
    "close_shares": 0.0,
    "close_usdc": 0.0,
    "close_skipped": null
  },
  "realized_cashflow_pnl_usdc": null,
  "finished_at": "2026-09-17T08:33:40.542693Z",
  "result": "done"
}
[2026-09-17T08:33:40Z] session_end rc=0 sessions=5 stake_usd=5
journal_ok trades=160 md=/home/yukeen/polymarketbot/5min-btc-polymarket/data/live_trades.md json=/home/yukeen/polymarketbot/5min-btc-polymarket/data/live_trades.json
[2026-09-17T08:35:04Z] fills=5/12 sessions=5/36
[py_clob_client_v2] request error status=400 url=https://clob.polymarket.com/auth/api-key body={"error":"Could not create api key"}

[2026-09-17T08:35:35Z] cash=423.96088
[py_clob_client_v2] request error status=400 url=https://clob.polymarket.com/auth/api-key body={"error":"Could not create api key"}

[2026-09-17T08:35:55Z] cash_retry=423.96088
[2026-09-17T08:36:03Z] session_begin sessions=5 fills=5 stake_usd=5
[py_clob_client_v2] request error status=400 url=https://clob.polymarket.com/auth/api-key body={"error":"Could not create api key"}

{
  "started_at": "2026-09-17T08:36:04.184760Z",
  "params": {
    "profile": "conservative",
    "threshold": 0.7,
    "stake_usd": 5.0,
    "stop_loss_pct": 0.9,
    "exit_before_sec": 20,
    "min_entry_seconds_left": 60,
    "entry_timeout_min": 12,
    "poll_sec": 2.0,
    "max_ask": 0.85,
    "expensive_ask": 0.8,
    "expensive_after_wins": 3,
    "close_retry_max": 30,
    "close_retry_delay_sec": 2.0,
    "execute": true,
    "win_streak": 0
  },
  "attempts": [
    {
      "ts": "2026-09-17T08:36:05.246653Z",
      "slug": "btc-updown-5m-1789634100",
      "status": "heartbeat",
      "gamma_up": 0.505,
      "gamma_down": 0.495,
      "clob_up_ask": 0.43,
      "clob_down_ask": 0.58,
      "seconds_left": 235.5188503265381,
      "min_spread": 0.010000000000000009
    },
    {
      "ts": "2026-09-17T08:36:05.246684Z",
      "slug": "btc-updown-5m-1789634100",
      "status": "skip_price_below_threshold",
      "threshold": 0.7,
      "max_ask": 0.85,
      "win_streak": 0,
      "clob_up_ask": 0.43,
      "clob_down_ask": 0.58,
      "seconds_left": 235.5188503265381,
      "trigger_price": null
    },
    {
      "ts": "2026-09-17T08:36:08.156700Z",
      "slug": "btc-updown-5m-1789634100",
      "status": "heartbeat",
      "gamma_up": 0.505,
      "gamma_down": 0.495,
      "clob_up_ask": 0.44,
      "clob_down_ask": 0.57,
      "seconds_left": 232.46148419380188,
      "min_spread": 0.009999999999999898
    },
    {
      "ts": "2026-09-17T08:36:08.156719Z",
      "slug": "btc-updown-5m-1789634100",
      "status": "skip_price_below_threshold",
      "threshold": 0.7,
      "max_ask": 0.85,
      "win_streak": 0,
      "clob_up_ask": 0.44,
      "clob_down_ask": 0.57,
      "seconds_left": 232.46148419380188,
      "trigger_price": null
    },
    {
      "ts": "2026-09-17T08:36:11.107100Z",
      "slug": "btc-updown-5m-1789634100",
      "status": "heartbeat",
      "gamma_up": 0.505,
      "gamma_down": 0.495,
      "clob_up_ask": 0.44,
      "clob_down_ask": 0.57,
      "seconds_left": 229.53578233718872,
      "min_spread": 0.009999999999999898
    },
    {
      "ts": "2026-09-17T08:36:11.107115Z",
      "slug": "btc-updown-5m-1789634100",
      "status": "skip_price_below_threshold",
      "threshold": 0.7,
      "max_ask": 0.85,
      "win_streak": 0,
      "clob_up_ask": 0.44,
      "clob_down_ask": 0.57,
      "seconds_left": 229.53578233718872,
      "trigger_price": null
    },
    {
      "ts": "2026-09-17T08:36:14.013814Z",
      "slug": "btc-updown-5m-1789634100",
      "status": "heartbeat",
      "gamma_up": 0.505,
      "gamma_down": 0.495,
      "clob_up_ask": 0.43,
      "clob_down_ask": 0.58,
      "seconds_left": 226.5997200012207,
      "min_spread": 0.010000000000000009
    },
    {
      "ts": "2026-09-17T08:36:14.013840Z",
      "slug": "btc-updown-5m-1789634100",
      "status": "skip_price_below_threshold",
      "threshold": 0.7,
      "max_ask": 0.85,
      "win_streak": 0,
      "clob_up_ask": 0.43,
      "clob_down_ask": 0.58,
      "seconds_left": 226.5997200012207,
      "trigger_price": null
    },
    {
      "ts": "2026-09-17T08:36:16.940369Z",
      "slug": "btc-updown-5m-1789634100",
      "status": "heartbeat",
      "gamma_up": 0.505,
      "gamma_down": 0.495,
      "clob_up_ask": 0.39,
      "clob_down_ask": 0.62,
      "seconds_left": 223.68996858596802,
      "min_spread": 0.010000000000000009
    },
    {
      "ts": "2026-09-17T08:36:16.940393Z",
      "slug": "btc-updown-5m-1789634100",
      "status": "skip_price_below_threshold",
      "threshold": 0.7,
      "max_ask": 0.85,
      "win_streak": 0,
      "clob_up_ask": 0.39,
      "clob_down_ask": 0.62,
      "seconds_left": 223.68996858596802,
      "trigger_price": null
    },
    {
      "ts": "2026-09-17T08:36:20.455140Z",
      "slug": "btc-updown-5m-1789634100",
      "status": "heartbeat",
      "gamma_up": 0.505,
      "gamma_down": 0.495,
      "clob_up_ask": 0.43,
      "clob_down_ask": 0.58,
      "seconds_left": 220.7176055908203,
      "min_spread": 0.010000000000000009
    },
    {
      "ts": "2026-09-17T08:36:20.455162Z",
      "slug": "btc-updown-5m-1789634100",
      "status": "skip_price_below_threshold",
      "threshold": 0.7,
      "max_ask": 0.85,
      "win_streak": 0,
      "clob_up_ask": 0.43,
      "clob_down_ask": 0.58,
      "seconds_left": 220.7176055908203,
      "trigger_price": null
    },
    {
      "ts": "2026-09-17T08:36:23.373593Z",
      "slug": "btc-updown-5m-1789634100",
      "status": "heartbeat",
      "gamma_up": 0.505,
      "gamma_down": 0.495,
      "clob_up_ask": 0.45,
      "clob_down_ask": 0.56,
      "seconds_left": 217.25335574150085,
      "min_spread": 0.010000000000000009
    },
    {
      "ts": "2026-09-17T08:36:23.373616Z",
      "slug": "btc-updown-5m-1789634100",
      "status": "skip_price_below_threshold",
      "threshold": 0.7,
      "max_ask": 0.85,
      "win_streak": 0,
      "clob_up_ask": 0.45,
      "clob_down_ask": 0.56,
      "seconds_left": 217.25335574150085,
      "trigger_price": null
    },
    {
      "ts": "2026-09-17T08:36:26.444681Z",
      "slug": "btc-updown-5m-1789634100",
      "status": "heartbeat",
      "gamma_up": 0.505,
      "gamma_down": 0.495,
      "clob_up_ask": 0.42,
      "clob_down_ask": 0.59,
      "seconds_left": 214.18147826194763,
      "min_spread": 0.010000000000000009
    },
    {
      "ts": "2026-09-17T08:36:26.444713Z",
      "slug": "btc-updown-5m-1789634100",
      "status": "skip_price_below_threshold",
      "threshold": 0.7,
      "max_ask": 0.85,
      "win_streak": 0,
      "clob_up_ask": 0.42,
      "clob_down_ask": 0.59,
      "seconds_left": 214.18147826194763,
      "trigger_price": null
    },
    {
      "ts": "2026-09-17T08:36:33.029564Z",
      "slug": "btc-updown-5m-1789634100",
      "status": "heartbeat",
      "gamma_up": 0.505,
      "gamma_down": 0.495,
      "clob_up_ask": 0.42,
      "clob_down_ask": 0.59,
      "seconds_left": 207.5736265182495,
      "min_spread": 0.010000000000000009
    },
    {
      "ts": "2026-09-17T08:36:33.029588Z",
      "slug": "btc-updown-5m-1789634100",
      "status": "skip_price_below_threshold",
      "threshold": 0.7,
      "max_ask": 0.85,
      "win_streak": 0,
      "clob_up_ask": 0.42,
      "clob_down_ask": 0.59,
      "seconds_left": 207.5736265182495,
      "trigger_price": null
    },
    {
      "ts": "2026-09-17T08:36:36.607843Z",
      "slug": "btc-updown-5m-1789634100",
      "status": "heartbeat",
      "gamma_up": 0.505,
      "gamma_down": 0.495,
      "clob_up_ask": 0.4,
      "clob_down_ask": 0.62,
      "seconds_left": 204.3360357284546,
      "min_spread": 0.010000000000000009
    },
    {
      "ts": "2026-09-17T08:36:36.607866Z",
      "slug": "btc-updown-5m-1789634100",
      "status": "skip_price_below_threshold",
      "threshold": 0.7,
      "max_ask": 0.85,
      "win_streak": 0,
      "clob_up_ask": 0.4,
      "clob_down_ask": 0.62,
      "seconds_left": 204.3360357284546,
      "trigger_price": null
    },
    {
      "ts": "2026-09-17T08:36:39.548654Z",
      "slug": "btc-updown-5m-1789634100",
      "status": "heartbeat",
      "gamma_up": 0.505,
      "gamma_down": 0.495,
      "clob_up_ask": 0.37,
      "clob_down_ask": 0.64,
      "seconds_left": 201.05583453178406,
      "min_spread": 0.010000000000000009
    },
    {
      "ts": "2026-09-17T08:36:39.548679Z",
      "slug": "btc-updown-5m-1789634100",
      "status": "skip_price_below_threshold",
      "threshold": 0.7,
      "max_ask": 0.85,
      "win_streak": 0,
      "clob_up_ask": 0.37,
      "clob_down_ask": 0.64,
      "seconds_left": 201.05583453178406,
      "trigger_price": null
    },
    {
      "ts": "2026-09-17T08:36:42.816688Z",
      "slug": "btc-updown-5m-1789634100",
      "status": "heartbeat",
      "gamma_up": 0.505,
      "gamma_down": 0.495,
      "clob_up_ask": 0.37,
      "clob_down_ask": 0.64,
      "seconds_left": 197.81594228744507,
      "min_spread": 0.010000000000000009
    },
    {
      "ts": "2026-09-17T08:36:42.816706Z",
      "slug": "btc-updown-5m-1789634100",
      "status": "skip_price_below_threshold",
      "threshold": 0.7,
      "max_ask": 0.85,
      "win_streak": 0,
      "clob_up_ask": 0.37,
      "clob_down_ask": 0.64,
      "seconds_left": 197.81594228744507,
      "trigger_price": null
    },
    {
      "ts": "2026-09-17T08:36:45.767901Z",
      "slug": "btc-updown-5m-1789634100",
      "status": "heartbeat",
      "gamma_up": 0.505,
      "gamma_down": 0.495,
      "clob_up_ask": 0.37,
      "clob_down_ask": 0.64,
      "seconds_left": 194.86985278129578,
      "min_spread": 0.010000000000000009
    },
    {
      "ts": "2026-09-17T08:36:45.767929Z",
      "slug": "btc-updown-5m-1789634100",
      "status": "skip_price_below_threshold",
      "threshold": 0.7,
      "max_ask": 0.85,
      "win_streak": 0,
      "clob_up_ask": 0.37,
      "clob_down_ask": 0.64,
      "seconds_left": 194.86985278129578,
      "trigger_price": null
    },
    {
      "ts": "2026-09-17T08:36:48.665120Z",
      "slug": "btc-updown-5m-1789634100",
      "status": "heartbeat",
      "gamma_up": 0.505,
      "gamma_down": 0.495,
      "clob_up_ask": 0.38,
      "clob_down_ask": 0.63,
      "seconds_left": 191.9419515132904,
      "min_spread": 0.010000000000000009
    },
    {
      "ts": "2026-09-17T08:36:48.665135Z",
      "slug": "btc-updown-5m-1789634100",
      "status": "skip_price_below_threshold",
      "threshold": 0.7,
      "max_ask": 0.85,
      "win_streak": 0,
      "clob_up_ask": 0.38,
      "clob_down_ask": 0.63,
      "seconds_left": 191.9419515132904,
      "trigger_price": null
    },
    {
      "ts": "2026-09-17T08:36:51.592291Z",
      "slug": "btc-updown-5m-1789634100",
      "status": "heartbeat",
      "gamma_up": 0.505,
      "gamma_down": 0.495,
      "clob_up_ask": 0.36,
      "clob_down_ask": 0.65,
      "seconds_left": 189.04245495796204,
      "min_spread": 0.010000000000000009
    },
    {
      "ts": "2026-09-17T08:36:51.592318Z",
      "slug": "btc-updown-5m-1789634100",
      "status": "skip_price_below_threshold",
      "threshold": 0.7,
      "max_ask": 0.85,
      "win_streak": 0,
      "clob_up_ask": 0.36,
      "clob_down_ask": 0.65,
      "seconds_left": 189.04245495796204,
      "trigger_price": null
    },
    {
      "ts": "2026-09-17T08:36:54.537224Z",
      "slug": "btc-updown-5m-1789634100",
      "status": "heartbeat",
      "gamma_up": 0.505,
      "gamma_down": 0.495,
      "clob_up_ask": 0.45,
      "clob_down_ask": 0.56,
      "seconds_left": 186.1050615310669,
      "min_spread": 0.010000000000000009
    },
    {
      "ts": "2026-09-17T08:36:54.537237Z",
      "slug": "btc-updown-5m-1789634100",
      "status": "skip_price_below_threshold",
      "threshold": 0.7,
      "max_ask": 0.85,
      "win_streak": 0,
      "clob_up_ask": 0.45,
      "clob_down_ask": 0.56,
      "seconds_left": 186.1050615310669,
      "trigger_price": null
    },
    {
      "ts": "2026-09-17T08:36:57.451912Z",
      "slug": "btc-updown-5m-1789634100",
      "status": "heartbeat",
      "gamma_up": 0.505,
      "gamma_down": 0.495,
      "clob_up_ask": 0.42,
      "clob_down_ask": 0.59,
      "seconds_left": 183.1579487323761,
      "min_spread": 0.010000000000000009
    },
    {
      "ts": "2026-09-17T08:36:57.451936Z",
      "slug": "btc-updown-5m-1789634100",
      "status": "skip_price_below_threshold",
      "threshold": 0.7,
      "max_ask": 0.85,
      "win_streak": 0,
      "clob_up_ask": 0.42,
      "clob_down_ask": 0.59,
      "seconds_left": 183.1579487323761,
      "trigger_price": null
    },
    {
      "ts": "2026-09-17T08:37:00.394435Z",
      "slug": "btc-updown-5m-1789634100",
      "status": "heartbeat",
      "gamma_up": 0.505,
      "gamma_down": 0.495,
      "clob_up_ask": 0.42,
      "clob_down_ask": 0.57,
      "seconds_left": 180.2344286441803,
      "min_spread": 0.009999999999999898
    },
    {
      "ts": "2026-09-17T08:37:00.394458Z",
      "slug": "btc-updown-5m-1789634100",
      "status": "skip_price_below_threshold",
      "threshold": 0.7,
      "max_ask": 0.85,
      "win_streak": 0,
      "clob_up_ask": 0.42,
      "clob_down_ask": 0.57,
      "seconds_left": 180.2344286441803,
      "trigger_price": null
    },
    {
      "ts": "2026-09-17T08:37:03.391416Z",
      "slug": "btc-updown-5m-1789634100",
      "status": "heartbeat",
      "gamma_up": 0.505,
      "gamma_down": 0.495,
      "clob_up_ask": 0.69,
      "clob_down_ask": 0.32,
      "seconds_left": 177.29407358169556,
      "min_spread": 0.009999999999999898
    },
    {
      "ts": "2026-09-17T08:37:03.391442Z",
      "slug": "btc-updown-5m-1789634100",
      "status": "skip_price_below_threshold",
      "threshold": 0.7,
      "max_ask": 0.85,
      "win_streak": 0,
      "clob_up_ask": 0.69,
      "clob_down_ask": 0.32,
      "seconds_left": 177.29407358169556,
      "trigger_price": null
    },
    {
      "ts": "2026-09-17T08:37:09.814562Z",
      "slug": "btc-updown-5m-1789634100",
      "status": "heartbeat",
      "gamma_up": 0.505,
      "gamma_down": 0.495,
      "clob_up_ask": 0.67,
      "clob_down_ask": 0.35,
      "seconds_left": 170.79703736305237,
      "min_spread": 0.009999999999999953
    },
    {
      "ts": "2026-09-17T08:37:09.814587Z",
      "slug": "btc-updown-5m-1789634100",
      "status": "skip_price_below_threshold",
      "threshold": 0.7,
      "max_ask": 0.85,
      "win_streak": 0,
      "clob_up_ask": 0.67,
      "clob_down_ask": 0.35,
      "seconds_left": 170.79703736305237,
      "trigger_price": null
    },
    {
      "ts": "2026-09-17T08:37:12.754812Z",
      "slug": "btc-updown-5m-1789634100",
      "status": "heartbeat",
      "gamma_up": 0.505,
      "gamma_down": 0.495,
      "clob_up_ask": 0.65,
      "clob_down_ask": 0.36,
      "seconds_left": 167.87366223335266,
      "min_spread": 0.010000000000000009
    },
    {
      "ts": "2026-09-17T08:37:12.754838Z",
      "slug": "btc-updown-5m-1789634100",
      "status": "skip_price_below_threshold",
      "threshold": 0.7,
      "max_ask": 0.85,
      "win_streak": 0,
      "clob_up_ask": 0.65,
      "clob_down_ask": 0.36,
      "seconds_left": 167.87366223335266,
      "trigger_price": null
    },
    {
      "ts": "2026-09-17T08:37:15.769514Z",
      "slug": "btc-updown-5m-1789634100",
      "status": "heartbeat",
      "gamma_up": 0.505,
      "gamma_down": 0.495,
      "clob_up_ask": 0.66,
      "clob_down_ask": 0.35,
      "seconds_left": 164.88095593452454,
      "min_spread": 0.009999999999999953
    },
    {
      "ts": "2026-09-17T08:37:15.769539Z",
      "slug": "btc-updown-5m-1789634100",
      "status": "skip_price_below_threshold",
      "threshold": 0.7,
      "max_ask": 0.85,
      "win_streak": 0,
      "clob_up_ask": 0.66,
      "clob_down_ask": 0.35,
      "seconds_left": 164.88095593452454,
      "trigger_price": null
    },
    {
      "ts": "2026-09-17T08:37:18.707476Z",
      "slug": "btc-updown-5m-1789634100",
      "status": "heartbeat",
      "gamma_up": 0.505,
      "gamma_down": 0.495,
      "clob_up_ask": 0.68,
      "clob_down_ask": 0.33,
      "seconds_left": 161.92969250679016,
      "min_spread": 0.010000000000000009
    },
    {
      "ts": "2026-09-17T08:37:18.707502Z",
      "slug": "btc-updown-5m-1789634100",
      "status": "skip_price_below_threshold",
      "threshold": 0.7,
      "max_ask": 0.85,
      "win_streak": 0,
      "clob_up_ask": 0.68,
      "clob_down_ask": 0.33,
      "seconds_left": 161.92969250679016,
      "trigger_price": null
    },
    {
      "ts": "2026-09-17T08:37:21.648897Z",
      "slug": "btc-updown-5m-1789634100",
      "status": "heartbeat",
      "gamma_up": 0.505,
      "gamma_down": 0.495,
      "clob_up_ask": 0.78,
      "clob_down_ask": 0.22,
      "seconds_left": 158.9720549583435,
      "min_spread": 0.010000000000000009
    }
  ],
  "open_raw": "{\"mode\": \"open\", \"execute\": true, \"market_slug\": \"btc-updown-5m-1789634100\", \"force_side\": \"UP\", \"token_id\": \"14206718612145447439358852116562993793690452744641426803139791804281816981904\", \"entry_price\": 0.85, \"notional_usd\": 5.0, \"top_ask_notional_usd\": 41.3865, \"collateral_pusd\": 423.96088, \"order_post_result\": {\"errorMsg\": \"\", \"orderID\": \"0x335f20748cc04ec4d522ee947b2e1e368049ebdcf4241960dd404695aae2e7b3\", \"takingAmount\": \"5.81395\", \"makingAmount\": \"4.999997\", \"status\": \"matched\", \"transactionsHashes\": [\"0x906552c0e243f9c68c8c2d0d80dee347e6060efad0e1ad172961cd1f8c05823c\"], \"success\": true}}\n\n[py_clob_client_v2] request error status=400 url=https://clob.polymarket.com/auth/api-key body={\"error\":\"Could not create api key\"}\n\n",
  "opened": {
    "opened_at": "2026-09-17T08:37:26.550868Z",
    "market_slug": "btc-updown-5m-1789634100",
    "market_end_iso": "2026-09-17T08:40:00Z",
    "side": "UP",
    "token_id": "14206718612145447439358852116562993793690452744641426803139791804281816981904",
    "entry_price": 0.85,
    "shares": 5.81395,
    "cost_usdc": 4.999997,
    "open_order_id": "0x335f20748cc04ec4d522ee947b2e1e368049ebdcf4241960dd404695aae2e7b3",
    "open_tx": "0x906552c0e243f9c68c8c2d0d80dee347e6060efad0e1ad172961cd1f8c05823c"
  },
  "stop_loss_price": 0.08499999999999998,
  "last_side_price": 0.995,
  "last_clob_bid": 0.99,
  "last_check_at": "2026-09-17T08:39:40.395389Z",
  "close_debug": [
    {
      "ts": "2026-09-17T08:39:46.965707Z",
      "attempt": 1,
      "order_type": "FAK",
      "status": "matched",
      "close_skipped": ""
    }
  ],
  "close_raw": "{\"mode\": \"close\", \"execute\": true, \"market_slug\": \"btc-updown-5m-1789634100\", \"token_id\": \"14206718612145447439358852116562993793690452744641426803139791804281816981904\", \"requested_shares\": 5.81395, \"close_order_type\": \"FAK\", \"close_limit_price\": null, \"available_shares\": 5.81395, \"sell_shares\": 5.8139, \"order_post_result\": {\"errorMsg\": \"\", \"orderID\": \"0xe8c08afec14dd295a7073c545efe8c4a8a7981500e3a5ed114dae545c170c32d\", \"takingAmount\": \"5.7519\", \"makingAmount\": \"5.81\", \"status\": \"matched\", \"transactionsHashes\": [\"0x9f1ebe12eac513591abfd97aac02c44010a6d72ad8bfaeb1ee1ede2586fc3ecd\"], \"success\": true}, \"close_skipped\": \"\"}\n\n[py_clob_client_v2] request error status=400 url=https://clob.polymarket.com/auth/api-key body={\"error\":\"Could not create api key\"}\n\n",
  "closed": {
    "close_reason": "time_exit_20s_before_end",
    "closed_at": "2026-09-17T08:39:46.965736Z",
    "close_success": true,
    "close_status": "matched",
    "close_order_id": "0xe8c08afec14dd295a7073c545efe8c4a8a7981500e3a5ed114dae545c170c32d",
    "close_tx": "0x9f1ebe12eac513591abfd97aac02c44010a6d72ad8bfaeb1ee1ede2586fc3ecd",
    "close_shares": 5.81,
    "close_usdc": 5.7519,
    "close_skipped": ""
  },
  "realized_cashflow_pnl_usdc": 0.751903,
  "finished_at": "2026-09-17T08:39:46.965758Z",
  "result": "done"
}
[2026-09-17T08:39:47Z] session_end rc=0 sessions=6 stake_usd=5
journal_ok trades=161 md=/home/yukeen/polymarketbot/5min-btc-polymarket/data/live_trades.md json=/home/yukeen/polymarketbot/5min-btc-polymarket/data/live_trades.json
[2026-09-17T08:41:06Z] fills=6/12 sessions=6/36
[py_clob_client_v2] request error status=400 url=https://clob.polymarket.com/auth/api-key body={"error":"Could not create api key"}

[2026-09-17T08:41:27Z] cash=424.659773
[py_clob_client_v2] request error status=400 url=https://clob.polymarket.com/auth/api-key body={"error":"Could not create api key"}

[2026-09-17T08:41:43Z] cash_retry=424.659773
[2026-09-17T08:41:51Z] session_begin sessions=6 fills=6 stake_usd=5
[py_clob_client_v2] request error status=400 url=https://clob.polymarket.com/auth/api-key body={"error":"Could not create api key"}

{
  "started_at": "2026-09-17T08:41:52.433811Z",
  "params": {
    "profile": "conservative",
    "threshold": 0.7,
    "stake_usd": 5.0,
    "stop_loss_pct": 0.9,
    "exit_before_sec": 20,
    "min_entry_seconds_left": 60,
    "entry_timeout_min": 12,
    "poll_sec": 2.0,
    "max_ask": 0.85,
    "expensive_ask": 0.8,
    "expensive_after_wins": 3,
    "close_retry_max": 30,
    "close_retry_delay_sec": 2.0,
    "execute": true,
    "win_streak": 1
  },
  "attempts": [
    {
      "ts": "2026-09-17T08:41:53.630811Z",
      "slug": "btc-updown-5m-1789634400",
      "status": "heartbeat",
      "gamma_up": 0.495,
      "gamma_down": 0.505,
      "clob_up_ask": 0.09,
      "clob_down_ask": 0.92,
      "seconds_left": 187.14615941047668,
      "min_spread": 0.009999999999999995
    },
    {
      "ts": "2026-09-17T08:41:53.630845Z",
      "slug": "btc-updown-5m-1789634400",
      "status": "skip_ask_too_expensive",
      "threshold": 0.7,
      "max_ask": 0.85,
      "win_streak": 1,
      "clob_up_ask": 0.09,
      "clob_down_ask": 0.92,
      "seconds_left": 187.14615941047668,
      "trigger_price": 0.92
    },
    {
      "ts": "2026-09-17T08:41:56.584927Z",
      "slug": "btc-updown-5m-1789634400",
      "status": "heartbeat",
      "gamma_up": 0.495,
      "gamma_down": 0.505,
      "clob_up_ask": 0.09,
      "clob_down_ask": 0.92,
      "seconds_left": 184.07102131843567,
      "min_spread": 0.009999999999999995
    },
    {
      "ts": "2026-09-17T08:41:56.584967Z",
      "slug": "btc-updown-5m-1789634400",
      "status": "skip_ask_too_expensive",
      "threshold": 0.7,
      "max_ask": 0.85,
      "win_streak": 1,
      "clob_up_ask": 0.09,
      "clob_down_ask": 0.92,
      "seconds_left": 184.07102131843567,
      "trigger_price": 0.92
    },
    {
      "ts": "2026-09-17T08:41:59.594943Z",
      "slug": "btc-updown-5m-1789634400",
      "status": "heartbeat",
      "gamma_up": 0.495,
      "gamma_down": 0.505,
      "clob_up_ask": 0.1,
      "clob_down_ask": 0.91,
      "seconds_left": 181.1124711036682,
      "min_spread": 0.010000000000000009
    },
    {
      "ts": "2026-09-17T08:41:59.594975Z",
      "slug": "btc-updown-5m-1789634400",
      "status": "skip_ask_too_expensive",
      "threshold": 0.7,
      "max_ask": 0.85,
      "win_streak": 1,
      "clob_up_ask": 0.1,
      "clob_down_ask": 0.91,
      "seconds_left": 181.1124711036682,
      "trigger_price": 0.91
    },
    {
      "ts": "2026-09-17T08:42:02.506939Z",
      "slug": "btc-updown-5m-1789634400",
      "status": "heartbeat",
      "gamma_up": 0.495,
      "gamma_down": 0.505,
      "clob_up_ask": 0.09,
      "clob_down_ask": 0.92,
      "seconds_left": 178.11891508102417,
      "min_spread": 0.009999999999999995
    },
    {
      "ts": "2026-09-17T08:42:02.506955Z",
      "slug": "btc-updown-5m-1789634400",
      "status": "skip_ask_too_expensive",
      "threshold": 0.7,
      "max_ask": 0.85,
      "win_streak": 1,
      "clob_up_ask": 0.09,
      "clob_down_ask": 0.92,
      "seconds_left": 178.11891508102417,
      "trigger_price": 0.92
    },
    {
      "ts": "2026-09-17T08:42:05.433102Z",
      "slug": "btc-updown-5m-1789634400",
      "status": "heartbeat",
      "gamma_up": 0.495,
      "gamma_down": 0.505,
      "clob_up_ask": 0.09,
      "clob_down_ask": 0.92,
      "seconds_left": 175.20349192619324,
      "min_spread": 0.009999999999999995
    },
    {
      "ts": "2026-09-17T08:42:05.433136Z",
      "slug": "btc-updown-5m-1789634400",
      "status": "skip_ask_too_expensive",
      "threshold": 0.7,
      "max_ask": 0.85,
      "win_streak": 1,
      "clob_up_ask": 0.09,
      "clob_down_ask": 0.92,
      "seconds_left": 175.20349192619324,
      "trigger_price": 0.92
    },
    {
      "ts": "2026-09-17T08:42:13.662185Z",
      "slug": "btc-updown-5m-1789634400",
      "status": "heartbeat",
      "gamma_up": 0.495,
      "gamma_down": 0.505,
      "clob_up_ask": 0.08,
      "clob_down_ask": 0.93,
      "seconds_left": 172.17195677757263,
      "min_spread": 0.009999999999999995
    },
    {
      "ts": "2026-09-17T08:42:13.662215Z",
      "slug": "btc-updown-5m-1789634400",
      "status": "skip_ask_too_expensive",
      "threshold": 0.7,
      "max_ask": 0.85,
      "win_streak": 1,
      "clob_up_ask": 0.08,
      "clob_down_ask": 0.93,
      "seconds_left": 172.17195677757263,
      "trigger_price": 0.93
    },
    {
      "ts": "2026-09-17T08:42:16.629861Z",
      "slug": "btc-updown-5m-1789634400",
      "status": "heartbeat",
      "gamma_up": 0.495,
      "gamma_down": 0.505,
      "clob_up_ask": 0.08,
      "clob_down_ask": 0.92,
      "seconds_left": 164.02835631370544,
      "min_spread": 0.009999999999999995
    },
    {
      "ts": "2026-09-17T08:42:16.629892Z",
      "slug": "btc-updown-5m-1789634400",
      "status": "skip_ask_too_expensive",
      "threshold": 0.7,
      "max_ask": 0.85,
      "win_streak": 1,
      "clob_up_ask": 0.08,
      "clob_down_ask": 0.92,
      "seconds_left": 164.02835631370544,
      "trigger_price": 0.92
    },
    {
      "ts": "2026-09-17T08:42:19.727241Z",
      "slug": "btc-updown-5m-1789634400",
      "status": "heartbeat",
      "gamma_up": 0.495,
      "gamma_down": 0.505,
      "clob_up_ask": 0.08,
      "clob_down_ask": 0.93,
      "seconds_left": 161.02277207374573,
      "min_spread": 0.009999999999999995
    },
    {
      "ts": "2026-09-17T08:42:19.727270Z",
      "slug": "btc-updown-5m-1789634400",
      "status": "skip_ask_too_expensive",
      "threshold": 0.7,
      "max_ask": 0.85,
      "win_streak": 1,
      "clob_up_ask": 0.08,
      "clob_down_ask": 0.93,
      "seconds_left": 161.02277207374573,
      "trigger_price": 0.93
    },
    {
      "ts": "2026-09-17T08:42:22.697808Z",
      "slug": "btc-updown-5m-1789634400",
      "status": "heartbeat",
      "gamma_up": 0.495,
      "gamma_down": 0.505,
      "clob_up_ask": 0.07,
      "clob_down_ask": 0.94,
      "seconds_left": 157.93216681480408,
      "min_spread": 0.009999999999999898
    },
    {
      "ts": "2026-09-17T08:42:22.698039Z",
      "slug": "btc-updown-5m-1789634400",
      "status": "skip_ask_too_expensive",
      "threshold": 0.7,
      "max_ask": 0.85,
      "win_streak": 1,
      "clob_up_ask": 0.07,
      "clob_down_ask": 0.94,
      "seconds_left": 157.93216681480408,
      "trigger_price": 0.94
    },
    {
      "ts": "2026-09-17T08:42:25.622068Z",
      "slug": "btc-updown-5m-1789634400",
      "status": "heartbeat",
      "gamma_up": 0.495,
      "gamma_down": 0.505,
      "clob_up_ask": 0.07,
      "clob_down_ask": 0.94,
      "seconds_left": 155.00413703918457,
      "min_spread": 0.009999999999999898
    },
    {
      "ts": "2026-09-17T08:42:25.622094Z",
      "slug": "btc-updown-5m-1789634400",
      "status": "skip_ask_too_expensive",
      "threshold": 0.7,
      "max_ask": 0.85,
      "win_streak": 1,
      "clob_up_ask": 0.07,
      "clob_down_ask": 0.94,
      "seconds_left": 155.00413703918457,
      "trigger_price": 0.94
    },
    {
      "ts": "2026-09-17T08:42:28.548341Z",
      "slug": "btc-updown-5m-1789634400",
      "status": "heartbeat",
      "gamma_up": 0.495,
      "gamma_down": 0.505,
      "clob_up_ask": 0.06,
      "clob_down_ask": 0.95,
      "seconds_left": 152.07274985313416,
      "min_spread": 0.009999999999999995
    },
    {
      "ts": "2026-09-17T08:42:28.548371Z",
      "slug": "btc-updown-5m-1789634400",
      "status": "skip_ask_too_expensive",
      "threshold": 0.7,
      "max_ask": 0.85,
      "win_streak": 1,
      "clob_up_ask": 0.06,
      "clob_down_ask": 0.95,
      "seconds_left": 152.07274985313416,
      "trigger_price": 0.95
    },
    {
      "ts": "2026-09-17T08:42:31.470854Z",
      "slug": "btc-updown-5m-1789634400",
      "status": "heartbeat",
      "gamma_up": 0.495,
      "gamma_down": 0.505,
      "clob_up_ask": 0.05,
      "clob_down_ask": 0.96,
      "seconds_left": 149.1587884426117,
      "min_spread": 0.010000000000000002
    },
    {
      "ts": "2026-09-17T08:42:31.470882Z",
      "slug": "btc-updown-5m-1789634400",
      "status": "skip_ask_too_expensive",
      "threshold": 0.7,
      "max_ask": 0.85,
      "win_streak": 1,
      "clob_up_ask": 0.05,
      "clob_down_ask": 0.96,
      "seconds_left": 149.1587884426117,
      "trigger_price": 0.96
    },
    {
      "ts": "2026-09-17T08:42:34.408686Z",
      "slug": "btc-updown-5m-1789634400",
      "status": "heartbeat",
      "gamma_up": 0.495,
      "gamma_down": 0.505,
      "clob_up_ask": 0.04,
      "clob_down_ask": 0.97,
      "seconds_left": 146.2272970676422,
      "min_spread": 0.010000000000000002
    },
    {
      "ts": "2026-09-17T08:42:34.408712Z",
      "slug": "btc-updown-5m-1789634400",
      "status": "skip_ask_too_expensive",
      "threshold": 0.7,
      "max_ask": 0.85,
      "win_streak": 1,
      "clob_up_ask": 0.04,
      "clob_down_ask": 0.97,
      "seconds_left": 146.2272970676422,
      "trigger_price": 0.97
    },
    {
      "ts": "2026-09-17T08:42:37.343848Z",
      "slug": "btc-updown-5m-1789634400",
      "status": "heartbeat",
      "gamma_up": 0.495,
      "gamma_down": 0.505,
      "clob_up_ask": 0.04,
      "clob_down_ask": 0.97,
      "seconds_left": 143.27318477630615,
      "min_spread": 0.010000000000000002
    },
    {
      "ts": "2026-09-17T08:42:37.343877Z",
      "slug": "btc-updown-5m-1789634400",
      "status": "skip_ask_too_expensive",
      "threshold": 0.7,
      "max_ask": 0.85,
      "win_streak": 1,
      "clob_up_ask": 0.04,
      "clob_down_ask": 0.97,
      "seconds_left": 143.27318477630615,
      "trigger_price": 0.97
    },
    {
      "ts": "2026-09-17T08:42:40.253565Z",
      "slug": "btc-updown-5m-1789634400",
      "status": "heartbeat",
      "gamma_up": 0.495,
      "gamma_down": 0.505,
      "clob_up_ask": 0.04,
      "clob_down_ask": 0.97,
      "seconds_left": 140.35564851760864,
      "min_spread": 0.010000000000000002
    },
    {
      "ts": "2026-09-17T08:42:40.253592Z",
      "slug": "btc-updown-5m-1789634400",
      "status": "skip_ask_too_expensive",
      "threshold": 0.7,
      "max_ask": 0.85,
      "win_streak": 1,
      "clob_up_ask": 0.04,
      "clob_down_ask": 0.97,
      "seconds_left": 140.35564851760864,
      "trigger_price": 0.97
    },
    {
      "ts": "2026-09-17T08:42:56.961337Z",
      "slug": "btc-updown-5m-1789634400",
      "status": "heartbeat",
      "gamma_up": 0.495,
      "gamma_down": 0.505,
      "clob_up_ask": 0.04,
      "clob_down_ask": 0.98,
      "seconds_left": 123.82176661491394,
      "min_spread": 0.010000000000000002
    },
    {
      "ts": "2026-09-17T08:42:56.961368Z",
      "slug": "btc-updown-5m-1789634400",
      "status": "skip_ask_too_expensive",
      "threshold": 0.7,
      "max_ask": 0.85,
      "win_streak": 1,
      "clob_up_ask": 0.04,
      "clob_down_ask": 0.98,
      "seconds_left": 123.82176661491394,
      "trigger_price": 0.98
    },
    {
      "ts": "2026-09-17T08:42:59.879733Z",
      "slug": "btc-updown-5m-1789634400",
      "status": "heartbeat",
      "gamma_up": 0.495,
      "gamma_down": 0.505,
      "clob_up_ask": 0.03,
      "clob_down_ask": 0.98,
      "seconds_left": 120.73435258865356,
      "min_spread": 0.009999999999999998
    },
    {
      "ts": "2026-09-17T08:42:59.879762Z",
      "slug": "btc-updown-5m-1789634400",
      "status": "skip_ask_too_expensive",
      "threshold": 0.7,
      "max_ask": 0.85,
      "win_streak": 1,
      "clob_up_ask": 0.03,
      "clob_down_ask": 0.98,
      "seconds_left": 120.73435258865356,
      "trigger_price": 0.98
    },
    {
      "ts": "2026-09-17T08:43:02.814226Z",
      "slug": "btc-updown-5m-1789634400",
      "status": "heartbeat",
      "gamma_up": 0.495,
      "gamma_down": 0.505,
      "clob_up_ask": 0.03,
      "clob_down_ask": 0.99,
      "seconds_left": 117.82390093803406,
      "min_spread": 0.009999999999999998
    },
    {
      "ts": "2026-09-17T08:43:02.814263Z",
      "slug": "btc-updown-5m-1789634400",
      "status": "skip_ask_too_expensive",
      "threshold": 0.7,
      "max_ask": 0.85,
      "win_streak": 1,
      "clob_up_ask": 0.03,
      "clob_down_ask": 0.99,
      "seconds_left": 117.82390093803406,
      "trigger_price": 0.99
    },
    {
      "ts": "2026-09-17T08:43:05.768025Z",
      "slug": "btc-updown-5m-1789634400",
      "status": "heartbeat",
      "gamma_up": 0.495,
      "gamma_down": 0.505,
      "clob_up_ask": 0.03,
      "clob_down_ask": 0.98,
      "seconds_left": 114.8989770412445,
      "min_spread": 0.009999999999999998
    },
    {
      "ts": "2026-09-17T08:43:05.768055Z",
      "slug": "btc-updown-5m-1789634400",
      "status": "skip_ask_too_expensive",
      "threshold": 0.7,
      "max_ask": 0.85,
      "win_streak": 1,
      "clob_up_ask": 0.03,
      "clob_down_ask": 0.98,
      "seconds_left": 114.8989770412445,
      "trigger_price": 0.98
    },
    {
      "ts": "2026-09-17T08:43:08.675400Z",
      "slug": "btc-updown-5m-1789634400",
      "status": "heartbeat",
      "gamma_up": 0.495,
      "gamma_down": 0.505,
      "clob_up_ask": 0.03,
      "clob_down_ask": 0.99,
      "seconds_left": 111.92478632926941,
      "min_spread": 0.009999999999999998
    },
    {
      "ts": "2026-09-17T08:43:08.675416Z",
      "slug": "btc-updown-5m-1789634400",
      "status": "skip_ask_too_expensive",
      "threshold": 0.7,
      "max_ask": 0.85,
      "win_streak": 1,
      "clob_up_ask": 0.03,
      "clob_down_ask": 0.99,
      "seconds_left": 111.92478632926941,
      "trigger_price": 0.99
    },
    {
      "ts": "2026-09-17T08:43:11.630315Z",
      "slug": "btc-updown-5m-1789634400",
      "status": "heartbeat",
      "gamma_up": 0.495,
      "gamma_down": 0.505,
      "clob_up_ask": 0.02,
      "clob_down_ask": 0.99,
      "seconds_left": 108.97470188140869,
      "min_spread": 0.01
    },
    {
      "ts": "2026-09-17T08:43:11.630342Z",
      "slug": "btc-updown-5m-1789634400",
      "status": "skip_ask_too_expensive",
      "threshold": 0.7,
      "max_ask": 0.85,
      "win_streak": 1,
      "clob_up_ask": 0.02,
      "clob_down_ask": 0.99,
      "seconds_left": 108.97470188140869,
      "trigger_price": 0.99
    },
    {
      "ts": "2026-09-17T08:43:14.621993Z",
      "slug": "btc-updown-5m-1789634400",
      "status": "heartbeat",
      "gamma_up": 0.495,
      "gamma_down": 0.505,
      "clob_up_ask": 0.02,
      "clob_down_ask": 0.99,
      "seconds_left": 106.06861782073975,
      "min_spread": 0.01
    },
    {
      "ts": "2026-09-17T08:43:14.622021Z",
      "slug": "btc-updown-5m-1789634400",
      "status": "skip_ask_too_expensive",
      "threshold": 0.7,
      "max_ask": 0.85,
      "win_streak": 1,
      "clob_up_ask": 0.02,
      "clob_down_ask": 0.99,
      "seconds_left": 106.06861782073975,
      "trigger_price": 0.99
    },
    {
      "ts": "2026-09-17T08:43:17.518892Z",
      "slug": "btc-updown-5m-1789634400",
      "status": "heartbeat",
      "gamma_up": 0.495,
      "gamma_down": 0.505,
      "clob_up_ask": 0.01,
      "clob_down_ask": null,
      "seconds_left": 103.08951330184937,
      "min_spread": null
    },
    {
      "ts": "2026-09-17T08:43:17.518916Z",
      "slug": "btc-updown-5m-1789634400",
      "status": "skip_price_below_threshold",
      "threshold": 0.7,
      "max_ask": 0.85,
      "win_streak": 1,
      "clob_up_ask": 0.01,
      "clob_down_ask": null,
      "seconds_left": 103.08951330184937,
      "trigger_price": null
    },
    {
      "ts": "2026-09-17T08:43:20.455254Z",
      "slug": "btc-updown-5m-1789634400",
      "status": "heartbeat",
      "gamma_up": 0.495,
      "gamma_down": 0.505,
      "clob_up_ask": 0.01,
      "clob_down_ask": null,
      "seconds_left": 100.17821907997131,
      "min_spread": null
    },
    {
      "ts": "2026-09-17T08:43:20.455280Z",
      "slug": "btc-updown-5m-1789634400",
      "status": "skip_price_below_threshold",
      "threshold": 0.7,
      "max_ask": 0.85,
      "win_streak": 1,
      "clob_up_ask": 0.01,
      "clob_down_ask": null,
      "seconds_left": 100.17821907997131,
      "trigger_price": null
    },
    {
      "ts": "2026-09-17T08:43:27.052011Z",
      "slug": "btc-updown-5m-1789634400",
      "status": "heartbeat",
      "gamma_up": 0.495,
      "gamma_down": 0.505,
      "clob_up_ask": 0.01,
      "clob_down_ask": null,
      "seconds_left": 93.55929231643677,
      "min_spread": null
    },
    {
      "ts": "2026-09-17T08:43:27.052047Z",
      "slug": "btc-updown-5m-1789634400",
      "status": "skip_price_below_threshold",
      "threshold": 0.7,
      "max_ask": 0.85,
      "win_streak": 1,
      "clob_up_ask": 0.01,
      "clob_down_ask": null,
      "seconds_left": 93.55929231643677,
      "trigger_price": null
    },
    {
      "ts": "2026-09-17T08:43:29.960682Z",
      "slug": "btc-updown-5m-1789634400",
      "status": "heartbeat",
      "gamma_up": 0.495,
      "gamma_down": 0.505,
      "clob_up_ask": 0.01,
      "clob_down_ask": null,
      "seconds_left": 90.64944911003113,
      "min_spread": null
    },
    {
      "ts": "2026-09-17T08:43:29.960711Z",
      "slug": "btc-updown-5m-1789634400",
      "status": "skip_price_below_threshold",
      "threshold": 0.7,
      "max_ask": 0.85,
      "win_streak": 1,
      "clob_up_ask": 0.01,
      "clob_down_ask": null,
      "seconds_left": 90.64944911003113,
      "trigger_price": null
    },
    {
      "ts": "2026-09-17T08:43:32.885089Z",
      "slug": "btc-updown-5m-1789634400",
      "status": "heartbeat",
      "gamma_up": 0.495,
      "gamma_down": 0.505,
      "clob_up_ask": 0.01,
      "clob_down_ask": null,
      "seconds_left": 87.73025274276733,
      "min_spread": null
    },
    {
      "ts": "2026-09-17T08:43:32.885116Z",
      "slug": "btc-updown-5m-1789634400",
      "status": "skip_price_below_threshold",
      "threshold": 0.7,
      "max_ask": 0.85,
      "win_streak": 1,
      "clob_up_ask": 0.01,
      "clob_down_ask": null,
      "seconds_left": 87.73025274276733,
      "trigger_price": null
    },
    {
      "ts": "2026-09-17T08:43:35.813321Z",
      "slug": "btc-updown-5m-1789634400",
      "status": "heartbeat",
      "gamma_up": 0.495,
      "gamma_down": 0.505,
      "clob_up_ask": 0.01,
      "clob_down_ask": null,
      "seconds_left": 84.80073094367981,
      "min_spread": null
    },
    {
      "ts": "2026-09-17T08:43:35.813352Z",
      "slug": "btc-updown-5m-1789634400",
      "status": "skip_price_below_threshold",
      "threshold": 0.7,
      "max_ask": 0.85,
      "win_streak": 1,
      "clob_up_ask": 0.01,
      "clob_down_ask": null,
      "seconds_left": 84.80073094367981,
      "trigger_price": null
    },
    {
      "ts": "2026-09-17T08:43:38.721162Z",
      "slug": "btc-updown-5m-1789634400",
      "status": "heartbeat",
      "gamma_up": 0.495,
      "gamma_down": 0.505,
      "clob_up_ask": 0.01,
      "clob_down_ask": null,
      "seconds_left": 81.88743662834167,
      "min_spread": null
    },
    {
      "ts": "2026-09-17T08:43:38.721185Z",
      "slug": "btc-updown-5m-1789634400",
      "status": "skip_price_below_threshold",
      "threshold": 0.7,
      "max_ask": 0.85,
      "win_streak": 1,
      "clob_up_ask": 0.01,
      "clob_down_ask": null,
      "seconds_left": 81.88743662834167,
      "trigger_price": null
    },
    {
      "ts": "2026-09-17T08:43:41.650448Z",
      "slug": "btc-updown-5m-1789634400",
      "status": "heartbeat",
      "gamma_up": 0.495,
      "gamma_down": 0.505,
      "clob_up_ask": 0.01,
      "clob_down_ask": null,
      "seconds_left": 78.96612906455994,
      "min_spread": null
    },
    {
      "ts": "2026-09-17T08:43:41.650473Z",
      "slug": "btc-updown-5m-1789634400",
      "status": "skip_price_below_threshold",
      "threshold": 0.7,
      "max_ask": 0.85,
      "win_streak": 1,
      "clob_up_ask": 0.01,
      "clob_down_ask": null,
      "seconds_left": 78.96612906455994,
      "trigger_price": null
    },
    {
      "ts": "2026-09-17T08:43:44.557595Z",
      "slug": "btc-updown-5m-1789634400",
      "status": "heartbeat",
      "gamma_up": 0.495,
      "gamma_down": 0.505,
      "clob_up_ask": 0.01,
      "clob_down_ask": null,
      "seconds_left": 76.04520082473755,
      "min_spread": null
    },
    {
      "ts": "2026-09-17T08:43:44.557617Z",
      "slug": "btc-updown-5m-1789634400",
      "status": "skip_price_below_threshold",
      "threshold": 0.7,
      "max_ask": 0.85,
      "win_streak": 1,
      "clob_up_ask": 0.01,
      "clob_down_ask": null,
      "seconds_left": 76.04520082473755,
      "trigger_price": null
    },
    {
      "ts": "2026-09-17T08:43:47.501834Z",
      "slug": "btc-updown-5m-1789634400",
      "status": "heartbeat",
      "gamma_up": 0.495,
      "gamma_down": 0.505,
      "clob_up_ask": 0.01,
      "clob_down_ask": null,
      "seconds_left": 73.10452437400818,
      "min_spread": null
    },
    {
      "ts": "2026-09-17T08:43:47.501859Z",
      "slug": "btc-updown-5m-1789634400",
      "status": "skip_price_below_threshold",
      "threshold": 0.7,
      "max_ask": 0.85,
      "win_streak": 1,
      "clob_up_ask": 0.01,
      "clob_down_ask": null,
      "seconds_left": 73.10452437400818,
      "trigger_price": null
    },
    {
      "ts": "2026-09-17T08:43:50.433257Z",
      "slug": "btc-updown-5m-1789634400",
      "status": "heartbeat",
      "gamma_up": 0.495,
      "gamma_down": 0.505,
      "clob_up_ask": 0.01,
      "clob_down_ask": null,
      "seconds_left": 70.1836941242218,
      "min_spread": null
    },
    {
      "ts": "2026-09-17T08:43:50.433283Z",
      "slug": "btc-updown-5m-1789634400",
      "status": "skip_price_below_threshold",
      "threshold": 0.7,
      "max_ask": 0.85,
      "win_streak": 1,
      "clob_up_ask": 0.01,
      "clob_down_ask": null,
      "seconds_left": 70.1836941242218,
      "trigger_price": null
    },
    {
      "ts": "2026-09-17T08:43:53.374456Z",
      "slug": "btc-updown-5m-1789634400",
      "status": "heartbeat",
      "gamma_up": 0.495,
      "gamma_down": 0.505,
      "clob_up_ask": 0.01,
      "clob_down_ask": null,
      "seconds_left": 67.23608636856079,
      "min_spread": null
    },
    {
      "ts": "2026-09-17T08:43:53.374471Z",
      "slug": "btc-updown-5m-1789634400",
      "status": "skip_price_below_threshold",
      "threshold": 0.7,
      "max_ask": 0.85,
      "win_streak": 1,
      "clob_up_ask": 0.01,
      "clob_down_ask": null,
      "seconds_left": 67.23608636856079,
      "trigger_price": null
    },
    {
      "ts": "2026-09-17T08:43:56.308534Z",
      "slug": "btc-updown-5m-1789634400",
      "status": "heartbeat",
      "gamma_up": 0.495,
      "gamma_down": 0.505,
      "clob_up_ask": 0.01,
      "clob_down_ask": null,
      "seconds_left": 64.31283688545227,
      "min_spread": null
    },
    {
      "ts": "2026-09-17T08:43:56.308559Z",
      "slug": "btc-updown-5m-1789634400",
      "status": "skip_price_below_threshold",
      "threshold": 0.7,
      "max_ask": 0.85,
      "win_streak": 1,
      "clob_up_ask": 0.01,
      "clob_down_ask": null,
      "seconds_left": 64.31283688545227,
      "trigger_price": null
    },
    {
      "ts": "2026-09-17T08:44:02.217023Z",
      "slug": "btc-updown-5m-1789634400",
      "status": "skip_too_late_to_enter",
      "seconds_left": 57.782984256744385,
      "min_entry_seconds_left": 60
    },
    {
      "ts": "2026-09-17T08:44:04.520040Z",
      "slug": "btc-updown-5m-1789634400",
      "status": "skip_too_late_to_enter",
      "seconds_left": 55.47996544837952,
      "min_entry_seconds_left": 60
    },
    {
      "ts": "2026-09-17T08:44:06.822980Z",
      "slug": "btc-updown-5m-1789634400",
      "status": "skip_too_late_to_enter",
      "seconds_left": 53.17702531814575,
      "min_entry_seconds_left": 60
    },
    {
      "ts": "2026-09-17T08:44:09.113441Z",
      "slug": "btc-updown-5m-1789634400",
      "status": "skip_too_late_to_enter",
      "seconds_left": 50.88656425476074,
      "min_entry_seconds_left": 60
    },
    {
      "ts": "2026-09-17T08:44:11.411959Z",
      "slug": "btc-updown-5m-1789634400",
      "status": "skip_too_late_to_enter",
      "seconds_left": 48.58804631233215,
      "min_entry_seconds_left": 60
    },
    {
      "ts": "2026-09-17T08:44:13.718918Z",
      "slug": "btc-updown-5m-1789634400",
      "status": "skip_too_late_to_enter",
      "seconds_left": 46.281087160110474,
      "min_entry_seconds_left": 60
    },
    {
      "ts": "2026-09-17T08:44:16.014117Z",
      "slug": "btc-updown-5m-1789634400",
      "status": "skip_too_late_to_enter",
      "seconds_left": 43.98588728904724,
      "min_entry_seconds_left": 60
    },
    {
      "ts": "2026-09-17T08:44:18.297576Z",
      "slug": "btc-updown-5m-1789634400",
      "status": "skip_too_late_to_enter",
      "seconds_left": 41.70242881774902,
      "min_entry_seconds_left": 60
    },
    {
      "ts": "2026-09-17T08:44:20.606850Z",
      "slug": "btc-updown-5m-1789634400",
      "status": "skip_too_late_to_enter",
      "seconds_left": 39.393155574798584,
      "min_entry_seconds_left": 60
    },
    {
      "ts": "2026-09-17T08:44:23.059481Z",
      "slug": "btc-updown-5m-1789634400",
      "status": "skip_too_late_to_enter",
      "seconds_left": 36.94052457809448,
      "min_entry_seconds_left": 60
    },
    {
      "ts": "2026-09-17T08:44:25.366137Z",
      "slug": "btc-updown-5m-1789634400",
      "status": "skip_too_late_to_enter",
      "seconds_left": 34.63386583328247,
      "min_entry_seconds_left": 60
    },
    {
      "ts": "2026-09-17T08:44:27.675174Z",
      "slug": "btc-updown-5m-1789634400",
      "status": "skip_too_late_to_enter",
      "seconds_left": 32.32483386993408,
      "min_entry_seconds_left": 60
    },
    {
      "ts": "2026-09-17T08:44:29.974996Z",
      "slug": "btc-updown-5m-1789634400",
      "status": "skip_too_late_to_enter",
      "seconds_left": 30.025009155273438,
      "min_entry_seconds_left": 60
    },
    {
      "ts": "2026-09-17T08:44:32.278501Z",
      "slug": "btc-updown-5m-1789634400",
      "status": "skip_too_late_to_enter",
      "seconds_left": 27.721503734588623,
      "min_entry_seconds_left": 60
    },
    {
      "ts": "2026-09-17T08:44:38.192140Z",
      "slug": "btc-updown-5m-1789634400",
      "status": "skip_too_late_to_enter",
      "seconds_left": 21.80786442756653,
      "min_entry_seconds_left": 60
    },
    {
      "ts": "2026-09-17T08:44:40.490026Z",
      "slug": "btc-updown-5m-1789634400",
      "status": "skip_too_late_to_enter",
      "seconds_left": 19.509978532791138,
      "min_entry_seconds_left": 60
    },
    {
      "ts": "2026-09-17T08:44:42.788984Z",
      "slug": "btc-updown-5m-1789634400",
      "status": "skip_too_late_to_enter",
      "seconds_left": 17.21101975440979,
      "min_entry_seconds_left": 60
    },
    {
      "ts": "2026-09-17T08:44:45.097574Z",
      "slug": "btc-updown-5m-1789634400",
      "status": "skip_too_late_to_enter",
      "seconds_left": 14.902428388595581,
      "min_entry_seconds_left": 60
    },
    {
      "ts": "2026-09-17T08:44:47.384716Z",
      "slug": "btc-updown-5m-1789634400",
      "status": "skip_too_late_to_enter",
      "seconds_left": 12.615312099456787,
      "min_entry_seconds_left": 60
    },
    {
      "ts": "2026-09-17T08:44:49.683292Z",
      "slug": "btc-updown-5m-1789634400",
      "status": "skip_too_late_to_enter",
      "seconds_left": 10.316712379455566,
      "min_entry_seconds_left": 60
    },
    {
      "ts": "2026-09-17T08:44:52.068405Z",
      "slug": "btc-updown-5m-1789634400",
      "status": "skip_too_late_to_enter",
      "seconds_left": 7.931599855422974,
      "min_entry_seconds_left": 60
    },
    {
      "ts": "2026-09-17T08:44:54.383183Z",
      "slug": "btc-updown-5m-1789634400",
      "status": "skip_too_late_to_enter",
      "seconds_left": 5.616822957992554,
      "min_entry_seconds_left": 60
    },
    {
      "ts": "2026-09-17T08:44:56.690013Z",
      "status": "heartbeat_no_current_market"
    },
    {
      "ts": "2026-09-17T08:44:58.995558Z",
      "status": "heartbeat_no_current_market"
    },
    {
      "ts": "2026-09-17T08:45:02.044766Z",
      "slug": "btc-updown-5m-1789634700",
      "status": "heartbeat",
      "gamma_up": 0.505,
      "gamma_down": 0.495,
      "clob_up_ask": 0.55,
      "clob_down_ask": 0.46,
      "seconds_left": 298.69654989242554,
      "min_spread": 0.010000000000000009
    },
    {
      "ts": "2026-09-17T08:45:02.044794Z",
      "slug": "btc-updown-5m-1789634700",
      "status": "skip_price_below_threshold",
      "threshold": 0.7,
      "max_ask": 0.85,
      "win_streak": 1,
      "clob_up_ask": 0.55,
      "clob_down_ask": 0.46,
      "seconds_left": 298.69654989242554,
      "trigger_price": null
    },
    {
      "ts": "2026-09-17T08:45:05.054053Z",
      "slug": "btc-updown-5m-1789634700",
      "status": "heartbeat",
      "gamma_up": 0.505,
      "gamma_down": 0.495,
      "clob_up_ask": 0.56,
      "clob_down_ask": 0.41,
      "seconds_left": 295.58479619026184,
      "min_spread": 0.009999999999999953
    },
    {
      "ts": "2026-09-17T08:45:05.054078Z",
      "slug": "btc-updown-5m-1789634700",
      "status": "skip_price_below_threshold",
      "threshold": 0.7,
      "max_ask": 0.85,
      "win_streak": 1,
      "clob_up_ask": 0.56,
      "clob_down_ask": 0.41,
      "seconds_left": 295.58479619026184,
      "trigger_price": null
    },
    {
      "ts": "2026-09-17T08:45:07.998155Z",
      "slug": "btc-updown-5m-1789634700",
      "status": "heartbeat",
      "gamma_up": 0.505,
      "gamma_down": 0.495,
      "clob_up_ask": 0.49,
      "clob_down_ask": 0.52,
      "seconds_left": 292.6132802963257,
      "min_spread": 0.010000000000000009
    },
    {
      "ts": "2026-09-17T08:45:07.998182Z",
      "slug": "btc-updown-5m-1789634700",
      "status": "skip_price_below_threshold",
      "threshold": 0.7,
      "max_ask": 0.85,
      "win_streak": 1,
      "clob_up_ask": 0.49,
      "clob_down_ask": 0.52,
      "seconds_left": 292.6132802963257,
      "trigger_price": null
    },
    {
      "ts": "2026-09-17T08:45:14.546555Z",
      "slug": "btc-updown-5m-1789634700",
      "status": "heartbeat",
      "gamma_up": 0.505,
      "gamma_down": 0.495,
      "clob_up_ask": 0.49,
      "clob_down_ask": 0.53,
      "seconds_left": 289.68660855293274,
      "min_spread": 0.010000000000000009
    },
    {
      "ts": "2026-09-17T08:45:14.546580Z",
      "slug": "btc-updown-5m-1789634700",
      "status": "skip_price_below_threshold",
      "threshold": 0.7,
      "max_ask": 0.85,
      "win_streak": 1,
      "clob_up_ask": 0.49,
      "clob_down_ask": 0.53,
      "seconds_left": 289.68660855293274,
      "trigger_price": null
    },
    {
      "ts": "2026-09-17T08:45:17.485180Z",
      "slug": "btc-updown-5m-1789634700",
      "status": "heartbeat",
      "gamma_up": 0.505,
      "gamma_down": 0.495,
      "clob_up_ask": 0.48,
      "clob_down_ask": 0.53,
      "seconds_left": 283.16629934310913,
      "min_spread": 0.010000000000000009
    },
    {
      "ts": "2026-09-17T08:45:17.485194Z",
      "slug": "btc-updown-5m-1789634700",
      "status": "skip_price_below_threshold",
      "threshold": 0.7,
      "max_ask": 0.85,
      "win_streak": 1,
      "clob_up_ask": 0.48,
      "clob_down_ask": 0.53,
      "seconds_left": 283.16629934310913,
      "trigger_price": null
    },
    {
      "ts": "2026-09-17T08:45:20.384772Z",
      "slug": "btc-updown-5m-1789634700",
      "status": "heartbeat",
      "gamma_up": 0.505,
      "gamma_down": 0.495,
      "clob_up_ask": 0.38,
      "clob_down_ask": 0.63,
      "seconds_left": 280.23103857040405,
      "min_spread": 0.010000000000000009
    },
    {
      "ts": "2026-09-17T08:45:20.384792Z",
      "slug": "btc-updown-5m-1789634700",
      "status": "skip_price_below_threshold",
      "threshold": 0.7,
      "max_ask": 0.85,
      "win_streak": 1,
      "clob_up_ask": 0.38,
      "clob_down_ask": 0.63,
      "seconds_left": 280.23103857040405,
      "trigger_price": null
    },
    {
      "ts": "2026-09-17T08:45:23.299843Z",
      "slug": "btc-updown-5m-1789634700",
      "status": "heartbeat",
      "gamma_up": 0.505,
      "gamma_down": 0.495,
      "clob_up_ask": 0.4,
      "clob_down_ask": 0.61,
      "seconds_left": 277.31815457344055,
      "min_spread": 0.010000000000000009
    },
    {
      "ts": "2026-09-17T08:45:23.299857Z",
      "slug": "btc-updown-5m-1789634700",
      "status": "skip_price_below_threshold",
      "threshold": 0.7,
      "max_ask": 0.85,
      "win_streak": 1,
      "clob_up_ask": 0.4,
      "clob_down_ask": 0.61,
      "seconds_left": 277.31815457344055,
      "trigger_price": null
    },
    {
      "ts": "2026-09-17T08:45:26.207185Z",
      "slug": "btc-updown-5m-1789634700",
      "status": "heartbeat",
      "gamma_up": 0.505,
      "gamma_down": 0.495,
      "clob_up_ask": 0.4,
      "clob_down_ask": 0.57,
      "seconds_left": 274.4228250980377,
      "min_spread": 0.009999999999999898
    },
    {
      "ts": "2026-09-17T08:45:26.207307Z",
      "slug": "btc-updown-5m-1789634700",
      "status": "skip_price_below_threshold",
      "threshold": 0.7,
      "max_ask": 0.85,
      "win_streak": 1,
      "clob_up_ask": 0.4,
      "clob_down_ask": 0.57,
      "seconds_left": 274.4228250980377,
      "trigger_price": null
    },
    {
      "ts": "2026-09-17T08:45:29.153156Z",
      "slug": "btc-updown-5m-1789634700",
      "status": "heartbeat",
      "gamma_up": 0.505,
      "gamma_down": 0.495,
      "clob_up_ask": 0.47,
      "clob_down_ask": 0.53,
      "seconds_left": 271.47510862350464,
      "min_spread": 0.009999999999999953
    },
    {
      "ts": "2026-09-17T08:45:29.153180Z",
      "slug": "btc-updown-5m-1789634700",
      "status": "skip_price_below_threshold",
      "threshold": 0.7,
      "max_ask": 0.85,
      "win_streak": 1,
      "clob_up_ask": 0.47,
      "clob_down_ask": 0.53,
      "seconds_left": 271.47510862350464,
      "trigger_price": null
    },
    {
      "ts": "2026-09-17T08:45:32.076245Z",
      "slug": "btc-updown-5m-1789634700",
      "status": "heartbeat",
      "gamma_up": 0.505,
      "gamma_down": 0.495,
      "clob_up_ask": 0.5,
      "clob_down_ask": 0.49,
      "seconds_left": 268.5613317489624,
      "min_spread": 0.010000000000000009
    },
    {
      "ts": "2026-09-17T08:45:32.076273Z",
      "slug": "btc-updown-5m-1789634700",
      "status": "skip_price_below_threshold",
      "threshold": 0.7,
      "max_ask": 0.85,
      "win_streak": 1,
      "clob_up_ask": 0.5,
      "clob_down_ask": 0.49,
      "seconds_left": 268.5613317489624,
      "trigger_price": null
    },
    {
      "ts": "2026-09-17T08:45:35.157577Z",
      "slug": "btc-updown-5m-1789634700",
      "status": "heartbeat",
      "gamma_up": 0.505,
      "gamma_down": 0.495,
      "clob_up_ask": 0.5,
      "clob_down_ask": 0.51,
      "seconds_left": 265.46530532836914,
      "min_spread": 0.010000000000000009
    },
    {
      "ts": "2026-09-17T08:45:35.157601Z",
      "slug": "btc-updown-5m-1789634700",
      "status": "skip_price_below_threshold",
      "threshold": 0.7,
      "max_ask": 0.85,
      "win_streak": 1,
      "clob_up_ask": 0.5,
      "clob_down_ask": 0.51,
      "seconds_left": 265.46530532836914,
      "trigger_price": null
    },
    {
      "ts": "2026-09-17T08:45:38.144066Z",
      "slug": "btc-updown-5m-1789634700",
      "status": "heartbeat",
      "gamma_up": 0.505,
      "gamma_down": 0.495,
      "clob_up_ask": 0.46,
      "clob_down_ask": 0.55,
      "seconds_left": 262.490549325943,
      "min_spread": 0.010000000000000009
    },
    {
      "ts": "2026-09-17T08:45:38.144081Z",
      "slug": "btc-updown-5m-1789634700",
      "status": "skip_price_below_threshold",
      "threshold": 0.7,
      "max_ask": 0.85,
      "win_streak": 1,
      "clob_up_ask": 0.46,
      "clob_down_ask": 0.55,
      "seconds_left": 262.490549325943,
      "trigger_price": null
    },
    {
      "ts": "2026-09-17T08:45:41.238031Z",
      "slug": "btc-updown-5m-1789634700",
      "status": "heartbeat",
      "gamma_up": 0.505,
      "gamma_down": 0.495,
      "clob_up_ask": 0.47,
      "clob_down_ask": 0.54,
      "seconds_left": 259.42344522476196,
      "min_spread": 0.009999999999999953
    },
    {
      "ts": "2026-09-17T08:45:41.238061Z",
      "slug": "btc-updown-5m-1789634700",
      "status": "skip_price_below_threshold",
      "threshold": 0.7,
      "max_ask": 0.85,
      "win_streak": 1,
      "clob_up_ask": 0.47,
      "clob_down_ask": 0.54,
      "seconds_left": 259.42344522476196,
      "trigger_price": null
    },
    {
      "ts": "2026-09-17T08:45:44.178537Z",
      "slug": "btc-updown-5m-1789634700",
      "status": "heartbeat",
      "gamma_up": 0.505,
      "gamma_down": 0.495,
      "clob_up_ask": 0.49,
      "clob_down_ask": 0.52,
      "seconds_left": 256.4709815979004,
      "min_spread": 0.010000000000000009
    },
    {
      "ts": "2026-09-17T08:45:44.178560Z",
      "slug": "btc-updown-5m-1789634700",
      "status": "skip_price_below_threshold",
      "threshold": 0.7,
      "max_ask": 0.85,
      "win_streak": 1,
      "clob_up_ask": 0.49,
      "clob_down_ask": 0.52,
      "seconds_left": 256.4709815979004,
      "trigger_price": null
    },
    {
      "ts": "2026-09-17T08:45:52.239978Z",
      "slug": "btc-updown-5m-1789634700",
      "status": "heartbeat",
      "gamma_up": 0.505,
      "gamma_down": 0.495,
      "clob_up_ask": 0.49,
      "clob_down_ask": 0.52,
      "seconds_left": 249.16685605049133,
      "min_spread": 0.010000000000000009
    },
    {
      "ts": "2026-09-17T08:45:52.239997Z",
      "slug": "btc-updown-5m-1789634700",
      "status": "skip_price_below_threshold",
      "threshold": 0.7,
      "max_ask": 0.85,
      "win_streak": 1,
      "clob_up_ask": 0.49,
      "clob_down_ask": 0.52,
      "seconds_left": 249.16685605049133,
      "trigger_price": null
    },
    {
      "ts": "2026-09-17T08:45:57.050192Z",
      "slug": "btc-updown-5m-1789634700",
      "status": "heartbeat",
      "gamma_up": 0.505,
      "gamma_down": 0.495,
      "clob_up_ask": 0.43,
      "clob_down_ask": 0.58,
      "seconds_left": 244.1934757232666,
      "min_spread": 0.010000000000000009
    },
    {
      "ts": "2026-09-17T08:45:57.050221Z",
      "slug": "btc-updown-5m-1789634700",
      "status": "skip_price_below_threshold",
      "threshold": 0.7,
      "max_ask": 0.85,
      "win_streak": 1,
      "clob_up_ask": 0.43,
      "clob_down_ask": 0.58,
      "seconds_left": 244.1934757232666,
      "trigger_price": null
    },
    {
      "ts": "2026-09-17T08:46:00.208402Z",
      "slug": "btc-updown-5m-1789634700",
      "status": "heartbeat",
      "gamma_up": 0.505,
      "gamma_down": 0.495,
      "clob_up_ask": 0.47,
      "clob_down_ask": 0.53,
      "seconds_left": 240.43458676338196,
      "min_spread": 0.009999999999999953
    },
    {
      "ts": "2026-09-17T08:46:00.208424Z",
      "slug": "btc-updown-5m-1789634700",
      "status": "skip_price_below_threshold",
      "threshold": 0.7,
      "max_ask": 0.85,
      "win_streak": 1,
      "clob_up_ask": 0.47,
      "clob_down_ask": 0.53,
      "seconds_left": 240.43458676338196,
      "trigger_price": null
    },
    {
      "ts": "2026-09-17T08:46:03.404549Z",
      "slug": "btc-updown-5m-1789634700",
      "status": "heartbeat",
      "gamma_up": 0.505,
      "gamma_down": 0.495,
      "clob_up_ask": 0.48,
      "clob_down_ask": 0.53,
      "seconds_left": 237.41364121437073,
      "min_spread": 0.010000000000000009
    },
    {
      "ts": "2026-09-17T08:46:03.404571Z",
      "slug": "btc-updown-5m-1789634700",
      "status": "skip_price_below_threshold",
      "threshold": 0.7,
      "max_ask": 0.85,
      "win_streak": 1,
      "clob_up_ask": 0.48,
      "clob_down_ask": 0.53,
      "seconds_left": 237.41364121437073,
      "trigger_price": null
    },
    {
      "ts": "2026-09-17T08:46:06.333757Z",
      "slug": "btc-updown-5m-1789634700",
      "status": "heartbeat",
      "gamma_up": 0.505,
      "gamma_down": 0.495,
      "clob_up_ask": 0.47,
      "clob_down_ask": 0.54,
      "seconds_left": 234.3051872253418,
      "min_spread": 0.009999999999999953
    },
    {
      "ts": "2026-09-17T08:46:06.333783Z",
      "slug": "btc-updown-5m-1789634700",
      "status": "skip_price_below_threshold",
      "threshold": 0.7,
      "max_ask": 0.85,
      "win_streak": 1,
      "clob_up_ask": 0.47,
      "clob_down_ask": 0.54,
      "seconds_left": 234.3051872253418,
      "trigger_price": null
    },
    {
      "ts": "2026-09-17T08:46:09.281135Z",
      "slug": "btc-updown-5m-1789634700",
      "status": "heartbeat",
      "gamma_up": 0.505,
      "gamma_down": 0.495,
      "clob_up_ask": 0.48,
      "clob_down_ask": 0.53,
      "seconds_left": 231.37007856369019,
      "min_spread": 0.010000000000000009
    },
    {
      "ts": "2026-09-17T08:46:09.281161Z",
      "slug": "btc-updown-5m-1789634700",
      "status": "skip_price_below_threshold",
      "threshold": 0.7,
      "max_ask": 0.85,
      "win_streak": 1,
      "clob_up_ask": 0.48,
      "clob_down_ask": 0.53,
      "seconds_left": 231.37007856369019,
      "trigger_price": null
    },
    {
      "ts": "2026-09-17T08:46:21.292714Z",
      "status": "heartbeat_no_current_market"
    },
    {
      "ts": "2026-09-17T08:46:27.861569Z",
      "slug": "btc-updown-5m-1789634700",
      "status": "heartbeat",
      "gamma_up": 0.505,
      "gamma_down": 0.495,
      "clob_up_ask": 0.46,
      "clob_down_ask": 0.55,
      "seconds_left": 212.88792157173157,
      "min_spread": 0.010000000000000009
    },
    {
      "ts": "2026-09-17T08:46:27.861652Z",
      "slug": "btc-updown-5m-1789634700",
      "status": "skip_price_below_threshold",
      "threshold": 0.7,
      "max_ask": 0.85,
      "win_streak": 1,
      "clob_up_ask": 0.46,
      "clob_down_ask": 0.55,
      "seconds_left": 212.88792157173157,
      "trigger_price": null
    },
    {
      "ts": "2026-09-17T08:46:30.773214Z",
      "slug": "btc-updown-5m-1789634700",
      "status": "heartbeat",
      "gamma_up": 0.505,
      "gamma_down": 0.495,
      "clob_up_ask": 0.48,
      "clob_down_ask": 0.52,
      "seconds_left": 209.83972549438477,
      "min_spread": 0.010000000000000009
    },
    {
      "ts": "2026-09-17T08:46:30.773230Z",
      "slug": "btc-updown-5m-1789634700",
      "status": "skip_price_below_threshold",
      "threshold": 0.7,
      "max_ask": 0.85,
      "win_streak": 1,
      "clob_up_ask": 0.48,
      "clob_down_ask": 0.52,
      "seconds_left": 209.83972549438477,
      "trigger_price": null
    },
    {
      "ts": "2026-09-17T08:46:33.682393Z",
      "slug": "btc-updown-5m-1789634700",
      "status": "heartbeat",
      "gamma_up": 0.505,
      "gamma_down": 0.495,
      "clob_up_ask": 0.54,
      "clob_down_ask": 0.47,
      "seconds_left": 206.92166543006897,
      "min_spread": 0.009999999999999953
    },
    {
      "ts": "2026-09-17T08:46:33.682415Z",
      "slug": "btc-updown-5m-1789634700",
      "status": "skip_price_below_threshold",
      "threshold": 0.7,
      "max_ask": 0.85,
      "win_streak": 1,
      "clob_up_ask": 0.54,
      "clob_down_ask": 0.47,
      "seconds_left": 206.92166543006897,
      "trigger_price": null
    },
    {
      "ts": "2026-09-17T08:46:36.686248Z",
      "slug": "btc-updown-5m-1789634700",
      "status": "heartbeat",
      "gamma_up": 0.505,
      "gamma_down": 0.495,
      "clob_up_ask": 0.49,
      "clob_down_ask": 0.51,
      "seconds_left": 203.94706511497498,
      "min_spread": 0.010000000000000009
    },
    {
      "ts": "2026-09-17T08:46:36.686265Z",
      "slug": "btc-updown-5m-1789634700",
      "status": "skip_price_below_threshold",
      "threshold": 0.7,
      "max_ask": 0.85,
      "win_streak": 1,
      "clob_up_ask": 0.49,
      "clob_down_ask": 0.51,
      "seconds_left": 203.94706511497498,
      "trigger_price": null
    },
    {
      "ts": "2026-09-17T08:46:39.656964Z",
      "slug": "btc-updown-5m-1789634700",
      "status": "heartbeat",
      "gamma_up": 0.505,
      "gamma_down": 0.495,
      "clob_up_ask": 0.48,
      "clob_down_ask": 0.53,
      "seconds_left": 200.9459991455078,
      "min_spread": 0.010000000000000009
    },
    {
      "ts": "2026-09-17T08:46:39.656980Z",
      "slug": "btc-updown-5m-1789634700",
      "status": "skip_price_below_threshold",
      "threshold": 0.7,
      "max_ask": 0.85,
      "win_streak": 1,
      "clob_up_ask": 0.48,
      "clob_down_ask": 0.53,
      "seconds_left": 200.9459991455078,
      "trigger_price": null
    },
    {
      "ts": "2026-09-17T08:46:42.540500Z",
      "slug": "btc-updown-5m-1789634700",
      "status": "heartbeat",
      "gamma_up": 0.505,
      "gamma_down": 0.495,
      "clob_up_ask": 0.56,
      "clob_down_ask": 0.43,
      "seconds_left": 198.06145453453064,
      "min_spread": 0.010000000000000009
    },
    {
      "ts": "2026-09-17T08:46:42.540526Z",
      "slug": "btc-updown-5m-1789634700",
      "status": "skip_price_below_threshold",
      "threshold": 0.7,
      "max_ask": 0.85,
      "win_streak": 1,
      "clob_up_ask": 0.56,
      "clob_down_ask": 0.43,
      "seconds_left": 198.06145453453064,
      "trigger_price": null
    },
    {
      "ts": "2026-09-17T08:46:45.479934Z",
      "slug": "btc-updown-5m-1789634700",
      "status": "heartbeat",
      "gamma_up": 0.505,
      "gamma_down": 0.495,
      "clob_up_ask": 0.63,
      "clob_down_ask": 0.38,
      "seconds_left": 195.16055345535278,
      "min_spread": 0.010000000000000009
    },
    {
      "ts": "2026-09-17T08:46:45.479967Z",
      "slug": "btc-updown-5m-1789634700",
      "status": "skip_price_below_threshold",
      "threshold": 0.7,
      "max_ask": 0.85,
      "win_streak": 1,
      "clob_up_ask": 0.63,
      "clob_down_ask": 0.38,
      "seconds_left": 195.16055345535278,
      "trigger_price": null
    },
    {
      "ts": "2026-09-17T08:46:48.422995Z",
      "slug": "btc-updown-5m-1789634700",
      "status": "heartbeat",
      "gamma_up": 0.505,
      "gamma_down": 0.495,
      "clob_up_ask": 0.63,
      "clob_down_ask": 0.38,
      "seconds_left": 192.23104739189148,
      "min_spread": 0.010000000000000009
    },
    {
      "ts": "2026-09-17T08:46:48.423018Z",
      "slug": "btc-updown-5m-1789634700",
      "status": "skip_price_below_threshold",
      "threshold": 0.7,
      "max_ask": 0.85,
      "win_streak": 1,
      "clob_up_ask": 0.63,
      "clob_down_ask": 0.38,
      "seconds_left": 192.23104739189148,
      "trigger_price": null
    },
    {
      "ts": "2026-09-17T08:46:51.376057Z",
      "slug": "btc-updown-5m-1789634700",
      "status": "heartbeat",
      "gamma_up": 0.505,
      "gamma_down": 0.495,
      "clob_up_ask": 0.66,
      "clob_down_ask": 0.35,
      "seconds_left": 189.27472400665283,
      "min_spread": 0.009999999999999953
    },
    {
      "ts": "2026-09-17T08:46:51.376097Z",
      "slug": "btc-updown-5m-1789634700",
      "status": "skip_price_below_threshold",
      "threshold": 0.7,
      "max_ask": 0.85,
      "win_streak": 1,
      "clob_up_ask": 0.66,
      "clob_down_ask": 0.35,
      "seconds_left": 189.27472400665283,
      "trigger_price": null
    },
    {
      "ts": "2026-09-17T08:46:54.269340Z",
      "slug": "btc-updown-5m-1789634700",
      "status": "heartbeat",
      "gamma_up": 0.505,
      "gamma_down": 0.495,
      "clob_up_ask": 0.59,
      "clob_down_ask": 0.42,
      "seconds_left": 186.35445165634155,
      "min_spread": 0.010000000000000009
    },
    {
      "ts": "2026-09-17T08:46:54.269363Z",
      "slug": "btc-updown-5m-1789634700",
      "status": "skip_price_below_threshold",
      "threshold": 0.7,
      "max_ask": 0.85,
      "win_streak": 1,
      "clob_up_ask": 0.59,
      "clob_down_ask": 0.42,
      "seconds_left": 186.35445165634155,
      "trigger_price": null
    },
    {
      "ts": "2026-09-17T08:46:57.266492Z",
      "slug": "btc-updown-5m-1789634700",
      "status": "heartbeat",
      "gamma_up": 0.505,
      "gamma_down": 0.495,
      "clob_up_ask": 0.49,
      "clob_down_ask": 0.52,
      "seconds_left": 183.36855816841125,
      "min_spread": 0.010000000000000009
    },
    {
      "ts": "2026-09-17T08:46:57.266517Z",
      "slug": "btc-updown-5m-1789634700",
      "status": "skip_price_below_threshold",
      "threshold": 0.7,
      "max_ask": 0.85,
      "win_streak": 1,
      "clob_up_ask": 0.49,
      "clob_down_ask": 0.52,
      "seconds_left": 183.36855816841125,
      "trigger_price": null
    },
    {
      "ts": "2026-09-17T08:47:03.759030Z",
      "slug": "btc-updown-5m-1789634700",
      "status": "heartbeat",
      "gamma_up": 0.505,
      "gamma_down": 0.495,
      "clob_up_ask": 0.42,
      "clob_down_ask": 0.59,
      "seconds_left": 176.8648645877838,
      "min_spread": 0.010000000000000009
    },
    {
      "ts": "2026-09-17T08:47:03.759134Z",
      "slug": "btc-updown-5m-1789634700",
      "status": "skip_price_below_threshold",
      "threshold": 0.7,
      "max_ask": 0.85,
      "win_streak": 1,
      "clob_up_ask": 0.42,
      "clob_down_ask": 0.59,
      "seconds_left": 176.8648645877838,
      "trigger_price": null
    },
    {
      "ts": "2026-09-17T08:47:06.676671Z",
      "slug": "btc-updown-5m-1789634700",
      "status": "heartbeat",
      "gamma_up": 0.505,
      "gamma_down": 0.495,
      "clob_up_ask": 0.4,
      "clob_down_ask": 0.61,
      "seconds_left": 173.9463541507721,
      "min_spread": 0.010000000000000009
    },
    {
      "ts": "2026-09-17T08:47:06.676699Z",
      "slug": "btc-updown-5m-1789634700",
      "status": "skip_price_below_threshold",
      "threshold": 0.7,
      "max_ask": 0.85,
      "win_streak": 1,
      "clob_up_ask": 0.4,
      "clob_down_ask": 0.61,
      "seconds_left": 173.9463541507721,
      "trigger_price": null
    },
    {
      "ts": "2026-09-17T08:47:09.610709Z",
      "slug": "btc-updown-5m-1789634700",
      "status": "heartbeat",
      "gamma_up": 0.505,
      "gamma_down": 0.495,
      "clob_up_ask": 0.42,
      "clob_down_ask": 0.59,
      "seconds_left": 170.9991180896759,
      "min_spread": 0.010000000000000009
    },
    {
      "ts": "2026-09-17T08:47:09.610758Z",
      "slug": "btc-updown-5m-1789634700",
      "status": "skip_price_below_threshold",
      "threshold": 0.7,
      "max_ask": 0.85,
      "win_streak": 1,
      "clob_up_ask": 0.42,
      "clob_down_ask": 0.59,
      "seconds_left": 170.9991180896759,
      "trigger_price": null
    },
    {
      "ts": "2026-09-17T08:47:12.669198Z",
      "slug": "btc-updown-5m-1789634700",
      "status": "heartbeat",
      "gamma_up": 0.505,
      "gamma_down": 0.495,
      "clob_up_ask": 0.43,
      "clob_down_ask": 0.57,
      "seconds_left": 168.03355264663696,
      "min_spread": 0.009999999999999898
    },
    {
      "ts": "2026-09-17T08:47:12.669223Z",
      "slug": "btc-updown-5m-1789634700",
      "status": "skip_price_below_threshold",
      "threshold": 0.7,
      "max_ask": 0.85,
      "win_streak": 1,
      "clob_up_ask": 0.43,
      "clob_down_ask": 0.57,
      "seconds_left": 168.03355264663696,
      "trigger_price": null
    },
    {
      "ts": "2026-09-17T08:47:15.598947Z",
      "slug": "btc-updown-5m-1789634700",
      "status": "heartbeat",
      "gamma_up": 0.505,
      "gamma_down": 0.495,
      "clob_up_ask": 0.44,
      "clob_down_ask": 0.57,
      "seconds_left": 165.00072765350342,
      "min_spread": 0.009999999999999898
    },
    {
      "ts": "2026-09-17T08:47:15.598968Z",
      "slug": "btc-updown-5m-1789634700",
      "status": "skip_price_below_threshold",
      "threshold": 0.7,
      "max_ask": 0.85,
      "win_streak": 1,
      "clob_up_ask": 0.44,
      "clob_down_ask": 0.57,
      "seconds_left": 165.00072765350342,
      "trigger_price": null
    },
    {
      "ts": "2026-09-17T08:47:18.722048Z",
      "slug": "btc-updown-5m-1789634700",
      "status": "heartbeat",
      "gamma_up": 0.505,
      "gamma_down": 0.495,
      "clob_up_ask": 0.45,
      "clob_down_ask": 0.56,
      "seconds_left": 161.88833904266357,
      "min_spread": 0.010000000000000009
    },
    {
      "ts": "2026-09-17T08:47:18.722074Z",
      "slug": "btc-updown-5m-1789634700",
      "status": "skip_price_below_threshold",
      "threshold": 0.7,
      "max_ask": 0.85,
      "win_streak": 1,
      "clob_up_ask": 0.45,
      "clob_down_ask": 0.56,
      "seconds_left": 161.88833904266357,
      "trigger_price": null
    },
    {
      "ts": "2026-09-17T08:47:21.632660Z",
      "slug": "btc-updown-5m-1789634700",
      "status": "heartbeat",
      "gamma_up": 0.505,
      "gamma_down": 0.495,
      "clob_up_ask": 0.43,
      "clob_down_ask": 0.58,
      "seconds_left": 158.98511385917664,
      "min_spread": 0.010000000000000009
    },
    {
      "ts": "2026-09-17T08:47:21.632681Z",
      "slug": "btc-updown-5m-1789634700",
      "status": "skip_price_below_threshold",
      "threshold": 0.7,
      "max_ask": 0.85,
      "win_streak": 1,
      "clob_up_ask": 0.43,
      "clob_down_ask": 0.58,
      "seconds_left": 158.98511385917664,
      "trigger_price": null
    },
    {
      "ts": "2026-09-17T08:47:24.524019Z",
      "slug": "btc-updown-5m-1789634700",
      "status": "heartbeat",
      "gamma_up": 0.505,
      "gamma_down": 0.495,
      "clob_up_ask": 0.41,
      "clob_down_ask": 0.6,
      "seconds_left": 156.07679963111877,
      "min_spread": 0.009999999999999953
    },
    {
      "ts": "2026-09-17T08:47:24.524045Z",
      "slug": "btc-updown-5m-1789634700",
      "status": "skip_price_below_threshold",
      "threshold": 0.7,
      "max_ask": 0.85,
      "win_streak": 1,
      "clob_up_ask": 0.41,
      "clob_down_ask": 0.6,
      "seconds_left": 156.07679963111877,
      "trigger_price": null
    },
    {
      "ts": "2026-09-17T08:47:27.670574Z",
      "slug": "btc-updown-5m-1789634700",
      "status": "heartbeat",
      "gamma_up": 0.505,
      "gamma_down": 0.495,
      "clob_up_ask": 0.41,
      "clob_down_ask": 0.58,
      "seconds_left": 153.14513969421387,
      "min_spread": 0.009999999999999953
    },
    {
      "ts": "2026-09-17T08:47:27.670599Z",
      "slug": "btc-updown-5m-1789634700",
      "status": "skip_price_below_threshold",
      "threshold": 0.7,
      "max_ask": 0.85,
      "win_streak": 1,
      "clob_up_ask": 0.41,
      "clob_down_ask": 0.58,
      "seconds_left": 153.14513969421387,
      "trigger_price": null
    },
    {
      "ts": "2026-09-17T08:47:30.607198Z",
      "slug": "btc-updown-5m-1789634700",
      "status": "heartbeat",
      "gamma_up": 0.505,
      "gamma_down": 0.495,
      "clob_up_ask": 0.48,
      "clob_down_ask": 0.53,
      "seconds_left": 150.01221251487732,
      "min_spread": 0.010000000000000009
    },
    {
      "ts": "2026-09-17T08:47:30.607223Z",
      "slug": "btc-updown-5m-1789634700",
      "status": "skip_price_below_threshold",
      "threshold": 0.7,
      "max_ask": 0.85,
      "win_streak": 1,
      "clob_up_ask": 0.48,
      "clob_down_ask": 0.53,
      "seconds_left": 150.01221251487732,
      "trigger_price": null
    },
    {
      "ts": "2026-09-17T08:47:33.528379Z",
      "slug": "btc-updown-5m-1789634700",
      "status": "heartbeat",
      "gamma_up": 0.505,
      "gamma_down": 0.495,
      "clob_up_ask": 0.49,
      "clob_down_ask": 0.52,
      "seconds_left": 147.088139295578,
      "min_spread": 0.010000000000000009
    },
    {
      "ts": "2026-09-17T08:47:33.528408Z",
      "slug": "btc-updown-5m-1789634700",
      "status": "skip_price_below_threshold",
      "threshold": 0.7,
      "max_ask": 0.85,
      "win_streak": 1,
      "clob_up_ask": 0.49,
      "clob_down_ask": 0.52,
      "seconds_left": 147.088139295578,
      "trigger_price": null
    },
    {
      "ts": "2026-09-17T08:47:40.122128Z",
      "slug": "btc-updown-5m-1789634700",
      "status": "heartbeat",
      "gamma_up": 0.505,
      "gamma_down": 0.495,
      "clob_up_ask": 0.56,
      "clob_down_ask": 0.45,
      "seconds_left": 140.49788522720337,
      "min_spread": 0.010000000000000009
    },
    {
      "ts": "2026-09-17T08:47:40.122154Z",
      "slug": "btc-updown-5m-1789634700",
      "status": "skip_price_below_threshold",
      "threshold": 0.7,
      "max_ask": 0.85,
      "win_streak": 1,
      "clob_up_ask": 0.56,
      "clob_down_ask": 0.45,
      "seconds_left": 140.49788522720337,
      "trigger_price": null
    },
    {
      "ts": "2026-09-17T08:47:43.047299Z",
      "slug": "btc-updown-5m-1789634700",
      "status": "heartbeat",
      "gamma_up": 0.505,
      "gamma_down": 0.495,
      "clob_up_ask": 0.54,
      "clob_down_ask": 0.47,
      "seconds_left": 137.58236956596375,
      "min_spread": 0.009999999999999953
    },
    {
      "ts": "2026-09-17T08:47:43.047322Z",
      "slug": "btc-updown-5m-1789634700",
      "status": "skip_price_below_threshold",
      "threshold": 0.7,
      "max_ask": 0.85,
      "win_streak": 1,
      "clob_up_ask": 0.54,
      "clob_down_ask": 0.47,
      "seconds_left": 137.58236956596375,
      "trigger_price": null
    },
    {
      "ts": "2026-09-17T08:47:45.965069Z",
      "slug": "btc-updown-5m-1789634700",
      "status": "heartbeat",
      "gamma_up": 0.505,
      "gamma_down": 0.495,
      "clob_up_ask": 0.62,
      "clob_down_ask": 0.39,
      "seconds_left": 134.64686393737793,
      "min_spread": 0.010000000000000009
    },
    {
      "ts": "2026-09-17T08:47:45.965093Z",
      "slug": "btc-updown-5m-1789634700",
      "status": "skip_price_below_threshold",
      "threshold": 0.7,
      "max_ask": 0.85,
      "win_streak": 1,
      "clob_up_ask": 0.62,
      "clob_down_ask": 0.39,
      "seconds_left": 134.64686393737793,
      "trigger_price": null
    },
    {
      "ts": "2026-09-17T08:47:48.909754Z",
      "slug": "btc-updown-5m-1789634700",
      "status": "heartbeat",
      "gamma_up": 0.505,
      "gamma_down": 0.495,
      "clob_up_ask": 0.65,
      "clob_down_ask": 0.39,
      "seconds_left": 131.72490191459656,
      "min_spread": 0.010000000000000009
    },
    {
      "ts": "2026-09-17T08:47:48.909773Z",
      "slug": "btc-updown-5m-1789634700",
      "status": "skip_price_below_threshold",
      "threshold": 0.7,
      "max_ask": 0.85,
      "win_streak": 1,
      "clob_up_ask": 0.65,
      "clob_down_ask": 0.39,
      "seconds_left": 131.72490191459656,
      "trigger_price": null
    },
    {
      "ts": "2026-09-17T08:47:51.878467Z",
      "slug": "btc-updown-5m-1789634700",
      "status": "heartbeat",
      "gamma_up": 0.505,
      "gamma_down": 0.495,
      "clob_up_ask": 0.59,
      "clob_down_ask": 0.42,
      "seconds_left": 128.77920079231262,
      "min_spread": 0.010000000000000009
    },
    {
      "ts": "2026-09-17T08:47:51.878481Z",
      "slug": "btc-updown-5m-1789634700",
      "status": "skip_price_below_threshold",
      "threshold": 0.7,
      "max_ask": 0.85,
      "win_streak": 1,
      "clob_up_ask": 0.59,
      "clob_down_ask": 0.42,
      "seconds_left": 128.77920079231262,
      "trigger_price": null
    },
    {
      "ts": "2026-09-17T08:47:54.795818Z",
      "slug": "btc-updown-5m-1789634700",
      "status": "heartbeat",
      "gamma_up": 0.505,
      "gamma_down": 0.495,
      "clob_up_ask": 0.56,
      "clob_down_ask": 0.46,
      "seconds_left": 125.82188200950623,
      "min_spread": 0.010000000000000009
    },
    {
      "ts": "2026-09-17T08:47:54.795842Z",
      "slug": "btc-updown-5m-1789634700",
      "status": "skip_price_below_threshold",
      "threshold": 0.7,
      "max_ask": 0.85,
      "win_streak": 1,
      "clob_up_ask": 0.56,
      "clob_down_ask": 0.46,
      "seconds_left": 125.82188200950623,
      "trigger_price": null
    },
    {
      "ts": "2026-09-17T08:47:57.752948Z",
      "slug": "btc-updown-5m-1789634700",
      "status": "heartbeat",
      "gamma_up": 0.505,
      "gamma_down": 0.495,
      "clob_up_ask": 0.55,
      "clob_down_ask": 0.46,
      "seconds_left": 122.86141395568848,
      "min_spread": 0.010000000000000009
    },
    {
      "ts": "2026-09-17T08:47:57.752978Z",
      "slug": "btc-updown-5m-1789634700",
      "status": "skip_price_below_threshold",
      "threshold": 0.7,
      "max_ask": 0.85,
      "win_streak": 1,
      "clob_up_ask": 0.55,
      "clob_down_ask": 0.46,
      "seconds_left": 122.86141395568848,
      "trigger_price": null
    },
    {
      "ts": "2026-09-17T08:48:00.723406Z",
      "slug": "btc-updown-5m-1789634700",
      "status": "heartbeat",
      "gamma_up": 0.505,
      "gamma_down": 0.495,
      "clob_up_ask": 0.58,
      "clob_down_ask": 0.46,
      "seconds_left": 119.9370219707489,
      "min_spread": 0.010000000000000009
    },
    {
      "ts": "2026-09-17T08:48:00.723430Z",
      "slug": "btc-updown-5m-1789634700",
      "status": "skip_price_below_threshold",
      "threshold": 0.7,
      "max_ask": 0.85,
      "win_streak": 1,
      "clob_up_ask": 0.58,
      "clob_down_ask": 0.46,
      "seconds_left": 119.9370219707489,
      "trigger_price": null
    },
    {
      "ts": "2026-09-17T08:48:03.668669Z",
      "slug": "btc-updown-5m-1789634700",
      "status": "heartbeat",
      "gamma_up": 0.505,
      "gamma_down": 0.495,
      "clob_up_ask": 0.63,
      "clob_down_ask": 0.36,
      "seconds_left": 116.96768951416016,
      "min_spread": 0.010000000000000009
    },
    {
      "ts": "2026-09-17T08:48:03.668694Z",
      "slug": "btc-updown-5m-1789634700",
      "status": "skip_price_below_threshold",
      "threshold": 0.7,
      "max_ask": 0.85,
      "win_streak": 1,
      "clob_up_ask": 0.63,
      "clob_down_ask": 0.36,
      "seconds_left": 116.96768951416016,
      "trigger_price": null
    },
    {
      "ts": "2026-09-17T08:48:06.579607Z",
      "slug": "btc-updown-5m-1789634700",
      "status": "heartbeat",
      "gamma_up": 0.505,
      "gamma_down": 0.495,
      "clob_up_ask": 0.66,
      "clob_down_ask": 0.37,
      "seconds_left": 114.04195785522461,
      "min_spread": 0.010000000000000009
    },
    {
      "ts": "2026-09-17T08:48:06.579632Z",
      "slug": "btc-updown-5m-1789634700",
      "status": "skip_price_below_threshold",
      "threshold": 0.7,
      "max_ask": 0.85,
      "win_streak": 1,
      "clob_up_ask": 0.66,
      "clob_down_ask": 0.37,
      "seconds_left": 114.04195785522461,
      "trigger_price": null
    },
    {
      "ts": "2026-09-17T08:48:09.574270Z",
      "slug": "btc-updown-5m-1789634700",
      "status": "heartbeat",
      "gamma_up": 0.505,
      "gamma_down": 0.495,
      "clob_up_ask": 0.57,
      "clob_down_ask": 0.44,
      "seconds_left": 111.03393840789795,
      "min_spread": 0.009999999999999898
    },
    {
      "ts": "2026-09-17T08:48:09.574292Z",
      "slug": "btc-updown-5m-1789634700",
      "status": "skip_price_below_threshold",
      "threshold": 0.7,
      "max_ask": 0.85,
      "win_streak": 1,
      "clob_up_ask": 0.57,
      "clob_down_ask": 0.44,
      "seconds_left": 111.03393840789795,
      "trigger_price": null
    },
    {
      "ts": "2026-09-17T08:48:16.116958Z",
      "slug": "btc-updown-5m-1789634700",
      "status": "heartbeat",
      "gamma_up": 0.505,
      "gamma_down": 0.495,
      "clob_up_ask": 0.57,
      "clob_down_ask": 0.43,
      "seconds_left": 104.51145505905151,
      "min_spread": 0.009999999999999898
    },
    {
      "ts": "2026-09-17T08:48:16.116990Z",
      "slug": "btc-updown-5m-1789634700",
      "status": "skip_price_below_threshold",
      "threshold": 0.7,
      "max_ask": 0.85,
      "win_streak": 1,
      "clob_up_ask": 0.57,
      "clob_down_ask": 0.43,
      "seconds_left": 104.51145505905151,
      "trigger_price": null
    },
    {
      "ts": "2026-09-17T08:48:19.108030Z",
      "slug": "btc-updown-5m-1789634700",
      "status": "heartbeat",
      "gamma_up": 0.505,
      "gamma_down": 0.495,
      "clob_up_ask": 0.61,
      "clob_down_ask": 0.38,
      "seconds_left": 101.58965682983398,
      "min_spread": 0.010000000000000009
    },
    {
      "ts": "2026-09-17T08:48:19.108052Z",
      "slug": "btc-updown-5m-1789634700",
      "status": "skip_price_below_threshold",
      "threshold": 0.7,
      "max_ask": 0.85,
      "win_streak": 1,
      "clob_up_ask": 0.61,
      "clob_down_ask": 0.38,
      "seconds_left": 101.58965682983398,
      "trigger_price": null
    },
    {
      "ts": "2026-09-17T08:48:22.040974Z",
      "slug": "btc-updown-5m-1789634700",
      "status": "heartbeat",
      "gamma_up": 0.505,
      "gamma_down": 0.495,
      "clob_up_ask": 0.59,
      "clob_down_ask": 0.42,
      "seconds_left": 98.59024739265442,
      "min_spread": 0.010000000000000009
    },
    {
      "ts": "2026-09-17T08:48:22.041000Z",
      "slug": "btc-updown-5m-1789634700",
      "status": "skip_price_below_threshold",
      "threshold": 0.7,
      "max_ask": 0.85,
      "win_streak": 1,
      "clob_up_ask": 0.59,
      "clob_down_ask": 0.42,
      "seconds_left": 98.59024739265442,
      "trigger_price": null
    },
    {
      "ts": "2026-09-17T08:48:24.948511Z",
      "slug": "btc-updown-5m-1789634700",
      "status": "heartbeat",
      "gamma_up": 0.505,
      "gamma_down": 0.495,
      "clob_up_ask": 0.6,
      "clob_down_ask": 0.4,
      "seconds_left": 95.66079068183899,
      "min_spread": 0.010000000000000009
    },
    {
      "ts": "2026-09-17T08:48:24.948537Z",
      "slug": "btc-updown-5m-1789634700",
      "status": "skip_price_below_threshold",
      "threshold": 0.7,
      "max_ask": 0.85,
      "win_streak": 1,
      "clob_up_ask": 0.6,
      "clob_down_ask": 0.4,
      "seconds_left": 95.66079068183899,
      "trigger_price": null
    },
    {
      "ts": "2026-09-17T08:48:27.945241Z",
      "slug": "btc-updown-5m-1789634700",
      "status": "heartbeat",
      "gamma_up": 0.505,
      "gamma_down": 0.495,
      "clob_up_ask": 0.62,
      "clob_down_ask": 0.38,
      "seconds_left": 92.7007098197937,
      "min_spread": 0.010000000000000009
    },
    {
      "ts": "2026-09-17T08:48:27.945267Z",
      "slug": "btc-updown-5m-1789634700",
      "status": "skip_price_below_threshold",
      "threshold": 0.7,
      "max_ask": 0.85,
      "win_streak": 1,
      "clob_up_ask": 0.62,
      "clob_down_ask": 0.38,
      "seconds_left": 92.7007098197937,
      "trigger_price": null
    },
    {
      "ts": "2026-09-17T08:48:30.903417Z",
      "slug": "btc-updown-5m-1789634700",
      "status": "heartbeat",
      "gamma_up": 0.505,
      "gamma_down": 0.495,
      "clob_up_ask": 0.7,
      "clob_down_ask": 0.35,
      "seconds_left": 89.69353461265564,
      "min_spread": 0.009999999999999953
    }
  ],
  "open_raw": "{\"mode\": \"open\", \"execute\": true, \"market_slug\": \"btc-updown-5m-1789634700\", \"force_side\": \"UP\", \"token_id\": \"84704783299917114194482008216211887947919101506024028432896121284722925488887\", \"entry_price\": 0.68, \"notional_usd\": 5.0, \"top_ask_notional_usd\": 136.85000000000002, \"collateral_pusd\": 424.659773, \"order_post_result\": {\"errorMsg\": \"\", \"orderID\": \"0x0f3fe2273104e8e23762529728b97a246512f1674cd13374929b08c73f9f25f4\", \"takingAmount\": \"7.692308\", \"makingAmount\": \"5\", \"status\": \"matched\", \"transactionsHashes\": [\"0x459d56f257d197f7f0cbd1659deb06a81f8a3ab94943d4ce8e8dc9afd5d39d4a\"], \"success\": true}}\n\n[py_clob_client_v2] request error status=400 url=https://clob.polymarket.com/auth/api-key body={\"error\":\"Could not create api key\"}\n\n",
  "opened": {
    "opened_at": "2026-09-17T08:48:36.154618Z",
    "market_slug": "btc-updown-5m-1789634700",
    "market_end_iso": "2026-09-17T08:50:00Z",
    "side": "UP",
    "token_id": "84704783299917114194482008216211887947919101506024028432896121284722925488887",
    "entry_price": 0.68,
    "shares": 7.692308,
    "cost_usdc": 5.0,
    "open_order_id": "0x0f3fe2273104e8e23762529728b97a246512f1674cd13374929b08c73f9f25f4",
    "open_tx": "0x459d56f257d197f7f0cbd1659deb06a81f8a3ab94943d4ce8e8dc9afd5d39d4a"
  },
  "stop_loss_price": 0.06799999999999999,
  "last_side_price": 0.335,
  "last_clob_bid": 0.64,
  "last_check_at": "2026-09-17T08:49:39.472624Z",
  "close_debug": [
    {
      "ts": "2026-09-17T08:49:46.036692Z",
      "attempt": 1,
      "order_type": "FAK",
      "status": "matched",
      "close_skipped": ""
    }
  ],
  "close_raw": "{\"mode\": \"close\", \"execute\": true, \"market_slug\": \"btc-updown-5m-1789634700\", \"token_id\": \"84704783299917114194482008216211887947919101506024028432896121284722925488887\", \"requested_shares\": 7.692308, \"close_order_type\": \"FAK\", \"close_limit_price\": null, \"available_shares\": 7.692308, \"sell_shares\": 7.6923, \"order_post_result\": {\"errorMsg\": \"\", \"orderID\": \"0x6a5112c64564e7eb2eeac2c7f08801fa2eeb2396ba8187169757f7a634c51c6d\", \"takingAmount\": \"6.4596\", \"makingAmount\": \"7.69\", \"status\": \"matched\", \"transactionsHashes\": [\"0xec3876967f4209e4c13541509942e870193dacec3ecc6ed4356bdacebb42ffcb\"], \"success\": true}, \"close_skipped\": \"\"}\n\n[py_clob_client_v2] request error status=400 url=https://clob.polymarket.com/auth/api-key body={\"error\":\"Could not create api key\"}\n\n",
  "closed": {
    "close_reason": "time_exit_20s_before_end",
    "closed_at": "2026-09-17T08:49:46.036708Z",
    "close_success": true,
    "close_status": "matched",
    "close_order_id": "0x6a5112c64564e7eb2eeac2c7f08801fa2eeb2396ba8187169757f7a634c51c6d",
    "close_tx": "0xec3876967f4209e4c13541509942e870193dacec3ecc6ed4356bdacebb42ffcb",
    "close_shares": 7.69,
    "close_usdc": 6.4596,
    "close_skipped": ""
  },
  "realized_cashflow_pnl_usdc": 1.4596,
  "finished_at": "2026-09-17T08:49:46.036718Z",
  "result": "done"
}
[2026-09-17T08:49:46Z] session_end rc=0 sessions=7 stake_usd=5
journal_ok trades=162 md=/home/yukeen/polymarketbot/5min-btc-polymarket/data/live_trades.md json=/home/yukeen/polymarketbot/5min-btc-polymarket/data/live_trades.json
[2026-09-17T08:51:21Z] fills=7/12 sessions=7/36
[py_clob_client_v2] request error status=400 url=https://clob.polymarket.com/auth/api-key body={"error":"Could not create api key"}

[2026-09-17T08:51:38Z] cash=425.924533
[py_clob_client_v2] request error status=400 url=https://clob.polymarket.com/auth/api-key body={"error":"Could not create api key"}

[2026-09-17T08:51:58Z] cash_retry=425.924533
[2026-09-17T08:52:06Z] session_begin sessions=7 fills=7 stake_usd=5
[py_clob_client_v2] request error status=400 url=https://clob.polymarket.com/auth/api-key body={"error":"Could not create api key"}

{
  "started_at": "2026-09-17T08:52:07.480676Z",
  "params": {
    "profile": "conservative",
    "threshold": 0.7,
    "stake_usd": 5.0,
    "stop_loss_pct": 0.9,
    "exit_before_sec": 20,
    "min_entry_seconds_left": 60,
    "entry_timeout_min": 12,
    "poll_sec": 2.0,
    "max_ask": 0.85,
    "expensive_ask": 0.8,
    "expensive_after_wins": 3,
    "close_retry_max": 30,
    "close_retry_delay_sec": 2.0,
    "execute": true,
    "win_streak": 2
  },
  "attempts": [
    {
      "ts": "2026-09-17T08:52:08.552095Z",
      "slug": "btc-updown-5m-1789635000",
      "status": "heartbeat",
      "gamma_up": 0.625,
      "gamma_down": 0.375,
      "clob_up_ask": 0.95,
      "clob_down_ask": 0.06,
      "seconds_left": 172.20641708374023,
      "min_spread": 0.009999999999999995
    },
    {
      "ts": "2026-09-17T08:52:08.552163Z",
      "slug": "btc-updown-5m-1789635000",
      "status": "skip_ask_too_expensive",
      "threshold": 0.7,
      "max_ask": 0.85,
      "win_streak": 2,
      "clob_up_ask": 0.95,
      "clob_down_ask": 0.06,
      "seconds_left": 172.20641708374023,
      "trigger_price": 0.95
    },
    {
      "ts": "2026-09-17T08:52:11.475573Z",
      "slug": "btc-updown-5m-1789635000",
      "status": "heartbeat",
      "gamma_up": 0.625,
      "gamma_down": 0.375,
      "clob_up_ask": 0.89,
      "clob_down_ask": 0.12,
      "seconds_left": 169.14060950279236,
      "min_spread": 0.009999999999999995
    },
    {
      "ts": "2026-09-17T08:52:11.475604Z",
      "slug": "btc-updown-5m-1789635000",
      "status": "skip_ask_too_expensive",
      "threshold": 0.7,
      "max_ask": 0.85,
      "win_streak": 2,
      "clob_up_ask": 0.89,
      "clob_down_ask": 0.12,
      "seconds_left": 169.14060950279236,
      "trigger_price": 0.89
    },
    {
      "ts": "2026-09-17T08:52:14.489021Z",
      "slug": "btc-updown-5m-1789635000",
      "status": "heartbeat",
      "gamma_up": 0.625,
      "gamma_down": 0.375,
      "clob_up_ask": 0.81,
      "clob_down_ask": 0.2,
      "seconds_left": 166.21493816375732,
      "min_spread": 0.010000000000000009
    }
  ],
  "open_raw": "{\"mode\": \"open\", \"execute\": true, \"market_slug\": \"btc-updown-5m-1789635000\", \"force_side\": \"UP\", \"token_id\": \"37831979261080933296742764186268672447675823740754192776644411302156912576206\", \"entry_price\": 0.8, \"notional_usd\": 5.0, \"top_ask_notional_usd\": 299.088, \"collateral_pusd\": 425.924533, \"order_post_result\": {\"errorMsg\": \"\", \"orderID\": \"0x86b9a312c417b5f55e10025a632a6bfad8610f0b4ed675d153385ad0e2f98992\", \"takingAmount\": \"5.681819\", \"makingAmount\": \"5\", \"status\": \"matched\", \"transactionsHashes\": [\"0xf9e39f0696af19d834b0736f26ce2f00c25736ebba689e0209005340001adeff\"], \"success\": true}}\n\n[py_clob_client_v2] request error status=400 url=https://clob.polymarket.com/auth/api-key body={\"error\":\"Could not create api key\"}\n\n",
  "opened": {
    "opened_at": "2026-09-17T08:52:19.412449Z",
    "market_slug": "btc-updown-5m-1789635000",
    "market_end_iso": "2026-09-17T08:55:00Z",
    "side": "UP",
    "token_id": "37831979261080933296742764186268672447675823740754192776644411302156912576206",
    "entry_price": 0.8,
    "shares": 5.681819,
    "cost_usdc": 5.0,
    "open_order_id": "0x86b9a312c417b5f55e10025a632a6bfad8610f0b4ed675d153385ad0e2f98992",
    "open_tx": "0xf9e39f0696af19d834b0736f26ce2f00c25736ebba689e0209005340001adeff"
  },
  "stop_loss_price": 0.07999999999999999,
  "last_side_price": 0.625,
  "last_clob_bid": 0.99,
  "last_check_at": "2026-09-17T08:54:38.439668Z",
  "close_debug": [
    {
      "ts": "2026-09-17T08:54:45.065327Z",
      "attempt": 1,
      "order_type": "FAK",
      "status": "matched",
      "close_skipped": ""
    }
  ],
  "close_raw": "{\"mode\": \"close\", \"execute\": true, \"market_slug\": \"btc-updown-5m-1789635000\", \"token_id\": \"37831979261080933296742764186268672447675823740754192776644411302156912576206\", \"requested_shares\": 5.681819, \"close_order_type\": \"FAK\", \"close_limit_price\": null, \"available_shares\": 5.681819, \"sell_shares\": 5.6818, \"order_post_result\": {\"errorMsg\": \"\", \"orderID\": \"0x1b33679fe0e214d9532cbeee188ce22f1a1c08668b6ce254eaf1bfc4863fee62\", \"takingAmount\": \"5.6232\", \"makingAmount\": \"5.68\", \"status\": \"matched\", \"transactionsHashes\": [\"0xc384174b96ba85cf5d632a12307fb2443ee0bb018ca44c4e531dec5115c60b75\"], \"success\": true}, \"close_skipped\": \"\"}\n\n[py_clob_client_v2] request error status=400 url=https://clob.polymarket.com/auth/api-key body={\"error\":\"Could not create api key\"}\n\n",
  "closed": {
    "close_reason": "time_exit_20s_before_end",
    "closed_at": "2026-09-17T08:54:45.065356Z",
    "close_success": true,
    "close_status": "matched",
    "close_order_id": "0x1b33679fe0e214d9532cbeee188ce22f1a1c08668b6ce254eaf1bfc4863fee62",
    "close_tx": "0xc384174b96ba85cf5d632a12307fb2443ee0bb018ca44c4e531dec5115c60b75",
    "close_shares": 5.68,
    "close_usdc": 5.6232,
    "close_skipped": ""
  },
  "realized_cashflow_pnl_usdc": 0.6232,
  "finished_at": "2026-09-17T08:54:45.065377Z",
  "result": "done"
}
[2026-09-17T08:54:45Z] session_end rc=0 sessions=8 stake_usd=5
journal_ok trades=163 md=/home/yukeen/polymarketbot/5min-btc-polymarket/data/live_trades.md json=/home/yukeen/polymarketbot/5min-btc-polymarket/data/live_trades.json
[2026-09-17T08:56:06Z] fills=8/12 sessions=8/36
[py_clob_client_v2] request error status=400 url=https://clob.polymarket.com/auth/api-key body={"error":"Could not create api key"}

[2026-09-17T08:56:23Z] cash=426.501803
[py_clob_client_v2] request error status=400 url=https://clob.polymarket.com/auth/api-key body={"error":"Could not create api key"}

[2026-09-17T08:56:43Z] cash_retry=426.501803
[2026-09-17T08:56:51Z] session_begin sessions=8 fills=8 stake_usd=5
[py_clob_client_v2] request error status=400 url=https://clob.polymarket.com/auth/api-key body={"error":"Could not create api key"}

{
  "started_at": "2026-09-17T08:56:52.340019Z",
  "params": {
    "profile": "conservative",
    "threshold": 0.7,
    "stake_usd": 5.0,
    "stop_loss_pct": 0.9,
    "exit_before_sec": 20,
    "min_entry_seconds_left": 60,
    "entry_timeout_min": 12,
    "poll_sec": 2.0,
    "max_ask": 0.85,
    "expensive_ask": 0.8,
    "expensive_after_wins": 3,
    "close_retry_max": 30,
    "close_retry_delay_sec": 2.0,
    "execute": true,
    "win_streak": 3
  },
  "attempts": [
    {
      "ts": "2026-09-17T08:56:53.624399Z",
      "slug": "btc-updown-5m-1789635300",
      "status": "heartbeat",
      "gamma_up": 0.645,
      "gamma_down": 0.355,
      "clob_up_ask": 0.79,
      "clob_down_ask": 0.22,
      "seconds_left": 187.2114293575287,
      "min_spread": 0.010000000000000009
    }
  ],
  "open_raw": "{\"mode\": \"open\", \"execute\": true, \"market_slug\": \"btc-updown-5m-1789635300\", \"force_side\": \"UP\", \"token_id\": \"32495589598499421424100664255281727898658008922128726571670936448762031093427\", \"entry_price\": 0.79, \"notional_usd\": 5.0, \"top_ask_notional_usd\": 360.2953, \"collateral_pusd\": 426.501803, \"order_post_result\": {\"errorMsg\": \"\", \"orderID\": \"0x8ab84baac83b91fc27879ee8cc4d4de34ea728251775a5b7a7ebc3e9256cb3a9\", \"takingAmount\": \"6.097561\", \"makingAmount\": \"5\", \"status\": \"matched\", \"transactionsHashes\": [\"0x9df359bd60e56fb75342946ac60a737b6e0925a1f4c6b8e0a55078263e327b6b\"], \"success\": true}}\n\n[py_clob_client_v2] request error status=400 url=https://clob.polymarket.com/auth/api-key body={\"error\":\"Could not create api key\"}\n\n",
  "opened": {
    "opened_at": "2026-09-17T08:57:00.899240Z",
    "market_slug": "btc-updown-5m-1789635300",
    "market_end_iso": "2026-09-17T09:00:00Z",
    "side": "UP",
    "token_id": "32495589598499421424100664255281727898658008922128726571670936448762031093427",
    "entry_price": 0.79,
    "shares": 6.097561,
    "cost_usdc": 5.0,
    "open_order_id": "0x8ab84baac83b91fc27879ee8cc4d4de34ea728251775a5b7a7ebc3e9256cb3a9",
    "open_tx": "0x9df359bd60e56fb75342946ac60a737b6e0925a1f4c6b8e0a55078263e327b6b"
  },
  "stop_loss_price": 0.07899999999999999,
  "last_side_price": 0.645,
  "last_clob_bid": 0.99,
  "last_check_at": "2026-09-17T08:59:41.125513Z",
  "close_debug": [
    {
      "ts": "2026-09-17T08:59:47.625906Z",
      "attempt": 1,
      "order_type": "FAK",
      "status": "matched",
      "close_skipped": ""
    }
  ],
  "close_raw": "{\"mode\": \"close\", \"execute\": true, \"market_slug\": \"btc-updown-5m-1789635300\", \"token_id\": \"32495589598499421424100664255281727898658008922128726571670936448762031093427\", \"requested_shares\": 6.097561, \"close_order_type\": \"FAK\", \"close_limit_price\": null, \"available_shares\": 6.097561, \"sell_shares\": 6.0975, \"order_post_result\": {\"errorMsg\": \"\", \"orderID\": \"0x1048f8040e53ec0dd4628299a2b492120d926f9f33f0834472d46015c8b6d6e5\", \"takingAmount\": \"6.0291\", \"makingAmount\": \"6.09\", \"status\": \"matched\", \"transactionsHashes\": [\"0x725416210d4f001754913e5a00a29178147c4335f410113de98142048f67f230\"], \"success\": true}, \"close_skipped\": \"\"}\n\n[py_clob_client_v2] request error status=400 url=https://clob.polymarket.com/auth/api-key body={\"error\":\"Could not create api key\"}\n\n",
  "closed": {
    "close_reason": "time_exit_20s_before_end",
    "closed_at": "2026-09-17T08:59:47.625926Z",
    "close_success": true,
    "close_status": "matched",
    "close_order_id": "0x1048f8040e53ec0dd4628299a2b492120d926f9f33f0834472d46015c8b6d6e5",
    "close_tx": "0x725416210d4f001754913e5a00a29178147c4335f410113de98142048f67f230",
    "close_shares": 6.09,
    "close_usdc": 6.0291,
    "close_skipped": ""
  },
  "realized_cashflow_pnl_usdc": 1.0291,
  "finished_at": "2026-09-17T08:59:47.625939Z",
  "result": "done"
}
[2026-09-17T08:59:47Z] session_end rc=0 sessions=9 stake_usd=5
journal_ok trades=164 md=/home/yukeen/polymarketbot/5min-btc-polymarket/data/live_trades.md json=/home/yukeen/polymarketbot/5min-btc-polymarket/data/live_trades.json
[2026-09-17T09:01:18Z] fills=9/12 sessions=9/36
[py_clob_client_v2] request error status=400 url=https://clob.polymarket.com/auth/api-key body={"error":"Could not create api key"}

[2026-09-17T09:01:39Z] cash=427.463683
[2026-09-17T09:01:47Z] session_begin sessions=9 fills=9 stake_usd=5
[py_clob_client_v2] request error status=400 url=https://clob.polymarket.com/auth/api-key body={"error":"Could not create api key"}

[py_clob_client_v2] request error status=404 url=https://clob.polymarket.com/book body={"error":"No orderbook exists for the requested token id"}

[py_clob_client_v2] request error status=404 url=https://clob.polymarket.com/book body={"error":"No orderbook exists for the requested token id"}

[py_clob_client_v2] request error status=404 url=https://clob.polymarket.com/book body={"error":"No orderbook exists for the requested token id"}

[py_clob_client_v2] request error status=404 url=https://clob.polymarket.com/book body={"error":"No orderbook exists for the requested token id"}

[py_clob_client_v2] request error status=404 url=https://clob.polymarket.com/book body={"error":"No orderbook exists for the requested token id"}

{
  "started_at": "2026-09-17T09:01:47.777079Z",
  "params": {
    "profile": "conservative",
    "threshold": 0.7,
    "stake_usd": 5.0,
    "stop_loss_pct": 0.9,
    "exit_before_sec": 20,
    "min_entry_seconds_left": 60,
    "entry_timeout_min": 12,
    "poll_sec": 2.0,
    "max_ask": 0.85,
    "expensive_ask": 0.8,
    "expensive_after_wins": 3,
    "close_retry_max": 30,
    "close_retry_delay_sec": 2.0,
    "execute": true,
    "win_streak": 4
  },
  "attempts": [
    {
      "ts": "2026-09-17T09:01:48.907368Z",
      "slug": "btc-updown-5m-1789635600",
      "status": "heartbeat",
      "gamma_up": 0.925,
      "gamma_down": 0.075,
      "clob_up_ask": 0.97,
      "clob_down_ask": 0.04,
      "seconds_left": 191.87297105789185,
      "min_spread": 0.010000000000000002
    },
    {
      "ts": "2026-09-17T09:01:48.907403Z",
      "slug": "btc-updown-5m-1789635600",
      "status": "skip_ask_too_expensive",
      "threshold": 0.7,
      "max_ask": 0.85,
      "win_streak": 4,
      "clob_up_ask": 0.97,
      "clob_down_ask": 0.04,
      "seconds_left": 191.87297105789185,
      "trigger_price": 0.97
    },
    {
      "ts": "2026-09-17T09:01:51.859369Z",
      "slug": "btc-updown-5m-1789635600",
      "status": "heartbeat",
      "gamma_up": 0.925,
      "gamma_down": 0.075,
      "clob_up_ask": 0.97,
      "clob_down_ask": 0.04,
      "seconds_left": 188.7941403388977,
      "min_spread": 0.010000000000000002
    },
    {
      "ts": "2026-09-17T09:01:51.859400Z",
      "slug": "btc-updown-5m-1789635600",
      "status": "skip_ask_too_expensive",
      "threshold": 0.7,
      "max_ask": 0.85,
      "win_streak": 4,
      "clob_up_ask": 0.97,
      "clob_down_ask": 0.04,
      "seconds_left": 188.7941403388977,
      "trigger_price": 0.97
    },
    {
      "ts": "2026-09-17T09:01:55.247262Z",
      "slug": "btc-updown-5m-1789635600",
      "status": "heartbeat",
      "gamma_up": 0.925,
      "gamma_down": 0.075,
      "clob_up_ask": 0.98,
      "clob_down_ask": 0.04,
      "seconds_left": 185.43391942977905,
      "min_spread": 0.010000000000000002
    },
    {
      "ts": "2026-09-17T09:01:55.247290Z",
      "slug": "btc-updown-5m-1789635600",
      "status": "skip_ask_too_expensive",
      "threshold": 0.7,
      "max_ask": 0.85,
      "win_streak": 4,
      "clob_up_ask": 0.98,
      "clob_down_ask": 0.04,
      "seconds_left": 185.43391942977905,
      "trigger_price": 0.98
    },
    {
      "ts": "2026-09-17T09:01:58.305957Z",
      "slug": "btc-updown-5m-1789635600",
      "status": "heartbeat",
      "gamma_up": 0.925,
      "gamma_down": 0.075,
      "clob_up_ask": 0.97,
      "clob_down_ask": 0.04,
      "seconds_left": 182.39009499549866,
      "min_spread": 0.010000000000000002
    },
    {
      "ts": "2026-09-17T09:01:58.305983Z",
      "slug": "btc-updown-5m-1789635600",
      "status": "skip_ask_too_expensive",
      "threshold": 0.7,
      "max_ask": 0.85,
      "win_streak": 4,
      "clob_up_ask": 0.97,
      "clob_down_ask": 0.04,
      "seconds_left": 182.39009499549866,
      "trigger_price": 0.97
    },
    {
      "ts": "2026-09-17T09:02:01.275261Z",
      "slug": "btc-updown-5m-1789635600",
      "status": "heartbeat",
      "gamma_up": 0.925,
      "gamma_down": 0.075,
      "clob_up_ask": 0.98,
      "clob_down_ask": 0.03,
      "seconds_left": 179.38342809677124,
      "min_spread": 0.009999999999999998
    },
    {
      "ts": "2026-09-17T09:02:01.275288Z",
      "slug": "btc-updown-5m-1789635600",
      "status": "skip_ask_too_expensive",
      "threshold": 0.7,
      "max_ask": 0.85,
      "win_streak": 4,
      "clob_up_ask": 0.98,
      "clob_down_ask": 0.03,
      "seconds_left": 179.38342809677124,
      "trigger_price": 0.98
    },
    {
      "ts": "2026-09-17T09:02:07.863516Z",
      "slug": "btc-updown-5m-1789635600",
      "status": "heartbeat",
      "gamma_up": 0.925,
      "gamma_down": 0.075,
      "clob_up_ask": 0.98,
      "clob_down_ask": 0.03,
      "seconds_left": 172.7852656841278,
      "min_spread": 0.009999999999999998
    },
    {
      "ts": "2026-09-17T09:02:07.863546Z",
      "slug": "btc-updown-5m-1789635600",
      "status": "skip_ask_too_expensive",
      "threshold": 0.7,
      "max_ask": 0.85,
      "win_streak": 4,
      "clob_up_ask": 0.98,
      "clob_down_ask": 0.03,
      "seconds_left": 172.7852656841278,
      "trigger_price": 0.98
    },
    {
      "ts": "2026-09-17T09:02:10.816275Z",
      "slug": "btc-updown-5m-1789635600",
      "status": "heartbeat",
      "gamma_up": 0.925,
      "gamma_down": 0.075,
      "clob_up_ask": 0.98,
      "clob_down_ask": 0.03,
      "seconds_left": 169.84042239189148,
      "min_spread": 0.009999999999999998
    },
    {
      "ts": "2026-09-17T09:02:10.816301Z",
      "slug": "btc-updown-5m-1789635600",
      "status": "skip_ask_too_expensive",
      "threshold": 0.7,
      "max_ask": 0.85,
      "win_streak": 4,
      "clob_up_ask": 0.98,
      "clob_down_ask": 0.03,
      "seconds_left": 169.84042239189148,
      "trigger_price": 0.98
    },
    {
      "ts": "2026-09-17T09:02:14.260752Z",
      "slug": "btc-updown-5m-1789635600",
      "status": "heartbeat",
      "gamma_up": 0.925,
      "gamma_down": 0.075,
      "clob_up_ask": 0.98,
      "clob_down_ask": 0.03,
      "seconds_left": 166.79942226409912,
      "min_spread": 0.009999999999999998
    },
    {
      "ts": "2026-09-17T09:02:14.260782Z",
      "slug": "btc-updown-5m-1789635600",
      "status": "skip_ask_too_expensive",
      "threshold": 0.7,
      "max_ask": 0.85,
      "win_streak": 4,
      "clob_up_ask": 0.98,
      "clob_down_ask": 0.03,
      "seconds_left": 166.79942226409912,
      "trigger_price": 0.98
    },
    {
      "ts": "2026-09-17T09:02:27.722994Z",
      "slug": "btc-updown-5m-1789635600",
      "status": "heartbeat",
      "gamma_up": 0.925,
      "gamma_down": 0.075,
      "clob_up_ask": 0.99,
      "clob_down_ask": 0.03,
      "seconds_left": 153.31517028808594,
      "min_spread": 0.009999999999999998
    },
    {
      "ts": "2026-09-17T09:02:27.723018Z",
      "slug": "btc-updown-5m-1789635600",
      "status": "skip_ask_too_expensive",
      "threshold": 0.7,
      "max_ask": 0.85,
      "win_streak": 4,
      "clob_up_ask": 0.99,
      "clob_down_ask": 0.03,
      "seconds_left": 153.31517028808594,
      "trigger_price": 0.99
    },
    {
      "ts": "2026-09-17T09:02:30.678409Z",
      "slug": "btc-updown-5m-1789635600",
      "status": "heartbeat",
      "gamma_up": 0.925,
      "gamma_down": 0.075,
      "clob_up_ask": 0.99,
      "clob_down_ask": 0.02,
      "seconds_left": 149.94421434402466,
      "min_spread": 0.01
    },
    {
      "ts": "2026-09-17T09:02:30.678441Z",
      "slug": "btc-updown-5m-1789635600",
      "status": "skip_ask_too_expensive",
      "threshold": 0.7,
      "max_ask": 0.85,
      "win_streak": 4,
      "clob_up_ask": 0.99,
      "clob_down_ask": 0.02,
      "seconds_left": 149.94421434402466,
      "trigger_price": 0.99
    },
    {
      "ts": "2026-09-17T09:02:33.612853Z",
      "slug": "btc-updown-5m-1789635600",
      "status": "heartbeat",
      "gamma_up": 0.925,
      "gamma_down": 0.075,
      "clob_up_ask": 0.99,
      "clob_down_ask": 0.02,
      "seconds_left": 147.00736045837402,
      "min_spread": 0.01
    },
    {
      "ts": "2026-09-17T09:02:33.612873Z",
      "slug": "btc-updown-5m-1789635600",
      "status": "skip_ask_too_expensive",
      "threshold": 0.7,
      "max_ask": 0.85,
      "win_streak": 4,
      "clob_up_ask": 0.99,
      "clob_down_ask": 0.02,
      "seconds_left": 147.00736045837402,
      "trigger_price": 0.99
    },
    {
      "ts": "2026-09-17T09:02:36.571891Z",
      "slug": "btc-updown-5m-1789635600",
      "status": "heartbeat",
      "gamma_up": 0.925,
      "gamma_down": 0.075,
      "clob_up_ask": null,
      "clob_down_ask": 0.01,
      "seconds_left": 144.03076028823853,
      "min_spread": null
    },
    {
      "ts": "2026-09-17T09:02:36.571905Z",
      "slug": "btc-updown-5m-1789635600",
      "status": "skip_price_below_threshold",
      "threshold": 0.7,
      "max_ask": 0.85,
      "win_streak": 4,
      "clob_up_ask": null,
      "clob_down_ask": 0.01,
      "seconds_left": 144.03076028823853,
      "trigger_price": null
    },
    {
      "ts": "2026-09-17T09:02:43.195925Z",
      "slug": "btc-updown-5m-1789635600",
      "status": "heartbeat",
      "gamma_up": 0.925,
      "gamma_down": 0.075,
      "clob_up_ask": null,
      "clob_down_ask": 0.01,
      "seconds_left": 137.50886797904968,
      "min_spread": null
    },
    {
      "ts": "2026-09-17T09:02:43.195950Z",
      "slug": "btc-updown-5m-1789635600",
      "status": "skip_price_below_threshold",
      "threshold": 0.7,
      "max_ask": 0.85,
      "win_streak": 4,
      "clob_up_ask": null,
      "clob_down_ask": 0.01,
      "seconds_left": 137.50886797904968,
      "trigger_price": null
    },
    {
      "ts": "2026-09-17T09:02:46.139563Z",
      "slug": "btc-updown-5m-1789635600",
      "status": "heartbeat",
      "gamma_up": 0.925,
      "gamma_down": 0.075,
      "clob_up_ask": null,
      "clob_down_ask": 0.01,
      "seconds_left": 134.48711371421814,
      "min_spread": null
    },
    {
      "ts": "2026-09-17T09:02:46.139580Z",
      "slug": "btc-updown-5m-1789635600",
      "status": "skip_price_below_threshold",
      "threshold": 0.7,
      "max_ask": 0.85,
      "win_streak": 4,
      "clob_up_ask": null,
      "clob_down_ask": 0.01,
      "seconds_left": 134.48711371421814,
      "trigger_price": null
    },
    {
      "ts": "2026-09-17T09:02:49.106740Z",
      "slug": "btc-updown-5m-1789635600",
      "status": "heartbeat",
      "gamma_up": 0.925,
      "gamma_down": 0.075,
      "clob_up_ask": null,
      "clob_down_ask": 0.01,
      "seconds_left": 131.54697442054749,
      "min_spread": null
    },
    {
      "ts": "2026-09-17T09:02:49.106763Z",
      "slug": "btc-updown-5m-1789635600",
      "status": "skip_price_below_threshold",
      "threshold": 0.7,
      "max_ask": 0.85,
      "win_streak": 4,
      "clob_up_ask": null,
      "clob_down_ask": 0.01,
      "seconds_left": 131.54697442054749,
      "trigger_price": null
    },
    {
      "ts": "2026-09-17T09:02:52.064871Z",
      "slug": "btc-updown-5m-1789635600",
      "status": "heartbeat",
      "gamma_up": 0.925,
      "gamma_down": 0.075,
      "clob_up_ask": null,
      "clob_down_ask": 0.01,
      "seconds_left": 128.5874695777893,
      "min_spread": null
    },
    {
      "ts": "2026-09-17T09:02:52.064894Z",
      "slug": "btc-updown-5m-1789635600",
      "status": "skip_price_below_threshold",
      "threshold": 0.7,
      "max_ask": 0.85,
      "win_streak": 4,
      "clob_up_ask": null,
      "clob_down_ask": 0.01,
      "seconds_left": 128.5874695777893,
      "trigger_price": null
    },
    {
      "ts": "2026-09-17T09:02:55.039605Z",
      "slug": "btc-updown-5m-1789635600",
      "status": "heartbeat",
      "gamma_up": 0.925,
      "gamma_down": 0.075,
      "clob_up_ask": null,
      "clob_down_ask": 0.01,
      "seconds_left": 125.60411524772644,
      "min_spread": null
    },
    {
      "ts": "2026-09-17T09:02:55.039631Z",
      "slug": "btc-updown-5m-1789635600",
      "status": "skip_price_below_threshold",
      "threshold": 0.7,
      "max_ask": 0.85,
      "win_streak": 4,
      "clob_up_ask": null,
      "clob_down_ask": 0.01,
      "seconds_left": 125.60411524772644,
      "trigger_price": null
    },
    {
      "ts": "2026-09-17T09:02:58.028757Z",
      "slug": "btc-updown-5m-1789635600",
      "status": "heartbeat",
      "gamma_up": 0.925,
      "gamma_down": 0.075,
      "clob_up_ask": null,
      "clob_down_ask": 0.01,
      "seconds_left": 122.65567779541016,
      "min_spread": null
    },
    {
      "ts": "2026-09-17T09:02:58.028781Z",
      "slug": "btc-updown-5m-1789635600",
      "status": "skip_price_below_threshold",
      "threshold": 0.7,
      "max_ask": 0.85,
      "win_streak": 4,
      "clob_up_ask": null,
      "clob_down_ask": 0.01,
      "seconds_left": 122.65567779541016,
      "trigger_price": null
    },
    {
      "ts": "2026-09-17T09:03:01.058341Z",
      "slug": "btc-updown-5m-1789635600",
      "status": "heartbeat",
      "gamma_up": 0.925,
      "gamma_down": 0.075,
      "clob_up_ask": null,
      "clob_down_ask": 0.01,
      "seconds_left": 119.58788347244263,
      "min_spread": null
    },
    {
      "ts": "2026-09-17T09:03:01.058367Z",
      "slug": "btc-updown-5m-1789635600",
      "status": "skip_price_below_threshold",
      "threshold": 0.7,
      "max_ask": 0.85,
      "win_streak": 4,
      "clob_up_ask": null,
      "clob_down_ask": 0.01,
      "seconds_left": 119.58788347244263,
      "trigger_price": null
    },
    {
      "ts": "2026-09-17T09:03:03.966447Z",
      "slug": "btc-updown-5m-1789635600",
      "status": "heartbeat",
      "gamma_up": 0.925,
      "gamma_down": 0.075,
      "clob_up_ask": null,
      "clob_down_ask": 0.01,
      "seconds_left": 116.64336681365967,
      "min_spread": null
    },
    {
      "ts": "2026-09-17T09:03:03.966486Z",
      "slug": "btc-updown-5m-1789635600",
      "status": "skip_price_below_threshold",
      "threshold": 0.7,
      "max_ask": 0.85,
      "win_streak": 4,
      "clob_up_ask": null,
      "clob_down_ask": 0.01,
      "seconds_left": 116.64336681365967,
      "trigger_price": null
    },
    {
      "ts": "2026-09-17T09:03:06.962797Z",
      "slug": "btc-updown-5m-1789635600",
      "status": "heartbeat",
      "gamma_up": 0.925,
      "gamma_down": 0.075,
      "clob_up_ask": null,
      "clob_down_ask": 0.01,
      "seconds_left": 113.71815586090088,
      "min_spread": null
    },
    {
      "ts": "2026-09-17T09:03:06.962850Z",
      "slug": "btc-updown-5m-1789635600",
      "status": "skip_price_below_threshold",
      "threshold": 0.7,
      "max_ask": 0.85,
      "win_streak": 4,
      "clob_up_ask": null,
      "clob_down_ask": 0.01,
      "seconds_left": 113.71815586090088,
      "trigger_price": null
    },
    {
      "ts": "2026-09-17T09:03:10.032220Z",
      "slug": "btc-updown-5m-1789635600",
      "status": "heartbeat",
      "gamma_up": 0.925,
      "gamma_down": 0.075,
      "clob_up_ask": null,
      "clob_down_ask": 0.01,
      "seconds_left": 110.5948600769043,
      "min_spread": null
    },
    {
      "ts": "2026-09-17T09:03:10.032241Z",
      "slug": "btc-updown-5m-1789635600",
      "status": "skip_price_below_threshold",
      "threshold": 0.7,
      "max_ask": 0.85,
      "win_streak": 4,
      "clob_up_ask": null,
      "clob_down_ask": 0.01,
      "seconds_left": 110.5948600769043,
      "trigger_price": null
    },
    {
      "ts": "2026-09-17T09:03:12.967557Z",
      "slug": "btc-updown-5m-1789635600",
      "status": "heartbeat",
      "gamma_up": 0.925,
      "gamma_down": 0.075,
      "clob_up_ask": null,
      "clob_down_ask": 0.01,
      "seconds_left": 107.67674255371094,
      "min_spread": null
    },
    {
      "ts": "2026-09-17T09:03:12.967582Z",
      "slug": "btc-updown-5m-1789635600",
      "status": "skip_price_below_threshold",
      "threshold": 0.7,
      "max_ask": 0.85,
      "win_streak": 4,
      "clob_up_ask": null,
      "clob_down_ask": 0.01,
      "seconds_left": 107.67674255371094,
      "trigger_price": null
    },
    {
      "ts": "2026-09-17T09:03:19.591431Z",
      "slug": "btc-updown-5m-1789635600",
      "status": "heartbeat",
      "gamma_up": 0.925,
      "gamma_down": 0.075,
      "clob_up_ask": null,
      "clob_down_ask": 0.01,
      "seconds_left": 101.08303618431091,
      "min_spread": null
    },
    {
      "ts": "2026-09-17T09:03:19.591455Z",
      "slug": "btc-updown-5m-1789635600",
      "status": "skip_price_below_threshold",
      "threshold": 0.7,
      "max_ask": 0.85,
      "win_streak": 4,
      "clob_up_ask": null,
      "clob_down_ask": 0.01,
      "seconds_left": 101.08303618431091,
      "trigger_price": null
    },
    {
      "ts": "2026-09-17T09:03:22.582445Z",
      "slug": "btc-updown-5m-1789635600",
      "status": "heartbeat",
      "gamma_up": 0.925,
      "gamma_down": 0.075,
      "clob_up_ask": null,
      "clob_down_ask": 0.01,
      "seconds_left": 98.09267354011536,
      "min_spread": null
    },
    {
      "ts": "2026-09-17T09:03:22.582468Z",
      "slug": "btc-updown-5m-1789635600",
      "status": "skip_price_below_threshold",
      "threshold": 0.7,
      "max_ask": 0.85,
      "win_streak": 4,
      "clob_up_ask": null,
      "clob_down_ask": 0.01,
      "seconds_left": 98.09267354011536,
      "trigger_price": null
    },
    {
      "ts": "2026-09-17T09:03:25.521441Z",
      "slug": "btc-updown-5m-1789635600",
      "status": "heartbeat",
      "gamma_up": 0.925,
      "gamma_down": 0.075,
      "clob_up_ask": null,
      "clob_down_ask": 0.01,
      "seconds_left": 95.12745428085327,
      "min_spread": null
    },
    {
      "ts": "2026-09-17T09:03:25.521455Z",
      "slug": "btc-updown-5m-1789635600",
      "status": "skip_price_below_threshold",
      "threshold": 0.7,
      "max_ask": 0.85,
      "win_streak": 4,
      "clob_up_ask": null,
      "clob_down_ask": 0.01,
      "seconds_left": 95.12745428085327,
      "trigger_price": null
    },
    {
      "ts": "2026-09-17T09:03:37.532526Z",
      "status": "heartbeat_no_current_market"
    },
    {
      "ts": "2026-09-17T09:03:40.699888Z",
      "slug": "btc-updown-5m-1789635600",
      "status": "heartbeat",
      "gamma_up": 0.925,
      "gamma_down": 0.075,
      "clob_up_ask": 0.999,
      "clob_down_ask": 0.002,
      "seconds_left": 80.17072653770447,
      "min_spread": 0.001
    },
    {
      "ts": "2026-09-17T09:03:40.699905Z",
      "slug": "btc-updown-5m-1789635600",
      "status": "skip_ask_too_expensive",
      "threshold": 0.7,
      "max_ask": 0.85,
      "win_streak": 4,
      "clob_up_ask": 0.999,
      "clob_down_ask": 0.002,
      "seconds_left": 80.17072653770447,
      "trigger_price": 0.999
    },
    {
      "ts": "2026-09-17T09:03:43.628118Z",
      "slug": "btc-updown-5m-1789635600",
      "status": "heartbeat",
      "gamma_up": 0.925,
      "gamma_down": 0.075,
      "clob_up_ask": null,
      "clob_down_ask": 0.001,
      "seconds_left": 76.97985100746155,
      "min_spread": null
    },
    {
      "ts": "2026-09-17T09:03:43.628145Z",
      "slug": "btc-updown-5m-1789635600",
      "status": "skip_price_below_threshold",
      "threshold": 0.7,
      "max_ask": 0.85,
      "win_streak": 4,
      "clob_up_ask": null,
      "clob_down_ask": 0.001,
      "seconds_left": 76.97985100746155,
      "trigger_price": null
    },
    {
      "ts": "2026-09-17T09:03:46.549409Z",
      "slug": "btc-updown-5m-1789635600",
      "status": "heartbeat",
      "gamma_up": 0.925,
      "gamma_down": 0.075,
      "clob_up_ask": null,
      "clob_down_ask": 0.001,
      "seconds_left": 74.07175135612488,
      "min_spread": null
    },
    {
      "ts": "2026-09-17T09:03:46.549425Z",
      "slug": "btc-updown-5m-1789635600",
      "status": "skip_price_below_threshold",
      "threshold": 0.7,
      "max_ask": 0.85,
      "win_streak": 4,
      "clob_up_ask": null,
      "clob_down_ask": 0.001,
      "seconds_left": 74.07175135612488,
      "trigger_price": null
    },
    {
      "ts": "2026-09-17T09:03:49.495883Z",
      "slug": "btc-updown-5m-1789635600",
      "status": "heartbeat",
      "gamma_up": 0.925,
      "gamma_down": 0.075,
      "clob_up_ask": 0.999,
      "clob_down_ask": 0.002,
      "seconds_left": 71.1478009223938,
      "min_spread": 0.001
    },
    {
      "ts": "2026-09-17T09:03:49.495900Z",
      "slug": "btc-updown-5m-1789635600",
      "status": "skip_ask_too_expensive",
      "threshold": 0.7,
      "max_ask": 0.85,
      "win_streak": 4,
      "clob_up_ask": 0.999,
      "clob_down_ask": 0.002,
      "seconds_left": 71.1478009223938,
      "trigger_price": 0.999
    },
    {
      "ts": "2026-09-17T09:04:05.109210Z",
      "status": "heartbeat_no_current_market"
    },
    {
      "ts": "2026-09-17T09:04:07.412249Z",
      "slug": "btc-updown-5m-1789635600",
      "status": "skip_too_late_to_enter",
      "seconds_left": 52.5877571105957,
      "min_entry_seconds_left": 60
    },
    {
      "ts": "2026-09-17T09:04:09.700476Z",
      "slug": "btc-updown-5m-1789635600",
      "status": "skip_too_late_to_enter",
      "seconds_left": 50.29952836036682,
      "min_entry_seconds_left": 60
    },
    {
      "ts": "2026-09-17T09:04:12.012849Z",
      "slug": "btc-updown-5m-1789635600",
      "status": "skip_too_late_to_enter",
      "seconds_left": 47.98715615272522,
      "min_entry_seconds_left": 60
    },
    {
      "ts": "2026-09-17T09:04:14.323008Z",
      "slug": "btc-updown-5m-1789635600",
      "status": "skip_too_late_to_enter",
      "seconds_left": 45.676997900009155,
      "min_entry_seconds_left": 60
    },
    {
      "ts": "2026-09-17T09:04:16.631601Z",
      "slug": "btc-updown-5m-1789635600",
      "status": "skip_too_late_to_enter",
      "seconds_left": 43.368403673172,
      "min_entry_seconds_left": 60
    },
    {
      "ts": "2026-09-17T09:04:18.920260Z",
      "slug": "btc-updown-5m-1789635600",
      "status": "skip_too_late_to_enter",
      "seconds_left": 41.07974576950073,
      "min_entry_seconds_left": 60
    },
    {
      "ts": "2026-09-17T09:04:21.223387Z",
      "slug": "btc-updown-5m-1789635600",
      "status": "skip_too_late_to_enter",
      "seconds_left": 38.776618242263794,
      "min_entry_seconds_left": 60
    },
    {
      "ts": "2026-09-17T09:04:23.546687Z",
      "slug": "btc-updown-5m-1789635600",
      "status": "skip_too_late_to_enter",
      "seconds_left": 36.45331811904907,
      "min_entry_seconds_left": 60
    },
    {
      "ts": "2026-09-17T09:04:25.863951Z",
      "slug": "btc-updown-5m-1789635600",
      "status": "skip_too_late_to_enter",
      "seconds_left": 34.13605523109436,
      "min_entry_seconds_left": 60
    },
    {
      "ts": "2026-09-17T09:04:31.839930Z",
      "slug": "btc-updown-5m-1789635600",
      "status": "skip_too_late_to_enter",
      "seconds_left": 28.160071849822998,
      "min_entry_seconds_left": 60
    },
    {
      "ts": "2026-09-17T09:04:34.170448Z",
      "slug": "btc-updown-5m-1789635600",
      "status": "skip_too_late_to_enter",
      "seconds_left": 25.82955551147461,
      "min_entry_seconds_left": 60
    },
    {
      "ts": "2026-09-17T09:04:36.521211Z",
      "slug": "btc-updown-5m-1789635600",
      "status": "skip_too_late_to_enter",
      "seconds_left": 23.47879409790039,
      "min_entry_seconds_left": 60
    },
    {
      "ts": "2026-09-17T09:04:38.820670Z",
      "slug": "btc-updown-5m-1789635600",
      "status": "skip_too_late_to_enter",
      "seconds_left": 21.179332494735718,
      "min_entry_seconds_left": 60
    },
    {
      "ts": "2026-09-17T09:04:41.114299Z",
      "slug": "btc-updown-5m-1789635600",
      "status": "skip_too_late_to_enter",
      "seconds_left": 18.885704040527344,
      "min_entry_seconds_left": 60
    },
    {
      "ts": "2026-09-17T09:04:43.485831Z",
      "slug": "btc-updown-5m-1789635600",
      "status": "skip_too_late_to_enter",
      "seconds_left": 16.514174461364746,
      "min_entry_seconds_left": 60
    },
    {
      "ts": "2026-09-17T09:04:45.828988Z",
      "slug": "btc-updown-5m-1789635600",
      "status": "skip_too_late_to_enter",
      "seconds_left": 14.171016931533813,
      "min_entry_seconds_left": 60
    },
    {
      "ts": "2026-09-17T09:04:48.115215Z",
      "slug": "btc-updown-5m-1789635600",
      "status": "skip_too_late_to_enter",
      "seconds_left": 11.884790897369385,
      "min_entry_seconds_left": 60
    },
    {
      "ts": "2026-09-17T09:04:50.438322Z",
      "slug": "btc-updown-5m-1789635600",
      "status": "skip_too_late_to_enter",
      "seconds_left": 9.561683177947998,
      "min_entry_seconds_left": 60
    },
    {
      "ts": "2026-09-17T09:04:52.988368Z",
      "slug": "btc-updown-5m-1789635600",
      "status": "skip_too_late_to_enter",
      "seconds_left": 7.01163649559021,
      "min_entry_seconds_left": 60
    },
    {
      "ts": "2026-09-17T09:04:55.306513Z",
      "status": "heartbeat_no_current_market"
    },
    {
      "ts": "2026-09-17T09:04:57.600816Z",
      "status": "heartbeat_no_current_market"
    },
    {
      "ts": "2026-09-17T09:04:59.887867Z",
      "status": "heartbeat_no_current_market"
    },
    {
      "ts": "2026-09-17T09:05:06.590873Z",
      "slug": "btc-updown-5m-1789635900",
      "status": "heartbeat",
      "gamma_up": 0.505,
      "gamma_down": 0.495,
      "clob_up_ask": 0.61,
      "clob_down_ask": 0.37,
      "seconds_left": 297.7750632762909,
      "min_spread": 0.010000000000000009
    },
    {
      "ts": "2026-09-17T09:05:06.590930Z",
      "slug": "btc-updown-5m-1789635900",
      "status": "skip_price_below_threshold",
      "threshold": 0.7,
      "max_ask": 0.85,
      "win_streak": 4,
      "clob_up_ask": 0.61,
      "clob_down_ask": 0.37,
      "seconds_left": 297.7750632762909,
      "trigger_price": null
    },
    {
      "ts": "2026-09-17T09:05:09.638352Z",
      "slug": "btc-updown-5m-1789635900",
      "status": "heartbeat",
      "gamma_up": 0.505,
      "gamma_down": 0.495,
      "clob_up_ask": 0.64,
      "clob_down_ask": 0.37,
      "seconds_left": 290.99146127700806,
      "min_spread": 0.010000000000000009
    },
    {
      "ts": "2026-09-17T09:05:09.638378Z",
      "slug": "btc-updown-5m-1789635900",
      "status": "skip_price_below_threshold",
      "threshold": 0.7,
      "max_ask": 0.85,
      "win_streak": 4,
      "clob_up_ask": 0.64,
      "clob_down_ask": 0.37,
      "seconds_left": 290.99146127700806,
      "trigger_price": null
    },
    {
      "ts": "2026-09-17T09:05:12.787525Z",
      "slug": "btc-updown-5m-1789635900",
      "status": "heartbeat",
      "gamma_up": 0.505,
      "gamma_down": 0.495,
      "clob_up_ask": 0.65,
      "clob_down_ask": 0.36,
      "seconds_left": 287.9775149822235,
      "min_spread": 0.010000000000000009
    },
    {
      "ts": "2026-09-17T09:05:12.787556Z",
      "slug": "btc-updown-5m-1789635900",
      "status": "skip_price_below_threshold",
      "threshold": 0.7,
      "max_ask": 0.85,
      "win_streak": 4,
      "clob_up_ask": 0.65,
      "clob_down_ask": 0.36,
      "seconds_left": 287.9775149822235,
      "trigger_price": null
    },
    {
      "ts": "2026-09-17T09:05:15.921767Z",
      "slug": "btc-updown-5m-1789635900",
      "status": "heartbeat",
      "gamma_up": 0.505,
      "gamma_down": 0.495,
      "clob_up_ask": 0.65,
      "clob_down_ask": 0.36,
      "seconds_left": 284.7618646621704,
      "min_spread": 0.010000000000000009
    },
    {
      "ts": "2026-09-17T09:05:15.921793Z",
      "slug": "btc-updown-5m-1789635900",
      "status": "skip_price_below_threshold",
      "threshold": 0.7,
      "max_ask": 0.85,
      "win_streak": 4,
      "clob_up_ask": 0.65,
      "clob_down_ask": 0.36,
      "seconds_left": 284.7618646621704,
      "trigger_price": null
    },
    {
      "ts": "2026-09-17T09:05:19.031066Z",
      "slug": "btc-updown-5m-1789635900",
      "status": "heartbeat",
      "gamma_up": 0.505,
      "gamma_down": 0.495,
      "clob_up_ask": 0.64,
      "clob_down_ask": 0.37,
      "seconds_left": 281.72130250930786,
      "min_spread": 0.010000000000000009
    },
    {
      "ts": "2026-09-17T09:05:19.031093Z",
      "slug": "btc-updown-5m-1789635900",
      "status": "skip_price_below_threshold",
      "threshold": 0.7,
      "max_ask": 0.85,
      "win_streak": 4,
      "clob_up_ask": 0.64,
      "clob_down_ask": 0.37,
      "seconds_left": 281.72130250930786,
      "trigger_price": null
    },
    {
      "ts": "2026-09-17T09:05:22.380628Z",
      "slug": "btc-updown-5m-1789635900",
      "status": "heartbeat",
      "gamma_up": 0.505,
      "gamma_down": 0.495,
      "clob_up_ask": 0.59,
      "clob_down_ask": 0.44,
      "seconds_left": 278.3875422477722,
      "min_spread": 0.010000000000000009
    },
    {
      "ts": "2026-09-17T09:05:22.380654Z",
      "slug": "btc-updown-5m-1789635900",
      "status": "skip_price_below_threshold",
      "threshold": 0.7,
      "max_ask": 0.85,
      "win_streak": 4,
      "clob_up_ask": 0.59,
      "clob_down_ask": 0.44,
      "seconds_left": 278.3875422477722,
      "trigger_price": null
    },
    {
      "ts": "2026-09-17T09:05:25.379186Z",
      "slug": "btc-updown-5m-1789635900",
      "status": "heartbeat",
      "gamma_up": 0.505,
      "gamma_down": 0.495,
      "clob_up_ask": 0.52,
      "clob_down_ask": 0.5,
      "seconds_left": 275.27893018722534,
      "min_spread": 0.010000000000000009
    },
    {
      "ts": "2026-09-17T09:05:25.379209Z",
      "slug": "btc-updown-5m-1789635900",
      "status": "skip_price_below_threshold",
      "threshold": 0.7,
      "max_ask": 0.85,
      "win_streak": 4,
      "clob_up_ask": 0.52,
      "clob_down_ask": 0.5,
      "seconds_left": 275.27893018722534,
      "trigger_price": null
    },
    {
      "ts": "2026-09-17T09:05:28.350311Z",
      "slug": "btc-updown-5m-1789635900",
      "status": "heartbeat",
      "gamma_up": 0.505,
      "gamma_down": 0.495,
      "clob_up_ask": 0.55,
      "clob_down_ask": 0.45,
      "seconds_left": 272.2966134548187,
      "min_spread": 0.010000000000000009
    },
    {
      "ts": "2026-09-17T09:05:28.350332Z",
      "slug": "btc-updown-5m-1789635900",
      "status": "skip_price_below_threshold",
      "threshold": 0.7,
      "max_ask": 0.85,
      "win_streak": 4,
      "clob_up_ask": 0.55,
      "clob_down_ask": 0.45,
      "seconds_left": 272.2966134548187,
      "trigger_price": null
    },
    {
      "ts": "2026-09-17T09:05:31.316919Z",
      "slug": "btc-updown-5m-1789635900",
      "status": "heartbeat",
      "gamma_up": 0.505,
      "gamma_down": 0.495,
      "clob_up_ask": 0.62,
      "clob_down_ask": 0.39,
      "seconds_left": 269.3485584259033,
      "min_spread": 0.010000000000000009
    },
    {
      "ts": "2026-09-17T09:05:31.316946Z",
      "slug": "btc-updown-5m-1789635900",
      "status": "skip_price_below_threshold",
      "threshold": 0.7,
      "max_ask": 0.85,
      "win_streak": 4,
      "clob_up_ask": 0.62,
      "clob_down_ask": 0.39,
      "seconds_left": 269.3485584259033,
      "trigger_price": null
    },
    {
      "ts": "2026-09-17T09:05:34.254010Z",
      "slug": "btc-updown-5m-1789635900",
      "status": "heartbeat",
      "gamma_up": 0.505,
      "gamma_down": 0.495,
      "clob_up_ask": 0.61,
      "clob_down_ask": 0.4,
      "seconds_left": 266.355593919754,
      "min_spread": 0.010000000000000009
    },
    {
      "ts": "2026-09-17T09:05:34.254033Z",
      "slug": "btc-updown-5m-1789635900",
      "status": "skip_price_below_threshold",
      "threshold": 0.7,
      "max_ask": 0.85,
      "win_streak": 4,
      "clob_up_ask": 0.61,
      "clob_down_ask": 0.4,
      "seconds_left": 266.355593919754,
      "trigger_price": null
    },
    {
      "ts": "2026-09-17T09:05:37.344365Z",
      "slug": "btc-updown-5m-1789635900",
      "status": "heartbeat",
      "gamma_up": 0.505,
      "gamma_down": 0.495,
      "clob_up_ask": 0.58,
      "clob_down_ask": 0.43,
      "seconds_left": 263.37878370285034,
      "min_spread": 0.010000000000000009
    },
    {
      "ts": "2026-09-17T09:05:37.344415Z",
      "slug": "btc-updown-5m-1789635900",
      "status": "skip_price_below_threshold",
      "threshold": 0.7,
      "max_ask": 0.85,
      "win_streak": 4,
      "clob_up_ask": 0.58,
      "clob_down_ask": 0.43,
      "seconds_left": 263.37878370285034,
      "trigger_price": null
    },
    {
      "ts": "2026-09-17T09:05:43.871593Z",
      "slug": "btc-updown-5m-1789635900",
      "status": "heartbeat",
      "gamma_up": 0.505,
      "gamma_down": 0.495,
      "clob_up_ask": 0.6,
      "clob_down_ask": 0.42,
      "seconds_left": 256.7631645202637,
      "min_spread": 0.010000000000000009
    },
    {
      "ts": "2026-09-17T09:05:43.871710Z",
      "slug": "btc-updown-5m-1789635900",
      "status": "skip_price_below_threshold",
      "threshold": 0.7,
      "max_ask": 0.85,
      "win_streak": 4,
      "clob_up_ask": 0.6,
      "clob_down_ask": 0.42,
      "seconds_left": 256.7631645202637,
      "trigger_price": null
    },
    {
      "ts": "2026-09-17T09:05:46.802714Z",
      "slug": "btc-updown-5m-1789635900",
      "status": "heartbeat",
      "gamma_up": 0.505,
      "gamma_down": 0.495,
      "clob_up_ask": 0.59,
      "clob_down_ask": 0.45,
      "seconds_left": 253.82483339309692,
      "min_spread": 0.010000000000000009
    },
    {
      "ts": "2026-09-17T09:05:46.802740Z",
      "slug": "btc-updown-5m-1789635900",
      "status": "skip_price_below_threshold",
      "threshold": 0.7,
      "max_ask": 0.85,
      "win_streak": 4,
      "clob_up_ask": 0.59,
      "clob_down_ask": 0.45,
      "seconds_left": 253.82483339309692,
      "trigger_price": null
    },
    {
      "ts": "2026-09-17T09:05:49.738442Z",
      "slug": "btc-updown-5m-1789635900",
      "status": "heartbeat",
      "gamma_up": 0.56,
      "gamma_down": 0.44,
      "clob_up_ask": 0.6,
      "clob_down_ask": 0.41,
      "seconds_left": 250.88351798057556,
      "min_spread": 0.009999999999999953
    },
    {
      "ts": "2026-09-17T09:05:49.738455Z",
      "slug": "btc-updown-5m-1789635900",
      "status": "skip_price_below_threshold",
      "threshold": 0.7,
      "max_ask": 0.85,
      "win_streak": 4,
      "clob_up_ask": 0.6,
      "clob_down_ask": 0.41,
      "seconds_left": 250.88351798057556,
      "trigger_price": null
    },
    {
      "ts": "2026-09-17T09:05:52.688203Z",
      "slug": "btc-updown-5m-1789635900",
      "status": "heartbeat",
      "gamma_up": 0.56,
      "gamma_down": 0.44,
      "clob_up_ask": 0.63,
      "clob_down_ask": 0.38,
      "seconds_left": 247.95137763023376,
      "min_spread": 0.010000000000000009
    },
    {
      "ts": "2026-09-17T09:05:52.688218Z",
      "slug": "btc-updown-5m-1789635900",
      "status": "skip_price_below_threshold",
      "threshold": 0.7,
      "max_ask": 0.85,
      "win_streak": 4,
      "clob_up_ask": 0.63,
      "clob_down_ask": 0.38,
      "seconds_left": 247.95137763023376,
      "trigger_price": null
    },
    {
      "ts": "2026-09-17T09:05:55.946287Z",
      "slug": "btc-updown-5m-1789635900",
      "status": "heartbeat",
      "gamma_up": 0.56,
      "gamma_down": 0.44,
      "clob_up_ask": 0.64,
      "clob_down_ask": 0.37,
      "seconds_left": 244.8841917514801,
      "min_spread": 0.010000000000000009
    },
    {
      "ts": "2026-09-17T09:05:55.946303Z",
      "slug": "btc-updown-5m-1789635900",
      "status": "skip_price_below_threshold",
      "threshold": 0.7,
      "max_ask": 0.85,
      "win_streak": 4,
      "clob_up_ask": 0.64,
      "clob_down_ask": 0.37,
      "seconds_left": 244.8841917514801,
      "trigger_price": null
    },
    {
      "ts": "2026-09-17T09:05:58.853849Z",
      "slug": "btc-updown-5m-1789635900",
      "status": "heartbeat",
      "gamma_up": 0.56,
      "gamma_down": 0.44,
      "clob_up_ask": 0.64,
      "clob_down_ask": 0.37,
      "seconds_left": 241.75329995155334,
      "min_spread": 0.010000000000000009
    },
    {
      "ts": "2026-09-17T09:05:58.853874Z",
      "slug": "btc-updown-5m-1789635900",
      "status": "skip_price_below_threshold",
      "threshold": 0.7,
      "max_ask": 0.85,
      "win_streak": 4,
      "clob_up_ask": 0.64,
      "clob_down_ask": 0.37,
      "seconds_left": 241.75329995155334,
      "trigger_price": null
    },
    {
      "ts": "2026-09-17T09:06:01.935315Z",
      "slug": "btc-updown-5m-1789635900",
      "status": "heartbeat",
      "gamma_up": 0.56,
      "gamma_down": 0.44,
      "clob_up_ask": 0.64,
      "clob_down_ask": 0.3,
      "seconds_left": 238.85659527778625,
      "min_spread": 0.010000000000000009
    },
    {
      "ts": "2026-09-17T09:06:01.935344Z",
      "slug": "btc-updown-5m-1789635900",
      "status": "skip_price_below_threshold",
      "threshold": 0.7,
      "max_ask": 0.85,
      "win_streak": 4,
      "clob_up_ask": 0.64,
      "clob_down_ask": 0.3,
      "seconds_left": 238.85659527778625,
      "trigger_price": null
    },
    {
      "ts": "2026-09-17T09:06:04.946779Z",
      "slug": "btc-updown-5m-1789635900",
      "status": "heartbeat",
      "gamma_up": 0.56,
      "gamma_down": 0.44,
      "clob_up_ask": 0.74,
      "clob_down_ask": 0.27,
      "seconds_left": 235.6668438911438,
      "min_spread": 0.010000000000000009
    }
  ],
  "open_raw": "{\"mode\": \"open\", \"execute\": true, \"market_slug\": \"btc-updown-5m-1789635900\", \"force_side\": \"UP\", \"token_id\": \"109444131917708078715638936013049236028924273373349449835465727452218866848113\", \"entry_price\": 0.75, \"notional_usd\": 5.0, \"top_ask_notional_usd\": 131.25, \"collateral_pusd\": 427.463683, \"order_post_result\": {\"errorMsg\": \"\", \"orderID\": \"0x3e34717b90056ce3873d65c2f7cd534f7ed18397a3dac9a9ab7b07382e3eaab8\", \"takingAmount\": \"6.172836\", \"makingAmount\": \"4.999997\", \"status\": \"matched\", \"transactionsHashes\": [\"0x366aa11a3cbef77dbf66642c56302e82c8345d3a0336260079d96429c8d60905\"], \"success\": true}}\n\n[py_clob_client_v2] request error status=400 url=https://clob.polymarket.com/auth/api-key body={\"error\":\"Could not create api key\"}\n\n",
  "opened": {
    "opened_at": "2026-09-17T09:06:09.949181Z",
    "market_slug": "btc-updown-5m-1789635900",
    "market_end_iso": "2026-09-17T09:10:00Z",
    "side": "UP",
    "token_id": "109444131917708078715638936013049236028924273373349449835465727452218866848113",
    "entry_price": 0.75,
    "shares": 6.172836,
    "cost_usdc": 4.999997,
    "open_order_id": "0x3e34717b90056ce3873d65c2f7cd534f7ed18397a3dac9a9ab7b07382e3eaab8",
    "open_tx": "0x366aa11a3cbef77dbf66642c56302e82c8345d3a0336260079d96429c8d60905"
  },
  "stop_loss_price": 0.07499999999999998,
  "last_side_price": 0.56,
  "last_clob_bid": 0.02,
  "last_check_at": "2026-09-17T09:09:38.738439Z",
  "close_debug": [
    {
      "ts": "2026-09-17T09:09:44.756691Z",
      "attempt": 1,
      "order_type": "FAK",
      "status": "error",
      "close_skipped": ""
    },
    {
      "ts": "2026-09-17T09:09:49.953819Z",
      "attempt": 2,
      "order_type": "FAK",
      "status": "error",
      "close_skipped": ""
    },
    {
      "ts": "2026-09-17T09:09:58.789146Z",
      "attempt": 3,
      "order_type": "FAK",
      "status": "error",
      "close_skipped": ""
    },
    {
      "ts": "2026-09-17T09:10:04.024642Z",
      "attempt": 4,
      "order_type": "FAK",
      "status": "error",
      "close_skipped": ""
    },
    {
      "ts": "2026-09-17T09:10:09.333053Z",
      "attempt": 5,
      "order_type": "FAK",
      "status": "error",
      "close_skipped": ""
    },
    {
      "ts": "2026-09-17T09:10:14.465510Z",
      "attempt": 6,
      "order_type": "FAK",
      "status": "error",
      "close_skipped": ""
    },
    {
      "ts": "2026-09-17T09:10:19.747870Z",
      "attempt": 7,
      "order_type": "FAK",
      "status": "error",
      "close_skipped": ""
    },
    {
      "ts": "2026-09-17T09:10:24.906007Z",
      "attempt": 8,
      "order_type": "FAK",
      "status": "error",
      "close_skipped": ""
    },
    {
      "ts": "2026-09-17T09:10:34.071992Z",
      "attempt": 9,
      "order_type": "FAK",
      "status": "error",
      "close_skipped": ""
    },
    {
      "ts": "2026-09-17T09:10:39.427102Z",
      "attempt": 10,
      "order_type": "FAK",
      "status": "error",
      "close_skipped": ""
    },
    {
      "ts": "2026-09-17T09:10:59.343806Z",
      "attempt": 11,
      "order_type": "FAK",
      "status": "error",
      "close_skipped": ""
    },
    {
      "ts": "2026-09-17T09:11:08.196610Z",
      "attempt": 12,
      "order_type": "FAK",
      "status": "error",
      "close_skipped": ""
    },
    {
      "ts": "2026-09-17T09:11:13.405869Z",
      "attempt": 13,
      "order_type": "FAK",
      "status": "error",
      "close_skipped": ""
    },
    {
      "ts": "2026-09-17T09:11:18.690903Z",
      "attempt": 14,
      "order_type": "FAK",
      "status": "error",
      "close_skipped": ""
    },
    {
      "ts": "2026-09-17T09:11:24.384355Z",
      "attempt": 15,
      "order_type": "FAK",
      "status": "error",
      "close_skipped": ""
    },
    {
      "ts": "2026-09-17T09:11:29.671099Z",
      "attempt": 16,
      "order_type": "FAK",
      "status": "error",
      "close_skipped": ""
    },
    {
      "ts": "2026-09-17T09:11:35.130774Z",
      "attempt": 17,
      "order_type": "FAK",
      "status": "error",
      "close_skipped": ""
    },
    {
      "ts": "2026-09-17T09:11:43.988651Z",
      "attempt": 18,
      "order_type": "FAK",
      "status": "error",
      "close_skipped": ""
    },
    {
      "ts": "2026-09-17T09:11:49.346105Z",
      "attempt": 19,
      "order_type": "FAK",
      "status": "error",
      "close_skipped": ""
    },
    {
      "ts": "2026-09-17T09:11:54.492879Z",
      "attempt": 20,
      "order_type": "FAK",
      "status": "error",
      "close_skipped": ""
    },
    {
      "ts": "2026-09-17T09:11:59.823536Z",
      "attempt": 21,
      "order_type": "FAK",
      "status": "error",
      "close_skipped": ""
    },
    {
      "ts": "2026-09-17T09:12:05.380649Z",
      "attempt": 22,
      "order_type": "FAK",
      "status": "error",
      "close_skipped": ""
    },
    {
      "ts": "2026-09-17T09:12:10.636531Z",
      "attempt": 23,
      "order_type": "FAK",
      "status": "error",
      "close_skipped": ""
    },
    {
      "ts": "2026-09-17T09:12:19.562388Z",
      "attempt": 24,
      "order_type": "FAK",
      "status": "error",
      "close_skipped": ""
    },
    {
      "ts": "2026-09-17T09:12:24.741873Z",
      "attempt": 25,
      "order_type": "FAK",
      "status": "error",
      "close_skipped": ""
    },
    {
      "ts": "2026-09-17T09:12:45.000013Z",
      "attempt": 26,
      "order_type": "FAK",
      "status": "error",
      "close_skipped": ""
    },
    {
      "ts": "2026-09-17T09:12:45.883329Z",
      "attempt": 26,
      "order_type": "SKIP_DEAD_BOOK",
      "status": "no_salvage_bid",
      "close_skipped": ""
    },
    {
      "ts": "2026-09-17T09:12:51.215819Z",
      "attempt": 27,
      "order_type": "FAK",
      "status": "error",
      "close_skipped": ""
    },
    {
      "ts": "2026-09-17T09:12:55.565036Z",
      "attempt": 27,
      "order_type": "SKIP_DEAD_BOOK",
      "status": "no_salvage_bid",
      "close_skipped": ""
    },
    {
      "ts": "2026-09-17T09:13:00.953999Z",
      "attempt": 28,
      "order_type": "FAK",
      "status": "error",
      "close_skipped": ""
    },
    {
      "ts": "2026-09-17T09:13:01.709309Z",
      "attempt": 28,
      "order_type": "SKIP_DEAD_BOOK",
      "status": "no_salvage_bid",
      "close_skipped": ""
    },
    {
      "ts": "2026-09-17T09:13:21.603627Z",
      "attempt": 29,
      "order_type": "FAK",
      "status": "error",
      "close_skipped": ""
    },
    {
      "ts": "2026-09-17T09:13:22.340548Z",
      "attempt": 29,
      "order_type": "SKIP_DEAD_BOOK",
      "status": "no_salvage_bid",
      "close_skipped": ""
    },
    {
      "ts": "2026-09-17T09:13:27.647283Z",
      "attempt": 30,
      "order_type": "FAK",
      "status": "error",
      "close_skipped": ""
    },
    {
      "ts": "2026-09-17T09:13:31.984296Z",
      "attempt": 30,
      "order_type": "SKIP_DEAD_BOOK",
      "status": "no_salvage_bid",
      "close_skipped": ""
    }
  ],
  "close_raw": "{\"error\": \"PolyApiException[status_code=404, error_message={'error': 'No orderbook exists for the requested token id'}]\", \"order_post_result\": {\"success\": false, \"status\": \"error\", \"errorMsg\": \"PolyApiException[status_code=404, error_message={'error': 'No orderbook exists for the requested token id'}]\"}, \"close_skipped\": \"\"}\n\n[py_clob_client_v2] request error status=400 url=https://clob.polymarket.com/auth/api-key body={\"error\":\"Could not create api key\"}\n\n[py_clob_client_v2] request error status=404 url=https://clob.polymarket.com/book body={\"error\":\"No orderbook exists for the requested token id\"}\n\n",
  "closed": {
    "close_reason": "time_exit_20s_before_end",
    "closed_at": "2026-09-17T09:13:33.984473Z",
    "close_success": false,
    "close_status": "error",
    "close_order_id": null,
    "close_tx": null,
    "close_shares": 0.0,
    "close_usdc": 0.0,
    "close_skipped": ""
  },
  "realized_cashflow_pnl_usdc": null,
  "finished_at": "2026-09-17T09:13:33.984593Z",
  "result": "done"
}
[2026-09-17T09:13:34Z] session_end rc=0 sessions=10 stake_usd=5
journal_ok trades=165 md=/home/yukeen/polymarketbot/5min-btc-polymarket/data/live_trades.md json=/home/yukeen/polymarketbot/5min-btc-polymarket/data/live_trades.json
[2026-09-17T09:15:29Z] fills=10/12 sessions=10/36
[py_clob_client_v2] request error status=400 url=https://clob.polymarket.com/auth/api-key body={"error":"Could not create api key"}

[2026-09-17T09:15:45Z] cash=422.397196
[py_clob_client_v2] request error status=400 url=https://clob.polymarket.com/auth/api-key body={"error":"Could not create api key"}

[2026-09-17T09:16:06Z] cash_retry=422.397196
[2026-09-17T09:16:14Z] session_begin sessions=10 fills=10 stake_usd=5
[py_clob_client_v2] request error status=400 url=https://clob.polymarket.com/auth/api-key body={"error":"Could not create api key"}

{
  "started_at": "2026-09-17T09:16:14.796831Z",
  "params": {
    "profile": "conservative",
    "threshold": 0.7,
    "stake_usd": 5.0,
    "stop_loss_pct": 0.9,
    "exit_before_sec": 20,
    "min_entry_seconds_left": 60,
    "entry_timeout_min": 12,
    "poll_sec": 2.0,
    "max_ask": 0.85,
    "expensive_ask": 0.8,
    "expensive_after_wins": 3,
    "close_retry_max": 30,
    "close_retry_delay_sec": 2.0,
    "execute": true,
    "win_streak": 0
  },
  "attempts": [
    {
      "ts": "2026-09-17T09:16:34.551802Z",
      "slug": "btc-updown-5m-1789636500",
      "status": "heartbeat",
      "gamma_up": 0.495,
      "gamma_down": 0.505,
      "clob_up_ask": 0.2,
      "clob_down_ask": 0.81,
      "seconds_left": 206.3034007549286,
      "min_spread": 0.010000000000000009
    }
  ],
  "open_raw": "{\"mode\": \"open\", \"execute\": true, \"market_slug\": \"btc-updown-5m-1789636500\", \"force_side\": \"DOWN\", \"token_id\": \"87928420439766286541829220987323541533012605551088625807048858558998783911329\", \"entry_price\": 0.82, \"notional_usd\": 5.0, \"top_ask_notional_usd\": 32.8, \"collateral_pusd\": 422.397196, \"order_post_result\": {\"errorMsg\": \"\", \"orderID\": \"0x979cccaf221f00715160307f9f9e1308acc7a0d99def5e89fc2202906ba014ad\", \"takingAmount\": \"6.097561\", \"makingAmount\": \"5\", \"status\": \"matched\", \"transactionsHashes\": [\"0x9c0c511987689c2a72917027ed3b87008590cbc21b2c3c223ea1e47e77cf6e85\"], \"success\": true}}\n\n[py_clob_client_v2] request error status=400 url=https://clob.polymarket.com/auth/api-key body={\"error\":\"Could not create api key\"}\n\n",
  "opened": {
    "opened_at": "2026-09-17T09:16:39.549501Z",
    "market_slug": "btc-updown-5m-1789636500",
    "market_end_iso": "2026-09-17T09:20:00Z",
    "side": "DOWN",
    "token_id": "87928420439766286541829220987323541533012605551088625807048858558998783911329",
    "entry_price": 0.82,
    "shares": 6.097561,
    "cost_usdc": 5.0,
    "open_order_id": "0x979cccaf221f00715160307f9f9e1308acc7a0d99def5e89fc2202906ba014ad",
    "open_tx": "0x9c0c511987689c2a72917027ed3b87008590cbc21b2c3c223ea1e47e77cf6e85"
  },
  "stop_loss_price": 0.08199999999999998,
  "last_side_price": 0.485,
  "last_clob_bid": 0.997,
  "last_check_at": "2026-09-17T09:19:39.216673Z",
  "close_debug": [
    {
      "ts": "2026-09-17T09:19:45.869121Z",
      "attempt": 1,
      "order_type": "FAK",
      "status": "matched",
      "close_skipped": ""
    }
  ],
  "close_raw": "{\"mode\": \"close\", \"execute\": true, \"market_slug\": \"btc-updown-5m-1789636500\", \"token_id\": \"87928420439766286541829220987323541533012605551088625807048858558998783911329\", \"requested_shares\": 6.097561, \"close_order_type\": \"FAK\", \"close_limit_price\": null, \"available_shares\": 6.097561, \"sell_shares\": 6.0975, \"order_post_result\": {\"errorMsg\": \"\", \"orderID\": \"0xb60ceb8a9da333a2536007124e4899a03c11781d418e96358b17a9204c6d8e4b\", \"takingAmount\": \"6.08391\", \"makingAmount\": \"6.09\", \"status\": \"matched\", \"transactionsHashes\": [\"0x10fa5b0fa7c6e47bfc62c4f783704e8d4093b75b0219853f6a2ed5d49532b308\"], \"success\": true}, \"close_skipped\": \"\"}\n\n[py_clob_client_v2] request error status=400 url=https://clob.polymarket.com/auth/api-key body={\"error\":\"Could not create api key\"}\n\n",
  "closed": {
    "close_reason": "time_exit_20s_before_end",
    "closed_at": "2026-09-17T09:19:45.869176Z",
    "close_success": true,
    "close_status": "matched",
    "close_order_id": "0xb60ceb8a9da333a2536007124e4899a03c11781d418e96358b17a9204c6d8e4b",
    "close_tx": "0x10fa5b0fa7c6e47bfc62c4f783704e8d4093b75b0219853f6a2ed5d49532b308",
    "close_shares": 6.09,
    "close_usdc": 6.08391,
    "close_skipped": ""
  },
  "realized_cashflow_pnl_usdc": 1.08391,
  "finished_at": "2026-09-17T09:19:45.869197Z",
  "result": "done"
}
[2026-09-17T09:19:45Z] session_end rc=0 sessions=11 stake_usd=5
journal_ok trades=166 md=/home/yukeen/polymarketbot/5min-btc-polymarket/data/live_trades.md json=/home/yukeen/polymarketbot/5min-btc-polymarket/data/live_trades.json
[2026-09-17T09:21:18Z] fills=11/12 sessions=11/36
[py_clob_client_v2] request error status=400 url=https://clob.polymarket.com/auth/api-key body={"error":"Could not create api key"}

[2026-09-17T09:21:38Z] cash=423.417686
[py_clob_client_v2] request error status=400 url=https://clob.polymarket.com/auth/api-key body={"error":"Could not create api key"}

[2026-09-17T09:21:55Z] cash_retry=423.417686
[2026-09-17T09:22:03Z] session_begin sessions=11 fills=11 stake_usd=5
[py_clob_client_v2] request error status=400 url=https://clob.polymarket.com/auth/api-key body={"error":"Could not create api key"}

{
  "started_at": "2026-09-17T09:22:03.879385Z",
  "params": {
    "profile": "conservative",
    "threshold": 0.7,
    "stake_usd": 5.0,
    "stop_loss_pct": 0.9,
    "exit_before_sec": 20,
    "min_entry_seconds_left": 60,
    "entry_timeout_min": 12,
    "poll_sec": 2.0,
    "max_ask": 0.85,
    "expensive_ask": 0.8,
    "expensive_after_wins": 3,
    "close_retry_max": 30,
    "close_retry_delay_sec": 2.0,
    "execute": true,
    "win_streak": 1
  },
  "attempts": [
    {
      "ts": "2026-09-17T09:22:05.072762Z",
      "slug": "btc-updown-5m-1789636800",
      "status": "heartbeat",
      "gamma_up": 0.495,
      "gamma_down": 0.505,
      "clob_up_ask": 0.77,
      "clob_down_ask": 0.24,
      "seconds_left": 175.83866238594055,
      "min_spread": 0.009999999999999981
    }
  ],
  "open_raw": "{\"mode\": \"open\", \"execute\": true, \"market_slug\": \"btc-updown-5m-1789636800\", \"force_side\": \"UP\", \"token_id\": \"30825399767162668179326510166188041737516063639399447478944165213731367440043\", \"entry_price\": 0.74, \"notional_usd\": 5.0, \"top_ask_notional_usd\": 71.52839999999999, \"collateral_pusd\": 423.417686, \"order_post_result\": {\"errorMsg\": \"\", \"orderID\": \"0xa1e4166cf01d1a2d12533c1efebf455727b35a2ff4d3c5c43206a8d4d1620118\", \"takingAmount\": \"6.410254\", \"makingAmount\": \"4.999998\", \"status\": \"matched\", \"transactionsHashes\": [\"0xad1bcc9b2ad3dd9642e3ddb92d5ed30570db75303a8b83fdda113b026879d31c\"], \"success\": true}}\n\n[py_clob_client_v2] request error status=400 url=https://clob.polymarket.com/auth/api-key body={\"error\":\"Could not create api key\"}\n\n",
  "opened": {
    "opened_at": "2026-09-17T09:22:10.118640Z",
    "market_slug": "btc-updown-5m-1789636800",
    "market_end_iso": "2026-09-17T09:25:00Z",
    "side": "UP",
    "token_id": "30825399767162668179326510166188041737516063639399447478944165213731367440043",
    "entry_price": 0.74,
    "shares": 6.410254,
    "cost_usdc": 4.999998,
    "open_order_id": "0xa1e4166cf01d1a2d12533c1efebf455727b35a2ff4d3c5c43206a8d4d1620118",
    "open_tx": "0xad1bcc9b2ad3dd9642e3ddb92d5ed30570db75303a8b83fdda113b026879d31c"
  },
  "stop_loss_price": 0.07399999999999998,
  "last_side_price": 0.745,
  "last_clob_bid": 0.999,
  "last_check_at": "2026-09-17T09:24:34.845819Z",
  "close_debug": [
    {
      "ts": "2026-09-17T09:24:55.150363Z",
      "attempt": 1,
      "order_type": "FAK",
      "status": "matched",
      "close_skipped": ""
    }
  ],
  "close_raw": "{\"mode\": \"close\", \"execute\": true, \"market_slug\": \"btc-updown-5m-1789636800\", \"token_id\": \"30825399767162668179326510166188041737516063639399447478944165213731367440043\", \"requested_shares\": 6.410254, \"close_order_type\": \"FAK\", \"close_limit_price\": null, \"available_shares\": 6.410254, \"sell_shares\": 6.4102, \"order_post_result\": {\"errorMsg\": \"\", \"orderID\": \"0xfb8ea0862d128b696dce1df1abdeec649a5de325002ed2fb3debef369c35a3c2\", \"takingAmount\": \"6.40359\", \"makingAmount\": \"6.41\", \"status\": \"matched\", \"transactionsHashes\": [\"0x224754aeb2d452123247a2bd73a23c2247cbc9d9819811ff6c83949facbc3fcd\"], \"success\": true}, \"close_skipped\": \"\"}\n\n[py_clob_client_v2] request error status=400 url=https://clob.polymarket.com/auth/api-key body={\"error\":\"Could not create api key\"}\n\n",
  "closed": {
    "close_reason": "time_exit_20s_before_end",
    "closed_at": "2026-09-17T09:24:55.150407Z",
    "close_success": true,
    "close_status": "matched",
    "close_order_id": "0xfb8ea0862d128b696dce1df1abdeec649a5de325002ed2fb3debef369c35a3c2",
    "close_tx": "0x224754aeb2d452123247a2bd73a23c2247cbc9d9819811ff6c83949facbc3fcd",
    "close_shares": 6.41,
    "close_usdc": 6.40359,
    "close_skipped": ""
  },
  "realized_cashflow_pnl_usdc": 1.403592,
  "finished_at": "2026-09-17T09:24:55.150427Z",
  "result": "done"
}
[2026-09-17T09:24:55Z] session_end rc=0 sessions=12 stake_usd=5
journal_ok trades=167 md=/home/yukeen/polymarketbot/5min-btc-polymarket/data/live_trades.md json=/home/yukeen/polymarketbot/5min-btc-polymarket/data/live_trades.json
[2026-09-17T09:26:04Z] fills=12/12 sessions=12/36
[2026-09-17T09:26:04Z] stop_max_fills=12
[2026-09-17T09:26:04Z] loop_exit
