[py_clob_client_v2] request error status=400 url=https://clob.polymarket.com/auth/api-key body={"error":"Could not create api key"}

[2026-09-16T17:20:26Z] start_cash=62.132971
{"martingale": true, "next_stake": 5.0, "loss_streak": 0, "last_outcome": "win", "last_opened_at": "2026-09-16T17:15:54.140629Z", "applied": 1}
[2026-09-16T17:20:26Z] session_begin trades=0 stake_usd=5.0
[py_clob_client_v2] request error status=400 url=https://clob.polymarket.com/auth/api-key body={"error":"Could not create api key"}

{
  "started_at": "2026-09-16T17:20:26.805881Z",
  "params": {
    "profile": "conservative",
    "threshold": 0.7,
    "stake_usd": 5.0,
    "stop_loss_pct": 0.9,
    "exit_before_sec": 20,
    "min_entry_seconds_left": 60,
    "entry_timeout_min": 12,
    "poll_sec": 5.0,
    "close_retry_max": 30,
    "close_retry_delay_sec": 2.0,
    "execute": true
  },
  "attempts": [
    {
      "ts": "2026-09-16T17:20:27.860753Z",
      "slug": "btc-updown-5m-1789579200",
      "status": "heartbeat",
      "gamma_up": 0.495,
      "gamma_down": 0.505,
      "clob_up_ask": 0.66,
      "clob_down_ask": 0.35,
      "seconds_left": 272.8930826187134,
      "min_spread": 0.009999999999999953
    },
    {
      "ts": "2026-09-16T17:20:27.860779Z",
      "slug": "btc-updown-5m-1789579200",
      "status": "skip_price_below_threshold",
      "threshold": 0.7,
      "clob_up_ask": 0.66,
      "clob_down_ask": 0.35,
      "seconds_left": 272.8930826187134
    },
    {
      "ts": "2026-09-16T17:20:33.935055Z",
      "slug": "btc-updown-5m-1789579200",
      "status": "heartbeat",
      "gamma_up": 0.495,
      "gamma_down": 0.505,
      "clob_up_ask": 0.56,
      "clob_down_ask": 0.46,
      "seconds_left": 266.8338370323181,
      "min_spread": 0.010000000000000009
    },
    {
      "ts": "2026-09-16T17:20:33.935068Z",
      "slug": "btc-updown-5m-1789579200",
      "status": "skip_price_below_threshold",
      "threshold": 0.7,
      "clob_up_ask": 0.56,
      "clob_down_ask": 0.46,
      "seconds_left": 266.8338370323181
    },
    {
      "ts": "2026-09-16T17:20:40.020502Z",
      "slug": "btc-updown-5m-1789579200",
      "status": "heartbeat",
      "gamma_up": 0.495,
      "gamma_down": 0.505,
      "clob_up_ask": 0.49,
      "clob_down_ask": 0.51,
      "seconds_left": 260.7518949508667,
      "min_spread": 0.010000000000000009
    },
    {
      "ts": "2026-09-16T17:20:40.020528Z",
      "slug": "btc-updown-5m-1789579200",
      "status": "skip_price_below_threshold",
      "threshold": 0.7,
      "clob_up_ask": 0.49,
      "clob_down_ask": 0.51,
      "seconds_left": 260.7518949508667
    },
    {
      "ts": "2026-09-16T17:20:46.085628Z",
      "slug": "btc-updown-5m-1789579200",
      "status": "heartbeat",
      "gamma_up": 0.495,
      "gamma_down": 0.505,
      "clob_up_ask": 0.57,
      "clob_down_ask": 0.44,
      "seconds_left": 254.6737036705017,
      "min_spread": 0.009999999999999898
    },
    {
      "ts": "2026-09-16T17:20:46.085641Z",
      "slug": "btc-updown-5m-1789579200",
      "status": "skip_price_below_threshold",
      "threshold": 0.7,
      "clob_up_ask": 0.57,
      "clob_down_ask": 0.44,
      "seconds_left": 254.6737036705017
    },
    {
      "ts": "2026-09-16T17:20:52.197095Z",
      "slug": "btc-updown-5m-1789579200",
      "status": "heartbeat",
      "gamma_up": 0.495,
      "gamma_down": 0.505,
      "clob_up_ask": 0.57,
      "clob_down_ask": 0.44,
      "seconds_left": 248.60301971435547,
      "min_spread": 0.009999999999999898
    },
    {
      "ts": "2026-09-16T17:20:52.197118Z",
      "slug": "btc-updown-5m-1789579200",
      "status": "skip_price_below_threshold",
      "threshold": 0.7,
      "clob_up_ask": 0.57,
      "clob_down_ask": 0.44,
      "seconds_left": 248.60301971435547
    },
    {
      "ts": "2026-09-16T17:21:01.921980Z",
      "slug": "btc-updown-5m-1789579200",
      "status": "heartbeat",
      "gamma_up": 0.495,
      "gamma_down": 0.505,
      "clob_up_ask": 0.58,
      "clob_down_ask": 0.43,
      "seconds_left": 238.87500596046448,
      "min_spread": 0.010000000000000009
    },
    {
      "ts": "2026-09-16T17:21:01.922011Z",
      "slug": "btc-updown-5m-1789579200",
      "status": "skip_price_below_threshold",
      "threshold": 0.7,
      "clob_up_ask": 0.58,
      "clob_down_ask": 0.43,
      "seconds_left": 238.87500596046448
    },
    {
      "ts": "2026-09-16T17:21:07.968981Z",
      "slug": "btc-updown-5m-1789579200",
      "status": "heartbeat",
      "gamma_up": 0.495,
      "gamma_down": 0.505,
      "clob_up_ask": 0.56,
      "clob_down_ask": 0.45,
      "seconds_left": 232.78715133666992,
      "min_spread": 0.010000000000000009
    },
    {
      "ts": "2026-09-16T17:21:07.969033Z",
      "slug": "btc-updown-5m-1789579200",
      "status": "skip_price_below_threshold",
      "threshold": 0.7,
      "clob_up_ask": 0.56,
      "clob_down_ask": 0.45,
      "seconds_left": 232.78715133666992
    },
    {
      "ts": "2026-09-16T17:21:14.070931Z",
      "slug": "btc-updown-5m-1789579200",
      "status": "heartbeat",
      "gamma_up": 0.495,
      "gamma_down": 0.505,
      "clob_up_ask": 0.59,
      "clob_down_ask": 0.42,
      "seconds_left": 226.72963976860046,
      "min_spread": 0.010000000000000009
    },
    {
      "ts": "2026-09-16T17:21:14.070955Z",
      "slug": "btc-updown-5m-1789579200",
      "status": "skip_price_below_threshold",
      "threshold": 0.7,
      "clob_up_ask": 0.59,
      "clob_down_ask": 0.42,
      "seconds_left": 226.72963976860046
    },
    {
      "ts": "2026-09-16T17:21:20.164027Z",
      "slug": "btc-updown-5m-1789579200",
      "status": "heartbeat",
      "gamma_up": 0.495,
      "gamma_down": 0.505,
      "clob_up_ask": 0.57,
      "clob_down_ask": 0.59,
      "seconds_left": 220.61779403686523,
      "min_spread": 0.009999999999999898
    },
    {
      "ts": "2026-09-16T17:21:20.164047Z",
      "slug": "btc-updown-5m-1789579200",
      "status": "skip_price_below_threshold",
      "threshold": 0.7,
      "clob_up_ask": 0.57,
      "clob_down_ask": 0.59,
      "seconds_left": 220.61779403686523
    },
    {
      "ts": "2026-09-16T17:21:26.248199Z",
      "slug": "btc-updown-5m-1789579200",
      "status": "heartbeat",
      "gamma_up": 0.495,
      "gamma_down": 0.505,
      "clob_up_ask": 0.33,
      "clob_down_ask": 0.68,
      "seconds_left": 214.53102946281433,
      "min_spread": 0.010000000000000009
    },
    {
      "ts": "2026-09-16T17:21:26.248221Z",
      "slug": "btc-updown-5m-1789579200",
      "status": "skip_price_below_threshold",
      "threshold": 0.7,
      "clob_up_ask": 0.33,
      "clob_down_ask": 0.68,
      "seconds_left": 214.53102946281433
    },
    {
      "ts": "2026-09-16T17:21:35.941157Z",
      "slug": "btc-updown-5m-1789579200",
      "status": "heartbeat",
      "gamma_up": 0.495,
      "gamma_down": 0.505,
      "clob_up_ask": 0.22,
      "clob_down_ask": 0.79,
      "seconds_left": 204.83792543411255,
      "min_spread": 0.010000000000000009
    }
  ],
  "open_raw": "{\"mode\": \"open\", \"execute\": true, \"market_slug\": \"btc-updown-5m-1789579200\", \"force_side\": \"DOWN\", \"token_id\": \"27742551225686299624495286180311039005722148653413356765227793726510595299718\", \"entry_price\": 0.79, \"notional_usd\": 5.0, \"top_ask_notional_usd\": 1335.7241000000001, \"collateral_pusd\": 62.132971, \"order_post_result\": {\"errorMsg\": \"\", \"orderID\": \"0xee1884f6588aeb7daf1985f5dbd5ad5382d94b650828284df7e31a6b1087dd80\", \"takingAmount\": \"6.493504\", \"makingAmount\": \"4.999998\", \"status\": \"matched\", \"transactionsHashes\": [\"0x726edd05394d2c31a34da37d138c8ed276ba6a4fd502890a70f7426e5a392583\"], \"success\": true}}\n\n[py_clob_client_v2] request error status=400 url=https://clob.polymarket.com/auth/api-key body={\"error\":\"Could not create api key\"}\n\n",
  "opened": {
    "opened_at": "2026-09-16T17:21:40.584841Z",
    "market_slug": "btc-updown-5m-1789579200",
    "market_end_iso": "2026-09-16T17:25:00Z",
    "side": "DOWN",
    "token_id": "27742551225686299624495286180311039005722148653413356765227793726510595299718",
    "entry_price": 0.79,
    "shares": 6.493504,
    "cost_usdc": 4.999998,
    "open_order_id": "0xee1884f6588aeb7daf1985f5dbd5ad5382d94b650828284df7e31a6b1087dd80",
    "open_tx": "0x726edd05394d2c31a34da37d138c8ed276ba6a4fd502890a70f7426e5a392583"
  },
  "stop_loss_price": 0.07899999999999999,
  "last_side_price": 0.505,
  "last_check_at": "2026-09-16T17:24:38.355569Z",
  "close_debug": [
    {
      "ts": "2026-09-16T17:24:47.875654Z",
      "attempt": 1,
      "order_type": "FAK",
      "status": "matched",
      "close_skipped": ""
    }
  ],
  "close_raw": "{\"mode\": \"close\", \"execute\": true, \"market_slug\": \"btc-updown-5m-1789579200\", \"token_id\": \"27742551225686299624495286180311039005722148653413356765227793726510595299718\", \"requested_shares\": 6.493504, \"close_order_type\": \"FAK\", \"close_limit_price\": null, \"available_shares\": 6.493504, \"sell_shares\": 6.4935, \"order_post_result\": {\"errorMsg\": \"\", \"orderID\": \"0xb1167fbc4d0d62120dc8022626b6d1ab00d6e8223bd55a4bbaa2cb3b6e39a4ba\", \"takingAmount\": \"6.48351\", \"makingAmount\": \"6.49\", \"status\": \"matched\", \"transactionsHashes\": [\"0x662157234062de7dbfe66f3050e323600ed0612da36df33e2460ca91b8b85290\"], \"success\": true}, \"close_skipped\": \"\"}\n\n[py_clob_client_v2] request error status=400 url=https://clob.polymarket.com/auth/api-key body={\"error\":\"Could not create api key\"}\n\n",
  "closed": {
    "close_reason": "time_exit_20s_before_end",
    "closed_at": "2026-09-16T17:24:47.875683Z",
    "close_success": true,
    "close_status": "matched",
    "close_order_id": "0xb1167fbc4d0d62120dc8022626b6d1ab00d6e8223bd55a4bbaa2cb3b6e39a4ba",
    "close_tx": "0x662157234062de7dbfe66f3050e323600ed0612da36df33e2460ca91b8b85290",
    "close_shares": 6.49,
    "close_usdc": 6.48351,
    "close_skipped": ""
  },
  "realized_cashflow_pnl_usdc": 1.483512,
  "finished_at": "2026-09-16T17:24:47.875706Z",
  "result": "done"
}
[2026-09-16T17:24:47Z] session_end rc=0 trades=1 stake_usd=5.0
journal_ok trades=82 md=/home/yukeen/polymarketbot/5min-btc-polymarket/data/live_trades.md json=/home/yukeen/polymarketbot/5min-btc-polymarket/data/live_trades.json
[py_clob_client_v2] request error status=400 url=https://clob.polymarket.com/auth/api-key body={"error":"Could not create api key"}

[2026-09-16T17:25:34Z] cash=63.535543
{"martingale": true, "next_stake": 5.0, "loss_streak": 0, "last_outcome": "win", "last_opened_at": "2026-09-16T17:21:40.584841Z", "applied": 1}
[2026-09-16T17:25:46Z] session_begin trades=1 stake_usd=5.0
[py_clob_client_v2] request error status=400 url=https://clob.polymarket.com/auth/api-key body={"error":"Could not create api key"}

{
  "started_at": "2026-09-16T17:25:46.532740Z",
  "params": {
    "profile": "conservative",
    "threshold": 0.7,
    "stake_usd": 5.0,
    "stop_loss_pct": 0.9,
    "exit_before_sec": 20,
    "min_entry_seconds_left": 60,
    "entry_timeout_min": 12,
    "poll_sec": 5.0,
    "close_retry_max": 30,
    "close_retry_delay_sec": 2.0,
    "execute": true
  },
  "attempts": [
    {
      "ts": "2026-09-16T17:25:47.605485Z",
      "slug": "btc-updown-5m-1789579500",
      "status": "heartbeat",
      "gamma_up": 0.505,
      "gamma_down": 0.495,
      "clob_up_ask": 0.79,
      "clob_down_ask": 0.22,
      "seconds_left": 253.17038488388062,
      "min_spread": 0.010000000000000009
    }
  ],
  "open_raw": "{\"mode\": \"open\", \"execute\": true, \"market_slug\": \"btc-updown-5m-1789579500\", \"force_side\": \"UP\", \"token_id\": \"39150281019798964227886953594688232626761685007819618227251463310988567299102\", \"entry_price\": 0.79, \"notional_usd\": 5.0, \"top_ask_notional_usd\": 75.05, \"collateral_pusd\": 63.535543, \"order_post_result\": {\"errorMsg\": \"\", \"orderID\": \"0x1237cef3249b1004b3a3decc0114fcabb0af9341a5c1714a26ad5d83d5c447e6\", \"takingAmount\": \"6.329114\", \"makingAmount\": \"5\", \"status\": \"matched\", \"transactionsHashes\": [\"0xa77bfbe65f07a076c85f919a2c881e6efe4b567c7c4fd36484be1fe1cdbe5677\"], \"success\": true}}\n\n[py_clob_client_v2] request error status=400 url=https://clob.polymarket.com/auth/api-key body={\"error\":\"Could not create api key\"}\n\n",
  "opened": {
    "opened_at": "2026-09-16T17:25:52.383843Z",
    "market_slug": "btc-updown-5m-1789579500",
    "market_end_iso": "2026-09-16T17:30:00Z",
    "side": "UP",
    "token_id": "39150281019798964227886953594688232626761685007819618227251463310988567299102",
    "entry_price": 0.79,
    "shares": 6.329114,
    "cost_usdc": 5.0,
    "open_order_id": "0x1237cef3249b1004b3a3decc0114fcabb0af9341a5c1714a26ad5d83d5c447e6",
    "open_tx": "0xa77bfbe65f07a076c85f919a2c881e6efe4b567c7c4fd36484be1fe1cdbe5677"
  },
  "stop_loss_price": 0.07899999999999999,
  "last_side_price": 0.795,
  "last_check_at": "2026-09-16T17:29:36.146777Z",
  "close_debug": [
    {
      "ts": "2026-09-16T17:29:45.734451Z",
      "attempt": 1,
      "order_type": "FAK",
      "status": "matched",
      "close_skipped": ""
    }
  ],
  "close_raw": "{\"mode\": \"close\", \"execute\": true, \"market_slug\": \"btc-updown-5m-1789579500\", \"token_id\": \"39150281019798964227886953594688232626761685007819618227251463310988567299102\", \"requested_shares\": 6.329114, \"close_order_type\": \"FAK\", \"close_limit_price\": null, \"available_shares\": 6.329114, \"sell_shares\": 6.3291, \"order_post_result\": {\"errorMsg\": \"\", \"orderID\": \"0x3cf7830863bfa69dd83d574aee462c7ece20cb1e022045e6642bfe59e1e7b534\", \"takingAmount\": \"6.2568\", \"makingAmount\": \"6.32\", \"status\": \"matched\", \"transactionsHashes\": [\"0x4c03cb30109937c1081a5c35f439153c9b9e7b5c5453c05860b14ad2f3906a14\"], \"success\": true}, \"close_skipped\": \"\"}\n\n[py_clob_client_v2] request error status=400 url=https://clob.polymarket.com/auth/api-key body={\"error\":\"Could not create api key\"}\n\n",
  "closed": {
    "close_reason": "time_exit_20s_before_end",
    "closed_at": "2026-09-16T17:29:45.734470Z",
    "close_success": true,
    "close_status": "matched",
    "close_order_id": "0x3cf7830863bfa69dd83d574aee462c7ece20cb1e022045e6642bfe59e1e7b534",
    "close_tx": "0x4c03cb30109937c1081a5c35f439153c9b9e7b5c5453c05860b14ad2f3906a14",
    "close_shares": 6.32,
    "close_usdc": 6.2568,
    "close_skipped": ""
  },
  "realized_cashflow_pnl_usdc": 1.2568,
  "finished_at": "2026-09-16T17:29:45.734485Z",
  "result": "done"
}
[2026-09-16T17:29:45Z] session_end rc=0 trades=2 stake_usd=5.0
journal_ok trades=83 md=/home/yukeen/polymarketbot/5min-btc-polymarket/data/live_trades.md json=/home/yukeen/polymarketbot/5min-btc-polymarket/data/live_trades.json
[py_clob_client_v2] request error status=400 url=https://clob.polymarket.com/auth/api-key body={"error":"Could not create api key"}

[2026-09-16T17:30:36Z] cash=64.714473
{"martingale": true, "next_stake": 5.0, "loss_streak": 0, "last_outcome": "win", "last_opened_at": "2026-09-16T17:25:52.383843Z", "applied": 1}
[2026-09-16T17:30:44Z] session_begin trades=2 stake_usd=5.0
[py_clob_client_v2] request error status=400 url=https://clob.polymarket.com/auth/api-key body={"error":"Could not create api key"}

{
  "started_at": "2026-09-16T17:30:45.119994Z",
  "params": {
    "profile": "conservative",
    "threshold": 0.7,
    "stake_usd": 5.0,
    "stop_loss_pct": 0.9,
    "exit_before_sec": 20,
    "min_entry_seconds_left": 60,
    "entry_timeout_min": 12,
    "poll_sec": 5.0,
    "close_retry_max": 30,
    "close_retry_delay_sec": 2.0,
    "execute": true
  },
  "attempts": [
    {
      "ts": "2026-09-16T17:30:46.185673Z",
      "slug": "btc-updown-5m-1789579800",
      "status": "heartbeat",
      "gamma_up": 0.505,
      "gamma_down": 0.495,
      "clob_up_ask": 0.48,
      "clob_down_ask": 0.53,
      "seconds_left": 254.5943431854248,
      "min_spread": 0.010000000000000009
    },
    {
      "ts": "2026-09-16T17:30:46.185706Z",
      "slug": "btc-updown-5m-1789579800",
      "status": "skip_price_below_threshold",
      "threshold": 0.7,
      "clob_up_ask": 0.48,
      "clob_down_ask": 0.53,
      "seconds_left": 254.5943431854248
    },
    {
      "ts": "2026-09-16T17:30:52.287639Z",
      "slug": "btc-updown-5m-1789579800",
      "status": "heartbeat",
      "gamma_up": 0.445,
      "gamma_down": 0.555,
      "clob_up_ask": 0.41,
      "clob_down_ask": 0.63,
      "seconds_left": 248.48687601089478,
      "min_spread": 0.009999999999999953
    },
    {
      "ts": "2026-09-16T17:30:52.287670Z",
      "slug": "btc-updown-5m-1789579800",
      "status": "skip_price_below_threshold",
      "threshold": 0.7,
      "clob_up_ask": 0.41,
      "clob_down_ask": 0.63,
      "seconds_left": 248.48687601089478
    },
    {
      "ts": "2026-09-16T17:30:58.417882Z",
      "slug": "btc-updown-5m-1789579800",
      "status": "heartbeat",
      "gamma_up": 0.445,
      "gamma_down": 0.555,
      "clob_up_ask": 0.38,
      "clob_down_ask": 0.7,
      "seconds_left": 242.38237071037292,
      "min_spread": 0.010000000000000009
    }
  ],
  "open_raw": "{\"mode\": \"open\", \"execute\": true, \"market_slug\": \"btc-updown-5m-1789579800\", \"force_side\": \"DOWN\", \"token_id\": \"28832771657092591407668692205584346556614726826210504784185667723975562850104\", \"entry_price\": 0.7, \"notional_usd\": 5.0, \"top_ask_notional_usd\": 420.518, \"collateral_pusd\": 64.714473, \"order_post_result\": {\"errorMsg\": \"\", \"orderID\": \"0xaaea6803363ff52cdebcdd0bcb73dad1c41ed6390e29e9e3177fc7b06820551e\", \"takingAmount\": \"7.575758\", \"makingAmount\": \"5\", \"status\": \"matched\", \"transactionsHashes\": [\"0x5db6793bac47477806eb94eca648e78cc622a28b01b5fedfc1bb68299604a567\"], \"success\": true}}\n\n[py_clob_client_v2] request error status=400 url=https://clob.polymarket.com/auth/api-key body={\"error\":\"Could not create api key\"}\n\n",
  "opened": {
    "opened_at": "2026-09-16T17:31:03.476815Z",
    "market_slug": "btc-updown-5m-1789579800",
    "market_end_iso": "2026-09-16T17:35:00Z",
    "side": "DOWN",
    "token_id": "28832771657092591407668692205584346556614726826210504784185667723975562850104",
    "entry_price": 0.7,
    "shares": 7.575758,
    "cost_usdc": 5.0,
    "open_order_id": "0xaaea6803363ff52cdebcdd0bcb73dad1c41ed6390e29e9e3177fc7b06820551e",
    "open_tx": "0x5db6793bac47477806eb94eca648e78cc622a28b01b5fedfc1bb68299604a567"
  },
  "stop_loss_price": 0.06999999999999998,
  "last_side_price": 0.555,
  "last_check_at": "2026-09-16T17:34:36.894150Z",
  "close_debug": [
    {
      "ts": "2026-09-16T17:34:50.188298Z",
      "attempt": 1,
      "order_type": "FAK",
      "status": "matched",
      "close_skipped": ""
    }
  ],
  "close_raw": "{\"mode\": \"close\", \"execute\": true, \"market_slug\": \"btc-updown-5m-1789579800\", \"token_id\": \"28832771657092591407668692205584346556614726826210504784185667723975562850104\", \"requested_shares\": 7.575758, \"close_order_type\": \"FAK\", \"close_limit_price\": null, \"available_shares\": 7.575758, \"sell_shares\": 7.5757, \"order_post_result\": {\"errorMsg\": \"\", \"orderID\": \"0x1ae4c01680d234f83861d6d9b7f662dc07195731c2f0b1885dae4c35d0660da6\", \"takingAmount\": \"7.4943\", \"makingAmount\": \"7.57\", \"status\": \"matched\", \"transactionsHashes\": [\"0x2fc9c455940c376656eb65cf583c564f2ac592a7b25f0bfc48b6ab971792a5c3\"], \"success\": true}, \"close_skipped\": \"\"}\n\n[py_clob_client_v2] request error status=400 url=https://clob.polymarket.com/auth/api-key body={\"error\":\"Could not create api key\"}\n\n",
  "closed": {
    "close_reason": "time_exit_20s_before_end",
    "closed_at": "2026-09-16T17:34:50.188327Z",
    "close_success": true,
    "close_status": "matched",
    "close_order_id": "0x1ae4c01680d234f83861d6d9b7f662dc07195731c2f0b1885dae4c35d0660da6",
    "close_tx": "0x2fc9c455940c376656eb65cf583c564f2ac592a7b25f0bfc48b6ab971792a5c3",
    "close_shares": 7.57,
    "close_usdc": 7.4943,
    "close_skipped": ""
  },
  "realized_cashflow_pnl_usdc": 2.4943,
  "finished_at": "2026-09-16T17:34:50.188471Z",
  "result": "done"
}
[2026-09-16T17:34:50Z] session_end rc=0 trades=3 stake_usd=5.0
journal_ok trades=84 md=/home/yukeen/polymarketbot/5min-btc-polymarket/data/live_trades.md json=/home/yukeen/polymarketbot/5min-btc-polymarket/data/live_trades.json
[py_clob_client_v2] request error status=400 url=https://clob.polymarket.com/auth/api-key body={"error":"Could not create api key"}

[2026-09-16T17:35:39Z] cash=67.084533
{"martingale": true, "next_stake": 5.0, "loss_streak": 0, "last_outcome": "win", "last_opened_at": "2026-09-16T17:31:03.476815Z", "applied": 1}
[2026-09-16T17:35:47Z] session_begin trades=3 stake_usd=5.0
[py_clob_client_v2] request error status=400 url=https://clob.polymarket.com/auth/api-key body={"error":"Could not create api key"}

{
  "started_at": "2026-09-16T17:35:48.516378Z",
  "params": {
    "profile": "conservative",
    "threshold": 0.7,
    "stake_usd": 5.0,
    "stop_loss_pct": 0.9,
    "exit_before_sec": 20,
    "min_entry_seconds_left": 60,
    "entry_timeout_min": 12,
    "poll_sec": 5.0,
    "close_retry_max": 30,
    "close_retry_delay_sec": 2.0,
    "execute": true
  },
  "attempts": [
    {
      "ts": "2026-09-16T17:35:49.551126Z",
      "slug": "btc-updown-5m-1789580100",
      "status": "heartbeat",
      "gamma_up": 0.115,
      "gamma_down": 0.885,
      "clob_up_ask": 0.13,
      "clob_down_ask": 0.88,
      "seconds_left": 251.19262099266052,
      "min_spread": 0.010000000000000009
    }
  ],
  "open_raw": "{\"mode\": \"open\", \"execute\": true, \"market_slug\": \"btc-updown-5m-1789580100\", \"force_side\": \"DOWN\", \"token_id\": \"22948264770502875810015868036121110342371312521830583841001086730427221407106\", \"entry_price\": 0.86, \"notional_usd\": 5.0, \"top_ask_notional_usd\": 632.272, \"collateral_pusd\": 67.084533, \"order_post_result\": {\"errorMsg\": \"\", \"orderID\": \"0x768ff9dfa08980838de44398c09e58bd2f772c2b49996393fcf7616289dd5364\", \"takingAmount\": \"5.617972\", \"makingAmount\": \"4.999995\", \"status\": \"matched\", \"transactionsHashes\": [\"0x08617346818015b788fdec9952f54709e5bfb5ebc266b85ed372cfc76c92d02f\"], \"success\": true}}\n\n[py_clob_client_v2] request error status=400 url=https://clob.polymarket.com/auth/api-key body={\"error\":\"Could not create api key\"}\n\n",
  "opened": {
    "opened_at": "2026-09-16T17:35:54.185164Z",
    "market_slug": "btc-updown-5m-1789580100",
    "market_end_iso": "2026-09-16T17:40:00Z",
    "side": "DOWN",
    "token_id": "22948264770502875810015868036121110342371312521830583841001086730427221407106",
    "entry_price": 0.86,
    "shares": 5.617972,
    "cost_usdc": 4.999995,
    "open_order_id": "0x768ff9dfa08980838de44398c09e58bd2f772c2b49996393fcf7616289dd5364",
    "open_tx": "0x08617346818015b788fdec9952f54709e5bfb5ebc266b85ed372cfc76c92d02f"
  },
  "stop_loss_price": 0.08599999999999998,
  "last_side_price": 0.885,
  "last_check_at": "2026-09-16T17:39:32.736908Z",
  "close_debug": [
    {
      "ts": "2026-09-16T17:39:45.765205Z",
      "attempt": 1,
      "order_type": "FAK",
      "status": "matched",
      "close_skipped": ""
    }
  ],
  "close_raw": "{\"mode\": \"close\", \"execute\": true, \"market_slug\": \"btc-updown-5m-1789580100\", \"token_id\": \"22948264770502875810015868036121110342371312521830583841001086730427221407106\", \"requested_shares\": 5.617972, \"close_order_type\": \"FAK\", \"close_limit_price\": null, \"available_shares\": 5.617972, \"sell_shares\": 5.6179, \"order_post_result\": {\"errorMsg\": \"\", \"orderID\": \"0x07a477fd9451fd8e1d50d1bdccb5b9b35cfce3fbc86d07f87109058c0510520c\", \"takingAmount\": \"5.5539\", \"makingAmount\": \"5.61\", \"status\": \"matched\", \"transactionsHashes\": [\"0xbdbcc59ea55cd87a0594e39230d2d752c9207cee1515988c94d82e4dcbd07cd5\"], \"success\": true}, \"close_skipped\": \"\"}\n\n[py_clob_client_v2] request error status=400 url=https://clob.polymarket.com/auth/api-key body={\"error\":\"Could not create api key\"}\n\n",
  "closed": {
    "close_reason": "time_exit_20s_before_end",
    "closed_at": "2026-09-16T17:39:45.765257Z",
    "close_success": true,
    "close_status": "matched",
    "close_order_id": "0x07a477fd9451fd8e1d50d1bdccb5b9b35cfce3fbc86d07f87109058c0510520c",
    "close_tx": "0xbdbcc59ea55cd87a0594e39230d2d752c9207cee1515988c94d82e4dcbd07cd5",
    "close_shares": 5.61,
    "close_usdc": 5.5539,
    "close_skipped": ""
  },
  "realized_cashflow_pnl_usdc": 0.553905,
  "finished_at": "2026-09-16T17:39:45.765280Z",
  "result": "done"
}
[2026-09-16T17:39:45Z] session_end rc=0 trades=4 stake_usd=5.0
journal_ok trades=85 md=/home/yukeen/polymarketbot/5min-btc-polymarket/data/live_trades.md json=/home/yukeen/polymarketbot/5min-btc-polymarket/data/live_trades.json
[py_clob_client_v2] request error status=400 url=https://clob.polymarket.com/auth/api-key body={"error":"Could not create api key"}

[2026-09-16T17:40:37Z] cash=67.596068
{"martingale": true, "next_stake": 5.0, "loss_streak": 0, "last_outcome": "win", "last_opened_at": "2026-09-16T17:35:54.185164Z", "applied": 1}
[2026-09-16T17:40:49Z] session_begin trades=4 stake_usd=5.0
[py_clob_client_v2] request error status=400 url=https://clob.polymarket.com/auth/api-key body={"error":"Could not create api key"}

{
  "started_at": "2026-09-16T17:40:49.909452Z",
  "params": {
    "profile": "conservative",
    "threshold": 0.7,
    "stake_usd": 5.0,
    "stop_loss_pct": 0.9,
    "exit_before_sec": 20,
    "min_entry_seconds_left": 60,
    "entry_timeout_min": 12,
    "poll_sec": 5.0,
    "close_retry_max": 30,
    "close_retry_delay_sec": 2.0,
    "execute": true
  },
  "attempts": [
    {
      "ts": "2026-09-16T17:40:50.971353Z",
      "slug": "btc-updown-5m-1789580400",
      "status": "heartbeat",
      "gamma_up": 0.505,
      "gamma_down": 0.495,
      "clob_up_ask": 0.78,
      "clob_down_ask": 0.23,
      "seconds_left": 249.79029965400696,
      "min_spread": 0.010000000000000009
    }
  ],
  "open_raw": "{\"mode\": \"open\", \"execute\": true, \"market_slug\": \"btc-updown-5m-1789580400\", \"force_side\": \"UP\", \"token_id\": \"24365420348470394077901892832265292489037827760839318420361212209571567350358\", \"entry_price\": 0.81, \"notional_usd\": 5.0, \"top_ask_notional_usd\": 610.5375, \"collateral_pusd\": 67.596068, \"order_post_result\": {\"errorMsg\": \"\", \"orderID\": \"0xc57b2242c90d0a14e525d92113e9e099aeba39d4cbb720b72d41562182a06fa8\", \"takingAmount\": \"6.024094\", \"makingAmount\": \"4.999998\", \"status\": \"matched\", \"transactionsHashes\": [\"0x0738f57538407d26ca6f03ecc5f9f2045c7381f317e4409be02847ea9e039b0f\"], \"success\": true}}\n\n[py_clob_client_v2] request error status=400 url=https://clob.polymarket.com/auth/api-key body={\"error\":\"Could not create api key\"}\n\n",
  "opened": {
    "opened_at": "2026-09-16T17:40:56.001419Z",
    "market_slug": "btc-updown-5m-1789580400",
    "market_end_iso": "2026-09-16T17:45:00Z",
    "side": "UP",
    "token_id": "24365420348470394077901892832265292489037827760839318420361212209571567350358",
    "entry_price": 0.81,
    "shares": 6.024094,
    "cost_usdc": 4.999998,
    "open_order_id": "0xc57b2242c90d0a14e525d92113e9e099aeba39d4cbb720b72d41562182a06fa8",
    "open_tx": "0x0738f57538407d26ca6f03ecc5f9f2045c7381f317e4409be02847ea9e039b0f"
  },
  "stop_loss_price": 0.08099999999999999,
  "last_side_price": 0.815,
  "last_check_at": "2026-09-16T17:44:40.202291Z",
  "close_debug": [
    {
      "ts": "2026-09-16T17:44:49.491986Z",
      "attempt": 1,
      "order_type": "FAK",
      "status": "error",
      "close_skipped": ""
    },
    {
      "ts": "2026-09-16T17:44:54.906154Z",
      "attempt": 2,
      "order_type": "FAK",
      "status": "error",
      "close_skipped": ""
    },
    {
      "ts": "2026-09-16T17:45:04.278443Z",
      "attempt": 3,
      "order_type": "FAK",
      "status": "error",
      "close_skipped": ""
    },
    {
      "ts": "2026-09-16T17:45:09.467481Z",
      "attempt": 4,
      "order_type": "FAK",
      "status": "error",
      "close_skipped": ""
    },
    {
      "ts": "2026-09-16T17:45:14.658500Z",
      "attempt": 5,
      "order_type": "FAK",
      "status": "error",
      "close_skipped": ""
    },
    {
      "ts": "2026-09-16T17:45:19.967424Z",
      "attempt": 6,
      "order_type": "FAK",
      "status": "error",
      "close_skipped": ""
    },
    {
      "ts": "2026-09-16T17:45:25.162200Z",
      "attempt": 7,
      "order_type": "FAK",
      "status": "error",
      "close_skipped": ""
    },
    {
      "ts": "2026-09-16T17:45:30.403303Z",
      "attempt": 8,
      "order_type": "FAK",
      "status": "error",
      "close_skipped": ""
    },
    {
      "ts": "2026-09-16T17:45:39.178993Z",
      "attempt": 9,
      "order_type": "FAK",
      "status": "error",
      "close_skipped": ""
    },
    {
      "ts": "2026-09-16T17:45:44.450446Z",
      "attempt": 10,
      "order_type": "FAK",
      "status": "error",
      "close_skipped": ""
    },
    {
      "ts": "2026-09-16T17:45:49.801233Z",
      "attempt": 11,
      "order_type": "FAK",
      "status": "error",
      "close_skipped": ""
    },
    {
      "ts": "2026-09-16T17:45:54.896616Z",
      "attempt": 12,
      "order_type": "FAK",
      "status": "error",
      "close_skipped": ""
    },
    {
      "ts": "2026-09-16T17:46:00.490386Z",
      "attempt": 13,
      "order_type": "FAK",
      "status": "error",
      "close_skipped": ""
    },
    {
      "ts": "2026-09-16T17:46:05.720126Z",
      "attempt": 14,
      "order_type": "FAK",
      "status": "error",
      "close_skipped": ""
    },
    {
      "ts": "2026-09-16T17:46:14.658451Z",
      "attempt": 15,
      "order_type": "FAK",
      "status": "error",
      "close_skipped": ""
    },
    {
      "ts": "2026-09-16T17:46:19.828628Z",
      "attempt": 16,
      "order_type": "FAK",
      "status": "error",
      "close_skipped": ""
    },
    {
      "ts": "2026-09-16T17:46:25.153057Z",
      "attempt": 17,
      "order_type": "FAK",
      "status": "error",
      "close_skipped": ""
    },
    {
      "ts": "2026-09-16T17:46:30.450230Z",
      "attempt": 18,
      "order_type": "FAK",
      "status": "error",
      "close_skipped": ""
    },
    {
      "ts": "2026-09-16T17:46:35.702882Z",
      "attempt": 19,
      "order_type": "FAK",
      "status": "error",
      "close_skipped": ""
    },
    {
      "ts": "2026-09-16T17:46:40.892085Z",
      "attempt": 20,
      "order_type": "FAK",
      "status": "error",
      "close_skipped": ""
    },
    {
      "ts": "2026-09-16T17:46:46.142261Z",
      "attempt": 21,
      "order_type": "FAK",
      "status": "error",
      "close_skipped": ""
    },
    {
      "ts": "2026-09-16T17:46:54.979069Z",
      "attempt": 22,
      "order_type": "FAK",
      "status": "error",
      "close_skipped": ""
    },
    {
      "ts": "2026-09-16T17:47:00.132655Z",
      "attempt": 23,
      "order_type": "FAK",
      "status": "error",
      "close_skipped": ""
    },
    {
      "ts": "2026-09-16T17:47:09.569724Z",
      "attempt": 24,
      "order_type": "FAK",
      "status": "error",
      "close_skipped": ""
    },
    {
      "ts": "2026-09-16T17:47:14.823349Z",
      "attempt": 25,
      "order_type": "FAK",
      "status": "error",
      "close_skipped": ""
    },
    {
      "ts": "2026-09-16T17:47:20.070012Z",
      "attempt": 26,
      "order_type": "FAK",
      "status": "error",
      "close_skipped": ""
    },
    {
      "ts": "2026-09-16T17:47:28.998413Z",
      "attempt": 27,
      "order_type": "FAK",
      "status": "error",
      "close_skipped": ""
    },
    {
      "ts": "2026-09-16T17:47:34.131060Z",
      "attempt": 28,
      "order_type": "FAK",
      "status": "error",
      "close_skipped": ""
    },
    {
      "ts": "2026-09-16T17:47:39.307969Z",
      "attempt": 29,
      "order_type": "FAK",
      "status": "error",
      "close_skipped": ""
    },
    {
      "ts": "2026-09-16T17:47:44.480322Z",
      "attempt": 30,
      "order_type": "FAK",
      "status": "error",
      "close_skipped": ""
    }
  ],
  "close_raw": "{\"error\": \"PolyApiException[status_code=404, error_message={'error': 'No orderbook exists for the requested token id'}]\", \"order_post_result\": {\"success\": false, \"status\": \"error\", \"errorMsg\": \"PolyApiException[status_code=404, error_message={'error': 'No orderbook exists for the requested token id'}]\"}, \"close_skipped\": \"\"}\n\n[py_clob_client_v2] request error status=400 url=https://clob.polymarket.com/auth/api-key body={\"error\":\"Could not create api key\"}\n\n[py_clob_client_v2] request error status=404 url=https://clob.polymarket.com/book body={\"error\":\"No orderbook exists for the requested token id\"}\n\n",
  "closed": {
    "close_reason": "time_exit_20s_before_end",
    "closed_at": "2026-09-16T17:47:46.480532Z",
    "close_success": false,
    "close_status": "error",
    "close_order_id": null,
    "close_tx": null,
    "close_shares": 0.0,
    "close_usdc": 0.0,
    "close_skipped": ""
  },
  "realized_cashflow_pnl_usdc": null,
  "finished_at": "2026-09-16T17:47:46.480563Z",
  "result": "done"
}
[2026-09-16T17:47:46Z] session_end rc=0 trades=5 stake_usd=5.0
journal_ok trades=86 md=/home/yukeen/polymarketbot/5min-btc-polymarket/data/live_trades.md json=/home/yukeen/polymarketbot/5min-btc-polymarket/data/live_trades.json
[py_clob_client_v2] request error status=400 url=https://clob.polymarket.com/auth/api-key body={"error":"Could not create api key"}

[2026-09-16T17:48:40Z] cash=62.53658
{"martingale": true, "next_stake": 10.0, "loss_streak": 1, "last_outcome": "loss", "last_opened_at": "2026-09-16T17:40:56.001419Z", "applied": 1}
[2026-09-16T17:48:48Z] session_begin trades=5 stake_usd=10.0
[py_clob_client_v2] request error status=400 url=https://clob.polymarket.com/auth/api-key body={"error":"Could not create api key"}

{
  "started_at": "2026-09-16T17:48:49.068109Z",
  "params": {
    "profile": "conservative",
    "threshold": 0.7,
    "stake_usd": 10.0,
    "stop_loss_pct": 0.9,
    "exit_before_sec": 20,
    "min_entry_seconds_left": 60,
    "entry_timeout_min": 12,
    "poll_sec": 5.0,
    "close_retry_max": 30,
    "close_retry_delay_sec": 2.0,
    "execute": true
  },
  "attempts": [
    {
      "ts": "2026-09-16T17:48:50.303184Z",
      "slug": "btc-updown-5m-1789580700",
      "status": "heartbeat",
      "gamma_up": 0.805,
      "gamma_down": 0.195,
      "clob_up_ask": 0.92,
      "clob_down_ask": 0.09,
      "seconds_left": 70.63316750526428,
      "min_spread": 0.009999999999999995
    }
  ],
  "open_raw": "{\"mode\": \"open\", \"execute\": true, \"market_slug\": \"btc-updown-5m-1789580700\", \"force_side\": \"UP\", \"token_id\": \"20605514143111735068895487309155098299258284500987492685228477621753085892726\", \"entry_price\": 0.93, \"notional_usd\": 10.0, \"top_ask_notional_usd\": 215.95530000000002, \"collateral_pusd\": 62.53658, \"order_post_result\": {\"errorMsg\": \"\", \"orderID\": \"0x48480ec0133cfa3d12d848361c1c57e9f270d4f7913eae0fd2cbb1440914a454\", \"takingAmount\": \"22.222223\", \"makingAmount\": \"10\", \"status\": \"matched\", \"transactionsHashes\": [\"0x97bdefc30b781bcc41c8e486a6158eb0fd1600653765f2882dea0f6487ff2692\"], \"success\": true}}\n\n[py_clob_client_v2] request error status=400 url=https://clob.polymarket.com/auth/api-key body={\"error\":\"Could not create api key\"}\n\n",
  "opened": {
    "opened_at": "2026-09-16T17:48:55.013123Z",
    "market_slug": "btc-updown-5m-1789580700",
    "market_end_iso": "2026-09-16T17:50:00Z",
    "side": "UP",
    "token_id": "20605514143111735068895487309155098299258284500987492685228477621753085892726",
    "entry_price": 0.93,
    "shares": 22.222223,
    "cost_usdc": 10.0,
    "open_order_id": "0x48480ec0133cfa3d12d848361c1c57e9f270d4f7913eae0fd2cbb1440914a454",
    "open_tx": "0x97bdefc30b781bcc41c8e486a6158eb0fd1600653765f2882dea0f6487ff2692"
  },
  "stop_loss_price": 0.09299999999999999,
  "last_side_price": 0.805,
  "last_check_at": "2026-09-16T17:49:36.038033Z",
  "close_debug": [
    {
      "ts": "2026-09-16T17:49:45.028327Z",
      "attempt": 1,
      "order_type": "FAK",
      "status": "error",
      "close_skipped": ""
    },
    {
      "ts": "2026-09-16T17:49:54.011647Z",
      "attempt": 2,
      "order_type": "FAK",
      "status": "error",
      "close_skipped": ""
    },
    {
      "ts": "2026-09-16T17:49:59.381794Z",
      "attempt": 3,
      "order_type": "FAK",
      "status": "error",
      "close_skipped": ""
    },
    {
      "ts": "2026-09-16T17:50:04.578253Z",
      "attempt": 4,
      "order_type": "FAK",
      "status": "error",
      "close_skipped": ""
    },
    {
      "ts": "2026-09-16T17:50:10.070258Z",
      "attempt": 5,
      "order_type": "FAK",
      "status": "error",
      "close_skipped": ""
    },
    {
      "ts": "2026-09-16T17:50:15.185975Z",
      "attempt": 6,
      "order_type": "FAK",
      "status": "error",
      "close_skipped": ""
    },
    {
      "ts": "2026-09-16T17:50:20.469898Z",
      "attempt": 7,
      "order_type": "FAK",
      "status": "error",
      "close_skipped": ""
    },
    {
      "ts": "2026-09-16T17:50:29.299044Z",
      "attempt": 8,
      "order_type": "FAK",
      "status": "error",
      "close_skipped": ""
    },
    {
      "ts": "2026-09-16T17:50:34.488167Z",
      "attempt": 9,
      "order_type": "FAK",
      "status": "error",
      "close_skipped": ""
    },
    {
      "ts": "2026-09-16T17:50:39.655336Z",
      "attempt": 10,
      "order_type": "FAK",
      "status": "error",
      "close_skipped": ""
    },
    {
      "ts": "2026-09-16T17:50:44.664242Z",
      "attempt": 11,
      "order_type": "FAK",
      "status": "error",
      "close_skipped": ""
    },
    {
      "ts": "2026-09-16T17:50:49.827455Z",
      "attempt": 12,
      "order_type": "FAK",
      "status": "error",
      "close_skipped": ""
    },
    {
      "ts": "2026-09-16T17:50:54.874412Z",
      "attempt": 13,
      "order_type": "FAK",
      "status": "error",
      "close_skipped": ""
    },
    {
      "ts": "2026-09-16T17:51:03.651765Z",
      "attempt": 14,
      "order_type": "FAK",
      "status": "error",
      "close_skipped": ""
    },
    {
      "ts": "2026-09-16T17:51:08.924808Z",
      "attempt": 15,
      "order_type": "FAK",
      "status": "error",
      "close_skipped": ""
    },
    {
      "ts": "2026-09-16T17:51:14.104458Z",
      "attempt": 16,
      "order_type": "FAK",
      "status": "error",
      "close_skipped": ""
    },
    {
      "ts": "2026-09-16T17:51:19.408057Z",
      "attempt": 17,
      "order_type": "FAK",
      "status": "error",
      "close_skipped": ""
    },
    {
      "ts": "2026-09-16T17:51:24.572313Z",
      "attempt": 18,
      "order_type": "FAK",
      "status": "error",
      "close_skipped": ""
    },
    {
      "ts": "2026-09-16T17:51:29.854816Z",
      "attempt": 19,
      "order_type": "FAK",
      "status": "error",
      "close_skipped": ""
    },
    {
      "ts": "2026-09-16T17:51:38.687456Z",
      "attempt": 20,
      "order_type": "FAK",
      "status": "error",
      "close_skipped": ""
    },
    {
      "ts": "2026-09-16T17:51:43.905851Z",
      "attempt": 21,
      "order_type": "FAK",
      "status": "error",
      "close_skipped": ""
    },
    {
      "ts": "2026-09-16T17:51:49.219332Z",
      "attempt": 22,
      "order_type": "FAK",
      "status": "error",
      "close_skipped": ""
    },
    {
      "ts": "2026-09-16T17:51:54.441946Z",
      "attempt": 23,
      "order_type": "FAK",
      "status": "error",
      "close_skipped": ""
    },
    {
      "ts": "2026-09-16T17:51:59.716757Z",
      "attempt": 24,
      "order_type": "FAK",
      "status": "error",
      "close_skipped": ""
    },
    {
      "ts": "2026-09-16T17:52:04.869651Z",
      "attempt": 25,
      "order_type": "FAK",
      "status": "error",
      "close_skipped": ""
    },
    {
      "ts": "2026-09-16T17:52:10.247373Z",
      "attempt": 26,
      "order_type": "FAK",
      "status": "error",
      "close_skipped": ""
    },
    {
      "ts": "2026-09-16T17:52:18.919150Z",
      "attempt": 27,
      "order_type": "FAK",
      "status": "error",
      "close_skipped": ""
    },
    {
      "ts": "2026-09-16T17:52:24.262159Z",
      "attempt": 28,
      "order_type": "FAK",
      "status": "error",
      "close_skipped": ""
    },
    {
      "ts": "2026-09-16T17:52:29.495844Z",
      "attempt": 29,
      "order_type": "FAK",
      "status": "error",
      "close_skipped": ""
    },
    {
      "ts": "2026-09-16T17:52:34.906369Z",
      "attempt": 30,
      "order_type": "FAK",
      "status": "error",
      "close_skipped": ""
    }
  ],
  "close_raw": "{\"error\": \"no match\", \"order_post_result\": {\"success\": false, \"status\": \"error\", \"errorMsg\": \"no match\"}, \"close_skipped\": \"\"}\n\n[py_clob_client_v2] request error status=400 url=https://clob.polymarket.com/auth/api-key body={\"error\":\"Could not create api key\"}\n\n",
  "closed": {
    "close_reason": "time_exit_20s_before_end",
    "closed_at": "2026-09-16T17:52:36.906550Z",
    "close_success": false,
    "close_status": "error",
    "close_order_id": null,
    "close_tx": null,
    "close_shares": 0.0,
    "close_usdc": 0.0,
    "close_skipped": ""
  },
  "realized_cashflow_pnl_usdc": null,
  "finished_at": "2026-09-16T17:52:36.906595Z",
  "result": "done"
}
[2026-09-16T17:52:36Z] session_end rc=0 trades=6 stake_usd=10.0
journal_ok trades=87 md=/home/yukeen/polymarketbot/5min-btc-polymarket/data/live_trades.md json=/home/yukeen/polymarketbot/5min-btc-polymarket/data/live_trades.json
[py_clob_client_v2] request error status=400 url=https://clob.polymarket.com/auth/api-key body={"error":"Could not create api key"}

[2026-09-16T17:53:30Z] cash=52.15158
[py_clob_client_v2] request error status=400 url=https://clob.polymarket.com/auth/api-key body={"error":"Could not create api key"}

[2026-09-16T17:53:47Z] cash_retry=52.15158
{"martingale": true, "next_stake": 30.0, "loss_streak": 2, "last_outcome": "loss", "last_opened_at": "2026-09-16T17:48:55.013123Z", "applied": 1}
[2026-09-16T17:53:55Z] session_begin trades=6 stake_usd=30.0
[py_clob_client_v2] request error status=400 url=https://clob.polymarket.com/auth/api-key body={"error":"Could not create api key"}

{
  "started_at": "2026-09-16T17:53:55.571950Z",
  "params": {
    "profile": "conservative",
    "threshold": 0.7,
    "stake_usd": 30.0,
    "stop_loss_pct": 0.9,
    "exit_before_sec": 20,
    "min_entry_seconds_left": 60,
    "entry_timeout_min": 12,
    "poll_sec": 5.0,
    "close_retry_max": 30,
    "close_retry_delay_sec": 2.0,
    "execute": true
  },
  "attempts": [
    {
      "ts": "2026-09-16T17:53:56.701076Z",
      "slug": "btc-updown-5m-1789581000",
      "status": "heartbeat",
      "gamma_up": 0.665,
      "gamma_down": 0.335,
      "clob_up_ask": null,
      "clob_down_ask": 0.01,
      "seconds_left": 64.13121485710144,
      "min_spread": null
    },
    {
      "ts": "2026-09-16T17:53:56.701100Z",
      "slug": "btc-updown-5m-1789581000",
      "status": "skip_price_below_threshold",
      "threshold": 0.7,
      "clob_up_ask": null,
      "clob_down_ask": 0.01,
      "seconds_left": 64.13121485710144
    },
    {
      "ts": "2026-09-16T17:54:05.626053Z",
      "slug": "btc-updown-5m-1789581000",
      "status": "skip_too_late_to_enter",
      "seconds_left": 54.37395691871643,
      "min_entry_seconds_left": 60
    },
    {
      "ts": "2026-09-16T17:54:10.931531Z",
      "slug": "btc-updown-5m-1789581000",
      "status": "skip_too_late_to_enter",
      "seconds_left": 49.06847620010376,
      "min_entry_seconds_left": 60
    },
    {
      "ts": "2026-09-16T17:54:16.244538Z",
      "slug": "btc-updown-5m-1789581000",
      "status": "skip_too_late_to_enter",
      "seconds_left": 43.75546598434448,
      "min_entry_seconds_left": 60
    },
    {
      "ts": "2026-09-16T17:54:21.528528Z",
      "slug": "btc-updown-5m-1789581000",
      "status": "skip_too_late_to_enter",
      "seconds_left": 38.47147560119629,
      "min_entry_seconds_left": 60
    },
    {
      "ts": "2026-09-16T17:54:26.802733Z",
      "slug": "btc-updown-5m-1789581000",
      "status": "skip_too_late_to_enter",
      "seconds_left": 33.197269916534424,
      "min_entry_seconds_left": 60
    },
    {
      "ts": "2026-09-16T17:54:32.089456Z",
      "slug": "btc-updown-5m-1789581000",
      "status": "skip_too_late_to_enter",
      "seconds_left": 27.910547018051147,
      "min_entry_seconds_left": 60
    },
    {
      "ts": "2026-09-16T17:54:40.999058Z",
      "slug": "btc-updown-5m-1789581000",
      "status": "skip_too_late_to_enter",
      "seconds_left": 19.000946521759033,
      "min_entry_seconds_left": 60
    },
    {
      "ts": "2026-09-16T17:54:46.323714Z",
      "slug": "btc-updown-5m-1789581000",
      "status": "skip_too_late_to_enter",
      "seconds_left": 13.67629075050354,
      "min_entry_seconds_left": 60
    },
    {
      "ts": "2026-09-16T17:54:51.628557Z",
      "slug": "btc-updown-5m-1789581000",
      "status": "skip_too_late_to_enter",
      "seconds_left": 8.37144684791565,
      "min_entry_seconds_left": 60
    },
    {
      "ts": "2026-09-16T17:54:56.894572Z",
      "status": "heartbeat_no_current_market"
    },
    {
      "ts": "2026-09-16T17:55:02.971673Z",
      "slug": "btc-updown-5m-1789581300",
      "status": "heartbeat",
      "gamma_up": 0.515,
      "gamma_down": 0.485,
      "clob_up_ask": 0.42,
      "clob_down_ask": 0.59,
      "seconds_left": 297.802218914032,
      "min_spread": 0.010000000000000009
    },
    {
      "ts": "2026-09-16T17:55:02.971689Z",
      "slug": "btc-updown-5m-1789581300",
      "status": "skip_price_below_threshold",
      "threshold": 0.7,
      "clob_up_ask": 0.42,
      "clob_down_ask": 0.59,
      "seconds_left": 297.802218914032
    },
    {
      "ts": "2026-09-16T17:55:09.191035Z",
      "slug": "btc-updown-5m-1789581300",
      "status": "heartbeat",
      "gamma_up": 0.515,
      "gamma_down": 0.485,
      "clob_up_ask": 0.54,
      "clob_down_ask": 0.47,
      "seconds_left": 291.58275151252747,
      "min_spread": 0.009999999999999953
    },
    {
      "ts": "2026-09-16T17:55:09.191055Z",
      "slug": "btc-updown-5m-1789581300",
      "status": "skip_price_below_threshold",
      "threshold": 0.7,
      "clob_up_ask": 0.54,
      "clob_down_ask": 0.47,
      "seconds_left": 291.58275151252747
    },
    {
      "ts": "2026-09-16T17:55:18.843078Z",
      "slug": "btc-updown-5m-1789581300",
      "status": "heartbeat",
      "gamma_up": 0.515,
      "gamma_down": 0.485,
      "clob_up_ask": 0.61,
      "clob_down_ask": 0.41,
      "seconds_left": 281.90395522117615,
      "min_spread": 0.009999999999999953
    },
    {
      "ts": "2026-09-16T17:55:18.843107Z",
      "slug": "btc-updown-5m-1789581300",
      "status": "skip_price_below_threshold",
      "threshold": 0.7,
      "clob_up_ask": 0.61,
      "clob_down_ask": 0.41,
      "seconds_left": 281.90395522117615
    },
    {
      "ts": "2026-09-16T17:55:25.006944Z",
      "slug": "btc-updown-5m-1789581300",
      "status": "heartbeat",
      "gamma_up": 0.515,
      "gamma_down": 0.485,
      "clob_up_ask": 0.53,
      "clob_down_ask": 0.5,
      "seconds_left": 275.8441205024719,
      "min_spread": 0.010000000000000009
    },
    {
      "ts": "2026-09-16T17:55:25.006966Z",
      "slug": "btc-updown-5m-1789581300",
      "status": "skip_price_below_threshold",
      "threshold": 0.7,
      "clob_up_ask": 0.53,
      "clob_down_ask": 0.5,
      "seconds_left": 275.8441205024719
    },
    {
      "ts": "2026-09-16T17:55:31.151708Z",
      "slug": "btc-updown-5m-1789581300",
      "status": "heartbeat",
      "gamma_up": 0.515,
      "gamma_down": 0.485,
      "clob_up_ask": 0.53,
      "clob_down_ask": 0.45,
      "seconds_left": 269.65983486175537,
      "min_spread": 0.010000000000000009
    },
    {
      "ts": "2026-09-16T17:55:31.151735Z",
      "slug": "btc-updown-5m-1789581300",
      "status": "skip_price_below_threshold",
      "threshold": 0.7,
      "clob_up_ask": 0.53,
      "clob_down_ask": 0.45,
      "seconds_left": 269.65983486175537
    },
    {
      "ts": "2026-09-16T17:55:37.346736Z",
      "slug": "btc-updown-5m-1789581300",
      "status": "heartbeat",
      "gamma_up": 0.515,
      "gamma_down": 0.485,
      "clob_up_ask": 0.6,
      "clob_down_ask": 0.42,
      "seconds_left": 263.40880727767944,
      "min_spread": 0.010000000000000009
    },
    {
      "ts": "2026-09-16T17:55:37.346760Z",
      "slug": "btc-updown-5m-1789581300",
      "status": "skip_price_below_threshold",
      "threshold": 0.7,
      "clob_up_ask": 0.6,
      "clob_down_ask": 0.42,
      "seconds_left": 263.40880727767944
    },
    {
      "ts": "2026-09-16T17:55:43.398790Z",
      "slug": "btc-updown-5m-1789581300",
      "status": "heartbeat",
      "gamma_up": 0.515,
      "gamma_down": 0.485,
      "clob_up_ask": 0.57,
      "clob_down_ask": 0.45,
      "seconds_left": 257.3505573272705,
      "min_spread": 0.009999999999999898
    },
    {
      "ts": "2026-09-16T17:55:43.398817Z",
      "slug": "btc-updown-5m-1789581300",
      "status": "skip_price_below_threshold",
      "threshold": 0.7,
      "clob_up_ask": 0.57,
      "clob_down_ask": 0.45,
      "seconds_left": 257.3505573272705
    },
    {
      "ts": "2026-09-16T17:55:53.074280Z",
      "slug": "btc-updown-5m-1789581300",
      "status": "heartbeat",
      "gamma_up": 0.515,
      "gamma_down": 0.485,
      "clob_up_ask": 0.56,
      "clob_down_ask": 0.45,
      "seconds_left": 247.7055583000183,
      "min_spread": 0.010000000000000009
    },
    {
      "ts": "2026-09-16T17:55:53.074302Z",
      "slug": "btc-updown-5m-1789581300",
      "status": "skip_price_below_threshold",
      "threshold": 0.7,
      "clob_up_ask": 0.56,
      "clob_down_ask": 0.45,
      "seconds_left": 247.7055583000183
    },
    {
      "ts": "2026-09-16T17:55:59.095892Z",
      "slug": "btc-updown-5m-1789581300",
      "status": "heartbeat",
      "gamma_up": 0.515,
      "gamma_down": 0.485,
      "clob_up_ask": 0.54,
      "clob_down_ask": 0.47,
      "seconds_left": 241.62909364700317,
      "min_spread": 0.009999999999999953
    },
    {
      "ts": "2026-09-16T17:55:59.095915Z",
      "slug": "btc-updown-5m-1789581300",
      "status": "skip_price_below_threshold",
      "threshold": 0.7,
      "clob_up_ask": 0.54,
      "clob_down_ask": 0.47,
      "seconds_left": 241.62909364700317
    },
    {
      "ts": "2026-09-16T17:56:05.177297Z",
      "slug": "btc-updown-5m-1789581300",
      "status": "heartbeat",
      "gamma_up": 0.515,
      "gamma_down": 0.485,
      "clob_up_ask": 0.5,
      "clob_down_ask": 0.51,
      "seconds_left": 235.56745862960815,
      "min_spread": 0.010000000000000009
    },
    {
      "ts": "2026-09-16T17:56:05.177328Z",
      "slug": "btc-updown-5m-1789581300",
      "status": "skip_price_below_threshold",
      "threshold": 0.7,
      "clob_up_ask": 0.5,
      "clob_down_ask": 0.51,
      "seconds_left": 235.56745862960815
    },
    {
      "ts": "2026-09-16T17:56:11.272696Z",
      "slug": "btc-updown-5m-1789581300",
      "status": "heartbeat",
      "gamma_up": 0.515,
      "gamma_down": 0.485,
      "clob_up_ask": 0.46,
      "clob_down_ask": 0.55,
      "seconds_left": 229.50366353988647,
      "min_spread": 0.010000000000000009
    },
    {
      "ts": "2026-09-16T17:56:11.272714Z",
      "slug": "btc-updown-5m-1789581300",
      "status": "skip_price_below_threshold",
      "threshold": 0.7,
      "clob_up_ask": 0.46,
      "clob_down_ask": 0.55,
      "seconds_left": 229.50366353988647
    },
    {
      "ts": "2026-09-16T17:56:17.345156Z",
      "slug": "btc-updown-5m-1789581300",
      "status": "heartbeat",
      "gamma_up": 0.495,
      "gamma_down": 0.505,
      "clob_up_ask": 0.47,
      "clob_down_ask": 0.54,
      "seconds_left": 223.4287588596344,
      "min_spread": 0.009999999999999953
    },
    {
      "ts": "2026-09-16T17:56:17.345175Z",
      "slug": "btc-updown-5m-1789581300",
      "status": "skip_price_below_threshold",
      "threshold": 0.7,
      "clob_up_ask": 0.47,
      "clob_down_ask": 0.54,
      "seconds_left": 223.4287588596344
    },
    {
      "ts": "2026-09-16T17:56:23.726556Z",
      "slug": "btc-updown-5m-1789581300",
      "status": "heartbeat",
      "gamma_up": 0.495,
      "gamma_down": 0.505,
      "clob_up_ask": 0.58,
      "clob_down_ask": 0.43,
      "seconds_left": 217.0656294822693,
      "min_spread": 0.010000000000000009
    },
    {
      "ts": "2026-09-16T17:56:23.726581Z",
      "slug": "btc-updown-5m-1789581300",
      "status": "skip_price_below_threshold",
      "threshold": 0.7,
      "clob_up_ask": 0.58,
      "clob_down_ask": 0.43,
      "seconds_left": 217.0656294822693
    },
    {
      "ts": "2026-09-16T17:56:33.401903Z",
      "slug": "btc-updown-5m-1789581300",
      "status": "heartbeat",
      "gamma_up": 0.495,
      "gamma_down": 0.505,
      "clob_up_ask": 0.63,
      "clob_down_ask": 0.38,
      "seconds_left": 207.3515625,
      "min_spread": 0.010000000000000009
    },
    {
      "ts": "2026-09-16T17:56:33.401928Z",
      "slug": "btc-updown-5m-1789581300",
      "status": "skip_price_below_threshold",
      "threshold": 0.7,
      "clob_up_ask": 0.63,
      "clob_down_ask": 0.38,
      "seconds_left": 207.3515625
    },
    {
      "ts": "2026-09-16T17:56:39.467460Z",
      "slug": "btc-updown-5m-1789581300",
      "status": "heartbeat",
      "gamma_up": 0.495,
      "gamma_down": 0.505,
      "clob_up_ask": 0.74,
      "clob_down_ask": 0.23,
      "seconds_left": 201.29651045799255,
      "min_spread": 0.010000000000000009
    }
  ],
  "open_raw": "{\"mode\": \"open\", \"execute\": true, \"market_slug\": \"btc-updown-5m-1789581300\", \"force_side\": \"UP\", \"token_id\": \"27777866252710404894805081350646320564381850135729846632533406269111328237879\", \"entry_price\": 0.78, \"notional_usd\": 30.0, \"top_ask_notional_usd\": 39.0, \"collateral_pusd\": 52.15158, \"order_post_result\": {\"errorMsg\": \"\", \"orderID\": \"0xb09b09d18254e40276020e030c526cd7ffb53c6406f83f3cab9a70d1f521515c\", \"takingAmount\": \"37.5\", \"makingAmount\": \"30\", \"status\": \"matched\", \"transactionsHashes\": [\"0xfb098d5fe3c4a18bb526a52564de3f19d3d906e2d0b43bfc3838a745e879a845\"], \"success\": true}}\n\n[py_clob_client_v2] request error status=400 url=https://clob.polymarket.com/auth/api-key body={\"error\":\"Could not create api key\"}\n\n",
  "opened": {
    "opened_at": "2026-09-16T17:56:44.123745Z",
    "market_slug": "btc-updown-5m-1789581300",
    "market_end_iso": "2026-09-16T18:00:00Z",
    "side": "UP",
    "token_id": "27777866252710404894805081350646320564381850135729846632533406269111328237879",
    "entry_price": 0.78,
    "shares": 37.5,
    "cost_usdc": 30.0,
    "open_order_id": "0xb09b09d18254e40276020e030c526cd7ffb53c6406f83f3cab9a70d1f521515c",
    "open_tx": "0xfb098d5fe3c4a18bb526a52564de3f19d3d906e2d0b43bfc3838a745e879a845"
  },
  "stop_loss_price": 0.07799999999999999,
  "last_side_price": 0.495,
  "last_check_at": "2026-09-16T17:59:36.379860Z",
  "close_debug": [
    {
      "ts": "2026-09-16T17:59:46.303740Z",
      "attempt": 1,
      "order_type": "FAK",
      "status": "matched",
      "close_skipped": ""
    }
  ],
  "close_raw": "{\"mode\": \"close\", \"execute\": true, \"market_slug\": \"btc-updown-5m-1789581300\", \"token_id\": \"27777866252710404894805081350646320564381850135729846632533406269111328237879\", \"requested_shares\": 37.5, \"close_order_type\": \"FAK\", \"close_limit_price\": null, \"available_shares\": 37.5, \"sell_shares\": 37.5, \"order_post_result\": {\"errorMsg\": \"\", \"orderID\": \"0xc85deb1711e417af8f2b94c032a37e5f309e00904b674f20b60cd6ce3055596a\", \"takingAmount\": \"37.4625\", \"makingAmount\": \"37.5\", \"status\": \"matched\", \"transactionsHashes\": [\"0xf154e7c7946b1e7cd5e52b1bfecaf7e78a0f08a689a1ede3664c45abae555d8c\"], \"success\": true}, \"close_skipped\": \"\"}\n\n[py_clob_client_v2] request error status=400 url=https://clob.polymarket.com/auth/api-key body={\"error\":\"Could not create api key\"}\n\n",
  "closed": {
    "close_reason": "time_exit_20s_before_end",
    "closed_at": "2026-09-16T17:59:46.303760Z",
    "close_success": true,
    "close_status": "matched",
    "close_order_id": "0xc85deb1711e417af8f2b94c032a37e5f309e00904b674f20b60cd6ce3055596a",
    "close_tx": "0xf154e7c7946b1e7cd5e52b1bfecaf7e78a0f08a689a1ede3664c45abae555d8c",
    "close_shares": 37.5,
    "close_usdc": 37.4625,
    "close_skipped": ""
  },
  "realized_cashflow_pnl_usdc": 7.4625,
  "finished_at": "2026-09-16T17:59:46.303773Z",
  "result": "done"
}
[2026-09-16T17:59:46Z] session_end rc=0 trades=7 stake_usd=30.0
journal_ok trades=88 md=/home/yukeen/polymarketbot/5min-btc-polymarket/data/live_trades.md json=/home/yukeen/polymarketbot/5min-btc-polymarket/data/live_trades.json
[py_clob_client_v2] request error status=400 url=https://clob.polymarket.com/auth/api-key body={"error":"Could not create api key"}

[2026-09-16T18:00:40Z] cash=59.19146
{"martingale": true, "next_stake": 5.0, "loss_streak": 0, "last_outcome": "win", "last_opened_at": "2026-09-16T17:56:44.123745Z", "applied": 1}
[2026-09-16T18:00:48Z] session_begin trades=7 stake_usd=5.0
[py_clob_client_v2] request error status=400 url=https://clob.polymarket.com/auth/api-key body={"error":"Could not create api key"}

{
  "started_at": "2026-09-16T18:00:49.443944Z",
  "params": {
    "profile": "conservative",
    "threshold": 0.7,
    "stake_usd": 5.0,
    "stop_loss_pct": 0.9,
    "exit_before_sec": 20,
    "min_entry_seconds_left": 60,
    "entry_timeout_min": 12,
    "poll_sec": 5.0,
    "close_retry_max": 30,
    "close_retry_delay_sec": 2.0,
    "execute": true
  },
  "attempts": [
    {
      "ts": "2026-09-16T18:00:50.498294Z",
      "slug": "btc-updown-5m-1789581600",
      "status": "heartbeat",
      "gamma_up": 0.485,
      "gamma_down": 0.515,
      "clob_up_ask": 0.33,
      "clob_down_ask": 0.66,
      "seconds_left": 250.25331091880798,
      "min_spread": 0.010000000000000009
    },
    {
      "ts": "2026-09-16T18:00:50.498402Z",
      "slug": "btc-updown-5m-1789581600",
      "status": "skip_price_below_threshold",
      "threshold": 0.7,
      "clob_up_ask": 0.33,
      "clob_down_ask": 0.66,
      "seconds_left": 250.25331091880798
    },
    {
      "ts": "2026-09-16T18:00:56.554271Z",
      "slug": "btc-updown-5m-1789581600",
      "status": "heartbeat",
      "gamma_up": 0.485,
      "gamma_down": 0.515,
      "clob_up_ask": 0.24,
      "clob_down_ask": 0.77,
      "seconds_left": 244.20991206169128,
      "min_spread": 0.009999999999999981
    }
  ],
  "open_raw": "{\"mode\": \"open\", \"execute\": true, \"market_slug\": \"btc-updown-5m-1789581600\", \"force_side\": \"DOWN\", \"token_id\": \"51539850079418100849696517493408579040174536835456591729868651390185355306420\", \"entry_price\": 0.79, \"notional_usd\": 5.0, \"top_ask_notional_usd\": 623.1599, \"collateral_pusd\": 59.19146, \"order_post_result\": {\"errorMsg\": \"\", \"orderID\": \"0xfd390048216bac4ae04fe51a294b8433d4b997ebfccf9977bf3897f06d61b71f\", \"takingAmount\": \"6.578945\", \"makingAmount\": \"4.999998\", \"status\": \"matched\", \"transactionsHashes\": [\"0xb60e695228d19d5b92e8c75fca6549c32770a4412cc54274971f1e604b884f53\"], \"success\": true}}\n\n[py_clob_client_v2] request error status=400 url=https://clob.polymarket.com/auth/api-key body={\"error\":\"Could not create api key\"}\n\n",
  "opened": {
    "opened_at": "2026-09-16T18:01:01.060572Z",
    "market_slug": "btc-updown-5m-1789581600",
    "market_end_iso": "2026-09-16T18:05:00Z",
    "side": "DOWN",
    "token_id": "51539850079418100849696517493408579040174536835456591729868651390185355306420",
    "entry_price": 0.79,
    "shares": 6.578945,
    "cost_usdc": 4.999998,
    "open_order_id": "0xfd390048216bac4ae04fe51a294b8433d4b997ebfccf9977bf3897f06d61b71f",
    "open_tx": "0xb60e695228d19d5b92e8c75fca6549c32770a4412cc54274971f1e604b884f53"
  },
  "stop_loss_price": 0.07899999999999999,
  "last_side_price": 0.35,
  "last_check_at": "2026-09-16T18:04:39.363525Z",
  "close_debug": [
    {
      "ts": "2026-09-16T18:04:48.343496Z",
      "attempt": 1,
      "order_type": "FAK",
      "status": "error",
      "close_skipped": ""
    },
    {
      "ts": "2026-09-16T18:04:57.126226Z",
      "attempt": 2,
      "order_type": "FAK",
      "status": "error",
      "close_skipped": ""
    },
    {
      "ts": "2026-09-16T18:05:02.428522Z",
      "attempt": 3,
      "order_type": "FAK",
      "status": "error",
      "close_skipped": ""
    },
    {
      "ts": "2026-09-16T18:05:07.662451Z",
      "attempt": 4,
      "order_type": "FAK",
      "status": "error",
      "close_skipped": ""
    },
    {
      "ts": "2026-09-16T18:05:12.846033Z",
      "attempt": 5,
      "order_type": "FAK",
      "status": "error",
      "close_skipped": ""
    },
    {
      "ts": "2026-09-16T18:05:17.973942Z",
      "attempt": 6,
      "order_type": "FAK",
      "status": "error",
      "close_skipped": ""
    },
    {
      "ts": "2026-09-16T18:05:23.282812Z",
      "attempt": 7,
      "order_type": "FAK",
      "status": "error",
      "close_skipped": ""
    },
    {
      "ts": "2026-09-16T18:05:32.096159Z",
      "attempt": 8,
      "order_type": "FAK",
      "status": "error",
      "close_skipped": ""
    },
    {
      "ts": "2026-09-16T18:05:37.319142Z",
      "attempt": 9,
      "order_type": "FAK",
      "status": "error",
      "close_skipped": ""
    },
    {
      "ts": "2026-09-16T18:05:42.415477Z",
      "attempt": 10,
      "order_type": "FAK",
      "status": "error",
      "close_skipped": ""
    },
    {
      "ts": "2026-09-16T18:05:47.556196Z",
      "attempt": 11,
      "order_type": "FAK",
      "status": "error",
      "close_skipped": ""
    },
    {
      "ts": "2026-09-16T18:05:52.736462Z",
      "attempt": 12,
      "order_type": "FAK",
      "status": "error",
      "close_skipped": ""
    },
    {
      "ts": "2026-09-16T18:05:58.140728Z",
      "attempt": 13,
      "order_type": "FAK",
      "status": "error",
      "close_skipped": ""
    },
    {
      "ts": "2026-09-16T18:06:07.099290Z",
      "attempt": 14,
      "order_type": "FAK",
      "status": "error",
      "close_skipped": ""
    },
    {
      "ts": "2026-09-16T18:06:12.760585Z",
      "attempt": 15,
      "order_type": "FAK",
      "status": "error",
      "close_skipped": ""
    },
    {
      "ts": "2026-09-16T18:06:17.931733Z",
      "attempt": 16,
      "order_type": "FAK",
      "status": "error",
      "close_skipped": ""
    },
    {
      "ts": "2026-09-16T18:06:23.136853Z",
      "attempt": 17,
      "order_type": "FAK",
      "status": "error",
      "close_skipped": ""
    },
    {
      "ts": "2026-09-16T18:06:28.243200Z",
      "attempt": 18,
      "order_type": "FAK",
      "status": "error",
      "close_skipped": ""
    },
    {
      "ts": "2026-09-16T18:06:33.289343Z",
      "attempt": 19,
      "order_type": "FAK",
      "status": "error",
      "close_skipped": ""
    },
    {
      "ts": "2026-09-16T18:06:42.159264Z",
      "attempt": 20,
      "order_type": "FAK",
      "status": "error",
      "close_skipped": ""
    },
    {
      "ts": "2026-09-16T18:06:47.326577Z",
      "attempt": 21,
      "order_type": "FAK",
      "status": "error",
      "close_skipped": ""
    },
    {
      "ts": "2026-09-16T18:06:52.593241Z",
      "attempt": 22,
      "order_type": "FAK",
      "status": "error",
      "close_skipped": ""
    },
    {
      "ts": "2026-09-16T18:06:57.726201Z",
      "attempt": 23,
      "order_type": "FAK",
      "status": "error",
      "close_skipped": ""
    },
    {
      "ts": "2026-09-16T18:07:02.828784Z",
      "attempt": 24,
      "order_type": "FAK",
      "status": "error",
      "close_skipped": ""
    },
    {
      "ts": "2026-09-16T18:07:08.077848Z",
      "attempt": 25,
      "order_type": "FAK",
      "status": "error",
      "close_skipped": ""
    },
    {
      "ts": "2026-09-16T18:07:13.333843Z",
      "attempt": 26,
      "order_type": "FAK",
      "status": "error",
      "close_skipped": ""
    },
    {
      "ts": "2026-09-16T18:07:22.067736Z",
      "attempt": 27,
      "order_type": "FAK",
      "status": "error",
      "close_skipped": ""
    },
    {
      "ts": "2026-09-16T18:07:27.435989Z",
      "attempt": 28,
      "order_type": "FAK",
      "status": "error",
      "close_skipped": ""
    },
    {
      "ts": "2026-09-16T18:07:32.578199Z",
      "attempt": 29,
      "order_type": "FAK",
      "status": "error",
      "close_skipped": ""
    },
    {
      "ts": "2026-09-16T18:07:37.808157Z",
      "attempt": 30,
      "order_type": "FAK",
      "status": "error",
      "close_skipped": ""
    }
  ],
  "close_raw": "{\"error\": \"PolyApiException[status_code=404, error_message={'error': 'No orderbook exists for the requested token id'}]\", \"order_post_result\": {\"success\": false, \"status\": \"error\", \"errorMsg\": \"PolyApiException[status_code=404, error_message={'error': 'No orderbook exists for the requested token id'}]\"}, \"close_skipped\": \"\"}\n\n[py_clob_client_v2] request error status=400 url=https://clob.polymarket.com/auth/api-key body={\"error\":\"Could not create api key\"}\n\n[py_clob_client_v2] request error status=404 url=https://clob.polymarket.com/book body={\"error\":\"No orderbook exists for the requested token id\"}\n\n",
  "closed": {
    "close_reason": "time_exit_20s_before_end",
    "closed_at": "2026-09-16T18:07:39.808335Z",
    "close_success": false,
    "close_status": "error",
    "close_order_id": null,
    "close_tx": null,
    "close_shares": 0.0,
    "close_usdc": 0.0,
    "close_skipped": ""
  },
  "realized_cashflow_pnl_usdc": null,
  "finished_at": "2026-09-16T18:07:39.808378Z",
  "result": "done"
}
[2026-09-16T18:07:39Z] session_end rc=0 trades=8 stake_usd=5.0
journal_ok trades=89 md=/home/yukeen/polymarketbot/5min-btc-polymarket/data/live_trades.md json=/home/yukeen/polymarketbot/5min-btc-polymarket/data/live_trades.json
[py_clob_client_v2] request error status=400 url=https://clob.polymarket.com/auth/api-key body={"error":"Could not create api key"}

[2026-09-16T18:08:33Z] cash=54.107472
[py_clob_client_v2] request error status=400 url=https://clob.polymarket.com/auth/api-key body={"error":"Could not create api key"}

[2026-09-16T18:08:50Z] cash_retry=54.107472
{"martingale": true, "next_stake": 10.0, "loss_streak": 1, "last_outcome": "loss", "last_opened_at": "2026-09-16T18:01:01.060572Z", "applied": 1}
[2026-09-16T18:08:58Z] session_begin trades=8 stake_usd=10.0
[py_clob_client_v2] request error status=400 url=https://clob.polymarket.com/auth/api-key body={"error":"Could not create api key"}

{
  "started_at": "2026-09-16T18:08:58.726910Z",
  "params": {
    "profile": "conservative",
    "threshold": 0.7,
    "stake_usd": 10.0,
    "stop_loss_pct": 0.9,
    "exit_before_sec": 20,
    "min_entry_seconds_left": 60,
    "entry_timeout_min": 12,
    "poll_sec": 5.0,
    "close_retry_max": 30,
    "close_retry_delay_sec": 2.0,
    "execute": true
  },
  "attempts": [
    {
      "ts": "2026-09-16T18:08:59.774579Z",
      "slug": "btc-updown-5m-1789581900",
      "status": "heartbeat",
      "gamma_up": 0.695,
      "gamma_down": 0.305,
      "clob_up_ask": null,
      "clob_down_ask": 0.01,
      "seconds_left": 60.9845654964447,
      "min_spread": null
    },
    {
      "ts": "2026-09-16T18:08:59.774605Z",
      "slug": "btc-updown-5m-1789581900",
      "status": "skip_price_below_threshold",
      "threshold": 0.7,
      "clob_up_ask": null,
      "clob_down_ask": 0.01,
      "seconds_left": 60.9845654964447
    },
    {
      "ts": "2026-09-16T18:09:08.678497Z",
      "slug": "btc-updown-5m-1789581900",
      "status": "skip_too_late_to_enter",
      "seconds_left": 51.32151174545288,
      "min_entry_seconds_left": 60
    },
    {
      "ts": "2026-09-16T18:09:14.002753Z",
      "slug": "btc-updown-5m-1789581900",
      "status": "skip_too_late_to_enter",
      "seconds_left": 45.99725413322449,
      "min_entry_seconds_left": 60
    },
    {
      "ts": "2026-09-16T18:09:19.297354Z",
      "slug": "btc-updown-5m-1789581900",
      "status": "skip_too_late_to_enter",
      "seconds_left": 40.70265221595764,
      "min_entry_seconds_left": 60
    },
    {
      "ts": "2026-09-16T18:09:24.599814Z",
      "slug": "btc-updown-5m-1789581900",
      "status": "skip_too_late_to_enter",
      "seconds_left": 35.40019202232361,
      "min_entry_seconds_left": 60
    },
    {
      "ts": "2026-09-16T18:09:29.881862Z",
      "slug": "btc-updown-5m-1789581900",
      "status": "skip_too_late_to_enter",
      "seconds_left": 30.11814308166504,
      "min_entry_seconds_left": 60
    },
    {
      "ts": "2026-09-16T18:09:35.174248Z",
      "slug": "btc-updown-5m-1789581900",
      "status": "skip_too_late_to_enter",
      "seconds_left": 24.82575798034668,
      "min_entry_seconds_left": 60
    },
    {
      "ts": "2026-09-16T18:09:44.097416Z",
      "slug": "btc-updown-5m-1789581900",
      "status": "skip_too_late_to_enter",
      "seconds_left": 15.902588605880737,
      "min_entry_seconds_left": 60
    },
    {
      "ts": "2026-09-16T18:09:49.534443Z",
      "slug": "btc-updown-5m-1789581900",
      "status": "skip_too_late_to_enter",
      "seconds_left": 10.465561151504517,
      "min_entry_seconds_left": 60
    },
    {
      "ts": "2026-09-16T18:09:54.808513Z",
      "slug": "btc-updown-5m-1789581900",
      "status": "skip_too_late_to_enter",
      "seconds_left": 5.191490411758423,
      "min_entry_seconds_left": 60
    },
    {
      "ts": "2026-09-16T18:10:00.137364Z",
      "status": "heartbeat_no_current_market"
    },
    {
      "ts": "2026-09-16T18:10:06.309856Z",
      "slug": "btc-updown-5m-1789582200",
      "status": "heartbeat",
      "gamma_up": 0.485,
      "gamma_down": 0.515,
      "clob_up_ask": 0.5,
      "clob_down_ask": 0.51,
      "seconds_left": 294.4412806034088,
      "min_spread": 0.010000000000000009
    },
    {
      "ts": "2026-09-16T18:10:06.309887Z",
      "slug": "btc-updown-5m-1789582200",
      "status": "skip_price_below_threshold",
      "threshold": 0.7,
      "clob_up_ask": 0.5,
      "clob_down_ask": 0.51,
      "seconds_left": 294.4412806034088
    },
    {
      "ts": "2026-09-16T18:10:12.448228Z",
      "slug": "btc-updown-5m-1789582200",
      "status": "heartbeat",
      "gamma_up": 0.485,
      "gamma_down": 0.515,
      "clob_up_ask": 0.48,
      "clob_down_ask": 0.54,
      "seconds_left": 288.3627760410309,
      "min_spread": 0.010000000000000009
    },
    {
      "ts": "2026-09-16T18:10:12.448256Z",
      "slug": "btc-updown-5m-1789582200",
      "status": "skip_price_below_threshold",
      "threshold": 0.7,
      "clob_up_ask": 0.48,
      "clob_down_ask": 0.54,
      "seconds_left": 288.3627760410309
    },
    {
      "ts": "2026-09-16T18:10:22.178366Z",
      "slug": "btc-updown-5m-1789582200",
      "status": "heartbeat",
      "gamma_up": 0.485,
      "gamma_down": 0.515,
      "clob_up_ask": 0.3,
      "clob_down_ask": 0.71,
      "seconds_left": 278.62755274772644,
      "min_spread": 0.010000000000000009
    },
    {
      "ts": "2026-09-16T18:10:32.897390Z",
      "slug": "btc-updown-5m-1789582200",
      "status": "heartbeat",
      "gamma_up": 0.485,
      "gamma_down": 0.515,
      "clob_up_ask": 0.27,
      "clob_down_ask": 0.74,
      "seconds_left": 267.8876461982727,
      "min_spread": 0.010000000000000009
    },
    {
      "ts": "2026-09-16T18:10:43.528253Z",
      "slug": "btc-updown-5m-1789582200",
      "status": "heartbeat",
      "gamma_up": 0.485,
      "gamma_down": 0.515,
      "clob_up_ask": 0.2,
      "clob_down_ask": 0.81,
      "seconds_left": 257.25313329696655,
      "min_spread": 0.010000000000000009
    }
  ],
  "last_open_try": "{\"error\": \"PolyApiException[status_code=400, error_message={'error': 'no orders found to match with FAK order. FAK orders are partially filled or killed if no match is found.', 'orderID': '0x2b0efccbba722103b1291af426bdf2b24de1f97b88c1de56c01669f61e8189f8'}]\", \"order_post_result\": {\"success\": false, \"status\": \"error\", \"errorMsg\": \"PolyApiException[status_code=400, error_message={'error': 'no orders found to match with FAK order. FAK orders are partially filled or killed if no match is found.', 'orderID': '0x2b0efccbba722103b1291af426bdf2b24de1f97b88c1de56c01669f61e8189f8'}]\"}, \"close_skipped\": \"\"}\n\n[py_clob_client_v2] request error status=400 url=https://clob.polymarket.com/auth/api-key body={\"error\":\"Could not create api key\"}\n\n[py_clob_client_v2] request error status=400 url=https://clob.polymarket.com/order body={\"error\":\"no orders found to match with FAK order. FAK orders are partially filled or killed if no match is found.\",\"orderID\":\"0x2b0efccbba722103b1291af426bdf2b24de1f97b88c1de56c01669f61e8189f8\"}\n",
  "open_raw": "{\"mode\": \"open\", \"execute\": true, \"market_slug\": \"btc-updown-5m-1789582200\", \"force_side\": \"DOWN\", \"token_id\": \"109299959578630928642679626842662168219430081250196812891217755804261203204032\", \"entry_price\": 0.81, \"notional_usd\": 10.0, \"top_ask_notional_usd\": 422.82000000000005, \"collateral_pusd\": 54.107472, \"order_post_result\": {\"errorMsg\": \"\", \"orderID\": \"0x8189e035f14032a977a22aad1bac54e7ad950ee03b5fa0714529f5a5ae349064\", \"takingAmount\": \"12.195122\", \"makingAmount\": \"10\", \"status\": \"matched\", \"transactionsHashes\": [\"0x0787acf8f38c71fd49a1d8d60ed95bc31f35a828986af2a537edf6041a3dcc0e\"], \"success\": true}}\n\n[py_clob_client_v2] request error status=400 url=https://clob.polymarket.com/auth/api-key body={\"error\":\"Could not create api key\"}\n\n",
  "opened": {
    "opened_at": "2026-09-16T18:10:47.983114Z",
    "market_slug": "btc-updown-5m-1789582200",
    "market_end_iso": "2026-09-16T18:15:00Z",
    "side": "DOWN",
    "token_id": "109299959578630928642679626842662168219430081250196812891217755804261203204032",
    "entry_price": 0.81,
    "shares": 12.195122,
    "cost_usdc": 10.0,
    "open_order_id": "0x8189e035f14032a977a22aad1bac54e7ad950ee03b5fa0714529f5a5ae349064",
    "open_tx": "0x0787acf8f38c71fd49a1d8d60ed95bc31f35a828986af2a537edf6041a3dcc0e"
  },
  "stop_loss_price": 0.08099999999999999,
  "last_side_price": 0.975,
  "last_check_at": "2026-09-16T18:14:38.220292Z",
  "close_debug": [
    {
      "ts": "2026-09-16T18:14:51.300939Z",
      "attempt": 1,
      "order_type": "FAK",
      "status": "matched",
      "close_skipped": ""
    }
  ],
  "close_raw": "{\"mode\": \"close\", \"execute\": true, \"market_slug\": \"btc-updown-5m-1789582200\", \"token_id\": \"109299959578630928642679626842662168219430081250196812891217755804261203204032\", \"requested_shares\": 12.195122, \"close_order_type\": \"FAK\", \"close_limit_price\": null, \"available_shares\": 12.195122, \"sell_shares\": 12.1951, \"order_post_result\": {\"errorMsg\": \"\", \"orderID\": \"0xb55de406ad506aee9b91cc608fc29125b491b1ae5d1495261b1d4e0f16563e4a\", \"takingAmount\": \"12.17781\", \"makingAmount\": \"12.19\", \"status\": \"matched\", \"transactionsHashes\": [\"0x2f7abe650600be051f9ae3cf6e0d2eefb367a6b17002d5fbaa8b88a697c0c485\"], \"success\": true}, \"close_skipped\": \"\"}\n\n[py_clob_client_v2] request error status=400 url=https://clob.polymarket.com/auth/api-key body={\"error\":\"Could not create api key\"}\n\n",
  "closed": {
    "close_reason": "time_exit_20s_before_end",
    "closed_at": "2026-09-16T18:14:51.301005Z",
    "close_success": true,
    "close_status": "matched",
    "close_order_id": "0xb55de406ad506aee9b91cc608fc29125b491b1ae5d1495261b1d4e0f16563e4a",
    "close_tx": "0x2f7abe650600be051f9ae3cf6e0d2eefb367a6b17002d5fbaa8b88a697c0c485",
    "close_shares": 12.19,
    "close_usdc": 12.17781,
    "close_skipped": ""
  },
  "realized_cashflow_pnl_usdc": 2.17781,
  "finished_at": "2026-09-16T18:14:51.301044Z",
  "result": "done"
}
[2026-09-16T18:14:51Z] session_end rc=0 trades=9 stake_usd=10.0
journal_ok trades=90 md=/home/yukeen/polymarketbot/5min-btc-polymarket/data/live_trades.md json=/home/yukeen/polymarketbot/5min-btc-polymarket/data/live_trades.json
[py_clob_client_v2] request error status=400 url=https://clob.polymarket.com/auth/api-key body={"error":"Could not create api key"}

[2026-09-16T18:15:43Z] cash=56.158432
[py_clob_client_v2] request error status=400 url=https://clob.polymarket.com/auth/api-key body={"error":"Could not create api key"}

[2026-09-16T18:16:04Z] cash_retry=56.158432
{"martingale": true, "next_stake": 5.0, "loss_streak": 0, "last_outcome": "win", "last_opened_at": "2026-09-16T18:10:47.983114Z", "applied": 1}
[2026-09-16T18:16:12Z] session_begin trades=9 stake_usd=5.0
[py_clob_client_v2] request error status=400 url=https://clob.polymarket.com/auth/api-key body={"error":"Could not create api key"}

{
  "started_at": "2026-09-16T18:16:12.799140Z",
  "params": {
    "profile": "conservative",
    "threshold": 0.7,
    "stake_usd": 5.0,
    "stop_loss_pct": 0.9,
    "exit_before_sec": 20,
    "min_entry_seconds_left": 60,
    "entry_timeout_min": 12,
    "poll_sec": 5.0,
    "close_retry_max": 30,
    "close_retry_delay_sec": 2.0,
    "execute": true
  },
  "attempts": [
    {
      "ts": "2026-09-16T18:16:13.976499Z",
      "slug": "btc-updown-5m-1789582500",
      "status": "heartbeat",
      "gamma_up": 0.605,
      "gamma_down": 0.395,
      "clob_up_ask": 0.58,
      "clob_down_ask": 0.43,
      "seconds_left": 226.77378392219543,
      "min_spread": 0.010000000000000009
    },
    {
      "ts": "2026-09-16T18:16:13.976525Z",
      "slug": "btc-updown-5m-1789582500",
      "status": "skip_price_below_threshold",
      "threshold": 0.7,
      "clob_up_ask": 0.58,
      "clob_down_ask": 0.43,
      "seconds_left": 226.77378392219543
    },
    {
      "ts": "2026-09-16T18:16:20.186380Z",
      "slug": "btc-updown-5m-1789582500",
      "status": "heartbeat",
      "gamma_up": 0.605,
      "gamma_down": 0.395,
      "clob_up_ask": 0.56,
      "clob_down_ask": 0.45,
      "seconds_left": 220.60785937309265,
      "min_spread": 0.010000000000000009
    },
    {
      "ts": "2026-09-16T18:16:20.186404Z",
      "slug": "btc-updown-5m-1789582500",
      "status": "skip_price_below_threshold",
      "threshold": 0.7,
      "clob_up_ask": 0.56,
      "clob_down_ask": 0.45,
      "seconds_left": 220.60785937309265
    },
    {
      "ts": "2026-09-16T18:16:26.351683Z",
      "slug": "btc-updown-5m-1789582500",
      "status": "heartbeat",
      "gamma_up": 0.605,
      "gamma_down": 0.395,
      "clob_up_ask": 0.63,
      "clob_down_ask": 0.39,
      "seconds_left": 214.4942922592163,
      "min_spread": 0.010000000000000009
    },
    {
      "ts": "2026-09-16T18:16:26.351708Z",
      "slug": "btc-updown-5m-1789582500",
      "status": "skip_price_below_threshold",
      "threshold": 0.7,
      "clob_up_ask": 0.63,
      "clob_down_ask": 0.39,
      "seconds_left": 214.4942922592163
    },
    {
      "ts": "2026-09-16T18:16:32.453753Z",
      "slug": "btc-updown-5m-1789582500",
      "status": "heartbeat",
      "gamma_up": 0.605,
      "gamma_down": 0.395,
      "clob_up_ask": 0.45,
      "clob_down_ask": 0.58,
      "seconds_left": 208.30785465240479,
      "min_spread": 0.010000000000000009
    },
    {
      "ts": "2026-09-16T18:16:32.453776Z",
      "slug": "btc-updown-5m-1789582500",
      "status": "skip_price_below_threshold",
      "threshold": 0.7,
      "clob_up_ask": 0.45,
      "clob_down_ask": 0.58,
      "seconds_left": 208.30785465240479
    },
    {
      "ts": "2026-09-16T18:16:42.150101Z",
      "slug": "btc-updown-5m-1789582500",
      "status": "heartbeat",
      "gamma_up": 0.605,
      "gamma_down": 0.395,
      "clob_up_ask": 0.51,
      "clob_down_ask": 0.49,
      "seconds_left": 198.62914848327637,
      "min_spread": 0.010000000000000009
    },
    {
      "ts": "2026-09-16T18:16:42.150124Z",
      "slug": "btc-updown-5m-1789582500",
      "status": "skip_price_below_threshold",
      "threshold": 0.7,
      "clob_up_ask": 0.51,
      "clob_down_ask": 0.49,
      "seconds_left": 198.62914848327637
    },
    {
      "ts": "2026-09-16T18:16:48.287970Z",
      "slug": "btc-updown-5m-1789582500",
      "status": "heartbeat",
      "gamma_up": 0.605,
      "gamma_down": 0.395,
      "clob_up_ask": 0.53,
      "clob_down_ask": 0.5,
      "seconds_left": 192.533264875412,
      "min_spread": 0.010000000000000009
    },
    {
      "ts": "2026-09-16T18:16:48.287990Z",
      "slug": "btc-updown-5m-1789582500",
      "status": "skip_price_below_threshold",
      "threshold": 0.7,
      "clob_up_ask": 0.53,
      "clob_down_ask": 0.5,
      "seconds_left": 192.533264875412
    },
    {
      "ts": "2026-09-16T18:16:54.453298Z",
      "slug": "btc-updown-5m-1789582500",
      "status": "heartbeat",
      "gamma_up": 0.605,
      "gamma_down": 0.395,
      "clob_up_ask": 0.44,
      "clob_down_ask": 0.59,
      "seconds_left": 186.31006526947021,
      "min_spread": 0.010000000000000009
    },
    {
      "ts": "2026-09-16T18:16:54.453312Z",
      "slug": "btc-updown-5m-1789582500",
      "status": "skip_price_below_threshold",
      "threshold": 0.7,
      "clob_up_ask": 0.44,
      "clob_down_ask": 0.59,
      "seconds_left": 186.31006526947021
    },
    {
      "ts": "2026-09-16T18:17:00.537621Z",
      "slug": "btc-updown-5m-1789582500",
      "status": "heartbeat",
      "gamma_up": 0.605,
      "gamma_down": 0.395,
      "clob_up_ask": 0.58,
      "clob_down_ask": 0.43,
      "seconds_left": 180.239000082016,
      "min_spread": 0.010000000000000009
    },
    {
      "ts": "2026-09-16T18:17:00.537647Z",
      "slug": "btc-updown-5m-1789582500",
      "status": "skip_price_below_threshold",
      "threshold": 0.7,
      "clob_up_ask": 0.58,
      "clob_down_ask": 0.43,
      "seconds_left": 180.239000082016
    },
    {
      "ts": "2026-09-16T18:17:06.603478Z",
      "slug": "btc-updown-5m-1789582500",
      "status": "heartbeat",
      "gamma_up": 0.605,
      "gamma_down": 0.395,
      "clob_up_ask": 0.52,
      "clob_down_ask": 0.5,
      "seconds_left": 174.17709684371948,
      "min_spread": 0.010000000000000009
    },
    {
      "ts": "2026-09-16T18:17:06.603508Z",
      "slug": "btc-updown-5m-1789582500",
      "status": "skip_price_below_threshold",
      "threshold": 0.7,
      "clob_up_ask": 0.52,
      "clob_down_ask": 0.5,
      "seconds_left": 174.17709684371948
    },
    {
      "ts": "2026-09-16T18:17:16.268882Z",
      "slug": "btc-updown-5m-1789582500",
      "status": "heartbeat",
      "gamma_up": 0.605,
      "gamma_down": 0.395,
      "clob_up_ask": 0.54,
      "clob_down_ask": 0.43,
      "seconds_left": 164.50206184387207,
      "min_spread": 0.010000000000000009
    },
    {
      "ts": "2026-09-16T18:17:16.268944Z",
      "slug": "btc-updown-5m-1789582500",
      "status": "skip_price_below_threshold",
      "threshold": 0.7,
      "clob_up_ask": 0.54,
      "clob_down_ask": 0.43,
      "seconds_left": 164.50206184387207
    },
    {
      "ts": "2026-09-16T18:17:22.335224Z",
      "slug": "btc-updown-5m-1789582500",
      "status": "heartbeat",
      "gamma_up": 0.605,
      "gamma_down": 0.395,
      "clob_up_ask": 0.6,
      "clob_down_ask": 0.4,
      "seconds_left": 158.44455862045288,
      "min_spread": 0.010000000000000009
    },
    {
      "ts": "2026-09-16T18:17:22.335245Z",
      "slug": "btc-updown-5m-1789582500",
      "status": "skip_price_below_threshold",
      "threshold": 0.7,
      "clob_up_ask": 0.6,
      "clob_down_ask": 0.4,
      "seconds_left": 158.44455862045288
    },
    {
      "ts": "2026-09-16T18:17:28.517576Z",
      "slug": "btc-updown-5m-1789582500",
      "status": "heartbeat",
      "gamma_up": 0.605,
      "gamma_down": 0.395,
      "clob_up_ask": 0.63,
      "clob_down_ask": 0.36,
      "seconds_left": 152.2825710773468,
      "min_spread": 0.010000000000000009
    },
    {
      "ts": "2026-09-16T18:17:28.517589Z",
      "slug": "btc-updown-5m-1789582500",
      "status": "skip_price_below_threshold",
      "threshold": 0.7,
      "clob_up_ask": 0.63,
      "clob_down_ask": 0.36,
      "seconds_left": 152.2825710773468
    },
    {
      "ts": "2026-09-16T18:17:34.557100Z",
      "slug": "btc-updown-5m-1789582500",
      "status": "heartbeat",
      "gamma_up": 0.605,
      "gamma_down": 0.395,
      "clob_up_ask": 0.61,
      "clob_down_ask": 0.44,
      "seconds_left": 146.18964433670044,
      "min_spread": 0.010000000000000009
    },
    {
      "ts": "2026-09-16T18:17:34.557124Z",
      "slug": "btc-updown-5m-1789582500",
      "status": "skip_price_below_threshold",
      "threshold": 0.7,
      "clob_up_ask": 0.61,
      "clob_down_ask": 0.44,
      "seconds_left": 146.18964433670044
    },
    {
      "ts": "2026-09-16T18:17:40.606947Z",
      "slug": "btc-updown-5m-1789582500",
      "status": "heartbeat",
      "gamma_up": 0.605,
      "gamma_down": 0.395,
      "clob_up_ask": 0.51,
      "clob_down_ask": 0.5,
      "seconds_left": 140.1676528453827,
      "min_spread": 0.010000000000000009
    },
    {
      "ts": "2026-09-16T18:17:40.606974Z",
      "slug": "btc-updown-5m-1789582500",
      "status": "skip_price_below_threshold",
      "threshold": 0.7,
      "clob_up_ask": 0.51,
      "clob_down_ask": 0.5,
      "seconds_left": 140.1676528453827
    },
    {
      "ts": "2026-09-16T18:17:50.249486Z",
      "slug": "btc-updown-5m-1789582500",
      "status": "heartbeat",
      "gamma_up": 0.605,
      "gamma_down": 0.395,
      "clob_up_ask": 0.61,
      "clob_down_ask": 0.4,
      "seconds_left": 130.48210763931274,
      "min_spread": 0.010000000000000009
    },
    {
      "ts": "2026-09-16T18:17:50.249530Z",
      "slug": "btc-updown-5m-1789582500",
      "status": "skip_price_below_threshold",
      "threshold": 0.7,
      "clob_up_ask": 0.61,
      "clob_down_ask": 0.4,
      "seconds_left": 130.48210763931274
    },
    {
      "ts": "2026-09-16T18:17:56.324208Z",
      "slug": "btc-updown-5m-1789582500",
      "status": "heartbeat",
      "gamma_up": 0.605,
      "gamma_down": 0.395,
      "clob_up_ask": 0.53,
      "clob_down_ask": 0.51,
      "seconds_left": 124.45830535888672,
      "min_spread": 0.010000000000000009
    },
    {
      "ts": "2026-09-16T18:17:56.324229Z",
      "slug": "btc-updown-5m-1789582500",
      "status": "skip_price_below_threshold",
      "threshold": 0.7,
      "clob_up_ask": 0.53,
      "clob_down_ask": 0.51,
      "seconds_left": 124.45830535888672
    },
    {
      "ts": "2026-09-16T18:18:02.383562Z",
      "slug": "btc-updown-5m-1789582500",
      "status": "heartbeat",
      "gamma_up": 0.605,
      "gamma_down": 0.395,
      "clob_up_ask": 0.66,
      "clob_down_ask": 0.31,
      "seconds_left": 118.39044642448425,
      "min_spread": 0.010000000000000009
    },
    {
      "ts": "2026-09-16T18:18:02.383584Z",
      "slug": "btc-updown-5m-1789582500",
      "status": "skip_price_below_threshold",
      "threshold": 0.7,
      "clob_up_ask": 0.66,
      "clob_down_ask": 0.31,
      "seconds_left": 118.39044642448425
    },
    {
      "ts": "2026-09-16T18:18:08.456345Z",
      "slug": "btc-updown-5m-1789582500",
      "status": "heartbeat",
      "gamma_up": 0.605,
      "gamma_down": 0.395,
      "clob_up_ask": 0.71,
      "clob_down_ask": 0.3,
      "seconds_left": 112.3060073852539,
      "min_spread": 0.010000000000000009
    },
    {
      "ts": "2026-09-16T18:18:15.918323Z",
      "slug": "btc-updown-5m-1789582500",
      "status": "heartbeat",
      "gamma_up": 0.605,
      "gamma_down": 0.395,
      "clob_up_ask": 0.83,
      "clob_down_ask": 0.21,
      "seconds_left": 104.82053089141846,
      "min_spread": 0.009999999999999981
    },
    {
      "ts": "2026-09-16T18:18:26.995842Z",
      "slug": "btc-updown-5m-1789582500",
      "status": "heartbeat",
      "gamma_up": 0.605,
      "gamma_down": 0.395,
      "clob_up_ask": 0.84,
      "clob_down_ask": 0.17,
      "seconds_left": 93.76250314712524,
      "min_spread": 0.010000000000000009
    }
  ],
  "last_open_try": "{\"mode\": \"open\", \"execute\": true, \"market_slug\": \"btc-updown-5m-1789582500\", \"force_side\": \"UP\", \"token_id\": \"31287822185486590952631941933917440805528220722423737928277354337157647181909\", \"entry_price\": 0.8, \"notional_usd\": 5.0, \"top_ask_notional_usd\": 11.056000000000001, \"skipped\": \"thin_top_ask\", \"order_post_result\": {\"success\": false, \"status\": \"skipped\", \"errorMsg\": \"thin_top_ask\"}}\n\n",
  "open_raw": "{\"mode\": \"open\", \"execute\": true, \"market_slug\": \"btc-updown-5m-1789582500\", \"force_side\": \"UP\", \"token_id\": \"31287822185486590952631941933917440805528220722423737928277354337157647181909\", \"entry_price\": 0.82, \"notional_usd\": 5.0, \"top_ask_notional_usd\": 304.2774, \"collateral_pusd\": 56.158432, \"order_post_result\": {\"errorMsg\": \"\", \"orderID\": \"0xbbffe5cf5636e304a3d94f8d145dc677e80f4cd5e7ce6698b8fb6e4690a82347\", \"takingAmount\": \"5.4945\", \"makingAmount\": \"4.999995\", \"status\": \"matched\", \"transactionsHashes\": [\"0x5c5de2786e19dd1d16a0054319dd9eab051d26442639ddbf797852d4af562572\"], \"success\": true}}\n\n[py_clob_client_v2] request error status=400 url=https://clob.polymarket.com/auth/api-key body={\"error\":\"Could not create api key\"}\n\n",
  "opened": {
    "opened_at": "2026-09-16T18:18:31.712569Z",
    "market_slug": "btc-updown-5m-1789582500",
    "market_end_iso": "2026-09-16T18:20:00Z",
    "side": "UP",
    "token_id": "31287822185486590952631941933917440805528220722423737928277354337157647181909",
    "entry_price": 0.82,
    "shares": 5.4945,
    "cost_usdc": 4.999995,
    "open_order_id": "0xbbffe5cf5636e304a3d94f8d145dc677e80f4cd5e7ce6698b8fb6e4690a82347",
    "open_tx": "0x5c5de2786e19dd1d16a0054319dd9eab051d26442639ddbf797852d4af562572"
  },
  "stop_loss_price": 0.08199999999999998,
  "last_side_price": 0.605,
  "last_check_at": "2026-09-16T18:19:37.650649Z",
  "close_debug": [
    {
      "ts": "2026-09-16T18:19:47.330690Z",
      "attempt": 1,
      "order_type": "FAK",
      "status": "matched",
      "close_skipped": ""
    }
  ],
  "close_raw": "{\"mode\": \"close\", \"execute\": true, \"market_slug\": \"btc-updown-5m-1789582500\", \"token_id\": \"31287822185486590952631941933917440805528220722423737928277354337157647181909\", \"requested_shares\": 5.4945, \"close_order_type\": \"FAK\", \"close_limit_price\": null, \"available_shares\": 5.4945, \"sell_shares\": 5.4945, \"order_post_result\": {\"errorMsg\": \"\", \"orderID\": \"0x24082743ca273eeb723a5b62339680e430ff687f223b4ed0c5ba8bace1c0b987\", \"takingAmount\": \"5.4351\", \"makingAmount\": \"5.49\", \"status\": \"matched\", \"transactionsHashes\": [\"0x9adb811f687ab511cd26138400e00af88f4065e3e33905a9dc6fbc78fcd6d361\"], \"success\": true}, \"close_skipped\": \"\"}\n\n[py_clob_client_v2] request error status=400 url=https://clob.polymarket.com/auth/api-key body={\"error\":\"Could not create api key\"}\n\n",
  "closed": {
    "close_reason": "time_exit_20s_before_end",
    "closed_at": "2026-09-16T18:19:47.330717Z",
    "close_success": true,
    "close_status": "matched",
    "close_order_id": "0x24082743ca273eeb723a5b62339680e430ff687f223b4ed0c5ba8bace1c0b987",
    "close_tx": "0x9adb811f687ab511cd26138400e00af88f4065e3e33905a9dc6fbc78fcd6d361",
    "close_shares": 5.49,
    "close_usdc": 5.4351,
    "close_skipped": ""
  },
  "realized_cashflow_pnl_usdc": 0.435105,
  "finished_at": "2026-09-16T18:19:47.330737Z",
  "result": "done"
}
[2026-09-16T18:19:47Z] session_end rc=0 trades=10 stake_usd=5.0
journal_ok trades=91 md=/home/yukeen/polymarketbot/5min-btc-polymarket/data/live_trades.md json=/home/yukeen/polymarketbot/5min-btc-polymarket/data/live_trades.json
[py_clob_client_v2] request error status=400 url=https://clob.polymarket.com/auth/api-key body={"error":"Could not create api key"}

[2026-09-16T18:20:39Z] cash=56.558247
[py_clob_client_v2] request error status=400 url=https://clob.polymarket.com/auth/api-key body={"error":"Could not create api key"}

[2026-09-16T18:20:55Z] cash_retry=56.558247
{"martingale": true, "next_stake": 5.0, "loss_streak": 0, "last_outcome": "win", "last_opened_at": "2026-09-16T18:18:31.712569Z", "applied": 1}
[2026-09-16T18:21:07Z] session_begin trades=10 stake_usd=5.0
[py_clob_client_v2] request error status=400 url=https://clob.polymarket.com/auth/api-key body={"error":"Could not create api key"}

{
  "started_at": "2026-09-16T18:21:08.033068Z",
  "params": {
    "profile": "conservative",
    "threshold": 0.7,
    "stake_usd": 5.0,
    "stop_loss_pct": 0.9,
    "exit_before_sec": 20,
    "min_entry_seconds_left": 60,
    "entry_timeout_min": 12,
    "poll_sec": 5.0,
    "close_retry_max": 30,
    "close_retry_delay_sec": 2.0,
    "execute": true
  },
  "attempts": [
    {
      "ts": "2026-09-16T18:21:09.367487Z",
      "slug": "btc-updown-5m-1789582800",
      "status": "heartbeat",
      "gamma_up": 0.505,
      "gamma_down": 0.495,
      "clob_up_ask": 0.87,
      "clob_down_ask": 0.13,
      "seconds_left": 231.5102961063385,
      "min_spread": 0.010000000000000009
    }
  ],
  "open_raw": "{\"mode\": \"open\", \"execute\": true, \"market_slug\": \"btc-updown-5m-1789582800\", \"force_side\": \"UP\", \"token_id\": \"19802697942539834927708495955163799341391057432501687865792455601127704678688\", \"entry_price\": 0.88, \"notional_usd\": 5.0, \"top_ask_notional_usd\": 1070.2912000000001, \"collateral_pusd\": 56.558247, \"order_post_result\": {\"errorMsg\": \"\", \"orderID\": \"0x9811e86b9067feaf5228e17817ac4a452b45af338e70906722b2a769893caaf1\", \"takingAmount\": \"5.55555\", \"makingAmount\": \"4.999995\", \"status\": \"matched\", \"transactionsHashes\": [\"0x229b7b9ba984491c8cb229182c1190aaa3ddf2d8fe4a242b77422096b17a0d06\"], \"success\": true}}\n\n[py_clob_client_v2] request error status=400 url=https://clob.polymarket.com/auth/api-key body={\"error\":\"Could not create api key\"}\n\n",
  "opened": {
    "opened_at": "2026-09-16T18:21:14.185773Z",
    "market_slug": "btc-updown-5m-1789582800",
    "market_end_iso": "2026-09-16T18:25:00Z",
    "side": "UP",
    "token_id": "19802697942539834927708495955163799341391057432501687865792455601127704678688",
    "entry_price": 0.88,
    "shares": 5.55555,
    "cost_usdc": 4.999995,
    "open_order_id": "0x9811e86b9067feaf5228e17817ac4a452b45af338e70906722b2a769893caaf1",
    "open_tx": "0x229b7b9ba984491c8cb229182c1190aaa3ddf2d8fe4a242b77422096b17a0d06"
  },
  "stop_loss_price": 0.08799999999999998,
  "last_side_price": 0.985,
  "last_check_at": "2026-09-16T18:24:42.844868Z",
  "close_debug": [
    {
      "ts": "2026-09-16T18:24:52.305333Z",
      "attempt": 1,
      "order_type": "FAK",
      "status": "matched",
      "close_skipped": ""
    }
  ],
  "close_raw": "{\"mode\": \"close\", \"execute\": true, \"market_slug\": \"btc-updown-5m-1789582800\", \"token_id\": \"19802697942539834927708495955163799341391057432501687865792455601127704678688\", \"requested_shares\": 5.55555, \"close_order_type\": \"FAK\", \"close_limit_price\": null, \"available_shares\": 5.55555, \"sell_shares\": 5.5555, \"order_post_result\": {\"errorMsg\": \"\", \"orderID\": \"0x1acf116f06b99a9ba2476341964bb9be189f68cd79b5b6298ae947e461a25869\", \"takingAmount\": \"5.4945\", \"makingAmount\": \"5.55\", \"status\": \"matched\", \"transactionsHashes\": [\"0x861ed46bf665184df8fad8869c5f3554be98946c5e78ac4a66b27f6547122656\"], \"success\": true}, \"close_skipped\": \"\"}\n\n[py_clob_client_v2] request error status=400 url=https://clob.polymarket.com/auth/api-key body={\"error\":\"Could not create api key\"}\n\n",
  "closed": {
    "close_reason": "time_exit_20s_before_end",
    "closed_at": "2026-09-16T18:24:52.305351Z",
    "close_success": true,
    "close_status": "matched",
    "close_order_id": "0x1acf116f06b99a9ba2476341964bb9be189f68cd79b5b6298ae947e461a25869",
    "close_tx": "0x861ed46bf665184df8fad8869c5f3554be98946c5e78ac4a66b27f6547122656",
    "close_shares": 5.55,
    "close_usdc": 5.4945,
    "close_skipped": ""
  },
  "realized_cashflow_pnl_usdc": 0.494505,
  "finished_at": "2026-09-16T18:24:52.305363Z",
  "result": "done"
}
[2026-09-16T18:24:52Z] session_end rc=0 trades=11 stake_usd=5.0
journal_ok trades=92 md=/home/yukeen/polymarketbot/5min-btc-polymarket/data/live_trades.md json=/home/yukeen/polymarketbot/5min-btc-polymarket/data/live_trades.json
[py_clob_client_v2] request error status=400 url=https://clob.polymarket.com/auth/api-key body={"error":"Could not create api key"}

[2026-09-16T18:25:43Z] cash=57.013922
[py_clob_client_v2] request error status=400 url=https://clob.polymarket.com/auth/api-key body={"error":"Could not create api key"}

[2026-09-16T18:26:04Z] cash_retry=57.013922
{"martingale": true, "next_stake": 5.0, "loss_streak": 0, "last_outcome": "win", "last_opened_at": "2026-09-16T18:21:14.185773Z", "applied": 1}
[2026-09-16T18:26:12Z] session_begin trades=11 stake_usd=5.0
[py_clob_client_v2] request error status=400 url=https://clob.polymarket.com/auth/api-key body={"error":"Could not create api key"}

{
  "started_at": "2026-09-16T18:26:12.940856Z",
  "params": {
    "profile": "conservative",
    "threshold": 0.7,
    "stake_usd": 5.0,
    "stop_loss_pct": 0.9,
    "exit_before_sec": 20,
    "min_entry_seconds_left": 60,
    "entry_timeout_min": 12,
    "poll_sec": 5.0,
    "close_retry_max": 30,
    "close_retry_delay_sec": 2.0,
    "execute": true
  },
  "attempts": [
    {
      "ts": "2026-09-16T18:26:14.249484Z",
      "slug": "btc-updown-5m-1789583100",
      "status": "heartbeat",
      "gamma_up": 0.495,
      "gamma_down": 0.505,
      "clob_up_ask": 0.22,
      "clob_down_ask": 0.78,
      "seconds_left": 226.5387783050537,
      "min_spread": 0.010000000000000009
    }
  ],
  "open_raw": "{\"mode\": \"open\", \"execute\": true, \"market_slug\": \"btc-updown-5m-1789583100\", \"force_side\": \"DOWN\", \"token_id\": \"2094029253737581755104996967840704393256314620962335947128910171806118739515\", \"entry_price\": 0.78, \"notional_usd\": 5.0, \"top_ask_notional_usd\": 241.02, \"collateral_pusd\": 57.013922, \"order_post_result\": {\"errorMsg\": \"\", \"orderID\": \"0xc12d50a4acfdf65961f720a2d369fc180ba6821a2f702823312e282348d2d0d8\", \"takingAmount\": \"6.474359\", \"makingAmount\": \"5\", \"status\": \"matched\", \"transactionsHashes\": [\"0x6af011c47d2a040321a0e6db9ad93f9262c7d091191bd1deab1e13ff25ad28e9\"], \"success\": true}}\n\n[py_clob_client_v2] request error status=400 url=https://clob.polymarket.com/auth/api-key body={\"error\":\"Could not create api key\"}\n\n",
  "opened": {
    "opened_at": "2026-09-16T18:26:18.945449Z",
    "market_slug": "btc-updown-5m-1789583100",
    "market_end_iso": "2026-09-16T18:30:00Z",
    "side": "DOWN",
    "token_id": "2094029253737581755104996967840704393256314620962335947128910171806118739515",
    "entry_price": 0.78,
    "shares": 6.474359,
    "cost_usdc": 5.0,
    "open_order_id": "0xc12d50a4acfdf65961f720a2d369fc180ba6821a2f702823312e282348d2d0d8",
    "open_tx": "0x6af011c47d2a040321a0e6db9ad93f9262c7d091191bd1deab1e13ff25ad28e9"
  },
  "stop_loss_price": 0.07799999999999999,
  "last_side_price": 0.505,
  "last_check_at": "2026-09-16T18:29:39.830565Z",
  "close_debug": [
    {
      "ts": "2026-09-16T18:29:49.656408Z",
      "attempt": 1,
      "order_type": "FAK",
      "status": "matched",
      "close_skipped": ""
    }
  ],
  "close_raw": "{\"mode\": \"close\", \"execute\": true, \"market_slug\": \"btc-updown-5m-1789583100\", \"token_id\": \"2094029253737581755104996967840704393256314620962335947128910171806118739515\", \"requested_shares\": 6.474359, \"close_order_type\": \"FAK\", \"close_limit_price\": null, \"available_shares\": 6.474359, \"sell_shares\": 6.4743, \"order_post_result\": {\"errorMsg\": \"\", \"orderID\": \"0xdaf8b1d56c341a1b28207784cbcd13b774221ab91865f65ec7ce1fdc80f98f83\", \"takingAmount\": \"6.4053\", \"makingAmount\": \"6.47\", \"status\": \"matched\", \"transactionsHashes\": [\"0xc33d66108c24fa17b25ccdca93ce40a215f689320ec61f1310078c73f207f691\"], \"success\": true}, \"close_skipped\": \"\"}\n\n[py_clob_client_v2] request error status=400 url=https://clob.polymarket.com/auth/api-key body={\"error\":\"Could not create api key\"}\n\n",
  "closed": {
    "close_reason": "time_exit_20s_before_end",
    "closed_at": "2026-09-16T18:29:49.656427Z",
    "close_success": true,
    "close_status": "matched",
    "close_order_id": "0xdaf8b1d56c341a1b28207784cbcd13b774221ab91865f65ec7ce1fdc80f98f83",
    "close_tx": "0xc33d66108c24fa17b25ccdca93ce40a215f689320ec61f1310078c73f207f691",
    "close_shares": 6.47,
    "close_usdc": 6.4053,
    "close_skipped": ""
  },
  "realized_cashflow_pnl_usdc": 1.4053,
  "finished_at": "2026-09-16T18:29:49.656441Z",
  "result": "done"
}
[2026-09-16T18:29:49Z] session_end rc=0 trades=12 stake_usd=5.0
journal_ok trades=93 md=/home/yukeen/polymarketbot/5min-btc-polymarket/data/live_trades.md json=/home/yukeen/polymarketbot/5min-btc-polymarket/data/live_trades.json
[py_clob_client_v2] request error status=400 url=https://clob.polymarket.com/auth/api-key body={"error":"Could not create api key"}

[2026-09-16T18:30:45Z] cash=58.335042
{"martingale": true, "next_stake": 5.0, "loss_streak": 0, "last_outcome": "win", "last_opened_at": "2026-09-16T18:26:18.945449Z", "applied": 1}
[2026-09-16T18:30:53Z] session_begin trades=12 stake_usd=5.0
[py_clob_client_v2] request error status=400 url=https://clob.polymarket.com/auth/api-key body={"error":"Could not create api key"}

{
  "started_at": "2026-09-16T18:30:53.753842Z",
  "params": {
    "profile": "conservative",
    "threshold": 0.7,
    "stake_usd": 5.0,
    "stop_loss_pct": 0.9,
    "exit_before_sec": 20,
    "min_entry_seconds_left": 60,
    "entry_timeout_min": 12,
    "poll_sec": 5.0,
    "close_retry_max": 30,
    "close_retry_delay_sec": 2.0,
    "execute": true
  },
  "attempts": [
    {
      "ts": "2026-09-16T18:30:54.941174Z",
      "slug": "btc-updown-5m-1789583400",
      "status": "heartbeat",
      "gamma_up": 0.505,
      "gamma_down": 0.495,
      "clob_up_ask": 0.42,
      "clob_down_ask": 0.61,
      "seconds_left": 245.81301712989807,
      "min_spread": 0.020000000000000018
    },
    {
      "ts": "2026-09-16T18:30:54.941209Z",
      "slug": "btc-updown-5m-1789583400",
      "status": "skip_price_below_threshold",
      "threshold": 0.7,
      "clob_up_ask": 0.42,
      "clob_down_ask": 0.61,
      "seconds_left": 245.81301712989807
    },
    {
      "ts": "2026-09-16T18:31:01.069103Z",
      "slug": "btc-updown-5m-1789583400",
      "status": "heartbeat",
      "gamma_up": 0.505,
      "gamma_down": 0.495,
      "clob_up_ask": 0.39,
      "clob_down_ask": 0.67,
      "seconds_left": 239.750816822052,
      "min_spread": 0.010000000000000009
    },
    {
      "ts": "2026-09-16T18:31:01.069136Z",
      "slug": "btc-updown-5m-1789583400",
      "status": "skip_price_below_threshold",
      "threshold": 0.7,
      "clob_up_ask": 0.39,
      "clob_down_ask": 0.67,
      "seconds_left": 239.750816822052
    },
    {
      "ts": "2026-09-16T18:31:07.160729Z",
      "slug": "btc-updown-5m-1789583400",
      "status": "heartbeat",
      "gamma_up": 0.505,
      "gamma_down": 0.495,
      "clob_up_ask": 0.28,
      "clob_down_ask": 0.74,
      "seconds_left": 233.6043906211853,
      "min_spread": 0.010000000000000009
    }
  ],
  "open_raw": "{\"mode\": \"open\", \"execute\": true, \"market_slug\": \"btc-updown-5m-1789583400\", \"force_side\": \"DOWN\", \"token_id\": \"99323731647195452386162412825379040553688288739461526669729937846193092523701\", \"entry_price\": 0.69, \"notional_usd\": 5.0, \"top_ask_notional_usd\": 360.5112, \"collateral_pusd\": 58.335042, \"order_post_result\": {\"errorMsg\": \"\", \"orderID\": \"0xb24891ff5ae2e4fa7d31c6f72f0559fd78cacc1fb33023d4dc465e9cfe2546b0\", \"takingAmount\": \"7.692308\", \"makingAmount\": \"5\", \"status\": \"matched\", \"transactionsHashes\": [\"0x17106076af85416109612c4692291b0f785a358593867581b9b2f2584891ee0a\"], \"success\": true}}\n\n[py_clob_client_v2] request error status=400 url=https://clob.polymarket.com/auth/api-key body={\"error\":\"Could not create api key\"}\n\n",
  "opened": {
    "opened_at": "2026-09-16T18:31:15.042143Z",
    "market_slug": "btc-updown-5m-1789583400",
    "market_end_iso": "2026-09-16T18:35:00Z",
    "side": "DOWN",
    "token_id": "99323731647195452386162412825379040553688288739461526669729937846193092523701",
    "entry_price": 0.69,
    "shares": 7.692308,
    "cost_usdc": 5.0,
    "open_order_id": "0xb24891ff5ae2e4fa7d31c6f72f0559fd78cacc1fb33023d4dc465e9cfe2546b0",
    "open_tx": "0x17106076af85416109612c4692291b0f785a358593867581b9b2f2584891ee0a"
  },
  "stop_loss_price": 0.06899999999999998,
  "last_side_price": 0.725,
  "last_check_at": "2026-09-16T18:34:36.398260Z",
  "close_debug": [
    {
      "ts": "2026-09-16T18:34:48.839014Z",
      "attempt": 1,
      "order_type": "FAK",
      "status": "matched",
      "close_skipped": ""
    }
  ],
  "close_raw": "{\"mode\": \"close\", \"execute\": true, \"market_slug\": \"btc-updown-5m-1789583400\", \"token_id\": \"99323731647195452386162412825379040553688288739461526669729937846193092523701\", \"requested_shares\": 7.692308, \"close_order_type\": \"FAK\", \"close_limit_price\": null, \"available_shares\": 7.692308, \"sell_shares\": 7.6923, \"order_post_result\": {\"errorMsg\": \"\", \"orderID\": \"0x73a2448a6978ea4623e1d2cf359d781699ef73d190360a53b0519ac64ca1f7c0\", \"takingAmount\": \"7.68231\", \"makingAmount\": \"7.69\", \"status\": \"matched\", \"transactionsHashes\": [\"0x0e51c79f96bd6015ede242abdbf67bfbfd256126db17df6db25760d0684a066c\"], \"success\": true}, \"close_skipped\": \"\"}\n\n[py_clob_client_v2] request error status=400 url=https://clob.polymarket.com/auth/api-key body={\"error\":\"Could not create api key\"}\n\n",
  "closed": {
    "close_reason": "time_exit_20s_before_end",
    "closed_at": "2026-09-16T18:34:48.839046Z",
    "close_success": true,
    "close_status": "matched",
    "close_order_id": "0x73a2448a6978ea4623e1d2cf359d781699ef73d190360a53b0519ac64ca1f7c0",
    "close_tx": "0x0e51c79f96bd6015ede242abdbf67bfbfd256126db17df6db25760d0684a066c",
    "close_shares": 7.69,
    "close_usdc": 7.68231,
    "close_skipped": ""
  },
  "realized_cashflow_pnl_usdc": 2.68231,
  "finished_at": "2026-09-16T18:34:48.839070Z",
  "result": "done"
}
[2026-09-16T18:34:48Z] session_end rc=0 trades=13 stake_usd=5.0
journal_ok trades=94 md=/home/yukeen/polymarketbot/5min-btc-polymarket/data/live_trades.md json=/home/yukeen/polymarketbot/5min-btc-polymarket/data/live_trades.json
[py_clob_client_v2] request error status=400 url=https://clob.polymarket.com/auth/api-key body={"error":"Could not create api key"}

[2026-09-16T18:35:42Z] cash=60.894322
{"martingale": true, "next_stake": 5.0, "loss_streak": 0, "last_outcome": "win", "last_opened_at": "2026-09-16T18:31:15.042143Z", "applied": 1}
[2026-09-16T18:35:50Z] session_begin trades=13 stake_usd=5.0
[py_clob_client_v2] request error status=400 url=https://clob.polymarket.com/auth/api-key body={"error":"Could not create api key"}

{
  "started_at": "2026-09-16T18:35:51.392261Z",
  "params": {
    "profile": "conservative",
    "threshold": 0.7,
    "stake_usd": 5.0,
    "stop_loss_pct": 0.9,
    "exit_before_sec": 20,
    "min_entry_seconds_left": 60,
    "entry_timeout_min": 12,
    "poll_sec": 5.0,
    "close_retry_max": 30,
    "close_retry_delay_sec": 2.0,
    "execute": true
  },
  "attempts": [
    {
      "ts": "2026-09-16T18:35:52.586288Z",
      "slug": "btc-updown-5m-1789583700",
      "status": "heartbeat",
      "gamma_up": 0.505,
      "gamma_down": 0.495,
      "clob_up_ask": 0.08,
      "clob_down_ask": 0.93,
      "seconds_left": 248.30816555023193,
      "min_spread": 0.009999999999999995
    }
  ],
  "open_raw": "{\"mode\": \"open\", \"execute\": true, \"market_slug\": \"btc-updown-5m-1789583700\", \"force_side\": \"DOWN\", \"token_id\": \"80882062970906196910210556952404921709153968560048125903499911705372199700673\", \"entry_price\": 0.94, \"notional_usd\": 5.0, \"top_ask_notional_usd\": 416.5234, \"collateral_pusd\": 60.894322, \"order_post_result\": {\"errorMsg\": \"\", \"orderID\": \"0xb322e3a1c2495c2e9c0f0ad7af73588817da4d05e152e9c0013750e30414006c\", \"takingAmount\": \"5.319133\", \"makingAmount\": \"4.999985\", \"status\": \"matched\", \"transactionsHashes\": [\"0x07acf91cea9ac3c103b4a4468b7a47492c21902f8841e493ce440e50bb9bc938\"], \"success\": true}}\n\n[py_clob_client_v2] request error status=400 url=https://clob.polymarket.com/auth/api-key body={\"error\":\"Could not create api key\"}\n\n",
  "opened": {
    "opened_at": "2026-09-16T18:35:57.260298Z",
    "market_slug": "btc-updown-5m-1789583700",
    "market_end_iso": "2026-09-16T18:40:00Z",
    "side": "DOWN",
    "token_id": "80882062970906196910210556952404921709153968560048125903499911705372199700673",
    "entry_price": 0.94,
    "shares": 5.319133,
    "cost_usdc": 4.999985,
    "open_order_id": "0xb322e3a1c2495c2e9c0f0ad7af73588817da4d05e152e9c0013750e30414006c",
    "open_tx": "0x07acf91cea9ac3c103b4a4468b7a47492c21902f8841e493ce440e50bb9bc938"
  },
  "stop_loss_price": 0.09399999999999997,
  "last_side_price": 0.945,
  "last_check_at": "2026-09-16T18:39:34.279951Z",
  "close_debug": [
    {
      "ts": "2026-09-16T18:39:50.490386Z",
      "attempt": 1,
      "order_type": "FAK",
      "status": "error",
      "close_skipped": ""
    },
    {
      "ts": "2026-09-16T18:39:55.763679Z",
      "attempt": 2,
      "order_type": "FAK",
      "status": "error",
      "close_skipped": ""
    },
    {
      "ts": "2026-09-16T18:40:01.039873Z",
      "attempt": 3,
      "order_type": "FAK",
      "status": "error",
      "close_skipped": ""
    },
    {
      "ts": "2026-09-16T18:40:06.816976Z",
      "attempt": 4,
      "order_type": "FAK",
      "status": "error",
      "close_skipped": ""
    },
    {
      "ts": "2026-09-16T18:40:12.191049Z",
      "attempt": 5,
      "order_type": "FAK",
      "status": "error",
      "close_skipped": ""
    },
    {
      "ts": "2026-09-16T18:40:20.505168Z",
      "attempt": 6,
      "order_type": "FAK",
      "status": "error",
      "close_skipped": ""
    },
    {
      "ts": "2026-09-16T18:40:25.796790Z",
      "attempt": 7,
      "order_type": "FAK",
      "status": "error",
      "close_skipped": ""
    },
    {
      "ts": "2026-09-16T18:40:31.034420Z",
      "attempt": 8,
      "order_type": "FAK",
      "status": "error",
      "close_skipped": ""
    },
    {
      "ts": "2026-09-16T18:40:36.211546Z",
      "attempt": 9,
      "order_type": "FAK",
      "status": "error",
      "close_skipped": ""
    },
    {
      "ts": "2026-09-16T18:40:41.451678Z",
      "attempt": 10,
      "order_type": "FAK",
      "status": "error",
      "close_skipped": ""
    },
    {
      "ts": "2026-09-16T18:40:46.677697Z",
      "attempt": 11,
      "order_type": "FAK",
      "status": "error",
      "close_skipped": ""
    },
    {
      "ts": "2026-09-16T18:40:54.888259Z",
      "attempt": 12,
      "order_type": "FAK",
      "status": "error",
      "close_skipped": ""
    },
    {
      "ts": "2026-09-16T18:41:00.110814Z",
      "attempt": 13,
      "order_type": "FAK",
      "status": "error",
      "close_skipped": ""
    },
    {
      "ts": "2026-09-16T18:41:05.394879Z",
      "attempt": 14,
      "order_type": "FAK",
      "status": "error",
      "close_skipped": ""
    },
    {
      "ts": "2026-09-16T18:41:10.628767Z",
      "attempt": 15,
      "order_type": "FAK",
      "status": "error",
      "close_skipped": ""
    },
    {
      "ts": "2026-09-16T18:41:15.921906Z",
      "attempt": 16,
      "order_type": "FAK",
      "status": "error",
      "close_skipped": ""
    },
    {
      "ts": "2026-09-16T18:41:21.405106Z",
      "attempt": 17,
      "order_type": "FAK",
      "status": "error",
      "close_skipped": ""
    },
    {
      "ts": "2026-09-16T18:41:29.728317Z",
      "attempt": 18,
      "order_type": "FAK",
      "status": "error",
      "close_skipped": ""
    },
    {
      "ts": "2026-09-16T18:41:38.932041Z",
      "attempt": 19,
      "order_type": "FAK",
      "status": "error",
      "close_skipped": ""
    },
    {
      "ts": "2026-09-16T18:41:44.174132Z",
      "attempt": 20,
      "order_type": "FAK",
      "status": "error",
      "close_skipped": ""
    },
    {
      "ts": "2026-09-16T18:41:49.298486Z",
      "attempt": 21,
      "order_type": "FAK",
      "status": "error",
      "close_skipped": ""
    },
    {
      "ts": "2026-09-16T18:41:54.510474Z",
      "attempt": 22,
      "order_type": "FAK",
      "status": "error",
      "close_skipped": ""
    },
    {
      "ts": "2026-09-16T18:41:59.809829Z",
      "attempt": 23,
      "order_type": "FAK",
      "status": "error",
      "close_skipped": ""
    },
    {
      "ts": "2026-09-16T18:42:07.886803Z",
      "attempt": 24,
      "order_type": "FAK",
      "status": "error",
      "close_skipped": ""
    },
    {
      "ts": "2026-09-16T18:42:13.078845Z",
      "attempt": 25,
      "order_type": "FAK",
      "status": "error",
      "close_skipped": ""
    },
    {
      "ts": "2026-09-16T18:42:18.260475Z",
      "attempt": 26,
      "order_type": "FAK",
      "status": "error",
      "close_skipped": ""
    },
    {
      "ts": "2026-09-16T18:42:23.576734Z",
      "attempt": 27,
      "order_type": "FAK",
      "status": "error",
      "close_skipped": ""
    },
    {
      "ts": "2026-09-16T18:42:28.885628Z",
      "attempt": 28,
      "order_type": "FAK",
      "status": "error",
      "close_skipped": ""
    },
    {
      "ts": "2026-09-16T18:42:34.133803Z",
      "attempt": 29,
      "order_type": "FAK",
      "status": "error",
      "close_skipped": ""
    },
    {
      "ts": "2026-09-16T18:42:42.408038Z",
      "attempt": 30,
      "order_type": "FAK",
      "status": "error",
      "close_skipped": ""
    }
  ],
  "close_raw": "{\"error\": \"PolyApiException[status_code=404, error_message={'error': 'No orderbook exists for the requested token id'}]\", \"order_post_result\": {\"success\": false, \"status\": \"error\", \"errorMsg\": \"PolyApiException[status_code=404, error_message={'error': 'No orderbook exists for the requested token id'}]\"}, \"close_skipped\": \"\"}\n\n[py_clob_client_v2] request error status=400 url=https://clob.polymarket.com/auth/api-key body={\"error\":\"Could not create api key\"}\n\n[py_clob_client_v2] request error status=404 url=https://clob.polymarket.com/book body={\"error\":\"No orderbook exists for the requested token id\"}\n\n",
  "closed": {
    "close_reason": "time_exit_20s_before_end",
    "closed_at": "2026-09-16T18:42:44.408237Z",
    "close_success": false,
    "close_status": "error",
    "close_order_id": null,
    "close_tx": null,
    "close_shares": 0.0,
    "close_usdc": 0.0,
    "close_skipped": ""
  },
  "realized_cashflow_pnl_usdc": null,
  "finished_at": "2026-09-16T18:42:44.408339Z",
  "result": "done"
}
[2026-09-16T18:42:44Z] session_end rc=0 trades=14 stake_usd=5.0
journal_ok trades=95 md=/home/yukeen/polymarketbot/5min-btc-polymarket/data/live_trades.md json=/home/yukeen/polymarketbot/5min-btc-polymarket/data/live_trades.json
[py_clob_client_v2] request error status=400 url=https://clob.polymarket.com/auth/api-key body={"error":"Could not create api key"}

[2026-09-16T18:43:36Z] cash=55.873347
[py_clob_client_v2] request error status=400 url=https://clob.polymarket.com/auth/api-key body={"error":"Could not create api key"}

[2026-09-16T18:43:56Z] cash_retry=55.873347
{"martingale": true, "next_stake": 10.0, "loss_streak": 1, "last_outcome": "loss", "last_opened_at": "2026-09-16T18:35:57.260298Z", "applied": 1}
[2026-09-16T18:44:04Z] session_begin trades=14 stake_usd=10.0
[py_clob_client_v2] request error status=400 url=https://clob.polymarket.com/auth/api-key body={"error":"Could not create api key"}

{
  "started_at": "2026-09-16T18:44:05.020593Z",
  "params": {
    "profile": "conservative",
    "threshold": 0.7,
    "stake_usd": 10.0,
    "stop_loss_pct": 0.9,
    "exit_before_sec": 20,
    "min_entry_seconds_left": 60,
    "entry_timeout_min": 12,
    "poll_sec": 5.0,
    "close_retry_max": 30,
    "close_retry_delay_sec": 2.0,
    "execute": true
  },
  "attempts": [
    {
      "ts": "2026-09-16T18:44:05.359999Z",
      "slug": "btc-updown-5m-1789584000",
      "status": "skip_too_late_to_enter",
      "seconds_left": 54.64000654220581,
      "min_entry_seconds_left": 60
    },
    {
      "ts": "2026-09-16T18:44:10.657468Z",
      "slug": "btc-updown-5m-1789584000",
      "status": "skip_too_late_to_enter",
      "seconds_left": 49.34253787994385,
      "min_entry_seconds_left": 60
    },
    {
      "ts": "2026-09-16T18:44:15.983299Z",
      "slug": "btc-updown-5m-1789584000",
      "status": "skip_too_late_to_enter",
      "seconds_left": 44.01670575141907,
      "min_entry_seconds_left": 60
    },
    {
      "ts": "2026-09-16T18:44:21.281185Z",
      "slug": "btc-updown-5m-1789584000",
      "status": "skip_too_late_to_enter",
      "seconds_left": 38.71882104873657,
      "min_entry_seconds_left": 60
    },
    {
      "ts": "2026-09-16T18:44:29.549208Z",
      "slug": "btc-updown-5m-1789584000",
      "status": "skip_too_late_to_enter",
      "seconds_left": 30.45079493522644,
      "min_entry_seconds_left": 60
    },
    {
      "ts": "2026-09-16T18:44:34.877592Z",
      "slug": "btc-updown-5m-1789584000",
      "status": "skip_too_late_to_enter",
      "seconds_left": 25.122413873672485,
      "min_entry_seconds_left": 60
    },
    {
      "ts": "2026-09-16T18:44:40.198465Z",
      "slug": "btc-updown-5m-1789584000",
      "status": "skip_too_late_to_enter",
      "seconds_left": 19.8015398979187,
      "min_entry_seconds_left": 60
    },
    {
      "ts": "2026-09-16T18:44:45.508743Z",
      "slug": "btc-updown-5m-1789584000",
      "status": "skip_too_late_to_enter",
      "seconds_left": 14.491259574890137,
      "min_entry_seconds_left": 60
    },
    {
      "ts": "2026-09-16T18:44:50.823260Z",
      "slug": "btc-updown-5m-1789584000",
      "status": "skip_too_late_to_enter",
      "seconds_left": 9.176744937896729,
      "min_entry_seconds_left": 60
    },
    {
      "ts": "2026-09-16T18:44:56.126244Z",
      "status": "heartbeat_no_current_market"
    },
    {
      "ts": "2026-09-16T18:45:05.136618Z",
      "slug": "btc-updown-5m-1789584300",
      "status": "heartbeat",
      "gamma_up": 0.505,
      "gamma_down": 0.495,
      "clob_up_ask": 0.24,
      "clob_down_ask": 0.78,
      "seconds_left": 295.61143255233765,
      "min_spread": 0.009999999999999981
    }
  ],
  "open_raw": "{\"mode\": \"open\", \"execute\": true, \"market_slug\": \"btc-updown-5m-1789584300\", \"force_side\": \"DOWN\", \"token_id\": \"63253682484696062809744317106538973833262092165666147100152479829862429876338\", \"entry_price\": 0.8, \"notional_usd\": 10.0, \"top_ask_notional_usd\": 814.328, \"collateral_pusd\": 55.873347, \"order_post_result\": {\"errorMsg\": \"\", \"orderID\": \"0xbe8f045ee0b3174ad9f7c94e1f2b6d529a449970ec7773689f176d41638af429\", \"takingAmount\": \"12.658228\", \"makingAmount\": \"10\", \"status\": \"matched\", \"transactionsHashes\": [\"0x54b10c6ca9bff98c9cb8158c9d42c7def74c54f2409bdb398e69192a391e0ac1\"], \"success\": true}}\n\n[py_clob_client_v2] request error status=400 url=https://clob.polymarket.com/auth/api-key body={\"error\":\"Could not create api key\"}\n\n",
  "opened": {
    "opened_at": "2026-09-16T18:45:09.919152Z",
    "market_slug": "btc-updown-5m-1789584300",
    "market_end_iso": "2026-09-16T18:50:00Z",
    "side": "DOWN",
    "token_id": "63253682484696062809744317106538973833262092165666147100152479829862429876338",
    "entry_price": 0.8,
    "shares": 12.658228,
    "cost_usdc": 10.0,
    "open_order_id": "0xbe8f045ee0b3174ad9f7c94e1f2b6d529a449970ec7773689f176d41638af429",
    "open_tx": "0x54b10c6ca9bff98c9cb8158c9d42c7def74c54f2409bdb398e69192a391e0ac1"
  },
  "stop_loss_price": 0.07999999999999999,
  "last_side_price": 0.69,
  "last_check_at": "2026-09-16T18:49:35.093112Z",
  "close_debug": [
    {
      "ts": "2026-09-16T18:49:47.634250Z",
      "attempt": 1,
      "order_type": "FAK",
      "status": "matched",
      "close_skipped": ""
    }
  ],
  "close_raw": "{\"mode\": \"close\", \"execute\": true, \"market_slug\": \"btc-updown-5m-1789584300\", \"token_id\": \"63253682484696062809744317106538973833262092165666147100152479829862429876338\", \"requested_shares\": 12.658228, \"close_order_type\": \"FAK\", \"close_limit_price\": null, \"available_shares\": 12.658228, \"sell_shares\": 12.6582, \"order_post_result\": {\"errorMsg\": \"\", \"orderID\": \"0xe47972359e4338e6d40c090dc41007daa60dd891df8ade85b2daec2ec7dc9e43\", \"takingAmount\": \"12.5235\", \"makingAmount\": \"12.65\", \"status\": \"matched\", \"transactionsHashes\": [\"0xc53915a80b6d6a5b0ccc22f8c45d8f6bcc49669790b92b4349982ef5f60e4710\"], \"success\": true}, \"close_skipped\": \"\"}\n\n[py_clob_client_v2] request error status=400 url=https://clob.polymarket.com/auth/api-key body={\"error\":\"Could not create api key\"}\n\n",
  "closed": {
    "close_reason": "time_exit_20s_before_end",
    "closed_at": "2026-09-16T18:49:47.634295Z",
    "close_success": true,
    "close_status": "matched",
    "close_order_id": "0xe47972359e4338e6d40c090dc41007daa60dd891df8ade85b2daec2ec7dc9e43",
    "close_tx": "0xc53915a80b6d6a5b0ccc22f8c45d8f6bcc49669790b92b4349982ef5f60e4710",
    "close_shares": 12.65,
    "close_usdc": 12.5235,
    "close_skipped": ""
  },
  "realized_cashflow_pnl_usdc": 2.5235,
  "finished_at": "2026-09-16T18:49:47.634316Z",
  "result": "done"
}
[2026-09-16T18:49:47Z] session_end rc=0 trades=15 stake_usd=10.0
journal_ok trades=96 md=/home/yukeen/polymarketbot/5min-btc-polymarket/data/live_trades.md json=/home/yukeen/polymarketbot/5min-btc-polymarket/data/live_trades.json
[py_clob_client_v2] request error status=400 url=https://clob.polymarket.com/auth/api-key body={"error":"Could not create api key"}

[2026-09-16T18:50:37Z] cash=58.241087
{"martingale": true, "next_stake": 5.0, "loss_streak": 0, "last_outcome": "win", "last_opened_at": "2026-09-16T18:45:09.919152Z", "applied": 1}
[2026-09-16T18:50:45Z] session_begin trades=15 stake_usd=5.0
[py_clob_client_v2] request error: [Errno -3] Temporary failure in name resolution
{
  "started_at": "2026-09-16T18:50:45.978236Z",
  "params": {
    "profile": "conservative",
    "threshold": 0.7,
    "stake_usd": 5.0,
    "stop_loss_pct": 0.9,
    "exit_before_sec": 20,
    "min_entry_seconds_left": 60,
    "entry_timeout_min": 12,
    "poll_sec": 5.0,
    "close_retry_max": 30,
    "close_retry_delay_sec": 2.0,
    "execute": true
  },
  "attempts": [
    {
      "ts": "2026-09-16T18:50:47.759656Z",
      "slug": "btc-updown-5m-1789584600",
      "status": "heartbeat",
      "gamma_up": 0.305,
      "gamma_down": 0.695,
      "clob_up_ask": 0.23,
      "clob_down_ask": 0.78,
      "seconds_left": 253.3036470413208,
      "min_spread": 0.010000000000000009
    }
  ],
  "open_raw": "{\"mode\": \"open\", \"execute\": true, \"market_slug\": \"btc-updown-5m-1789584600\", \"force_side\": \"DOWN\", \"token_id\": \"44630696982120208354086572100084113692496756143697608825918337787861990520719\", \"entry_price\": 0.83, \"notional_usd\": 5.0, \"top_ask_notional_usd\": 79.67999999999999, \"collateral_pusd\": 58.241087, \"order_post_result\": {\"errorMsg\": \"\", \"orderID\": \"0x358ded55f82a0c3dbeb715321d9a0f2df0164f0399324d93e19683b2f6632aa3\", \"takingAmount\": \"5.952381\", \"makingAmount\": \"5\", \"status\": \"matched\", \"transactionsHashes\": [\"0x26bcb59982bc46cd17500a7dc12c3b2feac75a53bd95b036dd49fbc3b2865ad1\"], \"success\": true}}\n\n[py_clob_client_v2] request error status=400 url=https://clob.polymarket.com/auth/api-key body={\"error\":\"Could not create api key\"}\n\n",
  "opened": {
    "opened_at": "2026-09-16T18:50:56.839133Z",
    "market_slug": "btc-updown-5m-1789584600",
    "market_end_iso": "2026-09-16T18:55:00Z",
    "side": "DOWN",
    "token_id": "44630696982120208354086572100084113692496756143697608825918337787861990520719",
    "entry_price": 0.83,
    "shares": 5.952381,
    "cost_usdc": 5.0,
    "open_order_id": "0x358ded55f82a0c3dbeb715321d9a0f2df0164f0399324d93e19683b2f6632aa3",
    "open_tx": "0x26bcb59982bc46cd17500a7dc12c3b2feac75a53bd95b036dd49fbc3b2865ad1"
  },
  "stop_loss_price": 0.08299999999999998,
  "last_side_price": 0.695,
  "last_check_at": "2026-09-16T18:54:37.961047Z",
  "close_debug": [
    {
      "ts": "2026-09-16T18:55:06.508767Z",
      "attempt": 1,
      "order_type": "FAK",
      "status": "matched",
      "close_skipped": ""
    }
  ],
  "close_raw": "{\"mode\": \"close\", \"execute\": true, \"market_slug\": \"btc-updown-5m-1789584600\", \"token_id\": \"44630696982120208354086572100084113692496756143697608825918337787861990520719\", \"requested_shares\": 5.952381, \"close_order_type\": \"FAK\", \"close_limit_price\": null, \"available_shares\": 5.952381, \"sell_shares\": 5.9523, \"order_post_result\": {\"errorMsg\": \"\", \"orderID\": \"0x15f6bfb20a1a0936e40c3e615001bbe6b5e259e4bfabe293ad0a7c00ca036d48\", \"takingAmount\": \"5.94405\", \"makingAmount\": \"5.95\", \"status\": \"matched\", \"transactionsHashes\": [\"0x23857ff2a9c65ea73d5ebca8b62a6544d46660c55a9a9d253332c351a1a2bfc2\"], \"success\": true}, \"close_skipped\": \"\"}\n\n[py_clob_client_v2] request error status=400 url=https://clob.polymarket.com/auth/api-key body={\"error\":\"Could not create api key\"}\n\n",
  "closed": {
    "close_reason": "time_exit_20s_before_end",
    "closed_at": "2026-09-16T18:55:06.508802Z",
    "close_success": true,
    "close_status": "matched",
    "close_order_id": "0x15f6bfb20a1a0936e40c3e615001bbe6b5e259e4bfabe293ad0a7c00ca036d48",
    "close_tx": "0x23857ff2a9c65ea73d5ebca8b62a6544d46660c55a9a9d253332c351a1a2bfc2",
    "close_shares": 5.95,
    "close_usdc": 5.94405,
    "close_skipped": ""
  },
  "realized_cashflow_pnl_usdc": 0.94405,
  "finished_at": "2026-09-16T18:55:06.508828Z",
  "result": "done"
}
[2026-09-16T18:55:06Z] session_end rc=0 trades=16 stake_usd=5.0
journal_ok trades=97 md=/home/yukeen/polymarketbot/5min-btc-polymarket/data/live_trades.md json=/home/yukeen/polymarketbot/5min-btc-polymarket/data/live_trades.json
[py_clob_client_v2] request error status=400 url=https://clob.polymarket.com/auth/api-key body={"error":"Could not create api key"}

[2026-09-16T18:56:38Z] cash=59.128727
{"martingale": true, "next_stake": 5.0, "loss_streak": 0, "last_outcome": "win", "last_opened_at": "2026-09-16T18:50:56.839133Z", "applied": 1}
[2026-09-16T18:56:46Z] session_begin trades=16 stake_usd=5.0
[py_clob_client_v2] request error status=400 url=https://clob.polymarket.com/auth/api-key body={"error":"Could not create api key"}

{
  "started_at": "2026-09-16T18:56:47.411186Z",
  "params": {
    "profile": "conservative",
    "threshold": 0.7,
    "stake_usd": 5.0,
    "stop_loss_pct": 0.9,
    "exit_before_sec": 20,
    "min_entry_seconds_left": 60,
    "entry_timeout_min": 12,
    "poll_sec": 5.0,
    "close_retry_max": 30,
    "close_retry_delay_sec": 2.0,
    "execute": true
  },
  "attempts": [
    {
      "ts": "2026-09-16T18:56:52.277945Z",
      "slug": "btc-updown-5m-1789584900",
      "status": "heartbeat",
      "gamma_up": 0.505,
      "gamma_down": 0.495,
      "clob_up_ask": 0.51,
      "clob_down_ask": 0.54,
      "seconds_left": 188.8388946056366,
      "min_spread": 0.010000000000000009
    },
    {
      "ts": "2026-09-16T18:56:52.277970Z",
      "slug": "btc-updown-5m-1789584900",
      "status": "skip_price_below_threshold",
      "threshold": 0.7,
      "clob_up_ask": 0.51,
      "clob_down_ask": 0.54,
      "seconds_left": 188.8388946056366
    },
    {
      "ts": "2026-09-16T18:56:58.895699Z",
      "slug": "btc-updown-5m-1789584900",
      "status": "heartbeat",
      "gamma_up": 0.505,
      "gamma_down": 0.495,
      "clob_up_ask": 0.45,
      "clob_down_ask": 0.56,
      "seconds_left": 182.18558764457703,
      "min_spread": 0.010000000000000009
    },
    {
      "ts": "2026-09-16T18:56:58.895721Z",
      "slug": "btc-updown-5m-1789584900",
      "status": "skip_price_below_threshold",
      "threshold": 0.7,
      "clob_up_ask": 0.45,
      "clob_down_ask": 0.56,
      "seconds_left": 182.18558764457703
    },
    {
      "ts": "2026-09-16T18:57:05.614664Z",
      "slug": "btc-updown-5m-1789584900",
      "status": "heartbeat",
      "gamma_up": 0.505,
      "gamma_down": 0.495,
      "clob_up_ask": 0.34,
      "clob_down_ask": 0.66,
      "seconds_left": 175.5495183467865,
      "min_spread": 0.010000000000000009
    },
    {
      "ts": "2026-09-16T18:57:05.614680Z",
      "slug": "btc-updown-5m-1789584900",
      "status": "skip_price_below_threshold",
      "threshold": 0.7,
      "clob_up_ask": 0.34,
      "clob_down_ask": 0.66,
      "seconds_left": 175.5495183467865
    },
    {
      "ts": "2026-09-16T18:57:12.252049Z",
      "slug": "btc-updown-5m-1789584900",
      "status": "heartbeat",
      "gamma_up": 0.505,
      "gamma_down": 0.495,
      "clob_up_ask": 0.36,
      "clob_down_ask": 0.61,
      "seconds_left": 168.87765860557556,
      "min_spread": 0.010000000000000009
    },
    {
      "ts": "2026-09-16T18:57:12.252073Z",
      "slug": "btc-updown-5m-1789584900",
      "status": "skip_price_below_threshold",
      "threshold": 0.7,
      "clob_up_ask": 0.36,
      "clob_down_ask": 0.61,
      "seconds_left": 168.87765860557556
    },
    {
      "ts": "2026-09-16T18:57:18.888877Z",
      "slug": "btc-updown-5m-1789584900",
      "status": "heartbeat",
      "gamma_up": 0.465,
      "gamma_down": 0.535,
      "clob_up_ask": 0.33,
      "clob_down_ask": 0.68,
      "seconds_left": 162.2208549976349,
      "min_spread": 0.010000000000000009
    },
    {
      "ts": "2026-09-16T18:57:18.888904Z",
      "slug": "btc-updown-5m-1789584900",
      "status": "skip_price_below_threshold",
      "threshold": 0.7,
      "clob_up_ask": 0.33,
      "clob_down_ask": 0.68,
      "seconds_left": 162.2208549976349
    },
    {
      "ts": "2026-09-16T18:57:28.416168Z",
      "slug": "btc-updown-5m-1789584900",
      "status": "heartbeat",
      "gamma_up": 0.465,
      "gamma_down": 0.535,
      "clob_up_ask": 0.26,
      "clob_down_ask": 0.76,
      "seconds_left": 152.65578198432922,
      "min_spread": 0.010000000000000009
    }
  ],
  "open_raw": "{\"mode\": \"open\", \"execute\": true, \"market_slug\": \"btc-updown-5m-1789584900\", \"force_side\": \"DOWN\", \"token_id\": \"90874910689915819632272154996373688558206137369050393267658650136553497000717\", \"entry_price\": 0.81, \"notional_usd\": 5.0, \"top_ask_notional_usd\": 460.2825, \"collateral_pusd\": 59.128727, \"order_post_result\": {\"errorMsg\": \"\", \"orderID\": \"0x406163887c60a87c2c3e737c648f595a5dacd4cabba46da027adf99a70813d36\", \"takingAmount\": \"5.882353\", \"makingAmount\": \"5\", \"status\": \"matched\", \"transactionsHashes\": [\"0x23609711389631789bfaa6b0d989102735c8b058e2cb27d3b7f28baa8ade87e8\"], \"success\": true}}\n\n[py_clob_client_v2] request error status=400 url=https://clob.polymarket.com/auth/api-key body={\"error\":\"Could not create api key\"}\n\n",
  "opened": {
    "opened_at": "2026-09-16T18:57:34.917285Z",
    "market_slug": "btc-updown-5m-1789584900",
    "market_end_iso": "2026-09-16T19:00:00Z",
    "side": "DOWN",
    "token_id": "90874910689915819632272154996373688558206137369050393267658650136553497000717",
    "entry_price": 0.81,
    "shares": 5.882353,
    "cost_usdc": 5.0,
    "open_order_id": "0x406163887c60a87c2c3e737c648f595a5dacd4cabba46da027adf99a70813d36",
    "open_tx": "0x23609711389631789bfaa6b0d989102735c8b058e2cb27d3b7f28baa8ade87e8"
  },
  "stop_loss_price": 0.08099999999999999,
  "last_side_price": 0.535,
  "last_check_at": "2026-09-16T18:59:35.306594Z",
  "close_debug": [
    {
      "ts": "2026-09-16T18:59:48.603212Z",
      "attempt": 1,
      "order_type": "FAK",
      "status": "error",
      "close_skipped": ""
    },
    {
      "ts": "2026-09-16T18:59:54.947259Z",
      "attempt": 2,
      "order_type": "FAK",
      "status": "error",
      "close_skipped": ""
    },
    {
      "ts": "2026-09-16T19:00:01.254347Z",
      "attempt": 3,
      "order_type": "FAK",
      "status": "error",
      "close_skipped": ""
    },
    {
      "ts": "2026-09-16T19:00:07.469819Z",
      "attempt": 4,
      "order_type": "FAK",
      "status": "error",
      "close_skipped": ""
    },
    {
      "ts": "2026-09-16T19:00:13.691508Z",
      "attempt": 5,
      "order_type": "FAK",
      "status": "error",
      "close_skipped": ""
    },
    {
      "ts": "2026-09-16T19:00:19.973734Z",
      "attempt": 6,
      "order_type": "FAK",
      "status": "error",
      "close_skipped": ""
    },
    {
      "ts": "2026-09-16T19:00:29.484137Z",
      "attempt": 7,
      "order_type": "FAK",
      "status": "error",
      "close_skipped": ""
    },
    {
      "ts": "2026-09-16T19:00:35.866758Z",
      "attempt": 8,
      "order_type": "FAK",
      "status": "error",
      "close_skipped": ""
    },
    {
      "ts": "2026-09-16T19:00:42.187811Z",
      "attempt": 9,
      "order_type": "FAK",
      "status": "error",
      "close_skipped": ""
    },
    {
      "ts": "2026-09-16T19:00:48.494451Z",
      "attempt": 10,
      "order_type": "FAK",
      "status": "error",
      "close_skipped": ""
    },
    {
      "ts": "2026-09-16T19:00:54.844608Z",
      "attempt": 11,
      "order_type": "FAK",
      "status": "error",
      "close_skipped": ""
    },
    {
      "ts": "2026-09-16T19:01:04.176914Z",
      "attempt": 12,
      "order_type": "FAK",
      "status": "error",
      "close_skipped": ""
    },
    {
      "ts": "2026-09-16T19:01:10.451793Z",
      "attempt": 13,
      "order_type": "FAK",
      "status": "error",
      "close_skipped": ""
    },
    {
      "ts": "2026-09-16T19:01:16.842101Z",
      "attempt": 14,
      "order_type": "FAK",
      "status": "error",
      "close_skipped": ""
    },
    {
      "ts": "2026-09-16T19:01:23.094093Z",
      "attempt": 15,
      "order_type": "FAK",
      "status": "error",
      "close_skipped": ""
    },
    {
      "ts": "2026-09-16T19:01:29.443030Z",
      "attempt": 16,
      "order_type": "FAK",
      "status": "error",
      "close_skipped": ""
    },
    {
      "ts": "2026-09-16T19:01:39.040822Z",
      "attempt": 17,
      "order_type": "FAK",
      "status": "error",
      "close_skipped": ""
    },
    {
      "ts": "2026-09-16T19:01:45.374974Z",
      "attempt": 18,
      "order_type": "FAK",
      "status": "error",
      "close_skipped": ""
    },
    {
      "ts": "2026-09-16T19:01:51.988504Z",
      "attempt": 19,
      "order_type": "FAK",
      "status": "error",
      "close_skipped": ""
    },
    {
      "ts": "2026-09-16T19:01:58.363737Z",
      "attempt": 20,
      "order_type": "FAK",
      "status": "error",
      "close_skipped": ""
    },
    {
      "ts": "2026-09-16T19:02:04.738191Z",
      "attempt": 21,
      "order_type": "FAK",
      "status": "error",
      "close_skipped": ""
    },
    {
      "ts": "2026-09-16T19:02:13.816920Z",
      "attempt": 22,
      "order_type": "FAK",
      "status": "error",
      "close_skipped": ""
    },
    {
      "ts": "2026-09-16T19:02:19.992051Z",
      "attempt": 23,
      "order_type": "FAK",
      "status": "error",
      "close_skipped": ""
    },
    {
      "ts": "2026-09-16T19:02:26.153244Z",
      "attempt": 24,
      "order_type": "FAK",
      "status": "error",
      "close_skipped": ""
    },
    {
      "ts": "2026-09-16T19:02:32.359275Z",
      "attempt": 25,
      "order_type": "FAK",
      "status": "error",
      "close_skipped": ""
    },
    {
      "ts": "2026-09-16T19:02:38.581669Z",
      "attempt": 26,
      "order_type": "FAK",
      "status": "error",
      "close_skipped": ""
    },
    {
      "ts": "2026-09-16T19:02:47.768994Z",
      "attempt": 27,
      "order_type": "FAK",
      "status": "error",
      "close_skipped": ""
    },
    {
      "ts": "2026-09-16T19:02:54.204869Z",
      "attempt": 28,
      "order_type": "FAK",
      "status": "error",
      "close_skipped": ""
    },
    {
      "ts": "2026-09-16T19:03:15.028161Z",
      "attempt": 29,
      "order_type": "FAK",
      "status": "error",
      "close_skipped": ""
    },
    {
      "ts": "2026-09-16T19:03:24.203481Z",
      "attempt": 30,
      "order_type": "FAK",
      "status": "error",
      "close_skipped": ""
    }
  ],
  "close_raw": "{\"error\": \"PolyApiException[status_code=404, error_message={'error': 'No orderbook exists for the requested token id'}]\", \"order_post_result\": {\"success\": false, \"status\": \"error\", \"errorMsg\": \"PolyApiException[status_code=404, error_message={'error': 'No orderbook exists for the requested token id'}]\"}, \"close_skipped\": \"\"}\n\n[py_clob_client_v2] request error status=400 url=https://clob.polymarket.com/auth/api-key body={\"error\":\"Could not create api key\"}\n\n[py_clob_client_v2] request error status=404 url=https://clob.polymarket.com/book body={\"error\":\"No orderbook exists for the requested token id\"}\n\n",
  "closed": {
    "close_reason": "time_exit_20s_before_end",
    "closed_at": "2026-09-16T19:03:26.203710Z",
    "close_success": false,
    "close_status": "error",
    "close_order_id": null,
    "close_tx": null,
    "close_shares": 0.0,
    "close_usdc": 0.0,
    "close_skipped": ""
  },
  "realized_cashflow_pnl_usdc": null,
  "finished_at": "2026-09-16T19:03:26.203753Z",
  "result": "done"
}
[2026-09-16T19:03:26Z] session_end rc=0 trades=17 stake_usd=5.0
journal_ok trades=98 md=/home/yukeen/polymarketbot/5min-btc-polymarket/data/live_trades.md json=/home/yukeen/polymarketbot/5min-btc-polymarket/data/live_trades.json
[py_clob_client_v2] request error status=400 url=https://clob.polymarket.com/auth/api-key body={"error":"Could not create api key"}

[2026-09-16T19:04:42Z] cash=54.076227
[py_clob_client_v2] request error status=400 url=https://clob.polymarket.com/auth/api-key body={"error":"Could not create api key"}

[2026-09-16T19:04:59Z] cash_retry=54.076227
{"martingale": true, "next_stake": 10.0, "loss_streak": 1, "last_outcome": "loss", "last_opened_at": "2026-09-16T18:57:34.917285Z", "applied": 1}
[2026-09-16T19:05:10Z] session_begin trades=17 stake_usd=10.0
[py_clob_client_v2] request error status=400 url=https://clob.polymarket.com/auth/api-key body={"error":"Could not create api key"}

{
  "started_at": "2026-09-16T19:05:11.205658Z",
  "params": {
    "profile": "conservative",
    "threshold": 0.7,
    "stake_usd": 10.0,
    "stop_loss_pct": 0.9,
    "exit_before_sec": 20,
    "min_entry_seconds_left": 60,
    "entry_timeout_min": 12,
    "poll_sec": 5.0,
    "close_retry_max": 30,
    "close_retry_delay_sec": 2.0,
    "execute": true
  },
  "attempts": [
    {
      "ts": "2026-09-16T19:05:13.194248Z",
      "slug": "btc-updown-5m-1789585500",
      "status": "heartbeat",
      "gamma_up": 0.495,
      "gamma_down": 0.505,
      "clob_up_ask": 0.27,
      "clob_down_ask": 0.74,
      "seconds_left": 287.9763262271881,
      "min_spread": 0.010000000000000009
    }
  ],
  "open_raw": "{\"mode\": \"open\", \"execute\": true, \"market_slug\": \"btc-updown-5m-1789585500\", \"force_side\": \"DOWN\", \"token_id\": \"111888894674034020435281554338912494318177571123322852114568942661465317434456\", \"entry_price\": 0.79, \"notional_usd\": 10.0, \"top_ask_notional_usd\": 302.61740000000003, \"collateral_pusd\": 54.076227, \"order_post_result\": {\"errorMsg\": \"\", \"orderID\": \"0xfdf87e1c4eb8bb9bc4ebd21e916cbdea88b3ebf58f9f06f76e58886e1a283c4d\", \"takingAmount\": \"12.195122\", \"makingAmount\": \"10\", \"status\": \"matched\", \"transactionsHashes\": [\"0xd1cd9f33e2d63948bca4df747015e171fd98459886620d64e0f22053bd331945\"], \"success\": true}}\n\n[py_clob_client_v2] request error status=400 url=https://clob.polymarket.com/auth/api-key body={\"error\":\"Could not create api key\"}\n\n",
  "opened": {
    "opened_at": "2026-09-16T19:05:22.081409Z",
    "market_slug": "btc-updown-5m-1789585500",
    "market_end_iso": "2026-09-16T19:10:00Z",
    "side": "DOWN",
    "token_id": "111888894674034020435281554338912494318177571123322852114568942661465317434456",
    "entry_price": 0.79,
    "shares": 12.195122,
    "cost_usdc": 10.0,
    "open_order_id": "0xfdf87e1c4eb8bb9bc4ebd21e916cbdea88b3ebf58f9f06f76e58886e1a283c4d",
    "open_tx": "0xd1cd9f33e2d63948bca4df747015e171fd98459886620d64e0f22053bd331945"
  },
  "stop_loss_price": 0.07899999999999999,
  "last_side_price": null,
  "last_check_at": "2026-09-16T19:09:38.990653Z",
  "close_debug": [
    {
      "ts": "2026-09-16T19:09:53.147766Z",
      "attempt": 1,
      "order_type": "FAK",
      "status": "matched",
      "close_skipped": ""
    }
  ],
  "close_raw": "{\"mode\": \"close\", \"execute\": true, \"market_slug\": \"btc-updown-5m-1789585500\", \"token_id\": \"111888894674034020435281554338912494318177571123322852114568942661465317434456\", \"requested_shares\": 12.195122, \"close_order_type\": \"FAK\", \"close_limit_price\": null, \"available_shares\": 12.195122, \"sell_shares\": 12.1951, \"order_post_result\": {\"errorMsg\": \"\", \"orderID\": \"0xe8b103958c61cfc6f77ac46d4cc5d51abe950b6c979f65e14af92e816431cf80\", \"takingAmount\": \"12.0681\", \"makingAmount\": \"12.19\", \"status\": \"matched\", \"transactionsHashes\": [\"0x611b04eb685483c80dbec1e154e2b12433ffaf38ac5e161d50702eb335f5f033\"], \"success\": true}, \"close_skipped\": \"\"}\n\n[py_clob_client_v2] request error status=400 url=https://clob.polymarket.com/auth/api-key body={\"error\":\"Could not create api key\"}\n\n",
  "closed": {
    "close_reason": "time_exit_20s_before_end",
    "closed_at": "2026-09-16T19:09:53.147795Z",
    "close_success": true,
    "close_status": "matched",
    "close_order_id": "0xe8b103958c61cfc6f77ac46d4cc5d51abe950b6c979f65e14af92e816431cf80",
    "close_tx": "0x611b04eb685483c80dbec1e154e2b12433ffaf38ac5e161d50702eb335f5f033",
    "close_shares": 12.19,
    "close_usdc": 12.0681,
    "close_skipped": ""
  },
  "realized_cashflow_pnl_usdc": 2.0681,
  "finished_at": "2026-09-16T19:09:53.147817Z",
  "result": "done"
}
[2026-09-16T19:09:53Z] session_end rc=0 trades=18 stake_usd=10.0
journal_ok trades=99 md=/home/yukeen/polymarketbot/5min-btc-polymarket/data/live_trades.md json=/home/yukeen/polymarketbot/5min-btc-polymarket/data/live_trades.json
[py_clob_client_v2] request error status=400 url=https://clob.polymarket.com/auth/api-key body={"error":"Could not create api key"}

[2026-09-16T19:11:10Z] cash=56.009887
[py_clob_client_v2] request error status=400 url=https://clob.polymarket.com/auth/api-key body={"error":"Could not create api key"}

[2026-09-16T19:11:27Z] cash_retry=56.009887
{"martingale": true, "next_stake": 5.0, "loss_streak": 0, "last_outcome": "win", "last_opened_at": "2026-09-16T19:05:22.081409Z", "applied": 1}
[2026-09-16T19:11:38Z] session_begin trades=18 stake_usd=5.0
[py_clob_client_v2] request error status=400 url=https://clob.polymarket.com/auth/api-key body={"error":"Could not create api key"}

{
  "started_at": "2026-09-16T19:11:38.838429Z",
  "params": {
    "profile": "conservative",
    "threshold": 0.7,
    "stake_usd": 5.0,
    "stop_loss_pct": 0.9,
    "exit_before_sec": 20,
    "min_entry_seconds_left": 60,
    "entry_timeout_min": 12,
    "poll_sec": 5.0,
    "close_retry_max": 30,
    "close_retry_delay_sec": 2.0,
    "execute": true
  },
  "attempts": [
    {
      "ts": "2026-09-16T19:11:40.477454Z",
      "slug": "btc-updown-5m-1789585800",
      "status": "heartbeat",
      "gamma_up": 0.315,
      "gamma_down": 0.685,
      "clob_up_ask": 0.15,
      "clob_down_ask": 0.84,
      "seconds_left": 200.6132230758667,
      "min_spread": 0.009999999999999981
    }
  ],
  "open_raw": "{\"mode\": \"open\", \"execute\": true, \"market_slug\": \"btc-updown-5m-1789585800\", \"force_side\": \"DOWN\", \"token_id\": \"56123554120591483952510542545805619834609284935557958098817851804522925871657\", \"entry_price\": 0.83, \"notional_usd\": 5.0, \"top_ask_notional_usd\": 584.1872, \"collateral_pusd\": 56.009887, \"order_post_result\": {\"errorMsg\": \"\", \"orderID\": \"0x6ee83ddaf0528be942ae33bd2533549ab21ddfab28d1247ccf115d683fb52162\", \"takingAmount\": \"5.81395\", \"makingAmount\": \"4.999997\", \"status\": \"matched\", \"transactionsHashes\": [\"0x0f6823849e9aac615e958cb1a51811c45ff9970c3bf0864aeb078834f3ab6594\"], \"success\": true}}\n\n[py_clob_client_v2] request error status=400 url=https://clob.polymarket.com/auth/api-key body={\"error\":\"Could not create api key\"}\n\n",
  "opened": {
    "opened_at": "2026-09-16T19:11:46.970236Z",
    "market_slug": "btc-updown-5m-1789585800",
    "market_end_iso": "2026-09-16T19:15:00Z",
    "side": "DOWN",
    "token_id": "56123554120591483952510542545805619834609284935557958098817851804522925871657",
    "entry_price": 0.83,
    "shares": 5.81395,
    "cost_usdc": 4.999997,
    "open_order_id": "0x6ee83ddaf0528be942ae33bd2533549ab21ddfab28d1247ccf115d683fb52162",
    "open_tx": "0x0f6823849e9aac615e958cb1a51811c45ff9970c3bf0864aeb078834f3ab6594"
  },
  "stop_loss_price": 0.08299999999999998,
  "last_side_price": 0.685,
  "last_check_at": "2026-09-16T19:14:36.566945Z",
  "close_debug": [
    {
      "ts": "2026-09-16T19:14:47.621401Z",
      "attempt": 1,
      "order_type": "FAK",
      "status": "matched",
      "close_skipped": ""
    }
  ],
  "close_raw": "{\"mode\": \"close\", \"execute\": true, \"market_slug\": \"btc-updown-5m-1789585800\", \"token_id\": \"56123554120591483952510542545805619834609284935557958098817851804522925871657\", \"requested_shares\": 5.81395, \"close_order_type\": \"FAK\", \"close_limit_price\": null, \"available_shares\": 5.81395, \"sell_shares\": 5.8139, \"order_post_result\": {\"errorMsg\": \"\", \"orderID\": \"0x6f4f9db2bcd738953a4f7b0af3ed8c8b707369d4deeb37e29893aa9d3d6ffafe\", \"takingAmount\": \"5.7519\", \"makingAmount\": \"5.81\", \"status\": \"matched\", \"transactionsHashes\": [\"0x7c9b4518ba6b6daa65c53d73919a4a6a698a546c93b9d5bfdcd9e444d8b507e0\"], \"success\": true}, \"close_skipped\": \"\"}\n\n[py_clob_client_v2] request error status=400 url=https://clob.polymarket.com/auth/api-key body={\"error\":\"Could not create api key\"}\n\n",
  "closed": {
    "close_reason": "time_exit_20s_before_end",
    "closed_at": "2026-09-16T19:14:47.621556Z",
    "close_success": true,
    "close_status": "matched",
    "close_order_id": "0x6f4f9db2bcd738953a4f7b0af3ed8c8b707369d4deeb37e29893aa9d3d6ffafe",
    "close_tx": "0x7c9b4518ba6b6daa65c53d73919a4a6a698a546c93b9d5bfdcd9e444d8b507e0",
    "close_shares": 5.81,
    "close_usdc": 5.7519,
    "close_skipped": ""
  },
  "realized_cashflow_pnl_usdc": 0.751903,
  "finished_at": "2026-09-16T19:14:47.621655Z",
  "result": "done"
}
[2026-09-16T19:14:47Z] session_end rc=0 trades=19 stake_usd=5.0
journal_ok trades=100 md=/home/yukeen/polymarketbot/5min-btc-polymarket/data/live_trades.md json=/home/yukeen/polymarketbot/5min-btc-polymarket/data/live_trades.json
[py_clob_client_v2] request error status=400 url=https://clob.polymarket.com/auth/api-key body={"error":"Could not create api key"}

[2026-09-16T19:16:05Z] cash=56.70878
[py_clob_client_v2] request error status=400 url=https://clob.polymarket.com/auth/api-key body={"error":"Could not create api key"}

[2026-09-16T19:16:25Z] cash_retry=56.70878
{"martingale": true, "next_stake": 5.0, "loss_streak": 0, "last_outcome": "win", "last_opened_at": "2026-09-16T19:11:46.970236Z", "applied": 1}
[2026-09-16T19:16:33Z] session_begin trades=19 stake_usd=5.0
[py_clob_client_v2] request error status=400 url=https://clob.polymarket.com/auth/api-key body={"error":"Could not create api key"}

{
  "started_at": "2026-09-16T19:16:34.083552Z",
  "params": {
    "profile": "conservative",
    "threshold": 0.7,
    "stake_usd": 5.0,
    "stop_loss_pct": 0.9,
    "exit_before_sec": 20,
    "min_entry_seconds_left": 60,
    "entry_timeout_min": 12,
    "poll_sec": 5.0,
    "close_retry_max": 30,
    "close_retry_delay_sec": 2.0,
    "execute": true
  },
  "attempts": [
    {
      "ts": "2026-09-16T19:16:35.771379Z",
      "slug": "btc-updown-5m-1789586100",
      "status": "heartbeat",
      "gamma_up": 0.505,
      "gamma_down": 0.495,
      "clob_up_ask": 0.48,
      "clob_down_ask": 0.54,
      "seconds_left": 205.30142903327942,
      "min_spread": 0.010000000000000009
    },
    {
      "ts": "2026-09-16T19:16:35.771415Z",
      "slug": "btc-updown-5m-1789586100",
      "status": "skip_price_below_threshold",
      "threshold": 0.7,
      "clob_up_ask": 0.48,
      "clob_down_ask": 0.54,
      "seconds_left": 205.30142903327942
    },
    {
      "ts": "2026-09-16T19:16:42.371365Z",
      "slug": "btc-updown-5m-1789586100",
      "status": "heartbeat",
      "gamma_up": 0.505,
      "gamma_down": 0.495,
      "clob_up_ask": 0.51,
      "clob_down_ask": 0.5,
      "seconds_left": 198.71986651420593,
      "min_spread": 0.010000000000000009
    },
    {
      "ts": "2026-09-16T19:16:42.371397Z",
      "slug": "btc-updown-5m-1789586100",
      "status": "skip_price_below_threshold",
      "threshold": 0.7,
      "clob_up_ask": 0.51,
      "clob_down_ask": 0.5,
      "seconds_left": 198.71986651420593
    },
    {
      "ts": "2026-09-16T19:16:49.136197Z",
      "slug": "btc-updown-5m-1789586100",
      "status": "heartbeat",
      "gamma_up": 0.505,
      "gamma_down": 0.495,
      "clob_up_ask": 0.53,
      "clob_down_ask": 0.48,
      "seconds_left": 192.0921709537506,
      "min_spread": 0.010000000000000009
    },
    {
      "ts": "2026-09-16T19:16:49.136230Z",
      "slug": "btc-updown-5m-1789586100",
      "status": "skip_price_below_threshold",
      "threshold": 0.7,
      "clob_up_ask": 0.53,
      "clob_down_ask": 0.48,
      "seconds_left": 192.0921709537506
    },
    {
      "ts": "2026-09-16T19:16:58.731923Z",
      "slug": "btc-updown-5m-1789586100",
      "status": "heartbeat",
      "gamma_up": 0.505,
      "gamma_down": 0.495,
      "clob_up_ask": 0.45,
      "clob_down_ask": 0.55,
      "seconds_left": 182.38184261322021,
      "min_spread": 0.010000000000000009
    },
    {
      "ts": "2026-09-16T19:16:58.731953Z",
      "slug": "btc-updown-5m-1789586100",
      "status": "skip_price_below_threshold",
      "threshold": 0.7,
      "clob_up_ask": 0.45,
      "clob_down_ask": 0.55,
      "seconds_left": 182.38184261322021
    },
    {
      "ts": "2026-09-16T19:17:05.425347Z",
      "slug": "btc-updown-5m-1789586100",
      "status": "heartbeat",
      "gamma_up": 0.505,
      "gamma_down": 0.495,
      "clob_up_ask": 0.36,
      "clob_down_ask": 0.65,
      "seconds_left": 175.64590191841125,
      "min_spread": 0.010000000000000009
    },
    {
      "ts": "2026-09-16T19:17:05.425373Z",
      "slug": "btc-updown-5m-1789586100",
      "status": "skip_price_below_threshold",
      "threshold": 0.7,
      "clob_up_ask": 0.36,
      "clob_down_ask": 0.65,
      "seconds_left": 175.64590191841125
    },
    {
      "ts": "2026-09-16T19:17:12.169992Z",
      "slug": "btc-updown-5m-1789586100",
      "status": "heartbeat",
      "gamma_up": 0.505,
      "gamma_down": 0.495,
      "clob_up_ask": 0.32,
      "clob_down_ask": 0.67,
      "seconds_left": 168.91862058639526,
      "min_spread": 0.010000000000000009
    },
    {
      "ts": "2026-09-16T19:17:12.170016Z",
      "slug": "btc-updown-5m-1789586100",
      "status": "skip_price_below_threshold",
      "threshold": 0.7,
      "clob_up_ask": 0.32,
      "clob_down_ask": 0.67,
      "seconds_left": 168.91862058639526
    },
    {
      "ts": "2026-09-16T19:17:36.867356Z",
      "slug": "btc-updown-5m-1789586100",
      "status": "heartbeat",
      "gamma_up": 0.505,
      "gamma_down": 0.495,
      "clob_up_ask": 0.38,
      "clob_down_ask": 0.65,
      "seconds_left": 144.34747958183289,
      "min_spread": 0.010000000000000009
    },
    {
      "ts": "2026-09-16T19:17:36.867381Z",
      "slug": "btc-updown-5m-1789586100",
      "status": "skip_price_below_threshold",
      "threshold": 0.7,
      "clob_up_ask": 0.38,
      "clob_down_ask": 0.65,
      "seconds_left": 144.34747958183289
    },
    {
      "ts": "2026-09-16T19:17:43.540202Z",
      "slug": "btc-updown-5m-1789586100",
      "status": "heartbeat",
      "gamma_up": 0.355,
      "gamma_down": 0.645,
      "clob_up_ask": 0.27,
      "clob_down_ask": 0.75,
      "seconds_left": 137.6221981048584,
      "min_spread": 0.010000000000000009
    },
    {
      "ts": "2026-09-16T19:17:56.830347Z",
      "slug": "btc-updown-5m-1789586100",
      "status": "heartbeat",
      "gamma_up": 0.355,
      "gamma_down": 0.645,
      "clob_up_ask": 0.2,
      "clob_down_ask": 0.81,
      "seconds_left": 124.2680413722992,
      "min_spread": 0.010000000000000009
    }
  ],
  "last_open_try": "{\"error\": \"PolyApiException[status_code=400, error_message={'error': 'no orders found to match with FAK order. FAK orders are partially filled or killed if no match is found.', 'orderID': '0xa7ca1ed3a840ec51761d0b45b65b73ea83edfa812801eee371fd726904699039'}]\", \"order_post_result\": {\"success\": false, \"status\": \"error\", \"errorMsg\": \"PolyApiException[status_code=400, error_message={'error': 'no orders found to match with FAK order. FAK orders are partially filled or killed if no match is found.', 'orderID': '0xa7ca1ed3a840ec51761d0b45b65b73ea83edfa812801eee371fd726904699039'}]\"}, \"close_skipped\": \"\"}\n\n[py_clob_client_v2] request error status=400 url=https://clob.polymarket.com/auth/api-key body={\"error\":\"Could not create api key\"}\n\n[py_clob_client_v2] request error status=400 url=https://clob.polymarket.com/order body={\"error\":\"no orders found to match with FAK order. FAK orders are partially filled or killed if no match is found.\",\"orderID\":\"0xa7ca1ed3a840ec51761d0b45b65b73ea83edfa812801eee371fd726904699039\"}\n",
  "open_raw": "{\"mode\": \"open\", \"execute\": true, \"market_slug\": \"btc-updown-5m-1789586100\", \"force_side\": \"DOWN\", \"token_id\": \"104855997579046569877531144582326880662139247109498492587696927412299395994189\", \"entry_price\": 0.82, \"notional_usd\": 5.0, \"top_ask_notional_usd\": 551.86, \"collateral_pusd\": 56.70878, \"order_post_result\": {\"errorMsg\": \"\", \"orderID\": \"0xacfa6adc54f3dc36813614551a748983260cbb83e6499f565b595f112f28213c\", \"takingAmount\": \"6.097561\", \"makingAmount\": \"5\", \"status\": \"matched\", \"transactionsHashes\": [\"0x8862ad72ba5300fe228c425e613dd25c4f27d72124ca7c5992cc990ef4eb63d8\"], \"success\": true}}\n\n[py_clob_client_v2] request error status=400 url=https://clob.polymarket.com/auth/api-key body={\"error\":\"Could not create api key\"}\n\n",
  "opened": {
    "opened_at": "2026-09-16T19:18:03.076476Z",
    "market_slug": "btc-updown-5m-1789586100",
    "market_end_iso": "2026-09-16T19:20:00Z",
    "side": "DOWN",
    "token_id": "104855997579046569877531144582326880662139247109498492587696927412299395994189",
    "entry_price": 0.82,
    "shares": 6.097561,
    "cost_usdc": 5.0,
    "open_order_id": "0xacfa6adc54f3dc36813614551a748983260cbb83e6499f565b595f112f28213c",
    "open_tx": "0x8862ad72ba5300fe228c425e613dd25c4f27d72124ca7c5992cc990ef4eb63d8"
  },
  "stop_loss_price": 0.08199999999999998,
  "last_side_price": 0.645,
  "last_check_at": "2026-09-16T19:19:36.019183Z",
  "close_debug": [
    {
      "ts": "2026-09-16T19:20:05.003638Z",
      "attempt": 1,
      "order_type": "FAK",
      "status": "matched",
      "close_skipped": ""
    }
  ],
  "close_raw": "{\"mode\": \"close\", \"execute\": true, \"market_slug\": \"btc-updown-5m-1789586100\", \"token_id\": \"104855997579046569877531144582326880662139247109498492587696927412299395994189\", \"requested_shares\": 6.097561, \"close_order_type\": \"FAK\", \"close_limit_price\": null, \"available_shares\": 6.097561, \"sell_shares\": 6.0975, \"order_post_result\": {\"errorMsg\": \"\", \"orderID\": \"0x3c39051f53ab9fe3c46dd8852be3ae5f0e494816bb8297f4c396ca630fcb8a6d\", \"takingAmount\": \"6.0291\", \"makingAmount\": \"6.09\", \"status\": \"matched\", \"transactionsHashes\": [\"0x9eac074031c66c8b1f09e1e3aca12d33a10e120216250e0638961b79cb55be66\"], \"success\": true}, \"close_skipped\": \"\"}\n\n[py_clob_client_v2] request error status=400 url=https://clob.polymarket.com/auth/api-key body={\"error\":\"Could not create api key\"}\n\n",
  "closed": {
    "close_reason": "time_exit_20s_before_end",
    "closed_at": "2026-09-16T19:20:05.003673Z",
    "close_success": true,
    "close_status": "matched",
    "close_order_id": "0x3c39051f53ab9fe3c46dd8852be3ae5f0e494816bb8297f4c396ca630fcb8a6d",
    "close_tx": "0x9eac074031c66c8b1f09e1e3aca12d33a10e120216250e0638961b79cb55be66",
    "close_shares": 6.09,
    "close_usdc": 6.0291,
    "close_skipped": ""
  },
  "realized_cashflow_pnl_usdc": 1.0291,
  "finished_at": "2026-09-16T19:20:05.003702Z",
  "result": "done"
}
[2026-09-16T19:20:05Z] session_end rc=0 trades=20 stake_usd=5.0
journal_ok trades=101 md=/home/yukeen/polymarketbot/5min-btc-polymarket/data/live_trades.md json=/home/yukeen/polymarketbot/5min-btc-polymarket/data/live_trades.json
[py_clob_client_v2] request error status=400 url=https://clob.polymarket.com/auth/api-key body={"error":"Could not create api key"}

[2026-09-16T19:21:22Z] cash=57.67066
{"martingale": true, "next_stake": 5.0, "loss_streak": 0, "last_outcome": "win", "last_opened_at": "2026-09-16T19:18:03.076476Z", "applied": 1}
[2026-09-16T19:21:30Z] session_begin trades=20 stake_usd=5.0
[py_clob_client_v2] request error status=400 url=https://clob.polymarket.com/auth/api-key body={"error":"Could not create api key"}

{
  "started_at": "2026-09-16T19:21:31.039097Z",
  "params": {
    "profile": "conservative",
    "threshold": 0.7,
    "stake_usd": 5.0,
    "stop_loss_pct": 0.9,
    "exit_before_sec": 20,
    "min_entry_seconds_left": 60,
    "entry_timeout_min": 12,
    "poll_sec": 5.0,
    "close_retry_max": 30,
    "close_retry_delay_sec": 2.0,
    "execute": true
  },
  "attempts": [
    {
      "ts": "2026-09-16T19:21:32.675180Z",
      "slug": "btc-updown-5m-1789586400",
      "status": "heartbeat",
      "gamma_up": 0.505,
      "gamma_down": 0.495,
      "clob_up_ask": 0.2,
      "clob_down_ask": 0.8,
      "seconds_left": 208.43956446647644,
      "min_spread": 0.010000000000000009
    }
  ],
  "open_raw": "{\"mode\": \"open\", \"execute\": true, \"market_slug\": \"btc-updown-5m-1789586400\", \"force_side\": \"DOWN\", \"token_id\": \"92376100625241029136501037852794776889431234429798862534373901167725918862880\", \"entry_price\": 0.82, \"notional_usd\": 5.0, \"top_ask_notional_usd\": 85.28, \"collateral_pusd\": 57.67066, \"order_post_result\": {\"errorMsg\": \"\", \"orderID\": \"0xf0f882969a7af8c03433a1d9d974dbc910afc6e11698b6e78edf341af4cd4964\", \"takingAmount\": \"6.172836\", \"makingAmount\": \"4.999997\", \"status\": \"matched\", \"transactionsHashes\": [\"0xdc736f25d89a647b1a709aea98d00805605efaf0934d3ae899c5046149e2518c\"], \"success\": true}}\n\n[py_clob_client_v2] request error status=400 url=https://clob.polymarket.com/auth/api-key body={\"error\":\"Could not create api key\"}\n\n",
  "opened": {
    "opened_at": "2026-09-16T19:21:41.802377Z",
    "market_slug": "btc-updown-5m-1789586400",
    "market_end_iso": "2026-09-16T19:25:00Z",
    "side": "DOWN",
    "token_id": "92376100625241029136501037852794776889431234429798862534373901167725918862880",
    "entry_price": 0.82,
    "shares": 6.172836,
    "cost_usdc": 4.999997,
    "open_order_id": "0xf0f882969a7af8c03433a1d9d974dbc910afc6e11698b6e78edf341af4cd4964",
    "open_tx": "0xdc736f25d89a647b1a709aea98d00805605efaf0934d3ae899c5046149e2518c"
  },
  "stop_loss_price": 0.08199999999999998,
  "last_side_price": 0.935,
  "last_check_at": "2026-09-16T19:24:36.789353Z",
  "close_debug": [
    {
      "ts": "2026-09-16T19:24:48.366784Z",
      "attempt": 1,
      "order_type": "FAK",
      "status": "matched",
      "close_skipped": ""
    }
  ],
  "close_raw": "{\"mode\": \"close\", \"execute\": true, \"market_slug\": \"btc-updown-5m-1789586400\", \"token_id\": \"92376100625241029136501037852794776889431234429798862534373901167725918862880\", \"requested_shares\": 6.172836, \"close_order_type\": \"FAK\", \"close_limit_price\": null, \"available_shares\": 6.172836, \"sell_shares\": 6.1728, \"order_post_result\": {\"errorMsg\": \"\", \"orderID\": \"0x89940c91cd5c9d7e7f1e6fef980fa38cefceb594d8fb9dfa39f1b2846ea39a16\", \"takingAmount\": \"6.1083\", \"makingAmount\": \"6.17\", \"status\": \"matched\", \"transactionsHashes\": [\"0xbd07241de1899f144668f93a817cf0a1bedcbf936f063abbf50972917337fc37\"], \"success\": true}, \"close_skipped\": \"\"}\n\n[py_clob_client_v2] request error status=400 url=https://clob.polymarket.com/auth/api-key body={\"error\":\"Could not create api key\"}\n\n",
  "closed": {
    "close_reason": "time_exit_20s_before_end",
    "closed_at": "2026-09-16T19:24:48.366800Z",
    "close_success": true,
    "close_status": "matched",
    "close_order_id": "0x89940c91cd5c9d7e7f1e6fef980fa38cefceb594d8fb9dfa39f1b2846ea39a16",
    "close_tx": "0xbd07241de1899f144668f93a817cf0a1bedcbf936f063abbf50972917337fc37",
    "close_shares": 6.17,
    "close_usdc": 6.1083,
    "close_skipped": ""
  },
  "realized_cashflow_pnl_usdc": 1.108303,
  "finished_at": "2026-09-16T19:24:48.366812Z",
  "result": "done"
}
[2026-09-16T19:24:48Z] session_end rc=0 trades=21 stake_usd=5.0
journal_ok trades=102 md=/home/yukeen/polymarketbot/5min-btc-polymarket/data/live_trades.md json=/home/yukeen/polymarketbot/5min-btc-polymarket/data/live_trades.json
[py_clob_client_v2] request error status=400 url=https://clob.polymarket.com/auth/api-key body={"error":"Could not create api key"}

[2026-09-16T19:26:23Z] cash=58.708203
{"martingale": true, "next_stake": 5.0, "loss_streak": 0, "last_outcome": "win", "last_opened_at": "2026-09-16T19:21:41.802377Z", "applied": 1}
[2026-09-16T19:26:31Z] session_begin trades=21 stake_usd=5.0
[py_clob_client_v2] request error status=400 url=https://clob.polymarket.com/auth/api-key body={"error":"Could not create api key"}

{
  "started_at": "2026-09-16T19:26:32.115553Z",
  "params": {
    "profile": "conservative",
    "threshold": 0.7,
    "stake_usd": 5.0,
    "stop_loss_pct": 0.9,
    "exit_before_sec": 20,
    "min_entry_seconds_left": 60,
    "entry_timeout_min": 12,
    "poll_sec": 5.0,
    "close_retry_max": 30,
    "close_retry_delay_sec": 2.0,
    "execute": true
  },
  "attempts": [
    {
      "ts": "2026-09-16T19:26:33.710244Z",
      "slug": "btc-updown-5m-1789586700",
      "status": "heartbeat",
      "gamma_up": 0.505,
      "gamma_down": 0.495,
      "clob_up_ask": 0.12,
      "clob_down_ask": 0.9,
      "seconds_left": 207.38701820373535,
      "min_spread": 0.009999999999999995
    }
  ],
  "open_raw": "{\"mode\": \"open\", \"execute\": true, \"market_slug\": \"btc-updown-5m-1789586700\", \"force_side\": \"DOWN\", \"token_id\": \"6051015267344118213176056461060529813626505765124944447092837365650286777211\", \"entry_price\": 0.9, \"notional_usd\": 5.0, \"top_ask_notional_usd\": 366.147, \"collateral_pusd\": 58.708203, \"order_post_result\": {\"errorMsg\": \"\", \"orderID\": \"0x9d92c9d2a25f944bf38ddbb9f442be163dda5b50f32a29fb1d157586c654c55e\", \"takingAmount\": \"5.747123\", \"makingAmount\": \"4.999997\", \"status\": \"matched\", \"transactionsHashes\": [\"0x0f6ba7577b5bd4e9826fd13843c805a9c2f5e544c3db4b5e9a9a13ec39607638\"], \"success\": true}}\n\n[py_clob_client_v2] request error status=400 url=https://clob.polymarket.com/auth/api-key body={\"error\":\"Could not create api key\"}\n\n",
  "opened": {
    "opened_at": "2026-09-16T19:26:40.429756Z",
    "market_slug": "btc-updown-5m-1789586700",
    "market_end_iso": "2026-09-16T19:30:00Z",
    "side": "DOWN",
    "token_id": "6051015267344118213176056461060529813626505765124944447092837365650286777211",
    "entry_price": 0.9,
    "shares": 5.747123,
    "cost_usdc": 4.999997,
    "open_order_id": "0x9d92c9d2a25f944bf38ddbb9f442be163dda5b50f32a29fb1d157586c654c55e",
    "open_tx": "0x0f6ba7577b5bd4e9826fd13843c805a9c2f5e544c3db4b5e9a9a13ec39607638"
  },
  "stop_loss_price": 0.08999999999999998,
  "last_side_price": 0.935,
  "last_check_at": "2026-09-16T19:29:37.206848Z",
  "close_debug": [
    {
      "ts": "2026-09-16T19:29:48.707899Z",
      "attempt": 1,
      "order_type": "FAK",
      "status": "error",
      "close_skipped": ""
    },
    {
      "ts": "2026-09-16T19:29:56.988223Z",
      "attempt": 1,
      "order_type": "GTC",
      "status": "",
      "close_skipped": "",
      "limit_price": 0.573
    },
    {
      "ts": "2026-09-16T19:30:01.209121Z",
      "attempt": 2,
      "order_type": "FAK",
      "status": "skipped",
      "close_skipped": "zero_effective_shares"
    },
    {
      "ts": "2026-09-16T19:30:05.183832Z",
      "attempt": 3,
      "order_type": "FAK",
      "status": "skipped",
      "close_skipped": "zero_effective_shares"
    },
    {
      "ts": "2026-09-16T19:30:09.300267Z",
      "attempt": 4,
      "order_type": "FAK",
      "status": "skipped",
      "close_skipped": "zero_effective_shares"
    },
    {
      "ts": "2026-09-16T19:30:13.356218Z",
      "attempt": 5,
      "order_type": "FAK",
      "status": "skipped",
      "close_skipped": "zero_effective_shares"
    },
    {
      "ts": "2026-09-16T19:30:17.510333Z",
      "attempt": 6,
      "order_type": "FAK",
      "status": "skipped",
      "close_skipped": "zero_effective_shares"
    },
    {
      "ts": "2026-09-16T19:30:21.528549Z",
      "attempt": 7,
      "order_type": "FAK",
      "status": "skipped",
      "close_skipped": "zero_effective_shares"
    },
    {
      "ts": "2026-09-16T19:30:43.568669Z",
      "attempt": 8,
      "order_type": "FAK",
      "status": "skipped",
      "close_skipped": "zero_effective_shares"
    },
    {
      "ts": "2026-09-16T19:30:47.652081Z",
      "attempt": 9,
      "order_type": "FAK",
      "status": "skipped",
      "close_skipped": "zero_effective_shares"
    },
    {
      "ts": "2026-09-16T19:30:51.750712Z",
      "attempt": 10,
      "order_type": "FAK",
      "status": "skipped",
      "close_skipped": "zero_effective_shares"
    },
    {
      "ts": "2026-09-16T19:30:55.874853Z",
      "attempt": 11,
      "order_type": "FAK",
      "status": "skipped",
      "close_skipped": "zero_effective_shares"
    },
    {
      "ts": "2026-09-16T19:31:00.042944Z",
      "attempt": 12,
      "order_type": "FAK",
      "status": "skipped",
      "close_skipped": "zero_effective_shares"
    },
    {
      "ts": "2026-09-16T19:31:07.111276Z",
      "attempt": 13,
      "order_type": "FAK",
      "status": "skipped",
      "close_skipped": "zero_effective_shares"
    },
    {
      "ts": "2026-09-16T19:31:11.572773Z",
      "attempt": 14,
      "order_type": "FAK",
      "status": "skipped",
      "close_skipped": "zero_effective_shares"
    },
    {
      "ts": "2026-09-16T19:31:15.588673Z",
      "attempt": 15,
      "order_type": "FAK",
      "status": "skipped",
      "close_skipped": "zero_effective_shares"
    },
    {
      "ts": "2026-09-16T19:31:19.716600Z",
      "attempt": 16,
      "order_type": "FAK",
      "status": "skipped",
      "close_skipped": "zero_effective_shares"
    },
    {
      "ts": "2026-09-16T19:31:23.891504Z",
      "attempt": 17,
      "order_type": "FAK",
      "status": "skipped",
      "close_skipped": "zero_effective_shares"
    },
    {
      "ts": "2026-09-16T19:31:28.034353Z",
      "attempt": 18,
      "order_type": "FAK",
      "status": "skipped",
      "close_skipped": "zero_effective_shares"
    },
    {
      "ts": "2026-09-16T19:31:32.203518Z",
      "attempt": 19,
      "order_type": "FAK",
      "status": "skipped",
      "close_skipped": "zero_effective_shares"
    },
    {
      "ts": "2026-09-16T19:31:36.213658Z",
      "attempt": 20,
      "order_type": "FAK",
      "status": "skipped",
      "close_skipped": "zero_effective_shares"
    },
    {
      "ts": "2026-09-16T19:31:43.291567Z",
      "attempt": 21,
      "order_type": "FAK",
      "status": "skipped",
      "close_skipped": "zero_effective_shares"
    },
    {
      "ts": "2026-09-16T19:31:47.633920Z",
      "attempt": 22,
      "order_type": "FAK",
      "status": "skipped",
      "close_skipped": "zero_effective_shares"
    },
    {
      "ts": "2026-09-16T19:31:51.734747Z",
      "attempt": 23,
      "order_type": "FAK",
      "status": "skipped",
      "close_skipped": "zero_effective_shares"
    },
    {
      "ts": "2026-09-16T19:31:55.774497Z",
      "attempt": 24,
      "order_type": "FAK",
      "status": "skipped",
      "close_skipped": "zero_effective_shares"
    },
    {
      "ts": "2026-09-16T19:31:59.863759Z",
      "attempt": 25,
      "order_type": "FAK",
      "status": "skipped",
      "close_skipped": "zero_effective_shares"
    },
    {
      "ts": "2026-09-16T19:32:03.919758Z",
      "attempt": 26,
      "order_type": "FAK",
      "status": "skipped",
      "close_skipped": "zero_effective_shares"
    },
    {
      "ts": "2026-09-16T19:32:08.019773Z",
      "attempt": 27,
      "order_type": "FAK",
      "status": "skipped",
      "close_skipped": "zero_effective_shares"
    },
    {
      "ts": "2026-09-16T19:32:12.099012Z",
      "attempt": 28,
      "order_type": "FAK",
      "status": "skipped",
      "close_skipped": "zero_effective_shares"
    },
    {
      "ts": "2026-09-16T19:32:19.267089Z",
      "attempt": 29,
      "order_type": "FAK",
      "status": "skipped",
      "close_skipped": "zero_effective_shares"
    },
    {
      "ts": "2026-09-16T19:32:23.421839Z",
      "attempt": 30,
      "order_type": "FAK",
      "status": "skipped",
      "close_skipped": "zero_effective_shares"
    }
  ],
  "close_fallback": {
    "type": "GTC_LIMIT",
    "price": 0.573
  },
  "close_raw": "{\"mode\": \"close\", \"execute\": true, \"market_slug\": \"btc-updown-5m-1789586700\", \"token_id\": \"6051015267344118213176056461060529813626505765124944447092837365650286777211\", \"requested_shares\": 5.747123, \"close_order_type\": \"FAK\", \"close_limit_price\": null, \"available_shares\": 0.007123, \"sell_shares\": 0.0071, \"close_skipped\": \"zero_effective_shares\", \"order_post_result\": {\"success\": false, \"status\": \"skipped\"}}\n\n[py_clob_client_v2] request error status=400 url=https://clob.polymarket.com/auth/api-key body={\"error\":\"Could not create api key\"}\n\n",
  "closed": {
    "close_reason": "time_exit_20s_before_end",
    "closed_at": "2026-09-16T19:32:25.421964Z",
    "close_success": false,
    "close_status": "skipped",
    "close_order_id": null,
    "close_tx": null,
    "close_shares": 0.0,
    "close_usdc": 0.0,
    "close_skipped": "zero_effective_shares"
  },
  "realized_cashflow_pnl_usdc": null,
  "finished_at": "2026-09-16T19:32:25.422068Z",
  "result": "done"
}
[2026-09-16T19:32:25Z] session_end rc=0 trades=22 stake_usd=5.0
journal_ok trades=103 md=/home/yukeen/polymarketbot/5min-btc-polymarket/data/live_trades.md json=/home/yukeen/polymarketbot/5min-btc-polymarket/data/live_trades.json
[py_clob_client_v2] request error status=400 url=https://clob.polymarket.com/auth/api-key body={"error":"Could not create api key"}

[2026-09-16T19:33:42Z] cash=56.836036
[py_clob_client_v2] request error status=400 url=https://clob.polymarket.com/auth/api-key body={"error":"Could not create api key"}

[2026-09-16T19:33:59Z] cash_retry=56.836036
{"martingale": true, "next_stake": 5.0, "loss_streak": 0, "last_outcome": "win", "last_opened_at": "2026-09-16T19:26:40.429756Z", "applied": 1}
[2026-09-16T19:34:10Z] session_begin trades=22 stake_usd=5.0
[py_clob_client_v2] request error status=400 url=https://clob.polymarket.com/auth/api-key body={"error":"Could not create api key"}

{
  "started_at": "2026-09-16T19:34:11.377240Z",
  "params": {
    "profile": "conservative",
    "threshold": 0.7,
    "stake_usd": 5.0,
    "stop_loss_pct": 0.9,
    "exit_before_sec": 20,
    "min_entry_seconds_left": 60,
    "entry_timeout_min": 12,
    "poll_sec": 5.0,
    "close_retry_max": 30,
    "close_retry_delay_sec": 2.0,
    "execute": true
  },
  "attempts": [
    {
      "ts": "2026-09-16T19:34:11.868633Z",
      "slug": "btc-updown-5m-1789587000",
      "status": "skip_too_late_to_enter",
      "seconds_left": 48.13137745857239,
      "min_entry_seconds_left": 60
    },
    {
      "ts": "2026-09-16T19:34:17.602772Z",
      "slug": "btc-updown-5m-1789587000",
      "status": "skip_too_late_to_enter",
      "seconds_left": 42.39723205566406,
      "min_entry_seconds_left": 60
    },
    {
      "ts": "2026-09-16T19:34:23.122044Z",
      "slug": "btc-updown-5m-1789587000",
      "status": "skip_too_late_to_enter",
      "seconds_left": 36.877959966659546,
      "min_entry_seconds_left": 60
    },
    {
      "ts": "2026-09-16T19:34:28.639438Z",
      "slug": "btc-updown-5m-1789587000",
      "status": "skip_too_late_to_enter",
      "seconds_left": 31.360565662384033,
      "min_entry_seconds_left": 60
    },
    {
      "ts": "2026-09-16T19:34:34.167628Z",
      "slug": "btc-updown-5m-1789587000",
      "status": "skip_too_late_to_enter",
      "seconds_left": 25.832374572753906,
      "min_entry_seconds_left": 60
    },
    {
      "ts": "2026-09-16T19:34:42.622401Z",
      "slug": "btc-updown-5m-1789587000",
      "status": "skip_too_late_to_enter",
      "seconds_left": 17.377603769302368,
      "min_entry_seconds_left": 60
    },
    {
      "ts": "2026-09-16T19:34:48.112030Z",
      "slug": "btc-updown-5m-1789587000",
      "status": "skip_too_late_to_enter",
      "seconds_left": 11.887973070144653,
      "min_entry_seconds_left": 60
    },
    {
      "ts": "2026-09-16T19:34:53.606376Z",
      "slug": "btc-updown-5m-1789587000",
      "status": "skip_too_late_to_enter",
      "seconds_left": 6.393629550933838,
      "min_entry_seconds_left": 60
    },
    {
      "ts": "2026-09-16T19:35:17.050262Z",
      "status": "heartbeat_no_current_market"
    },
    {
      "ts": "2026-09-16T19:35:23.602734Z",
      "slug": "btc-updown-5m-1789587300",
      "status": "heartbeat",
      "gamma_up": 0.505,
      "gamma_down": 0.495,
      "clob_up_ask": 0.84,
      "clob_down_ask": 0.17,
      "seconds_left": 277.4458875656128,
      "min_spread": 0.010000000000000009
    }
  ],
  "open_raw": "{\"mode\": \"open\", \"execute\": true, \"market_slug\": \"btc-updown-5m-1789587300\", \"force_side\": \"UP\", \"token_id\": \"59980877275140450641060973090176320850860580846360308216647731478807319020051\", \"entry_price\": 0.8, \"notional_usd\": 5.0, \"top_ask_notional_usd\": 933.616, \"collateral_pusd\": 56.836036, \"order_post_result\": {\"errorMsg\": \"\", \"orderID\": \"0x91f3703b759b74bbec63bacab6749cf239b0721101bbd2756183aacfd77549da\", \"takingAmount\": \"5.952381\", \"makingAmount\": \"5\", \"status\": \"matched\", \"transactionsHashes\": [\"0xf13df0ac2f1e7582e86df3638ebf63f825f6725743141351be0d2bfe50225184\"], \"success\": true}}\n\n[py_clob_client_v2] request error status=400 url=https://clob.polymarket.com/auth/api-key body={\"error\":\"Could not create api key\"}\n\n",
  "opened": {
    "opened_at": "2026-09-16T19:35:29.777473Z",
    "market_slug": "btc-updown-5m-1789587300",
    "market_end_iso": "2026-09-16T19:40:00Z",
    "side": "UP",
    "token_id": "59980877275140450641060973090176320850860580846360308216647731478807319020051",
    "entry_price": 0.8,
    "shares": 5.952381,
    "cost_usdc": 5.0,
    "open_order_id": "0x91f3703b759b74bbec63bacab6749cf239b0721101bbd2756183aacfd77549da",
    "open_tx": "0xf13df0ac2f1e7582e86df3638ebf63f825f6725743141351be0d2bfe50225184"
  },
  "stop_loss_price": 0.07999999999999999,
  "last_side_price": 0.345,
  "last_check_at": "2026-09-16T19:39:38.913961Z",
  "close_debug": [
    {
      "ts": "2026-09-16T19:39:49.971106Z",
      "attempt": 1,
      "order_type": "FAK",
      "status": "matched",
      "close_skipped": ""
    }
  ],
  "close_raw": "{\"mode\": \"close\", \"execute\": true, \"market_slug\": \"btc-updown-5m-1789587300\", \"token_id\": \"59980877275140450641060973090176320850860580846360308216647731478807319020051\", \"requested_shares\": 5.952381, \"close_order_type\": \"FAK\", \"close_limit_price\": null, \"available_shares\": 5.952381, \"sell_shares\": 5.9523, \"order_post_result\": {\"errorMsg\": \"\", \"orderID\": \"0x09075c05632d9c4636f21dcec3a24e35ea24446bb460af5ba0cfbec69452e987\", \"takingAmount\": \"5.8905\", \"makingAmount\": \"5.95\", \"status\": \"matched\", \"transactionsHashes\": [\"0x2d5dccd404d58d4bce81c2410fc9eceed7111614202c371d7a4c37f369c183c8\"], \"success\": true}, \"close_skipped\": \"\"}\n\n[py_clob_client_v2] request error status=400 url=https://clob.polymarket.com/auth/api-key body={\"error\":\"Could not create api key\"}\n\n",
  "closed": {
    "close_reason": "time_exit_20s_before_end",
    "closed_at": "2026-09-16T19:39:49.971136Z",
    "close_success": true,
    "close_status": "matched",
    "close_order_id": "0x09075c05632d9c4636f21dcec3a24e35ea24446bb460af5ba0cfbec69452e987",
    "close_tx": "0x2d5dccd404d58d4bce81c2410fc9eceed7111614202c371d7a4c37f369c183c8",
    "close_shares": 5.95,
    "close_usdc": 5.8905,
    "close_skipped": ""
  },
  "realized_cashflow_pnl_usdc": 0.8905,
  "finished_at": "2026-09-16T19:39:49.971157Z",
  "result": "done"
}
[2026-09-16T19:39:50Z] session_end rc=0 trades=23 stake_usd=5.0
journal_ok trades=104 md=/home/yukeen/polymarketbot/5min-btc-polymarket/data/live_trades.md json=/home/yukeen/polymarketbot/5min-btc-polymarket/data/live_trades.json
[py_clob_client_v2] request error status=400 url=https://clob.polymarket.com/auth/api-key body={"error":"Could not create api key"}

[2026-09-16T19:41:10Z] cash=57.666416
{"martingale": true, "next_stake": 5.0, "loss_streak": 0, "last_outcome": "win", "last_opened_at": "2026-09-16T19:35:29.777473Z", "applied": 1}
[2026-09-16T19:41:18Z] session_begin trades=23 stake_usd=5.0
[py_clob_client_v2] request error status=400 url=https://clob.polymarket.com/auth/api-key body={"error":"Could not create api key"}

{
  "started_at": "2026-09-16T19:41:18.989479Z",
  "params": {
    "profile": "conservative",
    "threshold": 0.7,
    "stake_usd": 5.0,
    "stop_loss_pct": 0.9,
    "exit_before_sec": 20,
    "min_entry_seconds_left": 60,
    "entry_timeout_min": 12,
    "poll_sec": 5.0,
    "close_retry_max": 30,
    "close_retry_delay_sec": 2.0,
    "execute": true
  },
  "attempts": [
    {
      "ts": "2026-09-16T19:41:20.573765Z",
      "slug": "btc-updown-5m-1789587600",
      "status": "heartbeat",
      "gamma_up": 0.505,
      "gamma_down": 0.495,
      "clob_up_ask": 0.69,
      "clob_down_ask": 0.32,
      "seconds_left": 220.50709795951843,
      "min_spread": 0.009999999999999898
    },
    {
      "ts": "2026-09-16T19:41:20.573796Z",
      "slug": "btc-updown-5m-1789587600",
      "status": "skip_price_below_threshold",
      "threshold": 0.7,
      "clob_up_ask": 0.69,
      "clob_down_ask": 0.32,
      "seconds_left": 220.50709795951843
    },
    {
      "ts": "2026-09-16T19:41:27.247042Z",
      "slug": "btc-updown-5m-1789587600",
      "status": "heartbeat",
      "gamma_up": 0.505,
      "gamma_down": 0.495,
      "clob_up_ask": 0.78,
      "clob_down_ask": 0.24,
      "seconds_left": 213.840567111969,
      "min_spread": 0.009999999999999981
    }
  ],
  "open_raw": "{\"mode\": \"open\", \"execute\": true, \"market_slug\": \"btc-updown-5m-1789587600\", \"force_side\": \"UP\", \"token_id\": \"90093591518325707821287003411086685702130313439926019788018814924723651173279\", \"entry_price\": 0.78, \"notional_usd\": 5.0, \"top_ask_notional_usd\": 764.6028, \"collateral_pusd\": 57.666416, \"order_post_result\": {\"errorMsg\": \"\", \"orderID\": \"0xd382254e8277049a76f12d4f975b1672d149aad8fe270daa28b4a6a8b1a15e9e\", \"takingAmount\": \"6.329114\", \"makingAmount\": \"5\", \"status\": \"matched\", \"transactionsHashes\": [\"0x2de6f0b0ab4ca24d61c74f78e29a787b710695fb3281c28730b9328f201a8369\"], \"success\": true}}\n\n[py_clob_client_v2] request error status=400 url=https://clob.polymarket.com/auth/api-key body={\"error\":\"Could not create api key\"}\n\n",
  "opened": {
    "opened_at": "2026-09-16T19:41:33.472401Z",
    "market_slug": "btc-updown-5m-1789587600",
    "market_end_iso": "2026-09-16T19:45:00Z",
    "side": "UP",
    "token_id": "90093591518325707821287003411086685702130313439926019788018814924723651173279",
    "entry_price": 0.78,
    "shares": 6.329114,
    "cost_usdc": 5.0,
    "open_order_id": "0xd382254e8277049a76f12d4f975b1672d149aad8fe270daa28b4a6a8b1a15e9e",
    "open_tx": "0x2de6f0b0ab4ca24d61c74f78e29a787b710695fb3281c28730b9328f201a8369"
  },
  "stop_loss_price": 0.07799999999999999,
  "last_side_price": 0.805,
  "last_check_at": "2026-09-16T19:44:34.357364Z",
  "close_debug": [
    {
      "ts": "2026-09-16T19:44:48.341960Z",
      "attempt": 1,
      "order_type": "FAK",
      "status": "matched",
      "close_skipped": ""
    }
  ],
  "close_raw": "{\"mode\": \"close\", \"execute\": true, \"market_slug\": \"btc-updown-5m-1789587600\", \"token_id\": \"90093591518325707821287003411086685702130313439926019788018814924723651173279\", \"requested_shares\": 6.329114, \"close_order_type\": \"FAK\", \"close_limit_price\": null, \"available_shares\": 6.329114, \"sell_shares\": 6.3291, \"order_post_result\": {\"errorMsg\": \"\", \"orderID\": \"0x05695418659db3ce4ba3aa91891671c78afaa77c299fd9f63399069addb1653f\", \"takingAmount\": \"6.2568\", \"makingAmount\": \"6.32\", \"status\": \"matched\", \"transactionsHashes\": [\"0x4a584aeab7f55337d882cadfb89d0ac7ff35a58e858959fc8954aa22f8dec75f\"], \"success\": true}, \"close_skipped\": \"\"}\n\n[py_clob_client_v2] request error status=400 url=https://clob.polymarket.com/auth/api-key body={\"error\":\"Could not create api key\"}\n\n",
  "closed": {
    "close_reason": "time_exit_20s_before_end",
    "closed_at": "2026-09-16T19:44:48.341977Z",
    "close_success": true,
    "close_status": "matched",
    "close_order_id": "0x05695418659db3ce4ba3aa91891671c78afaa77c299fd9f63399069addb1653f",
    "close_tx": "0x4a584aeab7f55337d882cadfb89d0ac7ff35a58e858959fc8954aa22f8dec75f",
    "close_shares": 6.32,
    "close_usdc": 6.2568,
    "close_skipped": ""
  },
  "realized_cashflow_pnl_usdc": 1.2568,
  "finished_at": "2026-09-16T19:44:48.341990Z",
  "result": "done"
}
[2026-09-16T19:44:48Z] session_end rc=0 trades=24 stake_usd=5.0
journal_ok trades=105 md=/home/yukeen/polymarketbot/5min-btc-polymarket/data/live_trades.md json=/home/yukeen/polymarketbot/5min-btc-polymarket/data/live_trades.json
[py_clob_client_v2] request error status=400 url=https://clob.polymarket.com/auth/api-key body={"error":"Could not create api key"}

[2026-09-16T19:46:19Z] cash=58.845346
{"martingale": true, "next_stake": 5.0, "loss_streak": 0, "last_outcome": "win", "last_opened_at": "2026-09-16T19:41:33.472401Z", "applied": 1}
[2026-09-16T19:46:30Z] session_begin trades=24 stake_usd=5.0
[py_clob_client_v2] request error status=400 url=https://clob.polymarket.com/auth/api-key body={"error":"Could not create api key"}

{
  "started_at": "2026-09-16T19:46:30.802621Z",
  "params": {
    "profile": "conservative",
    "threshold": 0.7,
    "stake_usd": 5.0,
    "stop_loss_pct": 0.9,
    "exit_before_sec": 20,
    "min_entry_seconds_left": 60,
    "entry_timeout_min": 12,
    "poll_sec": 5.0,
    "close_retry_max": 30,
    "close_retry_delay_sec": 2.0,
    "execute": true
  },
  "attempts": [
    {
      "ts": "2026-09-16T19:46:32.587710Z",
      "slug": "btc-updown-5m-1789587900",
      "status": "heartbeat",
      "gamma_up": 0.505,
      "gamma_down": 0.495,
      "clob_up_ask": 0.83,
      "clob_down_ask": 0.18,
      "seconds_left": 208.43998551368713,
      "min_spread": 0.009999999999999981
    }
  ],
  "open_raw": "{\"mode\": \"open\", \"execute\": true, \"market_slug\": \"btc-updown-5m-1789587900\", \"force_side\": \"UP\", \"token_id\": \"89897501945152810315782673116061840929317416199034253075536571491565207377527\", \"entry_price\": 0.83, \"notional_usd\": 5.0, \"top_ask_notional_usd\": 1368.836, \"collateral_pusd\": 58.845346, \"order_post_result\": {\"errorMsg\": \"\", \"orderID\": \"0x436d8be645357e93a290d2097b9891f3acd8f4aa75c9aa64b984ab20631ffb04\", \"takingAmount\": \"6.024094\", \"makingAmount\": \"4.999998\", \"status\": \"matched\", \"transactionsHashes\": [\"0x873cc8351501a9fe41846102ee61f99b90d344d2594f3ba5ac6c3faebeb60c12\"], \"success\": true}}\n\n[py_clob_client_v2] request error status=400 url=https://clob.polymarket.com/auth/api-key body={\"error\":\"Could not create api key\"}\n\n",
  "opened": {
    "opened_at": "2026-09-16T19:46:38.763068Z",
    "market_slug": "btc-updown-5m-1789587900",
    "market_end_iso": "2026-09-16T19:50:00Z",
    "side": "UP",
    "token_id": "89897501945152810315782673116061840929317416199034253075536571491565207377527",
    "entry_price": 0.83,
    "shares": 6.024094,
    "cost_usdc": 4.999998,
    "open_order_id": "0x436d8be645357e93a290d2097b9891f3acd8f4aa75c9aa64b984ab20631ffb04",
    "open_tx": "0x873cc8351501a9fe41846102ee61f99b90d344d2594f3ba5ac6c3faebeb60c12"
  },
  "stop_loss_price": 0.08299999999999998,
  "last_side_price": 0.955,
  "last_check_at": "2026-09-16T19:49:38.394732Z",
  "close_debug": [
    {
      "ts": "2026-09-16T19:49:49.442977Z",
      "attempt": 1,
      "order_type": "FAK",
      "status": "matched",
      "close_skipped": ""
    }
  ],
  "close_raw": "{\"mode\": \"close\", \"execute\": true, \"market_slug\": \"btc-updown-5m-1789587900\", \"token_id\": \"89897501945152810315782673116061840929317416199034253075536571491565207377527\", \"requested_shares\": 6.024094, \"close_order_type\": \"FAK\", \"close_limit_price\": null, \"available_shares\": 6.024094, \"sell_shares\": 6.024, \"order_post_result\": {\"errorMsg\": \"\", \"orderID\": \"0x7e0204568ae4f146d84d718d18e30e944671dda03e0a5e21d814585961612dbf\", \"takingAmount\": \"6.01398\", \"makingAmount\": \"6.02\", \"status\": \"matched\", \"transactionsHashes\": [\"0xe79ec8cfb482b0e81bcc98efadfaa4b885f4fcbee8e1262f5abe8c7704bf961e\"], \"success\": true}, \"close_skipped\": \"\"}\n\n[py_clob_client_v2] request error status=400 url=https://clob.polymarket.com/auth/api-key body={\"error\":\"Could not create api key\"}\n\n",
  "closed": {
    "close_reason": "time_exit_20s_before_end",
    "closed_at": "2026-09-16T19:49:49.442995Z",
    "close_success": true,
    "close_status": "matched",
    "close_order_id": "0x7e0204568ae4f146d84d718d18e30e944671dda03e0a5e21d814585961612dbf",
    "close_tx": "0xe79ec8cfb482b0e81bcc98efadfaa4b885f4fcbee8e1262f5abe8c7704bf961e",
    "close_shares": 6.02,
    "close_usdc": 6.01398,
    "close_skipped": ""
  },
  "realized_cashflow_pnl_usdc": 1.013982,
  "finished_at": "2026-09-16T19:49:49.443009Z",
  "result": "done"
}
[2026-09-16T19:49:49Z] session_end rc=0 trades=25 stake_usd=5.0
journal_ok trades=106 md=/home/yukeen/polymarketbot/5min-btc-polymarket/data/live_trades.md json=/home/yukeen/polymarketbot/5min-btc-polymarket/data/live_trades.json
[py_clob_client_v2] request error status=400 url=https://clob.polymarket.com/auth/api-key body={"error":"Could not create api key"}

[2026-09-16T19:51:25Z] cash=59.799418
{"martingale": true, "next_stake": 5.0, "loss_streak": 0, "last_outcome": "win", "last_opened_at": "2026-09-16T19:46:38.763068Z", "applied": 1}
[2026-09-16T19:51:33Z] session_begin trades=25 stake_usd=5.0
[py_clob_client_v2] request error status=400 url=https://clob.polymarket.com/auth/api-key body={"error":"Could not create api key"}

{
  "started_at": "2026-09-16T19:51:33.621257Z",
  "params": {
    "profile": "conservative",
    "threshold": 0.7,
    "stake_usd": 5.0,
    "stop_loss_pct": 0.9,
    "exit_before_sec": 20,
    "min_entry_seconds_left": 60,
    "entry_timeout_min": 12,
    "poll_sec": 5.0,
    "close_retry_max": 30,
    "close_retry_delay_sec": 2.0,
    "execute": true
  },
  "attempts": [
    {
      "ts": "2026-09-16T19:51:34.806249Z",
      "slug": "btc-updown-5m-1789588200",
      "status": "heartbeat",
      "gamma_up": 0.495,
      "gamma_down": 0.505,
      "clob_up_ask": 0.31,
      "clob_down_ask": 0.7,
      "seconds_left": 205.9350230693817,
      "min_spread": 0.010000000000000009
    }
  ],
  "open_raw": "{\"mode\": \"open\", \"execute\": true, \"market_slug\": \"btc-updown-5m-1789588200\", \"force_side\": \"DOWN\", \"token_id\": \"80806279767071270761940013070027923069142569289889298176901485513066223162674\", \"entry_price\": 0.71, \"notional_usd\": 5.0, \"top_ask_notional_usd\": 795.1999999999999, \"collateral_pusd\": 59.799418, \"order_post_result\": {\"errorMsg\": \"\", \"orderID\": \"0x80e968771e7dacc888885c1416b94f1e9a1b2219e265641697fd3bcfa2e99a22\", \"takingAmount\": \"7.142856\", \"makingAmount\": \"4.999999\", \"status\": \"matched\", \"transactionsHashes\": [\"0xd36ecc0b633f93b2b90efaf1d7d78f6e88ddb3fadeca69a5195a3bbfbc7b3af9\"], \"success\": true}}\n\n[py_clob_client_v2] request error status=400 url=https://clob.polymarket.com/auth/api-key body={\"error\":\"Could not create api key\"}\n\n",
  "opened": {
    "opened_at": "2026-09-16T19:51:40.255740Z",
    "market_slug": "btc-updown-5m-1789588200",
    "market_end_iso": "2026-09-16T19:55:00Z",
    "side": "DOWN",
    "token_id": "80806279767071270761940013070027923069142569289889298176901485513066223162674",
    "entry_price": 0.71,
    "shares": 7.142856,
    "cost_usdc": 4.999999,
    "open_order_id": "0x80e968771e7dacc888885c1416b94f1e9a1b2219e265641697fd3bcfa2e99a22",
    "open_tx": "0xd36ecc0b633f93b2b90efaf1d7d78f6e88ddb3fadeca69a5195a3bbfbc7b3af9"
  },
  "stop_loss_price": 0.07099999999999998,
  "last_side_price": 0.865,
  "last_check_at": "2026-09-16T19:54:35.206546Z",
  "close_debug": [
    {
      "ts": "2026-09-16T19:54:47.871886Z",
      "attempt": 1,
      "order_type": "FAK",
      "status": "matched",
      "close_skipped": ""
    }
  ],
  "close_raw": "{\"mode\": \"close\", \"execute\": true, \"market_slug\": \"btc-updown-5m-1789588200\", \"token_id\": \"80806279767071270761940013070027923069142569289889298176901485513066223162674\", \"requested_shares\": 7.142856, \"close_order_type\": \"FAK\", \"close_limit_price\": null, \"available_shares\": 7.142856, \"sell_shares\": 7.1428, \"order_post_result\": {\"errorMsg\": \"\", \"orderID\": \"0xa673dccd3228b503ee0d87b52100f96bc9d1a888aca9f1121db762029ef364c9\", \"takingAmount\": \"7.0686\", \"makingAmount\": \"7.14\", \"status\": \"matched\", \"transactionsHashes\": [\"0x073b42083f8ffd49b4c2d361b329276da0f1d333cc45bfa653d41baf7a0db368\"], \"success\": true}, \"close_skipped\": \"\"}\n\n[py_clob_client_v2] request error status=400 url=https://clob.polymarket.com/auth/api-key body={\"error\":\"Could not create api key\"}\n\n",
  "closed": {
    "close_reason": "time_exit_20s_before_end",
    "closed_at": "2026-09-16T19:54:47.871918Z",
    "close_success": true,
    "close_status": "matched",
    "close_order_id": "0xa673dccd3228b503ee0d87b52100f96bc9d1a888aca9f1121db762029ef364c9",
    "close_tx": "0x073b42083f8ffd49b4c2d361b329276da0f1d333cc45bfa653d41baf7a0db368",
    "close_shares": 7.14,
    "close_usdc": 7.0686,
    "close_skipped": ""
  },
  "realized_cashflow_pnl_usdc": 2.068601,
  "finished_at": "2026-09-16T19:54:47.871943Z",
  "result": "done"
}
[2026-09-16T19:54:47Z] session_end rc=0 trades=26 stake_usd=5.0
journal_ok trades=107 md=/home/yukeen/polymarketbot/5min-btc-polymarket/data/live_trades.md json=/home/yukeen/polymarketbot/5min-btc-polymarket/data/live_trades.json
[py_clob_client_v2] request error status=400 url=https://clob.polymarket.com/auth/api-key body={"error":"Could not create api key"}

[2026-09-16T19:55:42Z] cash=61.758089
{"martingale": true, "next_stake": 5.0, "loss_streak": 0, "last_outcome": "win", "last_opened_at": "2026-09-16T19:51:40.255740Z", "applied": 1}
[2026-09-16T19:55:50Z] session_begin trades=26 stake_usd=5.0
[py_clob_client_v2] request error status=400 url=https://clob.polymarket.com/auth/api-key body={"error":"Could not create api key"}

{
  "started_at": "2026-09-16T19:55:51.238223Z",
  "params": {
    "profile": "conservative",
    "threshold": 0.7,
    "stake_usd": 5.0,
    "stop_loss_pct": 0.9,
    "exit_before_sec": 20,
    "min_entry_seconds_left": 60,
    "entry_timeout_min": 12,
    "poll_sec": 5.0,
    "close_retry_max": 30,
    "close_retry_delay_sec": 2.0,
    "execute": true
  },
  "attempts": [
    {
      "ts": "2026-09-16T19:55:52.350574Z",
      "slug": "btc-updown-5m-1789588500",
      "status": "heartbeat",
      "gamma_up": 0.495,
      "gamma_down": 0.505,
      "clob_up_ask": 0.47,
      "clob_down_ask": 0.53,
      "seconds_left": 248.46784257888794,
      "min_spread": 0.009999999999999953
    },
    {
      "ts": "2026-09-16T19:55:52.350601Z",
      "slug": "btc-updown-5m-1789588500",
      "status": "skip_price_below_threshold",
      "threshold": 0.7,
      "clob_up_ask": 0.47,
      "clob_down_ask": 0.53,
      "seconds_left": 248.46784257888794
    },
    {
      "ts": "2026-09-16T19:56:01.533849Z",
      "slug": "btc-updown-5m-1789588500",
      "status": "heartbeat",
      "gamma_up": 0.495,
      "gamma_down": 0.505,
      "clob_up_ask": 0.56,
      "clob_down_ask": 0.46,
      "seconds_left": 239.41583800315857,
      "min_spread": 0.010000000000000009
    },
    {
      "ts": "2026-09-16T19:56:01.533875Z",
      "slug": "btc-updown-5m-1789588500",
      "status": "skip_price_below_threshold",
      "threshold": 0.7,
      "clob_up_ask": 0.56,
      "clob_down_ask": 0.46,
      "seconds_left": 239.41583800315857
    },
    {
      "ts": "2026-09-16T19:56:07.620330Z",
      "slug": "btc-updown-5m-1789588500",
      "status": "heartbeat",
      "gamma_up": 0.495,
      "gamma_down": 0.505,
      "clob_up_ask": 0.54,
      "clob_down_ask": 0.47,
      "seconds_left": 233.17782735824585,
      "min_spread": 0.009999999999999953
    },
    {
      "ts": "2026-09-16T19:56:07.620353Z",
      "slug": "btc-updown-5m-1789588500",
      "status": "skip_price_below_threshold",
      "threshold": 0.7,
      "clob_up_ask": 0.54,
      "clob_down_ask": 0.47,
      "seconds_left": 233.17782735824585
    },
    {
      "ts": "2026-09-16T19:56:13.725599Z",
      "slug": "btc-updown-5m-1789588500",
      "status": "heartbeat",
      "gamma_up": 0.495,
      "gamma_down": 0.505,
      "clob_up_ask": 0.55,
      "clob_down_ask": 0.46,
      "seconds_left": 227.0719974040985,
      "min_spread": 0.010000000000000009
    },
    {
      "ts": "2026-09-16T19:56:13.725624Z",
      "slug": "btc-updown-5m-1789588500",
      "status": "skip_price_below_threshold",
      "threshold": 0.7,
      "clob_up_ask": 0.55,
      "clob_down_ask": 0.46,
      "seconds_left": 227.0719974040985
    },
    {
      "ts": "2026-09-16T19:56:19.812114Z",
      "slug": "btc-updown-5m-1789588500",
      "status": "heartbeat",
      "gamma_up": 0.495,
      "gamma_down": 0.505,
      "clob_up_ask": 0.56,
      "clob_down_ask": 0.45,
      "seconds_left": 220.98202991485596,
      "min_spread": 0.010000000000000009
    },
    {
      "ts": "2026-09-16T19:56:19.812176Z",
      "slug": "btc-updown-5m-1789588500",
      "status": "skip_price_below_threshold",
      "threshold": 0.7,
      "clob_up_ask": 0.56,
      "clob_down_ask": 0.45,
      "seconds_left": 220.98202991485596
    },
    {
      "ts": "2026-09-16T19:56:26.092681Z",
      "slug": "btc-updown-5m-1789588500",
      "status": "heartbeat",
      "gamma_up": 0.495,
      "gamma_down": 0.505,
      "clob_up_ask": 0.53,
      "clob_down_ask": 0.48,
      "seconds_left": 214.76806497573853,
      "min_spread": 0.010000000000000009
    },
    {
      "ts": "2026-09-16T19:56:26.092710Z",
      "slug": "btc-updown-5m-1789588500",
      "status": "skip_price_below_threshold",
      "threshold": 0.7,
      "clob_up_ask": 0.53,
      "clob_down_ask": 0.48,
      "seconds_left": 214.76806497573853
    },
    {
      "ts": "2026-09-16T19:56:35.261438Z",
      "slug": "btc-updown-5m-1789588500",
      "status": "heartbeat",
      "gamma_up": 0.495,
      "gamma_down": 0.505,
      "clob_up_ask": 0.57,
      "clob_down_ask": 0.45,
      "seconds_left": 205.52122378349304,
      "min_spread": 0.009999999999999898
    },
    {
      "ts": "2026-09-16T19:56:35.261453Z",
      "slug": "btc-updown-5m-1789588500",
      "status": "skip_price_below_threshold",
      "threshold": 0.7,
      "clob_up_ask": 0.57,
      "clob_down_ask": 0.45,
      "seconds_left": 205.52122378349304
    },
    {
      "ts": "2026-09-16T19:56:41.371891Z",
      "slug": "btc-updown-5m-1789588500",
      "status": "heartbeat",
      "gamma_up": 0.495,
      "gamma_down": 0.505,
      "clob_up_ask": 0.63,
      "clob_down_ask": 0.38,
      "seconds_left": 199.41998648643494,
      "min_spread": 0.010000000000000009
    },
    {
      "ts": "2026-09-16T19:56:41.371916Z",
      "slug": "btc-updown-5m-1789588500",
      "status": "skip_price_below_threshold",
      "threshold": 0.7,
      "clob_up_ask": 0.63,
      "clob_down_ask": 0.38,
      "seconds_left": 199.41998648643494
    },
    {
      "ts": "2026-09-16T19:56:47.526333Z",
      "slug": "btc-updown-5m-1789588500",
      "status": "heartbeat",
      "gamma_up": 0.495,
      "gamma_down": 0.505,
      "clob_up_ask": 0.63,
      "clob_down_ask": 0.43,
      "seconds_left": 193.34507489204407,
      "min_spread": 0.010000000000000009
    },
    {
      "ts": "2026-09-16T19:56:47.526351Z",
      "slug": "btc-updown-5m-1789588500",
      "status": "skip_price_below_threshold",
      "threshold": 0.7,
      "clob_up_ask": 0.63,
      "clob_down_ask": 0.43,
      "seconds_left": 193.34507489204407
    },
    {
      "ts": "2026-09-16T19:56:53.609432Z",
      "slug": "btc-updown-5m-1789588500",
      "status": "heartbeat",
      "gamma_up": 0.495,
      "gamma_down": 0.505,
      "clob_up_ask": 0.58,
      "clob_down_ask": 0.49,
      "seconds_left": 187.1246190071106,
      "min_spread": 0.019999999999999907
    },
    {
      "ts": "2026-09-16T19:56:53.609457Z",
      "slug": "btc-updown-5m-1789588500",
      "status": "skip_price_below_threshold",
      "threshold": 0.7,
      "clob_up_ask": 0.58,
      "clob_down_ask": 0.49,
      "seconds_left": 187.1246190071106
    },
    {
      "ts": "2026-09-16T19:56:59.824570Z",
      "slug": "btc-updown-5m-1789588500",
      "status": "heartbeat",
      "gamma_up": 0.495,
      "gamma_down": 0.505,
      "clob_up_ask": 0.59,
      "clob_down_ask": 0.41,
      "seconds_left": 181.07325983047485,
      "min_spread": 0.009999999999999953
    },
    {
      "ts": "2026-09-16T19:56:59.824595Z",
      "slug": "btc-updown-5m-1789588500",
      "status": "skip_price_below_threshold",
      "threshold": 0.7,
      "clob_up_ask": 0.59,
      "clob_down_ask": 0.41,
      "seconds_left": 181.07325983047485
    },
    {
      "ts": "2026-09-16T19:57:08.970572Z",
      "slug": "btc-updown-5m-1789588500",
      "status": "heartbeat",
      "gamma_up": 0.495,
      "gamma_down": 0.505,
      "clob_up_ask": 0.61,
      "clob_down_ask": 0.4,
      "seconds_left": 171.8276448249817,
      "min_spread": 0.010000000000000009
    },
    {
      "ts": "2026-09-16T19:57:08.970595Z",
      "slug": "btc-updown-5m-1789588500",
      "status": "skip_price_below_threshold",
      "threshold": 0.7,
      "clob_up_ask": 0.61,
      "clob_down_ask": 0.4,
      "seconds_left": 171.8276448249817
    },
    {
      "ts": "2026-09-16T19:57:15.066547Z",
      "slug": "btc-updown-5m-1789588500",
      "status": "heartbeat",
      "gamma_up": 0.495,
      "gamma_down": 0.505,
      "clob_up_ask": 0.6,
      "clob_down_ask": 0.42,
      "seconds_left": 165.71711087226868,
      "min_spread": 0.010000000000000009
    },
    {
      "ts": "2026-09-16T19:57:15.066569Z",
      "slug": "btc-updown-5m-1789588500",
      "status": "skip_price_below_threshold",
      "threshold": 0.7,
      "clob_up_ask": 0.6,
      "clob_down_ask": 0.42,
      "seconds_left": 165.71711087226868
    },
    {
      "ts": "2026-09-16T19:57:21.214228Z",
      "slug": "btc-updown-5m-1789588500",
      "status": "heartbeat",
      "gamma_up": 0.495,
      "gamma_down": 0.505,
      "clob_up_ask": 0.62,
      "clob_down_ask": 0.43,
      "seconds_left": 159.56951928138733,
      "min_spread": 0.010000000000000009
    },
    {
      "ts": "2026-09-16T19:57:21.214251Z",
      "slug": "btc-updown-5m-1789588500",
      "status": "skip_price_below_threshold",
      "threshold": 0.7,
      "clob_up_ask": 0.62,
      "clob_down_ask": 0.43,
      "seconds_left": 159.56951928138733
    },
    {
      "ts": "2026-09-16T19:57:27.369181Z",
      "slug": "btc-updown-5m-1789588500",
      "status": "heartbeat",
      "gamma_up": 0.495,
      "gamma_down": 0.505,
      "clob_up_ask": 0.34,
      "clob_down_ask": 0.68,
      "seconds_left": 153.41316962242126,
      "min_spread": 0.010000000000000009
    },
    {
      "ts": "2026-09-16T19:57:27.369208Z",
      "slug": "btc-updown-5m-1789588500",
      "status": "skip_price_below_threshold",
      "threshold": 0.7,
      "clob_up_ask": 0.34,
      "clob_down_ask": 0.68,
      "seconds_left": 153.41316962242126
    },
    {
      "ts": "2026-09-16T19:57:33.519533Z",
      "slug": "btc-updown-5m-1789588500",
      "status": "heartbeat",
      "gamma_up": 0.495,
      "gamma_down": 0.505,
      "clob_up_ask": 0.44,
      "clob_down_ask": 0.57,
      "seconds_left": 147.26306462287903,
      "min_spread": 0.009999999999999898
    },
    {
      "ts": "2026-09-16T19:57:33.519570Z",
      "slug": "btc-updown-5m-1789588500",
      "status": "skip_price_below_threshold",
      "threshold": 0.7,
      "clob_up_ask": 0.44,
      "clob_down_ask": 0.57,
      "seconds_left": 147.26306462287903
    },
    {
      "ts": "2026-09-16T19:57:42.573708Z",
      "slug": "btc-updown-5m-1789588500",
      "status": "heartbeat",
      "gamma_up": 0.495,
      "gamma_down": 0.505,
      "clob_up_ask": 0.4,
      "clob_down_ask": 0.61,
      "seconds_left": 141.18045949935913,
      "min_spread": 0.010000000000000009
    },
    {
      "ts": "2026-09-16T19:57:42.573734Z",
      "slug": "btc-updown-5m-1789588500",
      "status": "skip_price_below_threshold",
      "threshold": 0.7,
      "clob_up_ask": 0.4,
      "clob_down_ask": 0.61,
      "seconds_left": 141.18045949935913
    },
    {
      "ts": "2026-09-16T19:57:48.732874Z",
      "slug": "btc-updown-5m-1789588500",
      "status": "heartbeat",
      "gamma_up": 0.495,
      "gamma_down": 0.505,
      "clob_up_ask": 0.45,
      "clob_down_ask": 0.56,
      "seconds_left": 132.11353063583374,
      "min_spread": 0.010000000000000009
    },
    {
      "ts": "2026-09-16T19:57:48.732898Z",
      "slug": "btc-updown-5m-1789588500",
      "status": "skip_price_below_threshold",
      "threshold": 0.7,
      "clob_up_ask": 0.45,
      "clob_down_ask": 0.56,
      "seconds_left": 132.11353063583374
    },
    {
      "ts": "2026-09-16T19:57:55.039861Z",
      "slug": "btc-updown-5m-1789588500",
      "status": "heartbeat",
      "gamma_up": 0.495,
      "gamma_down": 0.505,
      "clob_up_ask": 0.37,
      "clob_down_ask": 0.63,
      "seconds_left": 125.78102135658264,
      "min_spread": 0.010000000000000009
    },
    {
      "ts": "2026-09-16T19:57:55.039932Z",
      "slug": "btc-updown-5m-1789588500",
      "status": "skip_price_below_threshold",
      "threshold": 0.7,
      "clob_up_ask": 0.37,
      "clob_down_ask": 0.63,
      "seconds_left": 125.78102135658264
    },
    {
      "ts": "2026-09-16T19:58:01.153659Z",
      "slug": "btc-updown-5m-1789588500",
      "status": "heartbeat",
      "gamma_up": 0.495,
      "gamma_down": 0.505,
      "clob_up_ask": 0.29,
      "clob_down_ask": 0.72,
      "seconds_left": 119.61895322799683,
      "min_spread": 0.009999999999999953
    },
    {
      "ts": "2026-09-16T19:58:12.229352Z",
      "slug": "btc-updown-5m-1789588500",
      "status": "heartbeat",
      "gamma_up": 0.495,
      "gamma_down": 0.505,
      "clob_up_ask": 0.38,
      "clob_down_ask": 0.63,
      "seconds_left": 108.65570735931396,
      "min_spread": 0.010000000000000009
    },
    {
      "ts": "2026-09-16T19:58:12.229428Z",
      "slug": "btc-updown-5m-1789588500",
      "status": "skip_price_below_threshold",
      "threshold": 0.7,
      "clob_up_ask": 0.38,
      "clob_down_ask": 0.63,
      "seconds_left": 108.65570735931396
    },
    {
      "ts": "2026-09-16T19:58:21.422964Z",
      "slug": "btc-updown-5m-1789588500",
      "status": "heartbeat",
      "gamma_up": 0.495,
      "gamma_down": 0.505,
      "clob_up_ask": 0.4,
      "clob_down_ask": 0.62,
      "seconds_left": 99.36712455749512,
      "min_spread": 0.010000000000000009
    },
    {
      "ts": "2026-09-16T19:58:21.422986Z",
      "slug": "btc-updown-5m-1789588500",
      "status": "skip_price_below_threshold",
      "threshold": 0.7,
      "clob_up_ask": 0.4,
      "clob_down_ask": 0.62,
      "seconds_left": 99.36712455749512
    },
    {
      "ts": "2026-09-16T19:58:27.570476Z",
      "slug": "btc-updown-5m-1789588500",
      "status": "heartbeat",
      "gamma_up": 0.495,
      "gamma_down": 0.505,
      "clob_up_ask": 0.36,
      "clob_down_ask": 0.65,
      "seconds_left": 93.2624933719635,
      "min_spread": 0.010000000000000009
    },
    {
      "ts": "2026-09-16T19:58:27.570492Z",
      "slug": "btc-updown-5m-1789588500",
      "status": "skip_price_below_threshold",
      "threshold": 0.7,
      "clob_up_ask": 0.36,
      "clob_down_ask": 0.65,
      "seconds_left": 93.2624933719635
    },
    {
      "ts": "2026-09-16T19:58:33.666286Z",
      "slug": "btc-updown-5m-1789588500",
      "status": "heartbeat",
      "gamma_up": 0.495,
      "gamma_down": 0.505,
      "clob_up_ask": 0.79,
      "clob_down_ask": 0.22,
      "seconds_left": 87.11520886421204,
      "min_spread": 0.010000000000000009
    }
  ],
  "last_open_try": "{\"error\": \"PolyApiException[status_code=400, error_message={'error': 'no orders found to match with FAK order. FAK orders are partially filled or killed if no match is found.', 'orderID': '0x93401f881b7a296a03d59ed17f00ad0fb42523e0729610f61416bc0b9a98bb1a'}]\", \"order_post_result\": {\"success\": false, \"status\": \"error\", \"errorMsg\": \"PolyApiException[status_code=400, error_message={'error': 'no orders found to match with FAK order. FAK orders are partially filled or killed if no match is found.', 'orderID': '0x93401f881b7a296a03d59ed17f00ad0fb42523e0729610f61416bc0b9a98bb1a'}]\"}, \"close_skipped\": \"\"}\n\n[py_clob_client_v2] request error status=400 url=https://clob.polymarket.com/auth/api-key body={\"error\":\"Could not create api key\"}\n\n[py_clob_client_v2] request error status=400 url=https://clob.polymarket.com/order body={\"error\":\"no orders found to match with FAK order. FAK orders are partially filled or killed if no match is found.\",\"orderID\":\"0x93401f881b7a296a03d59ed17f00ad0fb42523e0729610f61416bc0b9a98bb1a\"}\n",
  "open_raw": "{\"mode\": \"open\", \"execute\": true, \"market_slug\": \"btc-updown-5m-1789588500\", \"force_side\": \"UP\", \"token_id\": \"10123171811963230837140821504344141469199378461832047182702762798119288183932\", \"entry_price\": 0.81, \"notional_usd\": 5.0, \"top_ask_notional_usd\": 298.86570000000006, \"collateral_pusd\": 61.758089, \"order_post_result\": {\"errorMsg\": \"\", \"orderID\": \"0xa689b2180659c1911a036f46bf31bb882e17e89146484818a8f2493ba44a2068\", \"takingAmount\": \"6\", \"makingAmount\": \"4.56\", \"status\": \"matched\", \"transactionsHashes\": [\"0x5f2634df958dbaab632a17da312a5d4302fc1776ca2acd34d2b4b3a5889e8dae\"], \"success\": true}}\n\n[py_clob_client_v2] request error status=400 url=https://clob.polymarket.com/auth/api-key body={\"error\":\"Could not create api key\"}\n\n",
  "opened": {
    "opened_at": "2026-09-16T19:58:39.084645Z",
    "market_slug": "btc-updown-5m-1789588500",
    "market_end_iso": "2026-09-16T20:00:00Z",
    "side": "UP",
    "token_id": "10123171811963230837140821504344141469199378461832047182702762798119288183932",
    "entry_price": 0.81,
    "shares": 6.0,
    "cost_usdc": 4.56,
    "open_order_id": "0xa689b2180659c1911a036f46bf31bb882e17e89146484818a8f2493ba44a2068",
    "open_tx": "0x5f2634df958dbaab632a17da312a5d4302fc1776ca2acd34d2b4b3a5889e8dae"
  },
  "stop_loss_price": 0.08099999999999999,
  "last_side_price": 0.805,
  "last_check_at": "2026-09-16T19:59:38.505114Z",
  "close_debug": [
    {
      "ts": "2026-09-16T19:59:48.218971Z",
      "attempt": 1,
      "order_type": "FAK",
      "status": "matched",
      "close_skipped": ""
    }
  ],
  "close_raw": "{\"mode\": \"close\", \"execute\": true, \"market_slug\": \"btc-updown-5m-1789588500\", \"token_id\": \"10123171811963230837140821504344141469199378461832047182702762798119288183932\", \"requested_shares\": 6.0, \"close_order_type\": \"FAK\", \"close_limit_price\": null, \"available_shares\": 6.0, \"sell_shares\": 6.0, \"order_post_result\": {\"errorMsg\": \"\", \"orderID\": \"0x3ee08f3947af86489a0ff8f3afc56d75c5fb81a53856247a6b0983e9e2168625\", \"takingAmount\": \"5.94\", \"makingAmount\": \"6\", \"status\": \"matched\", \"transactionsHashes\": [\"0x54d924384ee6c716ee296567be990c789e539331319b521df2f62a61d3bd4c08\"], \"success\": true}, \"close_skipped\": \"\"}\n\n[py_clob_client_v2] request error status=400 url=https://clob.polymarket.com/auth/api-key body={\"error\":\"Could not create api key\"}\n\n",
  "closed": {
    "close_reason": "time_exit_20s_before_end",
    "closed_at": "2026-09-16T19:59:48.218999Z",
    "close_success": true,
    "close_status": "matched",
    "close_order_id": "0x3ee08f3947af86489a0ff8f3afc56d75c5fb81a53856247a6b0983e9e2168625",
    "close_tx": "0x54d924384ee6c716ee296567be990c789e539331319b521df2f62a61d3bd4c08",
    "close_shares": 6.0,
    "close_usdc": 5.94,
    "close_skipped": ""
  },
  "realized_cashflow_pnl_usdc": 1.38,
  "finished_at": "2026-09-16T19:59:48.219020Z",
  "result": "done"
}
[2026-09-16T19:59:48Z] session_end rc=0 trades=27 stake_usd=5.0
journal_ok trades=108 md=/home/yukeen/polymarketbot/5min-btc-polymarket/data/live_trades.md json=/home/yukeen/polymarketbot/5min-btc-polymarket/data/live_trades.json
[py_clob_client_v2] request error: [Errno -3] Temporary failure in name resolution
[2026-09-16T20:01:17Z] cash=63.057339
{"martingale": true, "next_stake": 5.0, "loss_streak": 0, "last_outcome": "win", "last_opened_at": "2026-09-16T19:58:39.084645Z", "applied": 1}
[2026-09-16T20:01:25Z] session_begin trades=27 stake_usd=5.0
[py_clob_client_v2] request error status=400 url=https://clob.polymarket.com/auth/api-key body={"error":"Could not create api key"}

{
  "started_at": "2026-09-16T20:01:26.301093Z",
  "params": {
    "profile": "conservative",
    "threshold": 0.7,
    "stake_usd": 5.0,
    "stop_loss_pct": 0.9,
    "exit_before_sec": 20,
    "min_entry_seconds_left": 60,
    "entry_timeout_min": 12,
    "poll_sec": 5.0,
    "close_retry_max": 30,
    "close_retry_delay_sec": 2.0,
    "execute": true
  },
  "attempts": [
    {
      "ts": "2026-09-16T20:01:27.515088Z",
      "slug": "btc-updown-5m-1789588800",
      "status": "heartbeat",
      "gamma_up": 0.505,
      "gamma_down": 0.495,
      "clob_up_ask": 0.23,
      "clob_down_ask": 0.78,
      "seconds_left": 213.361004114151,
      "min_spread": 0.010000000000000009
    }
  ],
  "open_raw": "{\"mode\": \"open\", \"execute\": true, \"market_slug\": \"btc-updown-5m-1789588800\", \"force_side\": \"DOWN\", \"token_id\": \"75986206909493558199838050899485795754328704966633427730096188345220364460011\", \"entry_price\": 0.78, \"notional_usd\": 5.0, \"top_ask_notional_usd\": 167.0448, \"collateral_pusd\": 63.057339, \"order_post_result\": {\"errorMsg\": \"\", \"orderID\": \"0x606f6223898347bfebafadcbb11294893d9a6cc34307d330603726bcb7c4cf08\", \"takingAmount\": \"6.666664\", \"makingAmount\": \"4.999998\", \"status\": \"matched\", \"transactionsHashes\": [\"0x4dfe976ecee24272b597dd05f6a8c048f4361445b137615d2fa651ead79f3bfc\"], \"success\": true}}\n\n[py_clob_client_v2] request error status=400 url=https://clob.polymarket.com/auth/api-key body={\"error\":\"Could not create api key\"}\n\n",
  "opened": {
    "opened_at": "2026-09-16T20:01:32.612119Z",
    "market_slug": "btc-updown-5m-1789588800",
    "market_end_iso": "2026-09-16T20:05:00Z",
    "side": "DOWN",
    "token_id": "75986206909493558199838050899485795754328704966633427730096188345220364460011",
    "entry_price": 0.78,
    "shares": 6.666664,
    "cost_usdc": 4.999998,
    "open_order_id": "0x606f6223898347bfebafadcbb11294893d9a6cc34307d330603726bcb7c4cf08",
    "open_tx": "0x4dfe976ecee24272b597dd05f6a8c048f4361445b137615d2fa651ead79f3bfc"
  },
  "stop_loss_price": 0.07799999999999999,
  "last_side_price": 0.015,
  "last_check_at": "2026-09-16T20:03:51.384452Z",
  "close_debug": [
    {
      "ts": "2026-09-16T20:03:55.399207Z",
      "attempt": 1,
      "order_type": "FAK",
      "status": "error",
      "close_skipped": ""
    },
    {
      "ts": "2026-09-16T20:04:00.718205Z",
      "attempt": 2,
      "order_type": "FAK",
      "status": "error",
      "close_skipped": ""
    },
    {
      "ts": "2026-09-16T20:04:05.933288Z",
      "attempt": 3,
      "order_type": "FAK",
      "status": "error",
      "close_skipped": ""
    },
    {
      "ts": "2026-09-16T20:04:14.107456Z",
      "attempt": 4,
      "order_type": "FAK",
      "status": "error",
      "close_skipped": ""
    },
    {
      "ts": "2026-09-16T20:04:19.382735Z",
      "attempt": 5,
      "order_type": "FAK",
      "status": "error",
      "close_skipped": ""
    },
    {
      "ts": "2026-09-16T20:04:24.620061Z",
      "attempt": 6,
      "order_type": "FAK",
      "status": "error",
      "close_skipped": ""
    },
    {
      "ts": "2026-09-16T20:04:29.898519Z",
      "attempt": 7,
      "order_type": "FAK",
      "status": "error",
      "close_skipped": ""
    },
    {
      "ts": "2026-09-16T20:04:35.213286Z",
      "attempt": 8,
      "order_type": "FAK",
      "status": "error",
      "close_skipped": ""
    },
    {
      "ts": "2026-09-16T20:04:40.440553Z",
      "attempt": 9,
      "order_type": "FAK",
      "status": "error",
      "close_skipped": ""
    },
    {
      "ts": "2026-09-16T20:04:48.696202Z",
      "attempt": 10,
      "order_type": "FAK",
      "status": "error",
      "close_skipped": ""
    },
    {
      "ts": "2026-09-16T20:04:54.468745Z",
      "attempt": 11,
      "order_type": "FAK",
      "status": "error",
      "close_skipped": ""
    },
    {
      "ts": "2026-09-16T20:04:59.792710Z",
      "attempt": 12,
      "order_type": "FAK",
      "status": "error",
      "close_skipped": ""
    },
    {
      "ts": "2026-09-16T20:05:05.015856Z",
      "attempt": 13,
      "order_type": "FAK",
      "status": "error",
      "close_skipped": ""
    },
    {
      "ts": "2026-09-16T20:05:10.440970Z",
      "attempt": 14,
      "order_type": "FAK",
      "status": "error",
      "close_skipped": ""
    },
    {
      "ts": "2026-09-16T20:05:16.161713Z",
      "attempt": 15,
      "order_type": "FAK",
      "status": "error",
      "close_skipped": ""
    },
    {
      "ts": "2026-09-16T20:05:24.269426Z",
      "attempt": 16,
      "order_type": "FAK",
      "status": "error",
      "close_skipped": ""
    },
    {
      "ts": "2026-09-16T20:05:44.443871Z",
      "attempt": 17,
      "order_type": "FAK",
      "status": "error",
      "close_skipped": ""
    },
    {
      "ts": "2026-09-16T20:06:07.489684Z",
      "attempt": 18,
      "order_type": "FAK",
      "status": "error",
      "close_skipped": ""
    },
    {
      "ts": "2026-09-16T20:06:27.560063Z",
      "attempt": 19,
      "order_type": "FAK",
      "status": "error",
      "close_skipped": ""
    },
    {
      "ts": "2026-09-16T20:06:35.920782Z",
      "attempt": 20,
      "order_type": "FAK",
      "status": "error",
      "close_skipped": ""
    },
    {
      "ts": "2026-09-16T20:06:41.429925Z",
      "attempt": 21,
      "order_type": "FAK",
      "status": "error",
      "close_skipped": ""
    },
    {
      "ts": "2026-09-16T20:06:46.763523Z",
      "attempt": 22,
      "order_type": "FAK",
      "status": "error",
      "close_skipped": ""
    },
    {
      "ts": "2026-09-16T20:06:52.429261Z",
      "attempt": 23,
      "order_type": "FAK",
      "status": "error",
      "close_skipped": ""
    },
    {
      "ts": "2026-09-16T20:06:57.994102Z",
      "attempt": 24,
      "order_type": "FAK",
      "status": "error",
      "close_skipped": ""
    },
    {
      "ts": "2026-09-16T20:07:03.420521Z",
      "attempt": 25,
      "order_type": "FAK",
      "status": "error",
      "close_skipped": ""
    },
    {
      "ts": "2026-09-16T20:07:12.017646Z",
      "attempt": 26,
      "order_type": "FAK",
      "status": "error",
      "close_skipped": ""
    },
    {
      "ts": "2026-09-16T20:07:17.678425Z",
      "attempt": 27,
      "order_type": "FAK",
      "status": "error",
      "close_skipped": ""
    },
    {
      "ts": "2026-09-16T20:07:23.115528Z",
      "attempt": 28,
      "order_type": "FAK",
      "status": "error",
      "close_skipped": ""
    },
    {
      "ts": "2026-09-16T20:07:28.535271Z",
      "attempt": 29,
      "order_type": "FAK",
      "status": "error",
      "close_skipped": ""
    },
    {
      "ts": "2026-09-16T20:07:33.991002Z",
      "attempt": 30,
      "order_type": "FAK",
      "status": "error",
      "close_skipped": ""
    }
  ],
  "close_raw": "{\"error\": \"no match\", \"order_post_result\": {\"success\": false, \"status\": \"error\", \"errorMsg\": \"no match\"}, \"close_skipped\": \"\"}\n\n[py_clob_client_v2] request error status=400 url=https://clob.polymarket.com/auth/api-key body={\"error\":\"Could not create api key\"}\n\n",
  "closed": {
    "close_reason": "stop_loss_90pct",
    "closed_at": "2026-09-16T20:07:35.991206Z",
    "close_success": false,
    "close_status": "error",
    "close_order_id": null,
    "close_tx": null,
    "close_shares": 0.0,
    "close_usdc": 0.0,
    "close_skipped": ""
  },
  "realized_cashflow_pnl_usdc": null,
  "finished_at": "2026-09-16T20:07:35.991252Z",
  "result": "done"
}
[2026-09-16T20:07:36Z] session_end rc=0 trades=28 stake_usd=5.0
journal_ok trades=109 md=/home/yukeen/polymarketbot/5min-btc-polymarket/data/live_trades.md json=/home/yukeen/polymarketbot/5min-btc-polymarket/data/live_trades.json
[py_clob_client_v2] request error status=400 url=https://clob.polymarket.com/auth/api-key body={"error":"Could not create api key"}

[2026-09-16T20:08:48Z] cash=57.969851
{"martingale": true, "next_stake": 10.0, "loss_streak": 1, "last_outcome": "loss", "last_opened_at": "2026-09-16T20:01:32.612119Z", "applied": 1}
[2026-09-16T20:08:59Z] session_begin trades=28 stake_usd=10.0
[py_clob_client_v2] request error status=400 url=https://clob.polymarket.com/auth/api-key body={"error":"Could not create api key"}

{
  "started_at": "2026-09-16T20:09:00.409784Z",
  "params": {
    "profile": "conservative",
    "threshold": 0.7,
    "stake_usd": 10.0,
    "stop_loss_pct": 0.9,
    "exit_before_sec": 20,
    "min_entry_seconds_left": 60,
    "entry_timeout_min": 12,
    "poll_sec": 5.0,
    "close_retry_max": 30,
    "close_retry_delay_sec": 2.0,
    "execute": true
  },
  "attempts": [
    {
      "ts": "2026-09-16T20:09:00.700303Z",
      "slug": "btc-updown-5m-1789589100",
      "status": "skip_too_late_to_enter",
      "seconds_left": 59.29970121383667,
      "min_entry_seconds_left": 60
    },
    {
      "ts": "2026-09-16T20:09:06.045796Z",
      "slug": "btc-updown-5m-1789589100",
      "status": "skip_too_late_to_enter",
      "seconds_left": 53.95420789718628,
      "min_entry_seconds_left": 60
    },
    {
      "ts": "2026-09-16T20:09:11.372964Z",
      "slug": "btc-updown-5m-1789589100",
      "status": "skip_too_late_to_enter",
      "seconds_left": 48.62704133987427,
      "min_entry_seconds_left": 60
    },
    {
      "ts": "2026-09-16T20:09:16.683871Z",
      "slug": "btc-updown-5m-1789589100",
      "status": "skip_too_late_to_enter",
      "seconds_left": 43.31613564491272,
      "min_entry_seconds_left": 60
    },
    {
      "ts": "2026-09-16T20:09:22.055229Z",
      "slug": "btc-updown-5m-1789589100",
      "status": "skip_too_late_to_enter",
      "seconds_left": 37.94477701187134,
      "min_entry_seconds_left": 60
    },
    {
      "ts": "2026-09-16T20:09:27.373401Z",
      "slug": "btc-updown-5m-1789589100",
      "status": "skip_too_late_to_enter",
      "seconds_left": 32.626604318618774,
      "min_entry_seconds_left": 60
    },
    {
      "ts": "2026-09-16T20:09:35.666094Z",
      "slug": "btc-updown-5m-1789589100",
      "status": "skip_too_late_to_enter",
      "seconds_left": 24.333912134170532,
      "min_entry_seconds_left": 60
    },
    {
      "ts": "2026-09-16T20:09:41.019675Z",
      "slug": "btc-updown-5m-1789589100",
      "status": "skip_too_late_to_enter",
      "seconds_left": 18.980330228805542,
      "min_entry_seconds_left": 60
    },
    {
      "ts": "2026-09-16T20:09:46.320472Z",
      "slug": "btc-updown-5m-1789589100",
      "status": "skip_too_late_to_enter",
      "seconds_left": 13.679531574249268,
      "min_entry_seconds_left": 60
    },
    {
      "ts": "2026-09-16T20:09:51.666844Z",
      "slug": "btc-updown-5m-1789589100",
      "status": "skip_too_late_to_enter",
      "seconds_left": 8.3331618309021,
      "min_entry_seconds_left": 60
    },
    {
      "ts": "2026-09-16T20:09:56.981947Z",
      "status": "heartbeat_no_current_market"
    },
    {
      "ts": "2026-09-16T20:10:03.122389Z",
      "slug": "btc-updown-5m-1789589400",
      "status": "heartbeat",
      "gamma_up": 0.475,
      "gamma_down": 0.525,
      "clob_up_ask": 0.35,
      "clob_down_ask": 0.66,
      "seconds_left": 297.67311334609985,
      "min_spread": 0.009999999999999953
    },
    {
      "ts": "2026-09-16T20:10:03.122413Z",
      "slug": "btc-updown-5m-1789589400",
      "status": "skip_price_below_threshold",
      "threshold": 0.7,
      "clob_up_ask": 0.35,
      "clob_down_ask": 0.66,
      "seconds_left": 297.67311334609985
    },
    {
      "ts": "2026-09-16T20:10:12.194908Z",
      "slug": "btc-updown-5m-1789589400",
      "status": "heartbeat",
      "gamma_up": 0.475,
      "gamma_down": 0.525,
      "clob_up_ask": 0.39,
      "clob_down_ask": 0.66,
      "seconds_left": 288.6115117073059,
      "min_spread": 0.010000000000000009
    },
    {
      "ts": "2026-09-16T20:10:12.194923Z",
      "slug": "btc-updown-5m-1789589400",
      "status": "skip_price_below_threshold",
      "threshold": 0.7,
      "clob_up_ask": 0.39,
      "clob_down_ask": 0.66,
      "seconds_left": 288.6115117073059
    },
    {
      "ts": "2026-09-16T20:10:18.316720Z",
      "slug": "btc-updown-5m-1789589400",
      "status": "heartbeat",
      "gamma_up": 0.475,
      "gamma_down": 0.525,
      "clob_up_ask": 0.29,
      "clob_down_ask": 0.72,
      "seconds_left": 282.4777057170868,
      "min_spread": 0.009999999999999953
    }
  ],
  "open_raw": "{\"mode\": \"open\", \"execute\": true, \"market_slug\": \"btc-updown-5m-1789589400\", \"force_side\": \"DOWN\", \"token_id\": \"68157266834677030096430504641074117518702299289903780538232993903872426154241\", \"entry_price\": 0.72, \"notional_usd\": 10.0, \"top_ask_notional_usd\": 34.9848, \"collateral_pusd\": 57.969851, \"order_post_result\": {\"errorMsg\": \"\", \"orderID\": \"0x194a294ba2fff0c160dabee0585b29f3be0ae2cd89f1ee11578ac7072f04a3f9\", \"takingAmount\": \"14.084508\", \"makingAmount\": \"10\", \"status\": \"matched\", \"transactionsHashes\": [\"0x90dc80a8863e5b04af72d77166853342f9d3aebeed93fbb8352337f02a957611\"], \"success\": true}}\n\n[py_clob_client_v2] request error status=400 url=https://clob.polymarket.com/auth/api-key body={\"error\":\"Could not create api key\"}\n\n",
  "opened": {
    "opened_at": "2026-09-16T20:10:23.201901Z",
    "market_slug": "btc-updown-5m-1789589400",
    "market_end_iso": "2026-09-16T20:15:00Z",
    "side": "DOWN",
    "token_id": "68157266834677030096430504641074117518702299289903780538232993903872426154241",
    "entry_price": 0.72,
    "shares": 14.084508,
    "cost_usdc": 10.0,
    "open_order_id": "0x194a294ba2fff0c160dabee0585b29f3be0ae2cd89f1ee11578ac7072f04a3f9",
    "open_tx": "0x90dc80a8863e5b04af72d77166853342f9d3aebeed93fbb8352337f02a957611"
  },
  "stop_loss_price": 0.07199999999999998,
  "last_side_price": 0.125,
  "last_check_at": "2026-09-16T20:14:37.493200Z",
  "close_debug": [
    {
      "ts": "2026-09-16T20:14:47.106581Z",
      "attempt": 1,
      "order_type": "FAK",
      "status": "error",
      "close_skipped": ""
    },
    {
      "ts": "2026-09-16T20:15:05.466725Z",
      "attempt": 2,
      "order_type": "FAK",
      "status": "error",
      "close_skipped": ""
    },
    {
      "ts": "2026-09-16T20:15:10.720120Z",
      "attempt": 3,
      "order_type": "FAK",
      "status": "error",
      "close_skipped": ""
    },
    {
      "ts": "2026-09-16T20:15:16.144704Z",
      "attempt": 4,
      "order_type": "FAK",
      "status": "error",
      "close_skipped": ""
    },
    {
      "ts": "2026-09-16T20:15:38.926441Z",
      "attempt": 5,
      "order_type": "FAK",
      "status": "error",
      "close_skipped": ""
    },
    {
      "ts": "2026-09-16T20:15:44.150633Z",
      "attempt": 6,
      "order_type": "FAK",
      "status": "error",
      "close_skipped": ""
    },
    {
      "ts": "2026-09-16T20:15:49.643484Z",
      "attempt": 7,
      "order_type": "FAK",
      "status": "error",
      "close_skipped": ""
    },
    {
      "ts": "2026-09-16T20:15:54.860808Z",
      "attempt": 8,
      "order_type": "FAK",
      "status": "error",
      "close_skipped": ""
    },
    {
      "ts": "2026-09-16T20:16:03.136932Z",
      "attempt": 9,
      "order_type": "FAK",
      "status": "error",
      "close_skipped": ""
    },
    {
      "ts": "2026-09-16T20:16:08.355049Z",
      "attempt": 10,
      "order_type": "FAK",
      "status": "error",
      "close_skipped": ""
    },
    {
      "ts": "2026-09-16T20:16:13.971332Z",
      "attempt": 11,
      "order_type": "FAK",
      "status": "error",
      "close_skipped": ""
    },
    {
      "ts": "2026-09-16T20:16:19.268727Z",
      "attempt": 12,
      "order_type": "FAK",
      "status": "error",
      "close_skipped": ""
    },
    {
      "ts": "2026-09-16T20:16:24.408366Z",
      "attempt": 13,
      "order_type": "FAK",
      "status": "error",
      "close_skipped": ""
    },
    {
      "ts": "2026-09-16T20:16:29.588109Z",
      "attempt": 14,
      "order_type": "FAK",
      "status": "error",
      "close_skipped": ""
    },
    {
      "ts": "2026-09-16T20:16:37.791473Z",
      "attempt": 15,
      "order_type": "FAK",
      "status": "error",
      "close_skipped": ""
    },
    {
      "ts": "2026-09-16T20:16:42.996639Z",
      "attempt": 16,
      "order_type": "FAK",
      "status": "error",
      "close_skipped": ""
    },
    {
      "ts": "2026-09-16T20:16:48.605346Z",
      "attempt": 17,
      "order_type": "FAK",
      "status": "error",
      "close_skipped": ""
    },
    {
      "ts": "2026-09-16T20:16:53.840620Z",
      "attempt": 18,
      "order_type": "FAK",
      "status": "error",
      "close_skipped": ""
    },
    {
      "ts": "2026-09-16T20:16:58.960107Z",
      "attempt": 19,
      "order_type": "FAK",
      "status": "error",
      "close_skipped": ""
    },
    {
      "ts": "2026-09-16T20:17:04.511032Z",
      "attempt": 20,
      "order_type": "FAK",
      "status": "error",
      "close_skipped": ""
    },
    {
      "ts": "2026-09-16T20:17:12.725499Z",
      "attempt": 21,
      "order_type": "FAK",
      "status": "error",
      "close_skipped": ""
    },
    {
      "ts": "2026-09-16T20:17:17.937933Z",
      "attempt": 22,
      "order_type": "FAK",
      "status": "error",
      "close_skipped": ""
    },
    {
      "ts": "2026-09-16T20:17:23.149782Z",
      "attempt": 23,
      "order_type": "FAK",
      "status": "error",
      "close_skipped": ""
    },
    {
      "ts": "2026-09-16T20:17:28.560387Z",
      "attempt": 24,
      "order_type": "FAK",
      "status": "error",
      "close_skipped": ""
    },
    {
      "ts": "2026-09-16T20:17:34.006803Z",
      "attempt": 25,
      "order_type": "FAK",
      "status": "error",
      "close_skipped": ""
    },
    {
      "ts": "2026-09-16T20:17:39.701564Z",
      "attempt": 26,
      "order_type": "FAK",
      "status": "error",
      "close_skipped": ""
    },
    {
      "ts": "2026-09-16T20:17:47.889627Z",
      "attempt": 27,
      "order_type": "FAK",
      "status": "error",
      "close_skipped": ""
    },
    {
      "ts": "2026-09-16T20:17:53.149496Z",
      "attempt": 28,
      "order_type": "FAK",
      "status": "error",
      "close_skipped": ""
    },
    {
      "ts": "2026-09-16T20:17:59.148770Z",
      "attempt": 29,
      "order_type": "FAK",
      "status": "error",
      "close_skipped": ""
    },
    {
      "ts": "2026-09-16T20:18:04.437407Z",
      "attempt": 30,
      "order_type": "FAK",
      "status": "error",
      "close_skipped": ""
    }
  ],
  "close_raw": "{\"error\": \"PolyApiException[status_code=404, error_message={'error': 'No orderbook exists for the requested token id'}]\", \"order_post_result\": {\"success\": false, \"status\": \"error\", \"errorMsg\": \"PolyApiException[status_code=404, error_message={'error': 'No orderbook exists for the requested token id'}]\"}, \"close_skipped\": \"\"}\n\n[py_clob_client_v2] request error status=400 url=https://clob.polymarket.com/auth/api-key body={\"error\":\"Could not create api key\"}\n\n[py_clob_client_v2] request error status=404 url=https://clob.polymarket.com/book body={\"error\":\"No orderbook exists for the requested token id\"}\n\n",
  "closed": {
    "close_reason": "time_exit_20s_before_end",
    "closed_at": "2026-09-16T20:18:06.437572Z",
    "close_success": false,
    "close_status": "error",
    "close_order_id": null,
    "close_tx": null,
    "close_shares": 0.0,
    "close_usdc": 0.0,
    "close_skipped": ""
  },
  "realized_cashflow_pnl_usdc": null,
  "finished_at": "2026-09-16T20:18:06.437624Z",
  "result": "done"
}
[2026-09-16T20:18:06Z] session_end rc=0 trades=29 stake_usd=10.0
journal_ok trades=110 md=/home/yukeen/polymarketbot/5min-btc-polymarket/data/live_trades.md json=/home/yukeen/polymarketbot/5min-btc-polymarket/data/live_trades.json
[py_clob_client_v2] request error status=400 url=https://clob.polymarket.com/auth/api-key body={"error":"Could not create api key"}

[2026-09-16T20:19:06Z] cash=47.766851
[py_clob_client_v2] request error status=400 url=https://clob.polymarket.com/auth/api-key body={"error":"Could not create api key"}

[2026-09-16T20:19:22Z] cash_retry=47.766851
{"martingale": true, "next_stake": 30.0, "loss_streak": 2, "last_outcome": "loss", "last_opened_at": "2026-09-16T20:10:23.201901Z", "applied": 1}
[2026-09-16T20:19:30Z] session_begin trades=29 stake_usd=30.0
[py_clob_client_v2] request error status=400 url=https://clob.polymarket.com/auth/api-key body={"error":"Could not create api key"}

{
  "started_at": "2026-09-16T20:19:34.358128Z",
  "params": {
    "profile": "conservative",
    "threshold": 0.7,
    "stake_usd": 30.0,
    "stop_loss_pct": 0.9,
    "exit_before_sec": 20,
    "min_entry_seconds_left": 60,
    "entry_timeout_min": 12,
    "poll_sec": 5.0,
    "close_retry_max": 30,
    "close_retry_delay_sec": 2.0,
    "execute": true
  },
  "attempts": [
    {
      "ts": "2026-09-16T20:19:34.654042Z",
      "slug": "btc-updown-5m-1789589700",
      "status": "skip_too_late_to_enter",
      "seconds_left": 25.34596586227417,
      "min_entry_seconds_left": 60
    },
    {
      "ts": "2026-09-16T20:19:39.979488Z",
      "slug": "btc-updown-5m-1789589700",
      "status": "skip_too_late_to_enter",
      "seconds_left": 20.020519018173218,
      "min_entry_seconds_left": 60
    },
    {
      "ts": "2026-09-16T20:19:45.302434Z",
      "slug": "btc-updown-5m-1789589700",
      "status": "skip_too_late_to_enter",
      "seconds_left": 14.697572469711304,
      "min_entry_seconds_left": 60
    },
    {
      "ts": "2026-09-16T20:19:50.618906Z",
      "slug": "btc-updown-5m-1789589700",
      "status": "skip_too_late_to_enter",
      "seconds_left": 9.381100177764893,
      "min_entry_seconds_left": 60
    },
    {
      "ts": "2026-09-16T20:19:55.923910Z",
      "status": "heartbeat_no_current_market"
    },
    {
      "ts": "2026-09-16T20:20:02.138657Z",
      "slug": "btc-updown-5m-1789590000",
      "status": "heartbeat",
      "gamma_up": 0.485,
      "gamma_down": 0.515,
      "clob_up_ask": 0.65,
      "clob_down_ask": 0.36,
      "seconds_left": 298.64662313461304,
      "min_spread": 0.010000000000000009
    },
    {
      "ts": "2026-09-16T20:20:02.138682Z",
      "slug": "btc-updown-5m-1789590000",
      "status": "skip_price_below_threshold",
      "threshold": 0.7,
      "clob_up_ask": 0.65,
      "clob_down_ask": 0.36,
      "seconds_left": 298.64662313461304
    },
    {
      "ts": "2026-09-16T20:20:11.419203Z",
      "slug": "btc-updown-5m-1789590000",
      "status": "heartbeat",
      "gamma_up": 0.485,
      "gamma_down": 0.515,
      "clob_up_ask": 0.62,
      "clob_down_ask": 0.39,
      "seconds_left": 289.596271276474,
      "min_spread": 0.010000000000000009
    },
    {
      "ts": "2026-09-16T20:20:11.419232Z",
      "slug": "btc-updown-5m-1789590000",
      "status": "skip_price_below_threshold",
      "threshold": 0.7,
      "clob_up_ask": 0.62,
      "clob_down_ask": 0.39,
      "seconds_left": 289.596271276474
    },
    {
      "ts": "2026-09-16T20:20:17.671374Z",
      "slug": "btc-updown-5m-1789590000",
      "status": "heartbeat",
      "gamma_up": 0.485,
      "gamma_down": 0.515,
      "clob_up_ask": 0.67,
      "clob_down_ask": 0.35,
      "seconds_left": 283.10622906684875,
      "min_spread": 0.009999999999999953
    },
    {
      "ts": "2026-09-16T20:20:17.671401Z",
      "slug": "btc-updown-5m-1789590000",
      "status": "skip_price_below_threshold",
      "threshold": 0.7,
      "clob_up_ask": 0.67,
      "clob_down_ask": 0.35,
      "seconds_left": 283.10622906684875
    },
    {
      "ts": "2026-09-16T20:20:23.784950Z",
      "slug": "btc-updown-5m-1789590000",
      "status": "heartbeat",
      "gamma_up": 0.485,
      "gamma_down": 0.515,
      "clob_up_ask": 0.68,
      "clob_down_ask": 0.33,
      "seconds_left": 277.00047516822815,
      "min_spread": 0.010000000000000009
    },
    {
      "ts": "2026-09-16T20:20:23.784974Z",
      "slug": "btc-updown-5m-1789590000",
      "status": "skip_price_below_threshold",
      "threshold": 0.7,
      "clob_up_ask": 0.68,
      "clob_down_ask": 0.33,
      "seconds_left": 277.00047516822815
    },
    {
      "ts": "2026-09-16T20:20:29.915265Z",
      "slug": "btc-updown-5m-1789590000",
      "status": "heartbeat",
      "gamma_up": 0.485,
      "gamma_down": 0.515,
      "clob_up_ask": 0.69,
      "clob_down_ask": 0.32,
      "seconds_left": 270.8998076915741,
      "min_spread": 0.009999999999999898
    },
    {
      "ts": "2026-09-16T20:20:29.915282Z",
      "slug": "btc-updown-5m-1789590000",
      "status": "skip_price_below_threshold",
      "threshold": 0.7,
      "clob_up_ask": 0.69,
      "clob_down_ask": 0.32,
      "seconds_left": 270.8998076915741
    },
    {
      "ts": "2026-09-16T20:20:35.988352Z",
      "slug": "btc-updown-5m-1789590000",
      "status": "heartbeat",
      "gamma_up": 0.485,
      "gamma_down": 0.515,
      "clob_up_ask": 0.7,
      "clob_down_ask": 0.31,
      "seconds_left": 264.7778265476227,
      "min_spread": 0.010000000000000009
    },
    {
      "ts": "2026-09-16T20:20:46.316281Z",
      "slug": "btc-updown-5m-1789590000",
      "status": "heartbeat",
      "gamma_up": 0.485,
      "gamma_down": 0.515,
      "clob_up_ask": 0.77,
      "clob_down_ask": 0.25,
      "seconds_left": 254.4563684463501,
      "min_spread": 0.010000000000000009
    }
  ],
  "last_open_try": "{\"mode\": \"open\", \"execute\": true, \"market_slug\": \"btc-updown-5m-1789590000\", \"force_side\": \"UP\", \"token_id\": \"78662324742021173507393476166462958070823201587963165998026054902412084968225\", \"entry_price\": 0.7, \"notional_usd\": 30.0, \"top_ask_notional_usd\": 21.0, \"skipped\": \"thin_top_ask\", \"order_post_result\": {\"success\": false, \"status\": \"skipped\", \"errorMsg\": \"thin_top_ask\"}}\n\n",
  "open_raw": "{\"mode\": \"open\", \"execute\": true, \"market_slug\": \"btc-updown-5m-1789590000\", \"force_side\": \"UP\", \"token_id\": \"78662324742021173507393476166462958070823201587963165998026054902412084968225\", \"entry_price\": 0.76, \"notional_usd\": 30.0, \"top_ask_notional_usd\": 198.36, \"collateral_pusd\": 47.766851, \"order_post_result\": {\"errorMsg\": \"\", \"orderID\": \"0x677944c1a526f8c447372732c7d2aba925b9c17b603d4131a4897fca257198d8\", \"takingAmount\": \"39.473683\", \"makingAmount\": \"29.999999\", \"status\": \"matched\", \"transactionsHashes\": [\"0x0d5d4057d4b4584c1eee3554825e9914f4bf8665a1df9dfb29bba0050db8a87f\"], \"success\": true}}\n\n[py_clob_client_v2] request error status=400 url=https://clob.polymarket.com/auth/api-key body={\"error\":\"Could not create api key\"}\n\n",
  "opened": {
    "opened_at": "2026-09-16T20:20:51.142970Z",
    "market_slug": "btc-updown-5m-1789590000",
    "market_end_iso": "2026-09-16T20:25:00Z",
    "side": "UP",
    "token_id": "78662324742021173507393476166462958070823201587963165998026054902412084968225",
    "entry_price": 0.76,
    "shares": 39.473683,
    "cost_usdc": 29.999999,
    "open_order_id": "0x677944c1a526f8c447372732c7d2aba925b9c17b603d4131a4897fca257198d8",
    "open_tx": "0x0d5d4057d4b4584c1eee3554825e9914f4bf8665a1df9dfb29bba0050db8a87f"
  },
  "stop_loss_price": 0.07599999999999998,
  "last_side_price": 0.835,
  "last_check_at": "2026-09-16T20:24:35.803740Z",
  "close_debug": [
    {
      "ts": "2026-09-16T20:24:45.296238Z",
      "attempt": 1,
      "order_type": "FAK",
      "status": "matched",
      "close_skipped": ""
    }
  ],
  "close_raw": "{\"mode\": \"close\", \"execute\": true, \"market_slug\": \"btc-updown-5m-1789590000\", \"token_id\": \"78662324742021173507393476166462958070823201587963165998026054902412084968225\", \"requested_shares\": 39.473683, \"close_order_type\": \"FAK\", \"close_limit_price\": null, \"available_shares\": 39.473683, \"sell_shares\": 39.4736, \"order_post_result\": {\"errorMsg\": \"\", \"orderID\": \"0x7df4f76bf41cd539c6dcd58b2116b7fda0c0781959c0e8b56c6aa647ed126a33\", \"takingAmount\": \"0.3947\", \"makingAmount\": \"39.47\", \"status\": \"matched\", \"transactionsHashes\": [\"0x24c65ad4c7dd4108d2975e7a577ab2481eef389ea5514ceb11e1a6aa1749eb2b\"], \"success\": true}, \"close_skipped\": \"\"}\n\n[py_clob_client_v2] request error status=400 url=https://clob.polymarket.com/auth/api-key body={\"error\":\"Could not create api key\"}\n\n",
  "closed": {
    "close_reason": "time_exit_20s_before_end",
    "closed_at": "2026-09-16T20:24:45.296266Z",
    "close_success": true,
    "close_status": "matched",
    "close_order_id": "0x7df4f76bf41cd539c6dcd58b2116b7fda0c0781959c0e8b56c6aa647ed126a33",
    "close_tx": "0x24c65ad4c7dd4108d2975e7a577ab2481eef389ea5514ceb11e1a6aa1749eb2b",
    "close_shares": 39.47,
    "close_usdc": 0.3947,
    "close_skipped": ""
  },
  "realized_cashflow_pnl_usdc": -29.605299,
  "finished_at": "2026-09-16T20:24:45.296289Z",
  "result": "done"
}
[2026-09-16T20:24:45Z] session_end rc=0 trades=30 stake_usd=30.0
journal_ok trades=111 md=/home/yukeen/polymarketbot/5min-btc-polymarket/data/live_trades.md json=/home/yukeen/polymarketbot/5min-btc-polymarket/data/live_trades.json
[py_clob_client_v2] request error status=400 url=https://clob.polymarket.com/auth/api-key body={"error":"Could not create api key"}

[2026-09-16T20:25:47Z] cash=17.630212
[py_clob_client_v2] request error status=400 url=https://clob.polymarket.com/auth/api-key body={"error":"Could not create api key"}

[2026-09-16T20:26:07Z] cash_retry=17.630212
[2026-09-16T20:26:07Z] stop_daily_loss start=62.132971 now=17.630212 pct=50
[2026-09-16T20:26:07Z] loop_exit
