[py_clob_client_v2] request error status=400 url=https://clob.polymarket.com/auth/api-key body={"error":"Could not create api key"}

[2026-09-16T14:05:32Z] start_cash=42.332271
{"martingale": true, "next_stake": 10.0, "loss_streak": 1, "last_outcome": "win", "last_opened_at": "2026-09-16T14:02:09.069025Z", "applied": 45}
[2026-09-16T14:05:32Z] session_begin trades=0 stake_usd=10.0
[py_clob_client_v2] request error status=400 url=https://clob.polymarket.com/auth/api-key body={"error":"Could not create api key"}

{
  "started_at": "2026-09-16T14:05:33.327860Z",
  "params": {
    "profile": "conservative",
    "threshold": 0.7,
    "stake_usd": 10.0,
    "stop_loss_pct": 0.9,
    "exit_before_sec": 20,
    "min_entry_seconds_left": 60,
    "entry_timeout_min": 12,
    "poll_sec": 5.0,
    "close_retry_max": 30,
    "close_retry_delay_sec": 2.0,
    "execute": true
  },
  "attempts": [
    {
      "ts": "2026-09-16T14:05:34.408620Z",
      "slug": "btc-updown-5m-1789567500",
      "status": "heartbeat",
      "gamma_up": 0.505,
      "gamma_down": 0.495,
      "clob_up_ask": 0.74,
      "clob_down_ask": 0.27,
      "seconds_left": 266.3609211444855,
      "min_spread": 0.010000000000000009
    }
  ],
  "open_raw": "{\"mode\": \"open\", \"execute\": true, \"market_slug\": \"btc-updown-5m-1789567500\", \"force_side\": \"UP\", \"token_id\": \"98878881671482540747460490113057013000480366629978890160642005109303003636278\", \"entry_price\": 0.71, \"notional_usd\": 10.0, \"top_ask_notional_usd\": 239.98, \"collateral_pusd\": 42.332271, \"order_post_result\": {\"errorMsg\": \"\", \"orderID\": \"0x05392b00295dc3a38162456d05aa88b022e05c189c719e1405ac6eab718ab928\", \"takingAmount\": \"12.820513\", \"makingAmount\": \"10\", \"status\": \"matched\", \"transactionsHashes\": [\"0x7078f32e096abea42b5e2cbff545ed3945256293f0a5fa60f2d84f3342b4092a\"], \"success\": true}}\n\n[py_clob_client_v2] request error status=400 url=https://clob.polymarket.com/auth/api-key body={\"error\":\"Could not create api key\"}\n\n",
  "opened": {
    "opened_at": "2026-09-16T14:05:39.270153Z",
    "market_slug": "btc-updown-5m-1789567500",
    "market_end_iso": "2026-09-16T14:10:00Z",
    "side": "UP",
    "token_id": "98878881671482540747460490113057013000480366629978890160642005109303003636278",
    "entry_price": 0.71,
    "shares": 12.820513,
    "cost_usdc": 10.0,
    "open_order_id": "0x05392b00295dc3a38162456d05aa88b022e05c189c719e1405ac6eab718ab928",
    "open_tx": "0x7078f32e096abea42b5e2cbff545ed3945256293f0a5fa60f2d84f3342b4092a"
  },
  "stop_loss_price": 0.07099999999999998,
  "last_side_price": 0.875,
  "last_check_at": "2026-09-16T14:09:38.948450Z",
  "close_debug": [
    {
      "ts": "2026-09-16T14:09:48.688828Z",
      "attempt": 1,
      "order_type": "FAK",
      "status": "matched",
      "close_skipped": ""
    }
  ],
  "close_raw": "{\"mode\": \"close\", \"execute\": true, \"market_slug\": \"btc-updown-5m-1789567500\", \"token_id\": \"98878881671482540747460490113057013000480366629978890160642005109303003636278\", \"requested_shares\": 12.820513, \"close_order_type\": \"FAK\", \"close_limit_price\": null, \"available_shares\": 12.820513, \"sell_shares\": 12.8205, \"order_post_result\": {\"errorMsg\": \"\", \"orderID\": \"0xdec3a8b478e0720b5e433c4b395f1856bf09d66edc560c8e0e39f44ef86429ef\", \"takingAmount\": \"12.6918\", \"makingAmount\": \"12.82\", \"status\": \"matched\", \"transactionsHashes\": [\"0x19cfc53b6903fdeefc57ed73c414ab6ce689390b03d42c258de6347289007c0c\"], \"success\": true}, \"close_skipped\": \"\"}\n\n[py_clob_client_v2] request error status=400 url=https://clob.polymarket.com/auth/api-key body={\"error\":\"Could not create api key\"}\n\n",
  "closed": {
    "close_reason": "time_exit_20s_before_end",
    "closed_at": "2026-09-16T14:09:48.688851Z",
    "close_success": true,
    "close_status": "matched",
    "close_order_id": "0xdec3a8b478e0720b5e433c4b395f1856bf09d66edc560c8e0e39f44ef86429ef",
    "close_tx": "0x19cfc53b6903fdeefc57ed73c414ab6ce689390b03d42c258de6347289007c0c",
    "close_shares": 12.82,
    "close_usdc": 12.6918,
    "close_skipped": ""
  },
  "realized_cashflow_pnl_usdc": 2.6918,
  "finished_at": "2026-09-16T14:09:48.688869Z",
  "result": "done"
}
[2026-09-16T14:09:48Z] session_end rc=0 trades=1 stake_usd=10.0
journal_ok trades=46 md=/home/yukeen/polymarketbot/5min-btc-polymarket/data/live_trades.md json=/home/yukeen/polymarketbot/5min-btc-polymarket/data/live_trades.json
[py_clob_client_v2] request error status=400 url=https://clob.polymarket.com/auth/api-key body={"error":"Could not create api key"}

[2026-09-16T14:10:24Z] cash=44.861191
{"martingale": true, "next_stake": 5.0, "loss_streak": 0, "last_outcome": "win", "last_opened_at": "2026-09-16T14:05:39.270153Z", "applied": 1}
[2026-09-16T14:10:35Z] session_begin trades=1 stake_usd=5.0
[py_clob_client_v2] request error status=400 url=https://clob.polymarket.com/auth/api-key body={"error":"Could not create api key"}

{
  "started_at": "2026-09-16T14:10:35.515655Z",
  "params": {
    "profile": "conservative",
    "threshold": 0.7,
    "stake_usd": 5.0,
    "stop_loss_pct": 0.9,
    "exit_before_sec": 20,
    "min_entry_seconds_left": 60,
    "entry_timeout_min": 12,
    "poll_sec": 5.0,
    "close_retry_max": 30,
    "close_retry_delay_sec": 2.0,
    "execute": true
  },
  "attempts": [
    {
      "ts": "2026-09-16T14:10:36.815892Z",
      "slug": "btc-updown-5m-1789567800",
      "status": "heartbeat",
      "gamma_up": 0.515,
      "gamma_down": 0.485,
      "clob_up_ask": 0.4,
      "clob_down_ask": 0.62,
      "seconds_left": 264.0389733314514,
      "min_spread": 0.010000000000000009
    },
    {
      "ts": "2026-09-16T14:10:36.815930Z",
      "slug": "btc-updown-5m-1789567800",
      "status": "skip_price_below_threshold",
      "threshold": 0.7,
      "clob_up_ask": 0.4,
      "clob_down_ask": 0.62,
      "seconds_left": 264.0389733314514
    },
    {
      "ts": "2026-09-16T14:10:42.976039Z",
      "slug": "btc-updown-5m-1789567800",
      "status": "heartbeat",
      "gamma_up": 0.515,
      "gamma_down": 0.485,
      "clob_up_ask": 0.37,
      "clob_down_ask": 0.64,
      "seconds_left": 257.87109422683716,
      "min_spread": 0.010000000000000009
    },
    {
      "ts": "2026-09-16T14:10:42.976081Z",
      "slug": "btc-updown-5m-1789567800",
      "status": "skip_price_below_threshold",
      "threshold": 0.7,
      "clob_up_ask": 0.37,
      "clob_down_ask": 0.64,
      "seconds_left": 257.87109422683716
    },
    {
      "ts": "2026-09-16T14:10:49.046609Z",
      "slug": "btc-updown-5m-1789567800",
      "status": "heartbeat",
      "gamma_up": 0.515,
      "gamma_down": 0.485,
      "clob_up_ask": 0.26,
      "clob_down_ask": 0.74,
      "seconds_left": 251.70917129516602,
      "min_spread": 0.010000000000000009
    }
  ],
  "open_raw": "{\"mode\": \"open\", \"execute\": true, \"market_slug\": \"btc-updown-5m-1789567800\", \"force_side\": \"DOWN\", \"token_id\": \"23785836002505261191778665947330635157012744564451478367939538840366613963479\", \"entry_price\": 0.76, \"notional_usd\": 5.0, \"top_ask_notional_usd\": 258.0048, \"collateral_pusd\": 44.861191, \"order_post_result\": {\"errorMsg\": \"\", \"orderID\": \"0xe8110056dfbba9c2537f24ead074c52d7372cff022154031ebad5f186fd6b0c7\", \"takingAmount\": \"6.944442\", \"makingAmount\": \"4.999998\", \"status\": \"matched\", \"transactionsHashes\": [\"0x76594fb4bbc808d318d1b95609d116ddbb9fb3a6c461fc90e85ac67a121912b4\"], \"success\": true}}\n\n[py_clob_client_v2] request error status=400 url=https://clob.polymarket.com/auth/api-key body={\"error\":\"Could not create api key\"}\n\n",
  "opened": {
    "opened_at": "2026-09-16T14:10:53.907772Z",
    "market_slug": "btc-updown-5m-1789567800",
    "market_end_iso": "2026-09-16T14:15:00Z",
    "side": "DOWN",
    "token_id": "23785836002505261191778665947330635157012744564451478367939538840366613963479",
    "entry_price": 0.76,
    "shares": 6.944442,
    "cost_usdc": 4.999998,
    "open_order_id": "0xe8110056dfbba9c2537f24ead074c52d7372cff022154031ebad5f186fd6b0c7",
    "open_tx": "0x76594fb4bbc808d318d1b95609d116ddbb9fb3a6c461fc90e85ac67a121912b4"
  },
  "stop_loss_price": 0.07599999999999998,
  "last_side_price": 0.485,
  "last_check_at": "2026-09-16T14:14:34.274015Z",
  "close_debug": [
    {
      "ts": "2026-09-16T14:14:47.029007Z",
      "attempt": 1,
      "order_type": "FAK",
      "status": "matched",
      "close_skipped": ""
    }
  ],
  "close_raw": "{\"mode\": \"close\", \"execute\": true, \"market_slug\": \"btc-updown-5m-1789567800\", \"token_id\": \"23785836002505261191778665947330635157012744564451478367939538840366613963479\", \"requested_shares\": 6.944442, \"close_order_type\": \"FAK\", \"close_limit_price\": null, \"available_shares\": 6.944442, \"sell_shares\": 6.9444, \"order_post_result\": {\"errorMsg\": \"\", \"orderID\": \"0xf9906ea3dcd6a7149992eb6327fd217ad05234ffa61d9ebd20db2bc2291c753a\", \"takingAmount\": \"6.8706\", \"makingAmount\": \"6.94\", \"status\": \"matched\", \"transactionsHashes\": [\"0x227ece74974d213440a87d9a8fd7ab8f41b05e4b8c8730f8477203e53e8b9495\"], \"success\": true}, \"close_skipped\": \"\"}\n\n[py_clob_client_v2] request error status=400 url=https://clob.polymarket.com/auth/api-key body={\"error\":\"Could not create api key\"}\n\n",
  "closed": {
    "close_reason": "time_exit_20s_before_end",
    "closed_at": "2026-09-16T14:14:47.029041Z",
    "close_success": true,
    "close_status": "matched",
    "close_order_id": "0xf9906ea3dcd6a7149992eb6327fd217ad05234ffa61d9ebd20db2bc2291c753a",
    "close_tx": "0x227ece74974d213440a87d9a8fd7ab8f41b05e4b8c8730f8477203e53e8b9495",
    "close_shares": 6.94,
    "close_usdc": 6.8706,
    "close_skipped": ""
  },
  "realized_cashflow_pnl_usdc": 1.870602,
  "finished_at": "2026-09-16T14:14:47.029067Z",
  "result": "done"
}
[2026-09-16T14:14:47Z] session_end rc=0 trades=2 stake_usd=5.0
journal_ok trades=47 md=/home/yukeen/polymarketbot/5min-btc-polymarket/data/live_trades.md json=/home/yukeen/polymarketbot/5min-btc-polymarket/data/live_trades.json
[py_clob_client_v2] request error status=400 url=https://clob.polymarket.com/auth/api-key body={"error":"Could not create api key"}

[2026-09-16T14:15:22Z] cash=46.629003
{"martingale": true, "next_stake": 5.0, "loss_streak": 0, "last_outcome": "win", "last_opened_at": "2026-09-16T14:10:53.907772Z", "applied": 1}
[2026-09-16T14:15:30Z] session_begin trades=2 stake_usd=5.0
[py_clob_client_v2] request error status=400 url=https://clob.polymarket.com/auth/api-key body={"error":"Could not create api key"}

{
  "started_at": "2026-09-16T14:15:31.236500Z",
  "params": {
    "profile": "conservative",
    "threshold": 0.7,
    "stake_usd": 5.0,
    "stop_loss_pct": 0.9,
    "exit_before_sec": 20,
    "min_entry_seconds_left": 60,
    "entry_timeout_min": 12,
    "poll_sec": 5.0,
    "close_retry_max": 30,
    "close_retry_delay_sec": 2.0,
    "execute": true
  },
  "attempts": [
    {
      "ts": "2026-09-16T14:15:32.311280Z",
      "slug": "btc-updown-5m-1789568100",
      "status": "heartbeat",
      "gamma_up": 0.505,
      "gamma_down": 0.495,
      "clob_up_ask": 0.86,
      "clob_down_ask": 0.17,
      "seconds_left": 268.47238421440125,
      "min_spread": 0.010000000000000009
    }
  ],
  "open_raw": "{\"mode\": \"open\", \"execute\": true, \"market_slug\": \"btc-updown-5m-1789568100\", \"force_side\": \"UP\", \"token_id\": \"88218926063584186028013279862110508828622753978220928178292093585656850866279\", \"entry_price\": 0.87, \"notional_usd\": 5.0, \"top_ask_notional_usd\": 363.9036, \"collateral_pusd\": 46.629003, \"order_post_result\": {\"errorMsg\": \"\", \"orderID\": \"0x3aac0abff830d092202e67286a38de3123c45ca71417ac74d69e195f3d7c426c\", \"takingAmount\": \"5.813954\", \"makingAmount\": \"5\", \"status\": \"matched\", \"transactionsHashes\": [\"0x47ebf148a007418b1bbf6e27dae1fdb779c9ad817453618fecdb0c474d71c17c\"], \"success\": true}}\n\n[py_clob_client_v2] request error status=400 url=https://clob.polymarket.com/auth/api-key body={\"error\":\"Could not create api key\"}\n\n",
  "opened": {
    "opened_at": "2026-09-16T14:15:37.548642Z",
    "market_slug": "btc-updown-5m-1789568100",
    "market_end_iso": "2026-09-16T14:20:00Z",
    "side": "UP",
    "token_id": "88218926063584186028013279862110508828622753978220928178292093585656850866279",
    "entry_price": 0.87,
    "shares": 5.813954,
    "cost_usdc": 5.0,
    "open_order_id": "0x3aac0abff830d092202e67286a38de3123c45ca71417ac74d69e195f3d7c426c",
    "open_tx": "0x47ebf148a007418b1bbf6e27dae1fdb779c9ad817453618fecdb0c474d71c17c"
  },
  "stop_loss_price": 0.08699999999999998,
  "last_side_price": 0.505,
  "last_check_at": "2026-09-16T14:19:36.562794Z",
  "close_debug": [
    {
      "ts": "2026-09-16T14:19:46.207710Z",
      "attempt": 1,
      "order_type": "FAK",
      "status": "matched",
      "close_skipped": ""
    }
  ],
  "close_raw": "{\"mode\": \"close\", \"execute\": true, \"market_slug\": \"btc-updown-5m-1789568100\", \"token_id\": \"88218926063584186028013279862110508828622753978220928178292093585656850866279\", \"requested_shares\": 5.813954, \"close_order_type\": \"FAK\", \"close_limit_price\": null, \"available_shares\": 5.813954, \"sell_shares\": 5.8139, \"order_post_result\": {\"errorMsg\": \"\", \"orderID\": \"0xafc984fcd461b4f9053c5d2ded65376ecb4885f2938a6657d061ed0eaee8eb75\", \"takingAmount\": \"5.7519\", \"makingAmount\": \"5.81\", \"status\": \"matched\", \"transactionsHashes\": [\"0x9e35cc4d5ea8db0c9cf80d4fc9171f092985708c8258660a7b709e76f971f53f\"], \"success\": true}, \"close_skipped\": \"\"}\n\n[py_clob_client_v2] request error status=400 url=https://clob.polymarket.com/auth/api-key body={\"error\":\"Could not create api key\"}\n\n",
  "closed": {
    "close_reason": "time_exit_20s_before_end",
    "closed_at": "2026-09-16T14:19:46.207791Z",
    "close_success": true,
    "close_status": "matched",
    "close_order_id": "0xafc984fcd461b4f9053c5d2ded65376ecb4885f2938a6657d061ed0eaee8eb75",
    "close_tx": "0x9e35cc4d5ea8db0c9cf80d4fc9171f092985708c8258660a7b709e76f971f53f",
    "close_shares": 5.81,
    "close_usdc": 5.7519,
    "close_skipped": ""
  },
  "realized_cashflow_pnl_usdc": 0.7519,
  "finished_at": "2026-09-16T14:19:46.207856Z",
  "result": "done"
}
[2026-09-16T14:19:46Z] session_end rc=0 trades=3 stake_usd=5.0
journal_ok trades=48 md=/home/yukeen/polymarketbot/5min-btc-polymarket/data/live_trades.md json=/home/yukeen/polymarketbot/5min-btc-polymarket/data/live_trades.json
[py_clob_client_v2] request error status=400 url=https://clob.polymarket.com/auth/api-key body={"error":"Could not create api key"}

[2026-09-16T14:20:23Z] cash=47.327883
{"martingale": true, "next_stake": 5.0, "loss_streak": 0, "last_outcome": "win", "last_opened_at": "2026-09-16T14:15:37.548642Z", "applied": 1}
[2026-09-16T14:20:31Z] session_begin trades=3 stake_usd=5.0
[py_clob_client_v2] request error status=400 url=https://clob.polymarket.com/auth/api-key body={"error":"Could not create api key"}

{
  "started_at": "2026-09-16T14:20:32.449068Z",
  "params": {
    "profile": "conservative",
    "threshold": 0.7,
    "stake_usd": 5.0,
    "stop_loss_pct": 0.9,
    "exit_before_sec": 20,
    "min_entry_seconds_left": 60,
    "entry_timeout_min": 12,
    "poll_sec": 5.0,
    "close_retry_max": 30,
    "close_retry_delay_sec": 2.0,
    "execute": true
  },
  "attempts": [
    {
      "ts": "2026-09-16T14:20:33.523221Z",
      "slug": "btc-updown-5m-1789568400",
      "status": "heartbeat",
      "gamma_up": 0.405,
      "gamma_down": 0.595,
      "clob_up_ask": 0.53,
      "clob_down_ask": 0.48,
      "seconds_left": 267.2453644275665,
      "min_spread": 0.010000000000000009
    },
    {
      "ts": "2026-09-16T14:20:33.523253Z",
      "slug": "btc-updown-5m-1789568400",
      "status": "skip_price_below_threshold",
      "threshold": 0.7,
      "clob_up_ask": 0.53,
      "clob_down_ask": 0.48,
      "seconds_left": 267.2453644275665
    },
    {
      "ts": "2026-09-16T14:20:39.765939Z",
      "slug": "btc-updown-5m-1789568400",
      "status": "heartbeat",
      "gamma_up": 0.405,
      "gamma_down": 0.595,
      "clob_up_ask": 0.54,
      "clob_down_ask": 0.46,
      "seconds_left": 261.03078389167786,
      "min_spread": 0.010000000000000009
    },
    {
      "ts": "2026-09-16T14:20:39.765965Z",
      "slug": "btc-updown-5m-1789568400",
      "status": "skip_price_below_threshold",
      "threshold": 0.7,
      "clob_up_ask": 0.54,
      "clob_down_ask": 0.46,
      "seconds_left": 261.03078389167786
    },
    {
      "ts": "2026-09-16T14:20:45.934975Z",
      "slug": "btc-updown-5m-1789568400",
      "status": "heartbeat",
      "gamma_up": 0.405,
      "gamma_down": 0.595,
      "clob_up_ask": 0.57,
      "clob_down_ask": 0.44,
      "seconds_left": 254.91719388961792,
      "min_spread": 0.009999999999999898
    },
    {
      "ts": "2026-09-16T14:20:45.935005Z",
      "slug": "btc-updown-5m-1789568400",
      "status": "skip_price_below_threshold",
      "threshold": 0.7,
      "clob_up_ask": 0.57,
      "clob_down_ask": 0.44,
      "seconds_left": 254.91719388961792
    },
    {
      "ts": "2026-09-16T14:20:55.005544Z",
      "slug": "btc-updown-5m-1789568400",
      "status": "heartbeat",
      "gamma_up": 0.405,
      "gamma_down": 0.595,
      "clob_up_ask": 0.63,
      "clob_down_ask": 0.37,
      "seconds_left": 245.79718947410583,
      "min_spread": 0.010000000000000009
    },
    {
      "ts": "2026-09-16T14:20:55.005574Z",
      "slug": "btc-updown-5m-1789568400",
      "status": "skip_price_below_threshold",
      "threshold": 0.7,
      "clob_up_ask": 0.63,
      "clob_down_ask": 0.37,
      "seconds_left": 245.79718947410583
    },
    {
      "ts": "2026-09-16T14:21:01.112465Z",
      "slug": "btc-updown-5m-1789568400",
      "status": "heartbeat",
      "gamma_up": 0.405,
      "gamma_down": 0.595,
      "clob_up_ask": 0.7,
      "clob_down_ask": 0.32,
      "seconds_left": 239.66660332679749,
      "min_spread": 0.010000000000000009
    }
  ],
  "open_raw": "{\"mode\": \"open\", \"execute\": true, \"market_slug\": \"btc-updown-5m-1789568400\", \"force_side\": \"UP\", \"token_id\": \"93226700150429156545139588317655682332199237937860398758541690301898856117571\", \"entry_price\": 0.7, \"notional_usd\": 5.0, \"top_ask_notional_usd\": 56.077, \"collateral_pusd\": 47.327883, \"order_post_result\": {\"errorMsg\": \"\", \"orderID\": \"0xa918b0d4f63b995f6d919f981fe0a8ecddb196b7fa7205b0064fcbe2324ea309\", \"takingAmount\": \"6.756757\", \"makingAmount\": \"5\", \"status\": \"matched\", \"transactionsHashes\": [\"0x03bede72377f1abb49ca14c191f1b28658d0c13e44b38198852ddd11a6bb93e4\"], \"success\": true}}\n\n[py_clob_client_v2] request error status=400 url=https://clob.polymarket.com/auth/api-key body={\"error\":\"Could not create api key\"}\n\n",
  "opened": {
    "opened_at": "2026-09-16T14:21:06.295230Z",
    "market_slug": "btc-updown-5m-1789568400",
    "market_end_iso": "2026-09-16T14:25:00Z",
    "side": "UP",
    "token_id": "93226700150429156545139588317655682332199237937860398758541690301898856117571",
    "entry_price": 0.7,
    "shares": 6.756757,
    "cost_usdc": 5.0,
    "open_order_id": "0xa918b0d4f63b995f6d919f981fe0a8ecddb196b7fa7205b0064fcbe2324ea309",
    "open_tx": "0x03bede72377f1abb49ca14c191f1b28658d0c13e44b38198852ddd11a6bb93e4"
  },
  "stop_loss_price": 0.06999999999999998,
  "last_side_price": 0.405,
  "last_check_at": "2026-09-16T14:24:35.754314Z",
  "close_debug": [
    {
      "ts": "2026-09-16T14:24:45.242970Z",
      "attempt": 1,
      "order_type": "FAK",
      "status": "matched",
      "close_skipped": ""
    }
  ],
  "close_raw": "{\"mode\": \"close\", \"execute\": true, \"market_slug\": \"btc-updown-5m-1789568400\", \"token_id\": \"93226700150429156545139588317655682332199237937860398758541690301898856117571\", \"requested_shares\": 6.756757, \"close_order_type\": \"FAK\", \"close_limit_price\": null, \"available_shares\": 6.756757, \"sell_shares\": 6.7567, \"order_post_result\": {\"errorMsg\": \"\", \"orderID\": \"0x4475c0348f5f7d962d5c896560a1d4e1df3443d07e0fc6d57a29f33337fae7bd\", \"takingAmount\": \"6.6825\", \"makingAmount\": \"6.75\", \"status\": \"matched\", \"transactionsHashes\": [\"0xd04e3b5cc36e1800ade81cbaf1c70af3154130335e560c26019726b5054b3634\"], \"success\": true}, \"close_skipped\": \"\"}\n\n[py_clob_client_v2] request error status=400 url=https://clob.polymarket.com/auth/api-key body={\"error\":\"Could not create api key\"}\n\n",
  "closed": {
    "close_reason": "time_exit_20s_before_end",
    "closed_at": "2026-09-16T14:24:45.243105Z",
    "close_success": true,
    "close_status": "matched",
    "close_order_id": "0x4475c0348f5f7d962d5c896560a1d4e1df3443d07e0fc6d57a29f33337fae7bd",
    "close_tx": "0xd04e3b5cc36e1800ade81cbaf1c70af3154130335e560c26019726b5054b3634",
    "close_shares": 6.75,
    "close_usdc": 6.6825,
    "close_skipped": ""
  },
  "realized_cashflow_pnl_usdc": 1.6825,
  "finished_at": "2026-09-16T14:24:45.243140Z",
  "result": "done"
}
[2026-09-16T14:24:45Z] session_end rc=0 trades=4 stake_usd=5.0
journal_ok trades=49 md=/home/yukeen/polymarketbot/5min-btc-polymarket/data/live_trades.md json=/home/yukeen/polymarketbot/5min-btc-polymarket/data/live_trades.json
[py_clob_client_v2] request error status=400 url=https://clob.polymarket.com/auth/api-key body={"error":"Could not create api key"}

[2026-09-16T14:25:22Z] cash=48.914713
{"martingale": true, "next_stake": 5.0, "loss_streak": 0, "last_outcome": "win", "last_opened_at": "2026-09-16T14:21:06.295230Z", "applied": 1}
[2026-09-16T14:25:33Z] session_begin trades=4 stake_usd=5.0
[py_clob_client_v2] request error status=400 url=https://clob.polymarket.com/auth/api-key body={"error":"Could not create api key"}

{
  "started_at": "2026-09-16T14:25:33.689792Z",
  "params": {
    "profile": "conservative",
    "threshold": 0.7,
    "stake_usd": 5.0,
    "stop_loss_pct": 0.9,
    "exit_before_sec": 20,
    "min_entry_seconds_left": 60,
    "entry_timeout_min": 12,
    "poll_sec": 5.0,
    "close_retry_max": 30,
    "close_retry_delay_sec": 2.0,
    "execute": true
  },
  "attempts": [
    {
      "ts": "2026-09-16T14:25:34.792020Z",
      "slug": "btc-updown-5m-1789568700",
      "status": "heartbeat",
      "gamma_up": 0.485,
      "gamma_down": 0.515,
      "clob_up_ask": 0.74,
      "clob_down_ask": 0.28,
      "seconds_left": 265.9946093559265,
      "min_spread": 0.010000000000000009
    }
  ],
  "open_raw": "{\"mode\": \"open\", \"execute\": true, \"market_slug\": \"btc-updown-5m-1789568700\", \"force_side\": \"UP\", \"token_id\": \"19100444028243356214775104565843510061288575984469182502110118483315344116321\", \"entry_price\": 0.73, \"notional_usd\": 5.0, \"top_ask_notional_usd\": 39.42, \"collateral_pusd\": 48.914713, \"order_post_result\": {\"errorMsg\": \"\", \"orderID\": \"0x58daad42b33fac65bbad81bbfa47f8a05f5c01d75c2a3d7b380a392eee28c6f3\", \"takingAmount\": \"6.756757\", \"makingAmount\": \"5\", \"status\": \"matched\", \"transactionsHashes\": [\"0xa2e312979d36d6641b2f3b29112db7aa93ce7beb8c62ded21b82373337521ff1\"], \"success\": true}}\n\n[py_clob_client_v2] request error status=400 url=https://clob.polymarket.com/auth/api-key body={\"error\":\"Could not create api key\"}\n\n",
  "opened": {
    "opened_at": "2026-09-16T14:25:39.506109Z",
    "market_slug": "btc-updown-5m-1789568700",
    "market_end_iso": "2026-09-16T14:30:00Z",
    "side": "UP",
    "token_id": "19100444028243356214775104565843510061288575984469182502110118483315344116321",
    "entry_price": 0.73,
    "shares": 6.756757,
    "cost_usdc": 5.0,
    "open_order_id": "0x58daad42b33fac65bbad81bbfa47f8a05f5c01d75c2a3d7b380a392eee28c6f3",
    "open_tx": "0xa2e312979d36d6641b2f3b29112db7aa93ce7beb8c62ded21b82373337521ff1"
  },
  "stop_loss_price": 0.07299999999999998,
  "last_side_price": 0.485,
  "last_check_at": "2026-09-16T14:29:35.975068Z",
  "close_debug": [
    {
      "ts": "2026-09-16T14:29:48.387140Z",
      "attempt": 1,
      "order_type": "FAK",
      "status": "matched",
      "close_skipped": ""
    }
  ],
  "close_raw": "{\"mode\": \"close\", \"execute\": true, \"market_slug\": \"btc-updown-5m-1789568700\", \"token_id\": \"19100444028243356214775104565843510061288575984469182502110118483315344116321\", \"requested_shares\": 6.756757, \"close_order_type\": \"FAK\", \"close_limit_price\": null, \"available_shares\": 6.756757, \"sell_shares\": 6.7567, \"order_post_result\": {\"errorMsg\": \"\", \"orderID\": \"0x52de3a8b0300890139b8fcfb470e2e68d7239c0982685fdab924c3ace93157d7\", \"takingAmount\": \"6.6825\", \"makingAmount\": \"6.75\", \"status\": \"matched\", \"transactionsHashes\": [\"0x33ccedfced86df1da4fc25050fa08cc50315476f4fe4421d8c26c4cb33ddae02\"], \"success\": true}, \"close_skipped\": \"\"}\n\n[py_clob_client_v2] request error status=400 url=https://clob.polymarket.com/auth/api-key body={\"error\":\"Could not create api key\"}\n\n",
  "closed": {
    "close_reason": "time_exit_20s_before_end",
    "closed_at": "2026-09-16T14:29:48.387170Z",
    "close_success": true,
    "close_status": "matched",
    "close_order_id": "0x52de3a8b0300890139b8fcfb470e2e68d7239c0982685fdab924c3ace93157d7",
    "close_tx": "0x33ccedfced86df1da4fc25050fa08cc50315476f4fe4421d8c26c4cb33ddae02",
    "close_shares": 6.75,
    "close_usdc": 6.6825,
    "close_skipped": ""
  },
  "realized_cashflow_pnl_usdc": 1.6825,
  "finished_at": "2026-09-16T14:29:48.387192Z",
  "result": "done"
}
[2026-09-16T14:29:48Z] session_end rc=0 trades=5 stake_usd=5.0
journal_ok trades=50 md=/home/yukeen/polymarketbot/5min-btc-polymarket/data/live_trades.md json=/home/yukeen/polymarketbot/5min-btc-polymarket/data/live_trades.json
[py_clob_client_v2] request error status=400 url=https://clob.polymarket.com/auth/api-key body={"error":"Could not create api key"}

[2026-09-16T14:30:39Z] cash=50.501543
{"martingale": true, "next_stake": 5.0, "loss_streak": 0, "last_outcome": "win", "last_opened_at": "2026-09-16T14:25:39.506109Z", "applied": 1}
[2026-09-16T14:30:47Z] session_begin trades=5 stake_usd=5.0
[py_clob_client_v2] request error status=400 url=https://clob.polymarket.com/auth/api-key body={"error":"Could not create api key"}

{
  "started_at": "2026-09-16T14:30:48.082638Z",
  "params": {
    "profile": "conservative",
    "threshold": 0.7,
    "stake_usd": 5.0,
    "stop_loss_pct": 0.9,
    "exit_before_sec": 20,
    "min_entry_seconds_left": 60,
    "entry_timeout_min": 12,
    "poll_sec": 5.0,
    "close_retry_max": 30,
    "close_retry_delay_sec": 2.0,
    "execute": true
  },
  "attempts": [
    {
      "ts": "2026-09-16T14:30:52.215609Z",
      "slug": "btc-updown-5m-1789569000",
      "status": "heartbeat",
      "gamma_up": 0.505,
      "gamma_down": 0.495,
      "clob_up_ask": 0.48,
      "clob_down_ask": 0.55,
      "seconds_left": 251.58665800094604,
      "min_spread": 0.010000000000000009
    },
    {
      "ts": "2026-09-16T14:30:52.215625Z",
      "slug": "btc-updown-5m-1789569000",
      "status": "skip_price_below_threshold",
      "threshold": 0.7,
      "clob_up_ask": 0.48,
      "clob_down_ask": 0.55,
      "seconds_left": 251.58665800094604
    },
    {
      "ts": "2026-09-16T14:30:58.341048Z",
      "slug": "btc-updown-5m-1789569000",
      "status": "heartbeat",
      "gamma_up": 0.505,
      "gamma_down": 0.495,
      "clob_up_ask": 0.39,
      "clob_down_ask": 0.61,
      "seconds_left": 242.4468355178833,
      "min_spread": 0.010000000000000009
    },
    {
      "ts": "2026-09-16T14:30:58.341075Z",
      "slug": "btc-updown-5m-1789569000",
      "status": "skip_price_below_threshold",
      "threshold": 0.7,
      "clob_up_ask": 0.39,
      "clob_down_ask": 0.61,
      "seconds_left": 242.4468355178833
    },
    {
      "ts": "2026-09-16T14:31:04.444591Z",
      "slug": "btc-updown-5m-1789569000",
      "status": "heartbeat",
      "gamma_up": 0.505,
      "gamma_down": 0.495,
      "clob_up_ask": 0.32,
      "clob_down_ask": 0.69,
      "seconds_left": 236.34977531433105,
      "min_spread": 0.009999999999999898
    },
    {
      "ts": "2026-09-16T14:31:04.444614Z",
      "slug": "btc-updown-5m-1789569000",
      "status": "skip_price_below_threshold",
      "threshold": 0.7,
      "clob_up_ask": 0.32,
      "clob_down_ask": 0.69,
      "seconds_left": 236.34977531433105
    },
    {
      "ts": "2026-09-16T14:31:10.550377Z",
      "slug": "btc-updown-5m-1789569000",
      "status": "heartbeat",
      "gamma_up": 0.505,
      "gamma_down": 0.495,
      "clob_up_ask": 0.29,
      "clob_down_ask": 0.72,
      "seconds_left": 230.23517227172852,
      "min_spread": 0.009999999999999953
    },
    {
      "ts": "2026-09-16T14:31:18.107241Z",
      "slug": "btc-updown-5m-1789569000",
      "status": "heartbeat",
      "gamma_up": 0.505,
      "gamma_down": 0.495,
      "clob_up_ask": 0.21,
      "clob_down_ask": 0.81,
      "seconds_left": 222.79028701782227,
      "min_spread": 0.009999999999999981
    }
  ],
  "last_open_try": "{\"mode\": \"open\", \"execute\": true, \"market_slug\": \"btc-updown-5m-1789569000\", \"force_side\": \"DOWN\", \"token_id\": \"70445329661075041181956203870652608375940347353453036620086339380994685836022\", \"entry_price\": 0.72, \"notional_usd\": 5.0, \"top_ask_notional_usd\": 17.28, \"skipped\": \"thin_top_ask\", \"order_post_result\": {\"success\": false, \"status\": \"skipped\", \"errorMsg\": \"thin_top_ask\"}}\n\n",
  "open_raw": "{\"mode\": \"open\", \"execute\": true, \"market_slug\": \"btc-updown-5m-1789569000\", \"force_side\": \"DOWN\", \"token_id\": \"70445329661075041181956203870652608375940347353453036620086339380994685836022\", \"entry_price\": 0.81, \"notional_usd\": 5.0, \"top_ask_notional_usd\": 128.0772, \"collateral_pusd\": 50.501543, \"order_post_result\": {\"errorMsg\": \"\", \"orderID\": \"0x640e41dd09e0bedd737ddbdd76ce72490a97659c1614dada219755f882df3065\", \"takingAmount\": \"6.172836\", \"makingAmount\": \"4.999997\", \"status\": \"matched\", \"transactionsHashes\": [\"0x1b10c2907ba70a7570b6d5ab10cbdcf2b1cbc0425f085cd5feb7df9b118e5fc9\"], \"success\": true}}\n\n[py_clob_client_v2] request error status=400 url=https://clob.polymarket.com/auth/api-key body={\"error\":\"Could not create api key\"}\n\n",
  "opened": {
    "opened_at": "2026-09-16T14:31:22.703278Z",
    "market_slug": "btc-updown-5m-1789569000",
    "market_end_iso": "2026-09-16T14:35:00Z",
    "side": "DOWN",
    "token_id": "70445329661075041181956203870652608375940347353453036620086339380994685836022",
    "entry_price": 0.81,
    "shares": 6.172836,
    "cost_usdc": 4.999997,
    "open_order_id": "0x640e41dd09e0bedd737ddbdd76ce72490a97659c1614dada219755f882df3065",
    "open_tx": "0x1b10c2907ba70a7570b6d5ab10cbdcf2b1cbc0425f085cd5feb7df9b118e5fc9"
  },
  "stop_loss_price": 0.08099999999999999,
  "last_side_price": 0.685,
  "last_check_at": "2026-09-16T14:34:36.481995Z",
  "close_debug": [
    {
      "ts": "2026-09-16T14:34:46.344543Z",
      "attempt": 1,
      "order_type": "FAK",
      "status": "matched",
      "close_skipped": ""
    }
  ],
  "close_raw": "{\"mode\": \"close\", \"execute\": true, \"market_slug\": \"btc-updown-5m-1789569000\", \"token_id\": \"70445329661075041181956203870652608375940347353453036620086339380994685836022\", \"requested_shares\": 6.172836, \"close_order_type\": \"FAK\", \"close_limit_price\": null, \"available_shares\": 6.172836, \"sell_shares\": 6.1728, \"order_post_result\": {\"errorMsg\": \"\", \"orderID\": \"0x45cbd915e9fa799410c40c657fa9e299019236a954184835c74a9e4ef0abab87\", \"takingAmount\": \"6.16383\", \"makingAmount\": \"6.17\", \"status\": \"matched\", \"transactionsHashes\": [\"0xb513a6f9734d6f2350cf261afce6701e504761647a783f7a4017c2707ca5e016\"], \"success\": true}, \"close_skipped\": \"\"}\n\n[py_clob_client_v2] request error status=400 url=https://clob.polymarket.com/auth/api-key body={\"error\":\"Could not create api key\"}\n\n",
  "closed": {
    "close_reason": "time_exit_20s_before_end",
    "closed_at": "2026-09-16T14:34:46.344574Z",
    "close_success": true,
    "close_status": "matched",
    "close_order_id": "0x45cbd915e9fa799410c40c657fa9e299019236a954184835c74a9e4ef0abab87",
    "close_tx": "0xb513a6f9734d6f2350cf261afce6701e504761647a783f7a4017c2707ca5e016",
    "close_shares": 6.17,
    "close_usdc": 6.16383,
    "close_skipped": ""
  },
  "realized_cashflow_pnl_usdc": 1.163833,
  "finished_at": "2026-09-16T14:34:46.344596Z",
  "result": "done"
}
[2026-09-16T14:34:46Z] session_end rc=0 trades=6 stake_usd=5.0
journal_ok trades=51 md=/home/yukeen/polymarketbot/5min-btc-polymarket/data/live_trades.md json=/home/yukeen/polymarketbot/5min-btc-polymarket/data/live_trades.json
[py_clob_client_v2] request error status=400 url=https://clob.polymarket.com/auth/api-key body={"error":"Could not create api key"}

[2026-09-16T14:35:21Z] cash=51.598456
{"martingale": true, "next_stake": 5.0, "loss_streak": 0, "last_outcome": "win", "last_opened_at": "2026-09-16T14:31:22.703278Z", "applied": 1}
[2026-09-16T14:35:30Z] session_begin trades=6 stake_usd=5.0
[py_clob_client_v2] request error status=400 url=https://clob.polymarket.com/auth/api-key body={"error":"Could not create api key"}

{
  "started_at": "2026-09-16T14:35:30.512801Z",
  "params": {
    "profile": "conservative",
    "threshold": 0.7,
    "stake_usd": 5.0,
    "stop_loss_pct": 0.9,
    "exit_before_sec": 20,
    "min_entry_seconds_left": 60,
    "entry_timeout_min": 12,
    "poll_sec": 5.0,
    "close_retry_max": 30,
    "close_retry_delay_sec": 2.0,
    "execute": true
  },
  "attempts": [
    {
      "ts": "2026-09-16T14:35:31.590944Z",
      "slug": "btc-updown-5m-1789569300",
      "status": "heartbeat",
      "gamma_up": 0.505,
      "gamma_down": 0.495,
      "clob_up_ask": 0.6,
      "clob_down_ask": 0.41,
      "seconds_left": 269.1765477657318,
      "min_spread": 0.009999999999999953
    },
    {
      "ts": "2026-09-16T14:35:31.590961Z",
      "slug": "btc-updown-5m-1789569300",
      "status": "skip_price_below_threshold",
      "threshold": 0.7,
      "clob_up_ask": 0.6,
      "clob_down_ask": 0.41,
      "seconds_left": 269.1765477657318
    },
    {
      "ts": "2026-09-16T14:35:40.628013Z",
      "slug": "btc-updown-5m-1789569300",
      "status": "heartbeat",
      "gamma_up": 0.505,
      "gamma_down": 0.495,
      "clob_up_ask": 0.51,
      "clob_down_ask": 0.54,
      "seconds_left": 260.1651220321655,
      "min_spread": 0.010000000000000009
    },
    {
      "ts": "2026-09-16T14:35:40.628039Z",
      "slug": "btc-updown-5m-1789569300",
      "status": "skip_price_below_threshold",
      "threshold": 0.7,
      "clob_up_ask": 0.51,
      "clob_down_ask": 0.54,
      "seconds_left": 260.1651220321655
    },
    {
      "ts": "2026-09-16T14:35:46.705513Z",
      "slug": "btc-updown-5m-1789569300",
      "status": "heartbeat",
      "gamma_up": 0.505,
      "gamma_down": 0.495,
      "clob_up_ask": 0.39,
      "clob_down_ask": 0.62,
      "seconds_left": 254.0777144432068,
      "min_spread": 0.010000000000000009
    },
    {
      "ts": "2026-09-16T14:35:46.705571Z",
      "slug": "btc-updown-5m-1789569300",
      "status": "skip_price_below_threshold",
      "threshold": 0.7,
      "clob_up_ask": 0.39,
      "clob_down_ask": 0.62,
      "seconds_left": 254.0777144432068
    },
    {
      "ts": "2026-09-16T14:35:52.764658Z",
      "slug": "btc-updown-5m-1789569300",
      "status": "heartbeat",
      "gamma_up": 0.565,
      "gamma_down": 0.435,
      "clob_up_ask": 0.39,
      "clob_down_ask": 0.62,
      "seconds_left": 247.988853931427,
      "min_spread": 0.010000000000000009
    },
    {
      "ts": "2026-09-16T14:35:52.764678Z",
      "slug": "btc-updown-5m-1789569300",
      "status": "skip_price_below_threshold",
      "threshold": 0.7,
      "clob_up_ask": 0.39,
      "clob_down_ask": 0.62,
      "seconds_left": 247.988853931427
    },
    {
      "ts": "2026-09-16T14:35:58.900275Z",
      "slug": "btc-updown-5m-1789569300",
      "status": "heartbeat",
      "gamma_up": 0.565,
      "gamma_down": 0.435,
      "clob_up_ask": 0.34,
      "clob_down_ask": 0.67,
      "seconds_left": 241.91978859901428,
      "min_spread": 0.010000000000000009
    },
    {
      "ts": "2026-09-16T14:35:58.900299Z",
      "slug": "btc-updown-5m-1789569300",
      "status": "skip_price_below_threshold",
      "threshold": 0.7,
      "clob_up_ask": 0.34,
      "clob_down_ask": 0.67,
      "seconds_left": 241.91978859901428
    },
    {
      "ts": "2026-09-16T14:36:04.974871Z",
      "slug": "btc-updown-5m-1789569300",
      "status": "heartbeat",
      "gamma_up": 0.565,
      "gamma_down": 0.435,
      "clob_up_ask": 0.52,
      "clob_down_ask": 0.49,
      "seconds_left": 235.77252888679504,
      "min_spread": 0.010000000000000009
    },
    {
      "ts": "2026-09-16T14:36:04.974890Z",
      "slug": "btc-updown-5m-1789569300",
      "status": "skip_price_below_threshold",
      "threshold": 0.7,
      "clob_up_ask": 0.52,
      "clob_down_ask": 0.49,
      "seconds_left": 235.77252888679504
    },
    {
      "ts": "2026-09-16T14:36:14.027756Z",
      "slug": "btc-updown-5m-1789569300",
      "status": "heartbeat",
      "gamma_up": 0.565,
      "gamma_down": 0.435,
      "clob_up_ask": 0.4,
      "clob_down_ask": 0.6,
      "seconds_left": 226.76292395591736,
      "min_spread": 0.010000000000000009
    },
    {
      "ts": "2026-09-16T14:36:14.027780Z",
      "slug": "btc-updown-5m-1789569300",
      "status": "skip_price_below_threshold",
      "threshold": 0.7,
      "clob_up_ask": 0.4,
      "clob_down_ask": 0.6,
      "seconds_left": 226.76292395591736
    },
    {
      "ts": "2026-09-16T14:36:20.112205Z",
      "slug": "btc-updown-5m-1789569300",
      "status": "heartbeat",
      "gamma_up": 0.565,
      "gamma_down": 0.435,
      "clob_up_ask": 0.36,
      "clob_down_ask": 0.65,
      "seconds_left": 220.6533727645874,
      "min_spread": 0.010000000000000009
    },
    {
      "ts": "2026-09-16T14:36:20.112233Z",
      "slug": "btc-updown-5m-1789569300",
      "status": "skip_price_below_threshold",
      "threshold": 0.7,
      "clob_up_ask": 0.36,
      "clob_down_ask": 0.65,
      "seconds_left": 220.6533727645874
    },
    {
      "ts": "2026-09-16T14:36:26.199297Z",
      "slug": "btc-updown-5m-1789569300",
      "status": "heartbeat",
      "gamma_up": 0.565,
      "gamma_down": 0.435,
      "clob_up_ask": 0.38,
      "clob_down_ask": 0.63,
      "seconds_left": 214.570081949234,
      "min_spread": 0.010000000000000009
    },
    {
      "ts": "2026-09-16T14:36:26.199315Z",
      "slug": "btc-updown-5m-1789569300",
      "status": "skip_price_below_threshold",
      "threshold": 0.7,
      "clob_up_ask": 0.38,
      "clob_down_ask": 0.63,
      "seconds_left": 214.570081949234
    },
    {
      "ts": "2026-09-16T14:36:32.267667Z",
      "slug": "btc-updown-5m-1789569300",
      "status": "heartbeat",
      "gamma_up": 0.565,
      "gamma_down": 0.435,
      "clob_up_ask": 0.31,
      "clob_down_ask": 0.7,
      "seconds_left": 208.49312615394592,
      "min_spread": 0.010000000000000009
    }
  ],
  "open_raw": "{\"mode\": \"open\", \"execute\": true, \"market_slug\": \"btc-updown-5m-1789569300\", \"force_side\": \"DOWN\", \"token_id\": \"65058849834871440322753280707915155342049896892175861387544509202993342838206\", \"entry_price\": 0.72, \"notional_usd\": 5.0, \"top_ask_notional_usd\": 66.96, \"collateral_pusd\": 51.598456, \"order_post_result\": {\"errorMsg\": \"\", \"orderID\": \"0x59a3385ff31608ccb79032c4aeaa6ac7fe4b5334fb9b977165bb0d77ad26d540\", \"takingAmount\": \"6.756757\", \"makingAmount\": \"5\", \"status\": \"matched\", \"transactionsHashes\": [\"0x9723cf04625b00b4ba4440f698c31a2acd0a621c5f9d5a19f9319b8e89eba0ff\"], \"success\": true}}\n\n[py_clob_client_v2] request error status=400 url=https://clob.polymarket.com/auth/api-key body={\"error\":\"Could not create api key\"}\n\n",
  "opened": {
    "opened_at": "2026-09-16T14:36:37.004017Z",
    "market_slug": "btc-updown-5m-1789569300",
    "market_end_iso": "2026-09-16T14:40:00Z",
    "side": "DOWN",
    "token_id": "65058849834871440322753280707915155342049896892175861387544509202993342838206",
    "entry_price": 0.72,
    "shares": 6.756757,
    "cost_usdc": 5.0,
    "open_order_id": "0x59a3385ff31608ccb79032c4aeaa6ac7fe4b5334fb9b977165bb0d77ad26d540",
    "open_tx": "0x9723cf04625b00b4ba4440f698c31a2acd0a621c5f9d5a19f9319b8e89eba0ff"
  },
  "stop_loss_price": 0.07199999999999998,
  "last_side_price": 0.435,
  "last_check_at": "2026-09-16T14:39:36.747023Z",
  "close_debug": [
    {
      "ts": "2026-09-16T14:39:49.642465Z",
      "attempt": 1,
      "order_type": "FAK",
      "status": "matched",
      "close_skipped": ""
    }
  ],
  "close_raw": "{\"mode\": \"close\", \"execute\": true, \"market_slug\": \"btc-updown-5m-1789569300\", \"token_id\": \"65058849834871440322753280707915155342049896892175861387544509202993342838206\", \"requested_shares\": 6.756757, \"close_order_type\": \"FAK\", \"close_limit_price\": null, \"available_shares\": 6.756757, \"sell_shares\": 6.7567, \"order_post_result\": {\"errorMsg\": \"\", \"orderID\": \"0x5e3bcb4f5ba8e886c8353c0549b0d41aa1896f478a7be7572080f9d6c041911d\", \"takingAmount\": \"6.6825\", \"makingAmount\": \"6.75\", \"status\": \"matched\", \"transactionsHashes\": [\"0x42fbf49e2b8fcc24a9c8eabbade0ff5db366c2367f44a7c2012a397892cf24ec\"], \"success\": true}, \"close_skipped\": \"\"}\n\n[py_clob_client_v2] request error status=400 url=https://clob.polymarket.com/auth/api-key body={\"error\":\"Could not create api key\"}\n\n",
  "closed": {
    "close_reason": "time_exit_20s_before_end",
    "closed_at": "2026-09-16T14:39:49.642490Z",
    "close_success": true,
    "close_status": "matched",
    "close_order_id": "0x5e3bcb4f5ba8e886c8353c0549b0d41aa1896f478a7be7572080f9d6c041911d",
    "close_tx": "0x42fbf49e2b8fcc24a9c8eabbade0ff5db366c2367f44a7c2012a397892cf24ec",
    "close_shares": 6.75,
    "close_usdc": 6.6825,
    "close_skipped": ""
  },
  "realized_cashflow_pnl_usdc": 1.6825,
  "finished_at": "2026-09-16T14:39:49.642509Z",
  "result": "done"
}
[2026-09-16T14:39:49Z] session_end rc=0 trades=7 stake_usd=5.0
journal_ok trades=52 md=/home/yukeen/polymarketbot/5min-btc-polymarket/data/live_trades.md json=/home/yukeen/polymarketbot/5min-btc-polymarket/data/live_trades.json
[py_clob_client_v2] request error status=400 url=https://clob.polymarket.com/auth/api-key body={"error":"Could not create api key"}

[2026-09-16T14:40:25Z] cash=53.185286
{"martingale": true, "next_stake": 5.0, "loss_streak": 0, "last_outcome": "win", "last_opened_at": "2026-09-16T14:36:37.004017Z", "applied": 1}
[2026-09-16T14:40:33Z] session_begin trades=7 stake_usd=5.0
[py_clob_client_v2] request error status=400 url=https://clob.polymarket.com/auth/api-key body={"error":"Could not create api key"}

{
  "started_at": "2026-09-16T14:40:34.170104Z",
  "params": {
    "profile": "conservative",
    "threshold": 0.7,
    "stake_usd": 5.0,
    "stop_loss_pct": 0.9,
    "exit_before_sec": 20,
    "min_entry_seconds_left": 60,
    "entry_timeout_min": 12,
    "poll_sec": 5.0,
    "close_retry_max": 30,
    "close_retry_delay_sec": 2.0,
    "execute": true
  },
  "attempts": [
    {
      "ts": "2026-09-16T14:40:35.212309Z",
      "slug": "btc-updown-5m-1789569600",
      "status": "heartbeat",
      "gamma_up": 0.505,
      "gamma_down": 0.495,
      "clob_up_ask": 0.37,
      "clob_down_ask": 0.64,
      "seconds_left": 265.537380695343,
      "min_spread": 0.010000000000000009
    },
    {
      "ts": "2026-09-16T14:40:35.212331Z",
      "slug": "btc-updown-5m-1789569600",
      "status": "skip_price_below_threshold",
      "threshold": 0.7,
      "clob_up_ask": 0.37,
      "clob_down_ask": 0.64,
      "seconds_left": 265.537380695343
    },
    {
      "ts": "2026-09-16T14:40:41.273870Z",
      "slug": "btc-updown-5m-1789569600",
      "status": "heartbeat",
      "gamma_up": 0.505,
      "gamma_down": 0.495,
      "clob_up_ask": 0.4,
      "clob_down_ask": 0.61,
      "seconds_left": 259.4903140068054,
      "min_spread": 0.010000000000000009
    },
    {
      "ts": "2026-09-16T14:40:41.273906Z",
      "slug": "btc-updown-5m-1789569600",
      "status": "skip_price_below_threshold",
      "threshold": 0.7,
      "clob_up_ask": 0.4,
      "clob_down_ask": 0.61,
      "seconds_left": 259.4903140068054
    },
    {
      "ts": "2026-09-16T14:40:47.356691Z",
      "slug": "btc-updown-5m-1789569600",
      "status": "heartbeat",
      "gamma_up": 0.505,
      "gamma_down": 0.495,
      "clob_up_ask": 0.38,
      "clob_down_ask": 0.51,
      "seconds_left": 253.4245970249176,
      "min_spread": 0.010000000000000009
    },
    {
      "ts": "2026-09-16T14:40:47.356719Z",
      "slug": "btc-updown-5m-1789569600",
      "status": "skip_price_below_threshold",
      "threshold": 0.7,
      "clob_up_ask": 0.38,
      "clob_down_ask": 0.51,
      "seconds_left": 253.4245970249176
    },
    {
      "ts": "2026-09-16T14:40:57.036899Z",
      "slug": "btc-updown-5m-1789569600",
      "status": "heartbeat",
      "gamma_up": 0.505,
      "gamma_down": 0.495,
      "clob_up_ask": 0.53,
      "clob_down_ask": 0.46,
      "seconds_left": 247.32787990570068,
      "min_spread": 0.010000000000000009
    },
    {
      "ts": "2026-09-16T14:40:57.036928Z",
      "slug": "btc-updown-5m-1789569600",
      "status": "skip_price_below_threshold",
      "threshold": 0.7,
      "clob_up_ask": 0.53,
      "clob_down_ask": 0.46,
      "seconds_left": 247.32787990570068
    },
    {
      "ts": "2026-09-16T14:41:03.124042Z",
      "slug": "btc-updown-5m-1789569600",
      "status": "heartbeat",
      "gamma_up": 0.505,
      "gamma_down": 0.495,
      "clob_up_ask": 0.53,
      "clob_down_ask": 0.48,
      "seconds_left": 237.676988363266,
      "min_spread": 0.010000000000000009
    },
    {
      "ts": "2026-09-16T14:41:03.124074Z",
      "slug": "btc-updown-5m-1789569600",
      "status": "skip_price_below_threshold",
      "threshold": 0.7,
      "clob_up_ask": 0.53,
      "clob_down_ask": 0.48,
      "seconds_left": 237.676988363266
    },
    {
      "ts": "2026-09-16T14:41:09.337342Z",
      "slug": "btc-updown-5m-1789569600",
      "status": "heartbeat",
      "gamma_up": 0.505,
      "gamma_down": 0.495,
      "clob_up_ask": 0.56,
      "clob_down_ask": 0.45,
      "seconds_left": 231.5362684726715,
      "min_spread": 0.010000000000000009
    },
    {
      "ts": "2026-09-16T14:41:09.337368Z",
      "slug": "btc-updown-5m-1789569600",
      "status": "skip_price_below_threshold",
      "threshold": 0.7,
      "clob_up_ask": 0.56,
      "clob_down_ask": 0.45,
      "seconds_left": 231.5362684726715
    },
    {
      "ts": "2026-09-16T14:41:15.405669Z",
      "slug": "btc-updown-5m-1789569600",
      "status": "heartbeat",
      "gamma_up": 0.505,
      "gamma_down": 0.495,
      "clob_up_ask": 0.55,
      "clob_down_ask": 0.46,
      "seconds_left": 225.34899997711182,
      "min_spread": 0.010000000000000009
    },
    {
      "ts": "2026-09-16T14:41:15.405692Z",
      "slug": "btc-updown-5m-1789569600",
      "status": "skip_price_below_threshold",
      "threshold": 0.7,
      "clob_up_ask": 0.55,
      "clob_down_ask": 0.46,
      "seconds_left": 225.34899997711182
    },
    {
      "ts": "2026-09-16T14:41:21.635952Z",
      "slug": "btc-updown-5m-1789569600",
      "status": "heartbeat",
      "gamma_up": 0.505,
      "gamma_down": 0.495,
      "clob_up_ask": 0.55,
      "clob_down_ask": 0.46,
      "seconds_left": 219.26317262649536,
      "min_spread": 0.010000000000000009
    },
    {
      "ts": "2026-09-16T14:41:21.635974Z",
      "slug": "btc-updown-5m-1789569600",
      "status": "skip_price_below_threshold",
      "threshold": 0.7,
      "clob_up_ask": 0.55,
      "clob_down_ask": 0.46,
      "seconds_left": 219.26317262649536
    },
    {
      "ts": "2026-09-16T14:41:27.696771Z",
      "slug": "btc-updown-5m-1789569600",
      "status": "heartbeat",
      "gamma_up": 0.545,
      "gamma_down": 0.455,
      "clob_up_ask": 0.61,
      "clob_down_ask": 0.42,
      "seconds_left": 213.0549840927124,
      "min_spread": 0.010000000000000009
    },
    {
      "ts": "2026-09-16T14:41:27.696795Z",
      "slug": "btc-updown-5m-1789569600",
      "status": "skip_price_below_threshold",
      "threshold": 0.7,
      "clob_up_ask": 0.61,
      "clob_down_ask": 0.42,
      "seconds_left": 213.0549840927124
    },
    {
      "ts": "2026-09-16T14:41:37.399025Z",
      "slug": "btc-updown-5m-1789569600",
      "status": "heartbeat",
      "gamma_up": 0.545,
      "gamma_down": 0.455,
      "clob_up_ask": 0.57,
      "clob_down_ask": 0.44,
      "seconds_left": 203.3989770412445,
      "min_spread": 0.009999999999999898
    },
    {
      "ts": "2026-09-16T14:41:37.399052Z",
      "slug": "btc-updown-5m-1789569600",
      "status": "skip_price_below_threshold",
      "threshold": 0.7,
      "clob_up_ask": 0.57,
      "clob_down_ask": 0.44,
      "seconds_left": 203.3989770412445
    },
    {
      "ts": "2026-09-16T14:41:43.627555Z",
      "slug": "btc-updown-5m-1789569600",
      "status": "heartbeat",
      "gamma_up": 0.545,
      "gamma_down": 0.455,
      "clob_up_ask": 0.57,
      "clob_down_ask": 0.44,
      "seconds_left": 197.15770363807678,
      "min_spread": 0.009999999999999898
    },
    {
      "ts": "2026-09-16T14:41:43.627576Z",
      "slug": "btc-updown-5m-1789569600",
      "status": "skip_price_below_threshold",
      "threshold": 0.7,
      "clob_up_ask": 0.57,
      "clob_down_ask": 0.44,
      "seconds_left": 197.15770363807678
    },
    {
      "ts": "2026-09-16T14:41:49.693703Z",
      "slug": "btc-updown-5m-1789569600",
      "status": "heartbeat",
      "gamma_up": 0.545,
      "gamma_down": 0.455,
      "clob_up_ask": 0.62,
      "clob_down_ask": 0.39,
      "seconds_left": 191.07589197158813,
      "min_spread": 0.010000000000000009
    },
    {
      "ts": "2026-09-16T14:41:49.693716Z",
      "slug": "btc-updown-5m-1789569600",
      "status": "skip_price_below_threshold",
      "threshold": 0.7,
      "clob_up_ask": 0.62,
      "clob_down_ask": 0.39,
      "seconds_left": 191.07589197158813
    },
    {
      "ts": "2026-09-16T14:41:55.802690Z",
      "slug": "btc-updown-5m-1789569600",
      "status": "heartbeat",
      "gamma_up": 0.545,
      "gamma_down": 0.455,
      "clob_up_ask": 0.62,
      "clob_down_ask": 0.39,
      "seconds_left": 184.9943072795868,
      "min_spread": 0.010000000000000009
    },
    {
      "ts": "2026-09-16T14:41:55.802715Z",
      "slug": "btc-updown-5m-1789569600",
      "status": "skip_price_below_threshold",
      "threshold": 0.7,
      "clob_up_ask": 0.62,
      "clob_down_ask": 0.39,
      "seconds_left": 184.9943072795868
    },
    {
      "ts": "2026-09-16T14:42:01.832455Z",
      "slug": "btc-updown-5m-1789569600",
      "status": "heartbeat",
      "gamma_up": 0.545,
      "gamma_down": 0.455,
      "clob_up_ask": 0.62,
      "clob_down_ask": 0.39,
      "seconds_left": 178.9230659008026,
      "min_spread": 0.010000000000000009
    },
    {
      "ts": "2026-09-16T14:42:01.832471Z",
      "slug": "btc-updown-5m-1789569600",
      "status": "skip_price_below_threshold",
      "threshold": 0.7,
      "clob_up_ask": 0.62,
      "clob_down_ask": 0.39,
      "seconds_left": 178.9230659008026
    },
    {
      "ts": "2026-09-16T14:42:11.611611Z",
      "slug": "btc-updown-5m-1789569600",
      "status": "heartbeat",
      "gamma_up": 0.545,
      "gamma_down": 0.455,
      "clob_up_ask": 0.63,
      "clob_down_ask": 0.38,
      "seconds_left": 169.1948642730713,
      "min_spread": 0.010000000000000009
    },
    {
      "ts": "2026-09-16T14:42:11.611629Z",
      "slug": "btc-updown-5m-1789569600",
      "status": "skip_price_below_threshold",
      "threshold": 0.7,
      "clob_up_ask": 0.63,
      "clob_down_ask": 0.38,
      "seconds_left": 169.1948642730713
    },
    {
      "ts": "2026-09-16T14:42:17.671820Z",
      "slug": "btc-updown-5m-1789569600",
      "status": "heartbeat",
      "gamma_up": 0.545,
      "gamma_down": 0.455,
      "clob_up_ask": 0.79,
      "clob_down_ask": 0.22,
      "seconds_left": 163.09616470336914,
      "min_spread": 0.010000000000000009
    }
  ],
  "open_raw": "{\"mode\": \"open\", \"execute\": true, \"market_slug\": \"btc-updown-5m-1789569600\", \"force_side\": \"UP\", \"token_id\": \"100526482933924849043805478472240070502732210807147472855818927040460556004504\", \"entry_price\": 0.77, \"notional_usd\": 5.0, \"top_ask_notional_usd\": 145.2066, \"collateral_pusd\": 53.185286, \"order_post_result\": {\"errorMsg\": \"\", \"orderID\": \"0x49743efb99a51cb81e69a1f19e3f1bc11a05e08682c222b1bbbc02bc594d6114\", \"takingAmount\": \"6.329114\", \"makingAmount\": \"5\", \"status\": \"matched\", \"transactionsHashes\": [\"0x7b6fbd9e567d72365f2f0d90bb4d7dd01049c85eb7fc4e738014e77f92ca0c2e\"], \"success\": true}}\n\n[py_clob_client_v2] request error status=400 url=https://clob.polymarket.com/auth/api-key body={\"error\":\"Could not create api key\"}\n\n",
  "opened": {
    "opened_at": "2026-09-16T14:42:22.434253Z",
    "market_slug": "btc-updown-5m-1789569600",
    "market_end_iso": "2026-09-16T14:45:00Z",
    "side": "UP",
    "token_id": "100526482933924849043805478472240070502732210807147472855818927040460556004504",
    "entry_price": 0.77,
    "shares": 6.329114,
    "cost_usdc": 5.0,
    "open_order_id": "0x49743efb99a51cb81e69a1f19e3f1bc11a05e08682c222b1bbbc02bc594d6114",
    "open_tx": "0x7b6fbd9e567d72365f2f0d90bb4d7dd01049c85eb7fc4e738014e77f92ca0c2e"
  },
  "stop_loss_price": 0.07699999999999999,
  "last_side_price": 0.545,
  "last_check_at": "2026-09-16T14:44:39.550076Z",
  "close_debug": [
    {
      "ts": "2026-09-16T14:44:48.980317Z",
      "attempt": 1,
      "order_type": "FAK",
      "status": "matched",
      "close_skipped": ""
    }
  ],
  "close_raw": "{\"mode\": \"close\", \"execute\": true, \"market_slug\": \"btc-updown-5m-1789569600\", \"token_id\": \"100526482933924849043805478472240070502732210807147472855818927040460556004504\", \"requested_shares\": 6.329114, \"close_order_type\": \"FAK\", \"close_limit_price\": null, \"available_shares\": 6.329114, \"sell_shares\": 6.3291, \"order_post_result\": {\"errorMsg\": \"\", \"orderID\": \"0xd6d58acd1c00cbed08bee1cb1be86a951f2970471b83d29123eca760c7948202\", \"takingAmount\": \"6.2568\", \"makingAmount\": \"6.32\", \"status\": \"matched\", \"transactionsHashes\": [\"0x7a8a5003ffab6b6c8c6a291bacfe08133cb8748e87f685bf2a16068bac79f642\"], \"success\": true}, \"close_skipped\": \"\"}\n\n[py_clob_client_v2] request error status=400 url=https://clob.polymarket.com/auth/api-key body={\"error\":\"Could not create api key\"}\n\n",
  "closed": {
    "close_reason": "time_exit_20s_before_end",
    "closed_at": "2026-09-16T14:44:48.980334Z",
    "close_success": true,
    "close_status": "matched",
    "close_order_id": "0xd6d58acd1c00cbed08bee1cb1be86a951f2970471b83d29123eca760c7948202",
    "close_tx": "0x7a8a5003ffab6b6c8c6a291bacfe08133cb8748e87f685bf2a16068bac79f642",
    "close_shares": 6.32,
    "close_usdc": 6.2568,
    "close_skipped": ""
  },
  "realized_cashflow_pnl_usdc": 1.2568,
  "finished_at": "2026-09-16T14:44:48.980345Z",
  "result": "done"
}
[2026-09-16T14:44:49Z] session_end rc=0 trades=8 stake_usd=5.0
journal_ok trades=53 md=/home/yukeen/polymarketbot/5min-btc-polymarket/data/live_trades.md json=/home/yukeen/polymarketbot/5min-btc-polymarket/data/live_trades.json
[py_clob_client_v2] request error status=400 url=https://clob.polymarket.com/auth/api-key body={"error":"Could not create api key"}

[2026-09-16T14:45:27Z] cash=54.364216
{"martingale": true, "next_stake": 5.0, "loss_streak": 0, "last_outcome": "win", "last_opened_at": "2026-09-16T14:42:22.434253Z", "applied": 1}
[2026-09-16T14:45:35Z] session_begin trades=8 stake_usd=5.0
[py_clob_client_v2] request error status=400 url=https://clob.polymarket.com/auth/api-key body={"error":"Could not create api key"}

{
  "started_at": "2026-09-16T14:45:36.322933Z",
  "params": {
    "profile": "conservative",
    "threshold": 0.7,
    "stake_usd": 5.0,
    "stop_loss_pct": 0.9,
    "exit_before_sec": 20,
    "min_entry_seconds_left": 60,
    "entry_timeout_min": 12,
    "poll_sec": 5.0,
    "close_retry_max": 30,
    "close_retry_delay_sec": 2.0,
    "execute": true
  },
  "attempts": [
    {
      "ts": "2026-09-16T14:45:37.445329Z",
      "slug": "btc-updown-5m-1789569900",
      "status": "heartbeat",
      "gamma_up": 0.505,
      "gamma_down": 0.495,
      "clob_up_ask": 0.36,
      "clob_down_ask": 0.65,
      "seconds_left": 263.36604046821594,
      "min_spread": 0.010000000000000009
    },
    {
      "ts": "2026-09-16T14:45:37.445354Z",
      "slug": "btc-updown-5m-1789569900",
      "status": "skip_price_below_threshold",
      "threshold": 0.7,
      "clob_up_ask": 0.36,
      "clob_down_ask": 0.65,
      "seconds_left": 263.36604046821594
    },
    {
      "ts": "2026-09-16T14:45:47.117562Z",
      "slug": "btc-updown-5m-1789569900",
      "status": "heartbeat",
      "gamma_up": 0.505,
      "gamma_down": 0.495,
      "clob_up_ask": 0.3,
      "clob_down_ask": 0.71,
      "seconds_left": 253.65633177757263,
      "min_spread": 0.010000000000000009
    }
  ],
  "open_raw": "{\"mode\": \"open\", \"execute\": true, \"market_slug\": \"btc-updown-5m-1789569900\", \"force_side\": \"DOWN\", \"token_id\": \"76281378041974808657238110509984598884892015436247248044800813343471379807004\", \"entry_price\": 0.67, \"notional_usd\": 5.0, \"top_ask_notional_usd\": 85.83370000000001, \"collateral_pusd\": 54.364216, \"order_post_result\": {\"errorMsg\": \"\", \"orderID\": \"0x5af93f94f3a0e3cd6ed9f4d9b04967d32e191e5396c23236a7666568c2b68474\", \"takingAmount\": \"8.333332\", \"makingAmount\": \"4.999999\", \"status\": \"matched\", \"transactionsHashes\": [\"0x9c54677c86ce090d743d447660aa4e703dd8abab1fbda9134480710035187c55\"], \"success\": true}}\n\n[py_clob_client_v2] request error status=400 url=https://clob.polymarket.com/auth/api-key body={\"error\":\"Could not create api key\"}\n\n",
  "opened": {
    "opened_at": "2026-09-16T14:45:52.230318Z",
    "market_slug": "btc-updown-5m-1789569900",
    "market_end_iso": "2026-09-16T14:50:00Z",
    "side": "DOWN",
    "token_id": "76281378041974808657238110509984598884892015436247248044800813343471379807004",
    "entry_price": 0.67,
    "shares": 8.333332,
    "cost_usdc": 4.999999,
    "open_order_id": "0x5af93f94f3a0e3cd6ed9f4d9b04967d32e191e5396c23236a7666568c2b68474",
    "open_tx": "0x9c54677c86ce090d743d447660aa4e703dd8abab1fbda9134480710035187c55"
  },
  "stop_loss_price": 0.06699999999999999,
  "last_side_price": 0.495,
  "last_check_at": "2026-09-16T14:49:36.120368Z",
  "close_debug": [
    {
      "ts": "2026-09-16T14:49:45.554559Z",
      "attempt": 1,
      "order_type": "FAK",
      "status": "matched",
      "close_skipped": ""
    }
  ],
  "close_raw": "{\"mode\": \"close\", \"execute\": true, \"market_slug\": \"btc-updown-5m-1789569900\", \"token_id\": \"76281378041974808657238110509984598884892015436247248044800813343471379807004\", \"requested_shares\": 8.333332, \"close_order_type\": \"FAK\", \"close_limit_price\": null, \"available_shares\": 8.333332, \"sell_shares\": 8.3333, \"order_post_result\": {\"errorMsg\": \"\", \"orderID\": \"0x3af1b2ec398c082c733913edf02b3848e2221bddc321aec02d9489bae73a3201\", \"takingAmount\": \"8.32167\", \"makingAmount\": \"8.33\", \"status\": \"matched\", \"transactionsHashes\": [\"0xbe3254a020a11171b52426d113022007ed3968e30bd4eb5470316a91c2aa2246\"], \"success\": true}, \"close_skipped\": \"\"}\n\n[py_clob_client_v2] request error status=400 url=https://clob.polymarket.com/auth/api-key body={\"error\":\"Could not create api key\"}\n\n",
  "closed": {
    "close_reason": "time_exit_20s_before_end",
    "closed_at": "2026-09-16T14:49:45.554583Z",
    "close_success": true,
    "close_status": "matched",
    "close_order_id": "0x3af1b2ec398c082c733913edf02b3848e2221bddc321aec02d9489bae73a3201",
    "close_tx": "0xbe3254a020a11171b52426d113022007ed3968e30bd4eb5470316a91c2aa2246",
    "close_shares": 8.33,
    "close_usdc": 8.32167,
    "close_skipped": ""
  },
  "realized_cashflow_pnl_usdc": 3.321671,
  "finished_at": "2026-09-16T14:49:45.554601Z",
  "result": "done"
}
[2026-09-16T14:49:45Z] session_end rc=0 trades=9 stake_usd=5.0
journal_ok trades=54 md=/home/yukeen/polymarketbot/5min-btc-polymarket/data/live_trades.md json=/home/yukeen/polymarketbot/5min-btc-polymarket/data/live_trades.json
[py_clob_client_v2] request error status=400 url=https://clob.polymarket.com/auth/api-key body={"error":"Could not create api key"}

[2026-09-16T14:50:24Z] cash=57.545317
{"martingale": true, "next_stake": 5.0, "loss_streak": 0, "last_outcome": "win", "last_opened_at": "2026-09-16T14:45:52.230318Z", "applied": 1}
[2026-09-16T14:50:35Z] session_begin trades=9 stake_usd=5.0
[py_clob_client_v2] request error status=400 url=https://clob.polymarket.com/auth/api-key body={"error":"Could not create api key"}

{
  "started_at": "2026-09-16T14:50:36.497829Z",
  "params": {
    "profile": "conservative",
    "threshold": 0.7,
    "stake_usd": 5.0,
    "stop_loss_pct": 0.9,
    "exit_before_sec": 20,
    "min_entry_seconds_left": 60,
    "entry_timeout_min": 12,
    "poll_sec": 5.0,
    "close_retry_max": 30,
    "close_retry_delay_sec": 2.0,
    "execute": true
  },
  "attempts": [
    {
      "ts": "2026-09-16T14:50:37.586698Z",
      "slug": "btc-updown-5m-1789570200",
      "status": "heartbeat",
      "gamma_up": 0.505,
      "gamma_down": 0.495,
      "clob_up_ask": 0.69,
      "clob_down_ask": 0.33,
      "seconds_left": 263.1735348701477,
      "min_spread": 0.009999999999999898
    },
    {
      "ts": "2026-09-16T14:50:37.586732Z",
      "slug": "btc-updown-5m-1789570200",
      "status": "skip_price_below_threshold",
      "threshold": 0.7,
      "clob_up_ask": 0.69,
      "clob_down_ask": 0.33,
      "seconds_left": 263.1735348701477
    },
    {
      "ts": "2026-09-16T14:50:43.629840Z",
      "slug": "btc-updown-5m-1789570200",
      "status": "heartbeat",
      "gamma_up": 0.505,
      "gamma_down": 0.495,
      "clob_up_ask": 0.71,
      "clob_down_ask": 0.3,
      "seconds_left": 257.1029040813446,
      "min_spread": 0.010000000000000009
    },
    {
      "ts": "2026-09-16T14:50:55.240224Z",
      "slug": "btc-updown-5m-1789570200",
      "status": "heartbeat",
      "gamma_up": 0.505,
      "gamma_down": 0.495,
      "clob_up_ask": 0.55,
      "clob_down_ask": 0.46,
      "seconds_left": 245.59247732162476,
      "min_spread": 0.010000000000000009
    },
    {
      "ts": "2026-09-16T14:50:55.240244Z",
      "slug": "btc-updown-5m-1789570200",
      "status": "skip_price_below_threshold",
      "threshold": 0.7,
      "clob_up_ask": 0.55,
      "clob_down_ask": 0.46,
      "seconds_left": 245.59247732162476
    },
    {
      "ts": "2026-09-16T14:51:01.294855Z",
      "slug": "btc-updown-5m-1789570200",
      "status": "heartbeat",
      "gamma_up": 0.505,
      "gamma_down": 0.495,
      "clob_up_ask": 0.48,
      "clob_down_ask": 0.52,
      "seconds_left": 239.4677460193634,
      "min_spread": 0.010000000000000009
    },
    {
      "ts": "2026-09-16T14:51:01.295061Z",
      "slug": "btc-updown-5m-1789570200",
      "status": "skip_price_below_threshold",
      "threshold": 0.7,
      "clob_up_ask": 0.48,
      "clob_down_ask": 0.52,
      "seconds_left": 239.4677460193634
    },
    {
      "ts": "2026-09-16T14:51:11.002452Z",
      "slug": "btc-updown-5m-1789570200",
      "status": "heartbeat",
      "gamma_up": 0.505,
      "gamma_down": 0.495,
      "clob_up_ask": 0.45,
      "clob_down_ask": 0.56,
      "seconds_left": 233.36397194862366,
      "min_spread": 0.010000000000000009
    },
    {
      "ts": "2026-09-16T14:51:11.002471Z",
      "slug": "btc-updown-5m-1789570200",
      "status": "skip_price_below_threshold",
      "threshold": 0.7,
      "clob_up_ask": 0.45,
      "clob_down_ask": 0.56,
      "seconds_left": 233.36397194862366
    },
    {
      "ts": "2026-09-16T14:51:17.078126Z",
      "slug": "btc-updown-5m-1789570200",
      "status": "heartbeat",
      "gamma_up": 0.505,
      "gamma_down": 0.495,
      "clob_up_ask": 0.45,
      "clob_down_ask": 0.63,
      "seconds_left": 223.69385194778442,
      "min_spread": 0.010000000000000009
    },
    {
      "ts": "2026-09-16T14:51:17.078151Z",
      "slug": "btc-updown-5m-1789570200",
      "status": "skip_price_below_threshold",
      "threshold": 0.7,
      "clob_up_ask": 0.45,
      "clob_down_ask": 0.63,
      "seconds_left": 223.69385194778442
    },
    {
      "ts": "2026-09-16T14:51:23.144055Z",
      "slug": "btc-updown-5m-1789570200",
      "status": "heartbeat",
      "gamma_up": 0.505,
      "gamma_down": 0.495,
      "clob_up_ask": 0.28,
      "clob_down_ask": 0.7,
      "seconds_left": 217.6174898147583,
      "min_spread": 0.010000000000000009
    },
    {
      "ts": "2026-09-16T14:51:34.158206Z",
      "slug": "btc-updown-5m-1789570200",
      "status": "heartbeat",
      "gamma_up": 0.325,
      "gamma_down": 0.675,
      "clob_up_ask": 0.13,
      "clob_down_ask": 0.88,
      "seconds_left": 206.60210347175598,
      "min_spread": 0.010000000000000009
    },
    {
      "ts": "2026-09-16T14:51:48.515397Z",
      "slug": "btc-updown-5m-1789570200",
      "status": "heartbeat",
      "gamma_up": 0.325,
      "gamma_down": 0.675,
      "clob_up_ask": 0.23,
      "clob_down_ask": 0.76,
      "seconds_left": 192.36659812927246,
      "min_spread": 0.010000000000000009
    },
    {
      "ts": "2026-09-16T14:51:59.298841Z",
      "slug": "btc-updown-5m-1789570200",
      "status": "heartbeat",
      "gamma_up": 0.325,
      "gamma_down": 0.675,
      "clob_up_ask": 0.21,
      "clob_down_ask": 0.8,
      "seconds_left": 181.4742705821991,
      "min_spread": 0.009999999999999981
    }
  ],
  "last_open_try": "{\"error\": \"PolyApiException[status_code=400, error_message={'error': 'no orders found to match with FAK order. FAK orders are partially filled or killed if no match is found.', 'orderID': '0x8b58547e25d91171e7fae02359ec944ad44f71ce1e7d6e19f65a7980f83dab32'}]\", \"order_post_result\": {\"success\": false, \"status\": \"error\", \"errorMsg\": \"PolyApiException[status_code=400, error_message={'error': 'no orders found to match with FAK order. FAK orders are partially filled or killed if no match is found.', 'orderID': '0x8b58547e25d91171e7fae02359ec944ad44f71ce1e7d6e19f65a7980f83dab32'}]\"}, \"close_skipped\": \"\"}\n\n[py_clob_client_v2] request error status=400 url=https://clob.polymarket.com/auth/api-key body={\"error\":\"Could not create api key\"}\n\n[py_clob_client_v2] request error status=400 url=https://clob.polymarket.com/order body={\"error\":\"no orders found to match with FAK order. FAK orders are partially filled or killed if no match is found.\",\"orderID\":\"0x8b58547e25d91171e7fae02359ec944ad44f71ce1e7d6e19f65a7980f83dab32\"}\n",
  "open_raw": "{\"mode\": \"open\", \"execute\": true, \"market_slug\": \"btc-updown-5m-1789570200\", \"force_side\": \"DOWN\", \"token_id\": \"88101612973896489504670838887183722376150126949831070922287355604289982655823\", \"entry_price\": 0.79, \"notional_usd\": 5.0, \"top_ask_notional_usd\": 70.09670000000001, \"collateral_pusd\": 57.545317, \"order_post_result\": {\"errorMsg\": \"\", \"orderID\": \"0x41d8d647c578b402029ca77d4c73f92737bc1b1f20316862e2809a8c1afc301e\", \"takingAmount\": \"6.097561\", \"makingAmount\": \"5\", \"status\": \"matched\", \"transactionsHashes\": [\"0x79426192008d89dd5f6bd6960fb60276b49556e912903671be330630acfe4957\"], \"success\": true}}\n\n[py_clob_client_v2] request error status=400 url=https://clob.polymarket.com/auth/api-key body={\"error\":\"Could not create api key\"}\n\n",
  "opened": {
    "opened_at": "2026-09-16T14:52:04.017195Z",
    "market_slug": "btc-updown-5m-1789570200",
    "market_end_iso": "2026-09-16T14:55:00Z",
    "side": "DOWN",
    "token_id": "88101612973896489504670838887183722376150126949831070922287355604289982655823",
    "entry_price": 0.79,
    "shares": 6.097561,
    "cost_usdc": 5.0,
    "open_order_id": "0x41d8d647c578b402029ca77d4c73f92737bc1b1f20316862e2809a8c1afc301e",
    "open_tx": "0x79426192008d89dd5f6bd6960fb60276b49556e912903671be330630acfe4957"
  },
  "stop_loss_price": 0.07899999999999999,
  "last_side_price": 0.675,
  "last_check_at": "2026-09-16T14:54:36.999492Z",
  "close_debug": [
    {
      "ts": "2026-09-16T14:54:49.659424Z",
      "attempt": 1,
      "order_type": "FAK",
      "status": "error",
      "close_skipped": ""
    },
    {
      "ts": "2026-09-16T14:54:54.862526Z",
      "attempt": 2,
      "order_type": "FAK",
      "status": "error",
      "close_skipped": ""
    },
    {
      "ts": "2026-09-16T14:54:59.961966Z",
      "attempt": 3,
      "order_type": "FAK",
      "status": "error",
      "close_skipped": ""
    },
    {
      "ts": "2026-09-16T14:55:05.394219Z",
      "attempt": 4,
      "order_type": "FAK",
      "status": "error",
      "close_skipped": ""
    },
    {
      "ts": "2026-09-16T14:55:10.586953Z",
      "attempt": 5,
      "order_type": "FAK",
      "status": "error",
      "close_skipped": ""
    },
    {
      "ts": "2026-09-16T14:55:15.765237Z",
      "attempt": 6,
      "order_type": "FAK",
      "status": "error",
      "close_skipped": ""
    },
    {
      "ts": "2026-09-16T14:55:24.495736Z",
      "attempt": 7,
      "order_type": "FAK",
      "status": "error",
      "close_skipped": ""
    },
    {
      "ts": "2026-09-16T14:55:29.594843Z",
      "attempt": 8,
      "order_type": "FAK",
      "status": "error",
      "close_skipped": ""
    },
    {
      "ts": "2026-09-16T14:55:34.740508Z",
      "attempt": 9,
      "order_type": "FAK",
      "status": "error",
      "close_skipped": ""
    },
    {
      "ts": "2026-09-16T14:55:39.916126Z",
      "attempt": 10,
      "order_type": "FAK",
      "status": "error",
      "close_skipped": ""
    },
    {
      "ts": "2026-09-16T14:55:45.155200Z",
      "attempt": 11,
      "order_type": "FAK",
      "status": "error",
      "close_skipped": ""
    },
    {
      "ts": "2026-09-16T14:55:50.309335Z",
      "attempt": 12,
      "order_type": "FAK",
      "status": "error",
      "close_skipped": ""
    },
    {
      "ts": "2026-09-16T14:55:55.551389Z",
      "attempt": 13,
      "order_type": "FAK",
      "status": "error",
      "close_skipped": ""
    },
    {
      "ts": "2026-09-16T14:56:00.591020Z",
      "attempt": 14,
      "order_type": "FAK",
      "status": "error",
      "close_skipped": ""
    },
    {
      "ts": "2026-09-16T14:56:05.843719Z",
      "attempt": 15,
      "order_type": "FAK",
      "status": "error",
      "close_skipped": ""
    },
    {
      "ts": "2026-09-16T14:56:16.292461Z",
      "attempt": 16,
      "order_type": "FAK",
      "status": "error",
      "close_skipped": ""
    },
    {
      "ts": "2026-09-16T14:56:21.616369Z",
      "attempt": 17,
      "order_type": "FAK",
      "status": "error",
      "close_skipped": ""
    },
    {
      "ts": "2026-09-16T14:56:27.119257Z",
      "attempt": 18,
      "order_type": "FAK",
      "status": "error",
      "close_skipped": ""
    },
    {
      "ts": "2026-09-16T14:56:32.303690Z",
      "attempt": 19,
      "order_type": "FAK",
      "status": "error",
      "close_skipped": ""
    },
    {
      "ts": "2026-09-16T14:56:38.008182Z",
      "attempt": 20,
      "order_type": "FAK",
      "status": "error",
      "close_skipped": ""
    },
    {
      "ts": "2026-09-16T14:56:43.457709Z",
      "attempt": 21,
      "order_type": "FAK",
      "status": "error",
      "close_skipped": ""
    },
    {
      "ts": "2026-09-16T14:56:52.800757Z",
      "attempt": 22,
      "order_type": "FAK",
      "status": "error",
      "close_skipped": ""
    },
    {
      "ts": "2026-09-16T14:56:58.328863Z",
      "attempt": 23,
      "order_type": "FAK",
      "status": "error",
      "close_skipped": ""
    },
    {
      "ts": "2026-09-16T14:57:03.512954Z",
      "attempt": 24,
      "order_type": "FAK",
      "status": "error",
      "close_skipped": ""
    },
    {
      "ts": "2026-09-16T14:57:08.807266Z",
      "attempt": 25,
      "order_type": "FAK",
      "status": "error",
      "close_skipped": ""
    },
    {
      "ts": "2026-09-16T14:57:14.006369Z",
      "attempt": 26,
      "order_type": "FAK",
      "status": "error",
      "close_skipped": ""
    },
    {
      "ts": "2026-09-16T14:57:19.188955Z",
      "attempt": 27,
      "order_type": "FAK",
      "status": "error",
      "close_skipped": ""
    },
    {
      "ts": "2026-09-16T14:57:24.406572Z",
      "attempt": 28,
      "order_type": "FAK",
      "status": "error",
      "close_skipped": ""
    },
    {
      "ts": "2026-09-16T14:57:33.274892Z",
      "attempt": 29,
      "order_type": "FAK",
      "status": "error",
      "close_skipped": ""
    },
    {
      "ts": "2026-09-16T14:57:38.467043Z",
      "attempt": 30,
      "order_type": "FAK",
      "status": "error",
      "close_skipped": ""
    }
  ],
  "close_raw": "{\"error\": \"PolyApiException[status_code=404, error_message={'error': 'No orderbook exists for the requested token id'}]\", \"order_post_result\": {\"success\": false, \"status\": \"error\", \"errorMsg\": \"PolyApiException[status_code=404, error_message={'error': 'No orderbook exists for the requested token id'}]\"}, \"close_skipped\": \"\"}\n\n[py_clob_client_v2] request error status=400 url=https://clob.polymarket.com/auth/api-key body={\"error\":\"Could not create api key\"}\n\n[py_clob_client_v2] request error status=404 url=https://clob.polymarket.com/book body={\"error\":\"No orderbook exists for the requested token id\"}\n\n",
  "closed": {
    "close_reason": "time_exit_20s_before_end",
    "closed_at": "2026-09-16T14:57:40.467178Z",
    "close_success": false,
    "close_status": "error",
    "close_order_id": null,
    "close_tx": null,
    "close_shares": 0.0,
    "close_usdc": 0.0,
    "close_skipped": ""
  },
  "realized_cashflow_pnl_usdc": null,
  "finished_at": "2026-09-16T14:57:40.467227Z",
  "result": "done"
}
[2026-09-16T14:57:40Z] session_end rc=0 trades=10 stake_usd=5.0
journal_ok trades=55 md=/home/yukeen/polymarketbot/5min-btc-polymarket/data/live_trades.md json=/home/yukeen/polymarketbot/5min-btc-polymarket/data/live_trades.json
[py_clob_client_v2] request error status=400 url=https://clob.polymarket.com/auth/api-key body={"error":"Could not create api key"}

[2026-09-16T14:58:17Z] cash=52.482317
{"martingale": true, "next_stake": 10.0, "loss_streak": 1, "last_outcome": "loss", "last_opened_at": "2026-09-16T14:52:04.017195Z", "applied": 1}
[2026-09-16T14:58:25Z] session_begin trades=10 stake_usd=10.0
[py_clob_client_v2] request error status=400 url=https://clob.polymarket.com/auth/api-key body={"error":"Could not create api key"}

{
  "started_at": "2026-09-16T14:58:26.309970Z",
  "params": {
    "profile": "conservative",
    "threshold": 0.7,
    "stake_usd": 10.0,
    "stop_loss_pct": 0.9,
    "exit_before_sec": 20,
    "min_entry_seconds_left": 60,
    "entry_timeout_min": 12,
    "poll_sec": 5.0,
    "close_retry_max": 30,
    "close_retry_delay_sec": 2.0,
    "execute": true
  },
  "attempts": [
    {
      "ts": "2026-09-16T14:58:27.408473Z",
      "slug": "btc-updown-5m-1789570500",
      "status": "heartbeat",
      "gamma_up": 0.625,
      "gamma_down": 0.375,
      "clob_up_ask": 0.62,
      "clob_down_ask": 0.39,
      "seconds_left": 93.37993860244751,
      "min_spread": 0.010000000000000009
    },
    {
      "ts": "2026-09-16T14:58:27.408489Z",
      "slug": "btc-updown-5m-1789570500",
      "status": "skip_price_below_threshold",
      "threshold": 0.7,
      "clob_up_ask": 0.62,
      "clob_down_ask": 0.39,
      "seconds_left": 93.37993860244751
    },
    {
      "ts": "2026-09-16T14:58:33.583380Z",
      "slug": "btc-updown-5m-1789570500",
      "status": "heartbeat",
      "gamma_up": 0.625,
      "gamma_down": 0.375,
      "clob_up_ask": 0.43,
      "clob_down_ask": 0.56,
      "seconds_left": 87.16101360321045,
      "min_spread": 0.010000000000000009
    },
    {
      "ts": "2026-09-16T14:58:33.583408Z",
      "slug": "btc-updown-5m-1789570500",
      "status": "skip_price_below_threshold",
      "threshold": 0.7,
      "clob_up_ask": 0.43,
      "clob_down_ask": 0.56,
      "seconds_left": 87.16101360321045
    },
    {
      "ts": "2026-09-16T14:58:43.307921Z",
      "slug": "btc-updown-5m-1789570500",
      "status": "heartbeat",
      "gamma_up": 0.625,
      "gamma_down": 0.375,
      "clob_up_ask": 0.44,
      "clob_down_ask": 0.6,
      "seconds_left": 77.49065566062927,
      "min_spread": 0.010000000000000009
    },
    {
      "ts": "2026-09-16T14:58:43.307950Z",
      "slug": "btc-updown-5m-1789570500",
      "status": "skip_price_below_threshold",
      "threshold": 0.7,
      "clob_up_ask": 0.44,
      "clob_down_ask": 0.6,
      "seconds_left": 77.49065566062927
    },
    {
      "ts": "2026-09-16T14:58:49.386966Z",
      "slug": "btc-updown-5m-1789570500",
      "status": "heartbeat",
      "gamma_up": 0.625,
      "gamma_down": 0.375,
      "clob_up_ask": 0.47,
      "clob_down_ask": 0.54,
      "seconds_left": 71.37788891792297,
      "min_spread": 0.009999999999999953
    },
    {
      "ts": "2026-09-16T14:58:49.387014Z",
      "slug": "btc-updown-5m-1789570500",
      "status": "skip_price_below_threshold",
      "threshold": 0.7,
      "clob_up_ask": 0.47,
      "clob_down_ask": 0.54,
      "seconds_left": 71.37788891792297
    },
    {
      "ts": "2026-09-16T14:58:55.531906Z",
      "slug": "btc-updown-5m-1789570500",
      "status": "heartbeat",
      "gamma_up": 0.625,
      "gamma_down": 0.375,
      "clob_up_ask": 0.38,
      "clob_down_ask": 0.6,
      "seconds_left": 65.2972264289856,
      "min_spread": 0.020000000000000018
    },
    {
      "ts": "2026-09-16T14:58:55.531930Z",
      "slug": "btc-updown-5m-1789570500",
      "status": "skip_price_below_threshold",
      "threshold": 0.7,
      "clob_up_ask": 0.38,
      "clob_down_ask": 0.6,
      "seconds_left": 65.2972264289856
    },
    {
      "ts": "2026-09-16T14:59:00.828753Z",
      "slug": "btc-updown-5m-1789570500",
      "status": "skip_too_late_to_enter",
      "seconds_left": 59.171252489089966,
      "min_entry_seconds_left": 60
    },
    {
      "ts": "2026-09-16T14:59:06.152745Z",
      "slug": "btc-updown-5m-1789570500",
      "status": "skip_too_late_to_enter",
      "seconds_left": 53.847262144088745,
      "min_entry_seconds_left": 60
    },
    {
      "ts": "2026-09-16T14:59:11.442104Z",
      "slug": "btc-updown-5m-1789570500",
      "status": "skip_too_late_to_enter",
      "seconds_left": 48.557902812957764,
      "min_entry_seconds_left": 60
    },
    {
      "ts": "2026-09-16T14:59:20.351302Z",
      "slug": "btc-updown-5m-1789570500",
      "status": "skip_too_late_to_enter",
      "seconds_left": 39.648701667785645,
      "min_entry_seconds_left": 60
    },
    {
      "ts": "2026-09-16T14:59:25.657069Z",
      "slug": "btc-updown-5m-1789570500",
      "status": "skip_too_late_to_enter",
      "seconds_left": 34.34293723106384,
      "min_entry_seconds_left": 60
    },
    {
      "ts": "2026-09-16T14:59:30.958001Z",
      "slug": "btc-updown-5m-1789570500",
      "status": "skip_too_late_to_enter",
      "seconds_left": 29.04200291633606,
      "min_entry_seconds_left": 60
    },
    {
      "ts": "2026-09-16T14:59:36.393034Z",
      "slug": "btc-updown-5m-1789570500",
      "status": "skip_too_late_to_enter",
      "seconds_left": 23.60697054862976,
      "min_entry_seconds_left": 60
    },
    {
      "ts": "2026-09-16T14:59:41.691586Z",
      "slug": "btc-updown-5m-1789570500",
      "status": "skip_too_late_to_enter",
      "seconds_left": 18.30841875076294,
      "min_entry_seconds_left": 60
    },
    {
      "ts": "2026-09-16T14:59:47.007849Z",
      "slug": "btc-updown-5m-1789570500",
      "status": "skip_too_late_to_enter",
      "seconds_left": 12.992156267166138,
      "min_entry_seconds_left": 60
    },
    {
      "ts": "2026-09-16T14:59:55.957823Z",
      "status": "heartbeat_no_current_market"
    },
    {
      "ts": "2026-09-16T15:00:02.294871Z",
      "slug": "btc-updown-5m-1789570800",
      "status": "heartbeat",
      "gamma_up": 0.505,
      "gamma_down": 0.495,
      "clob_up_ask": 0.65,
      "clob_down_ask": 0.36,
      "seconds_left": 298.6990416049957,
      "min_spread": 0.010000000000000009
    },
    {
      "ts": "2026-09-16T15:00:02.294887Z",
      "slug": "btc-updown-5m-1789570800",
      "status": "skip_price_below_threshold",
      "threshold": 0.7,
      "clob_up_ask": 0.65,
      "clob_down_ask": 0.36,
      "seconds_left": 298.6990416049957
    },
    {
      "ts": "2026-09-16T15:00:08.407058Z",
      "slug": "btc-updown-5m-1789570800",
      "status": "heartbeat",
      "gamma_up": 0.505,
      "gamma_down": 0.495,
      "clob_up_ask": 0.68,
      "clob_down_ask": 0.32,
      "seconds_left": 292.3817820549011,
      "min_spread": 0.010000000000000009
    },
    {
      "ts": "2026-09-16T15:00:08.407078Z",
      "slug": "btc-updown-5m-1789570800",
      "status": "skip_price_below_threshold",
      "threshold": 0.7,
      "clob_up_ask": 0.68,
      "clob_down_ask": 0.32,
      "seconds_left": 292.3817820549011
    },
    {
      "ts": "2026-09-16T15:00:14.512947Z",
      "slug": "btc-updown-5m-1789570800",
      "status": "heartbeat",
      "gamma_up": 0.505,
      "gamma_down": 0.495,
      "clob_up_ask": 0.72,
      "clob_down_ask": 0.29,
      "seconds_left": 286.250342130661,
      "min_spread": 0.009999999999999953
    }
  ],
  "open_raw": "{\"mode\": \"open\", \"execute\": true, \"market_slug\": \"btc-updown-5m-1789570800\", \"force_side\": \"UP\", \"token_id\": \"85786698317957421728365189474006487201535000011238388200682249959556198910371\", \"entry_price\": 0.74, \"notional_usd\": 10.0, \"top_ask_notional_usd\": 56.24, \"collateral_pusd\": 52.482317, \"order_post_result\": {\"errorMsg\": \"\", \"orderID\": \"0x46038c039a008f860466e130a73ae339b62412771510854044255058672474f6\", \"takingAmount\": \"13.513514\", \"makingAmount\": \"10\", \"status\": \"matched\", \"transactionsHashes\": [\"0x6c24941022774767e68e7facd081de33575f215e986c7f25f86212560a7632e1\"], \"success\": true}}\n\n[py_clob_client_v2] request error status=400 url=https://clob.polymarket.com/auth/api-key body={\"error\":\"Could not create api key\"}\n\n",
  "opened": {
    "opened_at": "2026-09-16T15:00:19.229201Z",
    "market_slug": "btc-updown-5m-1789570800",
    "market_end_iso": "2026-09-16T15:05:00Z",
    "side": "UP",
    "token_id": "85786698317957421728365189474006487201535000011238388200682249959556198910371",
    "entry_price": 0.74,
    "shares": 13.513514,
    "cost_usdc": 10.0,
    "open_order_id": "0x46038c039a008f860466e130a73ae339b62412771510854044255058672474f6",
    "open_tx": "0x6c24941022774767e68e7facd081de33575f215e986c7f25f86212560a7632e1"
  },
  "stop_loss_price": 0.07399999999999998,
  "last_side_price": 0.875,
  "last_check_at": "2026-09-16T15:04:38.112888Z",
  "close_debug": [
    {
      "ts": "2026-09-16T15:04:48.374650Z",
      "attempt": 1,
      "order_type": "FAK",
      "status": "matched",
      "close_skipped": ""
    }
  ],
  "close_raw": "{\"mode\": \"close\", \"execute\": true, \"market_slug\": \"btc-updown-5m-1789570800\", \"token_id\": \"85786698317957421728365189474006487201535000011238388200682249959556198910371\", \"requested_shares\": 13.513514, \"close_order_type\": \"FAK\", \"close_limit_price\": null, \"available_shares\": 13.513514, \"sell_shares\": 13.5135, \"order_post_result\": {\"errorMsg\": \"\", \"orderID\": \"0x5e1ad72b50e7e416be0c057c20b7aee5d46bd9d97ccdda22182a0510e5d6bd87\", \"takingAmount\": \"13.3749\", \"makingAmount\": \"13.51\", \"status\": \"matched\", \"transactionsHashes\": [\"0x9d87f97807d182456aca5afb3bbef05b43f9e6abdb51d896a69bac55fe5e4e81\"], \"success\": true}, \"close_skipped\": \"\"}\n\n[py_clob_client_v2] request error status=400 url=https://clob.polymarket.com/auth/api-key body={\"error\":\"Could not create api key\"}\n\n",
  "closed": {
    "close_reason": "time_exit_20s_before_end",
    "closed_at": "2026-09-16T15:04:48.374679Z",
    "close_success": true,
    "close_status": "matched",
    "close_order_id": "0x5e1ad72b50e7e416be0c057c20b7aee5d46bd9d97ccdda22182a0510e5d6bd87",
    "close_tx": "0x9d87f97807d182456aca5afb3bbef05b43f9e6abdb51d896a69bac55fe5e4e81",
    "close_shares": 13.51,
    "close_usdc": 13.3749,
    "close_skipped": ""
  },
  "realized_cashflow_pnl_usdc": 3.3749,
  "finished_at": "2026-09-16T15:04:48.374702Z",
  "result": "done"
}
[2026-09-16T15:04:48Z] session_end rc=0 trades=11 stake_usd=10.0
journal_ok trades=56 md=/home/yukeen/polymarketbot/5min-btc-polymarket/data/live_trades.md json=/home/yukeen/polymarketbot/5min-btc-polymarket/data/live_trades.json
[py_clob_client_v2] request error status=400 url=https://clob.polymarket.com/auth/api-key body={"error":"Could not create api key"}

[2026-09-16T15:05:26Z] cash=55.665857
{"martingale": true, "next_stake": 5.0, "loss_streak": 0, "last_outcome": "win", "last_opened_at": "2026-09-16T15:00:19.229201Z", "applied": 1}
[2026-09-16T15:05:37Z] session_begin trades=11 stake_usd=5.0
[py_clob_client_v2] request error status=400 url=https://clob.polymarket.com/auth/api-key body={"error":"Could not create api key"}

{
  "started_at": "2026-09-16T15:05:38.436338Z",
  "params": {
    "profile": "conservative",
    "threshold": 0.7,
    "stake_usd": 5.0,
    "stop_loss_pct": 0.9,
    "exit_before_sec": 20,
    "min_entry_seconds_left": 60,
    "entry_timeout_min": 12,
    "poll_sec": 5.0,
    "close_retry_max": 30,
    "close_retry_delay_sec": 2.0,
    "execute": true
  },
  "attempts": [
    {
      "ts": "2026-09-16T15:05:39.653414Z",
      "slug": "btc-updown-5m-1789571100",
      "status": "heartbeat",
      "gamma_up": 0.515,
      "gamma_down": 0.485,
      "clob_up_ask": 0.31,
      "clob_down_ask": 0.7,
      "seconds_left": 261.1083548069,
      "min_spread": 0.010000000000000009
    }
  ],
  "open_raw": "{\"mode\": \"open\", \"execute\": true, \"market_slug\": \"btc-updown-5m-1789571100\", \"force_side\": \"DOWN\", \"token_id\": \"98721700291045354456033462715208778915961546853033144421161331230969428582559\", \"entry_price\": 0.7, \"notional_usd\": 5.0, \"top_ask_notional_usd\": 960.2949999999998, \"collateral_pusd\": 55.665857, \"order_post_result\": {\"errorMsg\": \"\", \"orderID\": \"0x226072fb7d529121bfa56de432b1be567784b554ff1f01f6db6a30a76b207e44\", \"takingAmount\": \"7.35294\", \"makingAmount\": \"4.999999\", \"status\": \"matched\", \"transactionsHashes\": [\"0xf213d9d3c31edd4d10e86cedf91e87ea47b7288188c508e0d0924fb034afcc4a\"], \"success\": true}}\n\n[py_clob_client_v2] request error status=400 url=https://clob.polymarket.com/auth/api-key body={\"error\":\"Could not create api key\"}\n\n",
  "opened": {
    "opened_at": "2026-09-16T15:05:44.412318Z",
    "market_slug": "btc-updown-5m-1789571100",
    "market_end_iso": "2026-09-16T15:10:00Z",
    "side": "DOWN",
    "token_id": "98721700291045354456033462715208778915961546853033144421161331230969428582559",
    "entry_price": 0.7,
    "shares": 7.35294,
    "cost_usdc": 4.999999,
    "open_order_id": "0x226072fb7d529121bfa56de432b1be567784b554ff1f01f6db6a30a76b207e44",
    "open_tx": "0xf213d9d3c31edd4d10e86cedf91e87ea47b7288188c508e0d0924fb034afcc4a"
  },
  "stop_loss_price": 0.06999999999999998,
  "last_side_price": 0.915,
  "last_check_at": "2026-09-16T15:09:34.306224Z",
  "close_debug": [
    {
      "ts": "2026-09-16T15:09:46.830279Z",
      "attempt": 1,
      "order_type": "FAK",
      "status": "matched",
      "close_skipped": ""
    }
  ],
  "close_raw": "{\"mode\": \"close\", \"execute\": true, \"market_slug\": \"btc-updown-5m-1789571100\", \"token_id\": \"98721700291045354456033462715208778915961546853033144421161331230969428582559\", \"requested_shares\": 7.35294, \"close_order_type\": \"FAK\", \"close_limit_price\": null, \"available_shares\": 7.35294, \"sell_shares\": 7.3529, \"order_post_result\": {\"errorMsg\": \"\", \"orderID\": \"0x8de0607736786a4acdf77fc36600d263c5a7b3a46d9156bae0647a82fc7b3704\", \"takingAmount\": \"7.34265\", \"makingAmount\": \"7.35\", \"status\": \"matched\", \"transactionsHashes\": [\"0x54fab43420d028372472eb70dc9f92b5137b595651c3da0cd50252e4d7b5ca12\"], \"success\": true}, \"close_skipped\": \"\"}\n\n[py_clob_client_v2] request error status=400 url=https://clob.polymarket.com/auth/api-key body={\"error\":\"Could not create api key\"}\n\n",
  "closed": {
    "close_reason": "time_exit_20s_before_end",
    "closed_at": "2026-09-16T15:09:46.830311Z",
    "close_success": true,
    "close_status": "matched",
    "close_order_id": "0x8de0607736786a4acdf77fc36600d263c5a7b3a46d9156bae0647a82fc7b3704",
    "close_tx": "0x54fab43420d028372472eb70dc9f92b5137b595651c3da0cd50252e4d7b5ca12",
    "close_shares": 7.35,
    "close_usdc": 7.34265,
    "close_skipped": ""
  },
  "realized_cashflow_pnl_usdc": 2.342651,
  "finished_at": "2026-09-16T15:09:46.830334Z",
  "result": "done"
}
[2026-09-16T15:09:46Z] session_end rc=0 trades=12 stake_usd=5.0
journal_ok trades=57 md=/home/yukeen/polymarketbot/5min-btc-polymarket/data/live_trades.md json=/home/yukeen/polymarketbot/5min-btc-polymarket/data/live_trades.json
[py_clob_client_v2] request error status=400 url=https://clob.polymarket.com/auth/api-key body={"error":"Could not create api key"}

[2026-09-16T15:10:28Z] cash=57.896008
{"martingale": true, "next_stake": 5.0, "loss_streak": 0, "last_outcome": "win", "last_opened_at": "2026-09-16T15:05:44.412318Z", "applied": 1}
[2026-09-16T15:10:36Z] session_begin trades=12 stake_usd=5.0
[py_clob_client_v2] request error status=400 url=https://clob.polymarket.com/auth/api-key body={"error":"Could not create api key"}

{
  "started_at": "2026-09-16T15:10:37.442139Z",
  "params": {
    "profile": "conservative",
    "threshold": 0.7,
    "stake_usd": 5.0,
    "stop_loss_pct": 0.9,
    "exit_before_sec": 20,
    "min_entry_seconds_left": 60,
    "entry_timeout_min": 12,
    "poll_sec": 5.0,
    "close_retry_max": 30,
    "close_retry_delay_sec": 2.0,
    "execute": true
  },
  "attempts": [
    {
      "ts": "2026-09-16T15:10:38.521741Z",
      "slug": "btc-updown-5m-1789571400",
      "status": "heartbeat",
      "gamma_up": 0.515,
      "gamma_down": 0.485,
      "clob_up_ask": 0.81,
      "clob_down_ask": 0.2,
      "seconds_left": 262.2568497657776,
      "min_spread": 0.010000000000000009
    }
  ],
  "open_raw": "{\"mode\": \"open\", \"execute\": true, \"market_slug\": \"btc-updown-5m-1789571400\", \"force_side\": \"UP\", \"token_id\": \"55040173976048346053091921769630860774232531508999989126766766446970040087864\", \"entry_price\": 0.8, \"notional_usd\": 5.0, \"top_ask_notional_usd\": 210.4, \"collateral_pusd\": 57.896008, \"order_post_result\": {\"errorMsg\": \"\", \"orderID\": \"0x0f2f7f18c2e06f7be22df5a8920631922313669e0f0fabf3ab0d53deae822748\", \"takingAmount\": \"6.410257\", \"makingAmount\": \"5\", \"status\": \"matched\", \"transactionsHashes\": [\"0xc5d15245ff7d66cf08d1ee70664341c3f28be4335c92901e3820ea0937c1f953\"], \"success\": true}}\n\n[py_clob_client_v2] request error status=400 url=https://clob.polymarket.com/auth/api-key body={\"error\":\"Could not create api key\"}\n\n",
  "opened": {
    "opened_at": "2026-09-16T15:10:43.407177Z",
    "market_slug": "btc-updown-5m-1789571400",
    "market_end_iso": "2026-09-16T15:15:00Z",
    "side": "UP",
    "token_id": "55040173976048346053091921769630860774232531508999989126766766446970040087864",
    "entry_price": 0.8,
    "shares": 6.410257,
    "cost_usdc": 5.0,
    "open_order_id": "0x0f2f7f18c2e06f7be22df5a8920631922313669e0f0fabf3ab0d53deae822748",
    "open_tx": "0xc5d15245ff7d66cf08d1ee70664341c3f28be4335c92901e3820ea0937c1f953"
  },
  "stop_loss_price": 0.07999999999999999,
  "last_side_price": 0.835,
  "last_check_at": "2026-09-16T15:14:37.351202Z",
  "close_debug": [
    {
      "ts": "2026-09-16T15:14:47.058069Z",
      "attempt": 1,
      "order_type": "FAK",
      "status": "matched",
      "close_skipped": ""
    }
  ],
  "close_raw": "{\"mode\": \"close\", \"execute\": true, \"market_slug\": \"btc-updown-5m-1789571400\", \"token_id\": \"55040173976048346053091921769630860774232531508999989126766766446970040087864\", \"requested_shares\": 6.410257, \"close_order_type\": \"FAK\", \"close_limit_price\": null, \"available_shares\": 6.410257, \"sell_shares\": 6.4102, \"order_post_result\": {\"errorMsg\": \"\", \"orderID\": \"0xdd564295306b77214e6caecf58bb9aa4cc69b60cf381769766b47af6ca970af3\", \"takingAmount\": \"6.3459\", \"makingAmount\": \"6.41\", \"status\": \"matched\", \"transactionsHashes\": [\"0x684467afdcc983686a5427b9aa7c359a3d5da4afcf32f700a6bbbaff8bf04cb2\"], \"success\": true}, \"close_skipped\": \"\"}\n\n[py_clob_client_v2] request error status=400 url=https://clob.polymarket.com/auth/api-key body={\"error\":\"Could not create api key\"}\n\n",
  "closed": {
    "close_reason": "time_exit_20s_before_end",
    "closed_at": "2026-09-16T15:14:47.058100Z",
    "close_success": true,
    "close_status": "matched",
    "close_order_id": "0xdd564295306b77214e6caecf58bb9aa4cc69b60cf381769766b47af6ca970af3",
    "close_tx": "0x684467afdcc983686a5427b9aa7c359a3d5da4afcf32f700a6bbbaff8bf04cb2",
    "close_shares": 6.41,
    "close_usdc": 6.3459,
    "close_skipped": ""
  },
  "realized_cashflow_pnl_usdc": 1.3459,
  "finished_at": "2026-09-16T15:14:47.058124Z",
  "result": "done"
}
[2026-09-16T15:14:47Z] session_end rc=0 trades=13 stake_usd=5.0
journal_ok trades=58 md=/home/yukeen/polymarketbot/5min-btc-polymarket/data/live_trades.md json=/home/yukeen/polymarketbot/5min-btc-polymarket/data/live_trades.json
[py_clob_client_v2] request error status=400 url=https://clob.polymarket.com/auth/api-key body={"error":"Could not create api key"}

[2026-09-16T15:15:28Z] cash=59.160468
{"martingale": true, "next_stake": 5.0, "loss_streak": 0, "last_outcome": "win", "last_opened_at": "2026-09-16T15:10:43.407177Z", "applied": 1}
[2026-09-16T15:15:39Z] session_begin trades=13 stake_usd=5.0
[py_clob_client_v2] request error status=400 url=https://clob.polymarket.com/auth/api-key body={"error":"Could not create api key"}

{
  "started_at": "2026-09-16T15:15:39.907939Z",
  "params": {
    "profile": "conservative",
    "threshold": 0.7,
    "stake_usd": 5.0,
    "stop_loss_pct": 0.9,
    "exit_before_sec": 20,
    "min_entry_seconds_left": 60,
    "entry_timeout_min": 12,
    "poll_sec": 5.0,
    "close_retry_max": 30,
    "close_retry_delay_sec": 2.0,
    "execute": true
  },
  "attempts": [
    {
      "ts": "2026-09-16T15:15:41.644389Z",
      "slug": "btc-updown-5m-1789571700",
      "status": "heartbeat",
      "gamma_up": 0.505,
      "gamma_down": 0.495,
      "clob_up_ask": 0.26,
      "clob_down_ask": 0.75,
      "seconds_left": 259.51338720321655,
      "min_spread": 0.010000000000000009
    }
  ],
  "open_raw": "{\"mode\": \"open\", \"execute\": true, \"market_slug\": \"btc-updown-5m-1789571700\", \"force_side\": \"DOWN\", \"token_id\": \"47741099626512957966595123799833790335883617473268372001651926114354858346286\", \"entry_price\": 0.76, \"notional_usd\": 5.0, \"top_ask_notional_usd\": 145.67680000000001, \"collateral_pusd\": 59.160468, \"order_post_result\": {\"errorMsg\": \"\", \"orderID\": \"0xb1c31c5498e09f4696715e34dfe5b79dfa1264d1d28f718fdaace34b4562961e\", \"takingAmount\": \"6.493504\", \"makingAmount\": \"4.999998\", \"status\": \"matched\", \"transactionsHashes\": [\"0x16a2c142e1d88926d01f170d2a60a7f7cfd30201fd22db7a29169bb1a21e2d43\"], \"success\": true}}\n\n[py_clob_client_v2] request error status=400 url=https://clob.polymarket.com/auth/api-key body={\"error\":\"Could not create api key\"}\n\n",
  "opened": {
    "opened_at": "2026-09-16T15:15:47.627074Z",
    "market_slug": "btc-updown-5m-1789571700",
    "market_end_iso": "2026-09-16T15:20:00Z",
    "side": "DOWN",
    "token_id": "47741099626512957966595123799833790335883617473268372001651926114354858346286",
    "entry_price": 0.76,
    "shares": 6.493504,
    "cost_usdc": 4.999998,
    "open_order_id": "0xb1c31c5498e09f4696715e34dfe5b79dfa1264d1d28f718fdaace34b4562961e",
    "open_tx": "0x16a2c142e1d88926d01f170d2a60a7f7cfd30201fd22db7a29169bb1a21e2d43"
  },
  "stop_loss_price": 0.07599999999999998,
  "last_side_price": 0.875,
  "last_check_at": "2026-09-16T15:19:38.008901Z",
  "close_debug": [
    {
      "ts": "2026-09-16T15:19:48.312589Z",
      "attempt": 1,
      "order_type": "FAK",
      "status": "matched",
      "close_skipped": ""
    }
  ],
  "close_raw": "{\"mode\": \"close\", \"execute\": true, \"market_slug\": \"btc-updown-5m-1789571700\", \"token_id\": \"47741099626512957966595123799833790335883617473268372001651926114354858346286\", \"requested_shares\": 6.493504, \"close_order_type\": \"FAK\", \"close_limit_price\": null, \"available_shares\": 6.493504, \"sell_shares\": 6.4935, \"order_post_result\": {\"errorMsg\": \"\", \"orderID\": \"0x2ab259ecb00680662549f1805281665bd43bbae42666d622a69568110a65f77d\", \"takingAmount\": \"6.4251\", \"makingAmount\": \"6.49\", \"status\": \"matched\", \"transactionsHashes\": [\"0x38864cb309b7d1fcce60d6f52293ad2d4a3b99e43332a865c424e45f65c7a5f2\"], \"success\": true}, \"close_skipped\": \"\"}\n\n[py_clob_client_v2] request error status=400 url=https://clob.polymarket.com/auth/api-key body={\"error\":\"Could not create api key\"}\n\n",
  "closed": {
    "close_reason": "time_exit_20s_before_end",
    "closed_at": "2026-09-16T15:19:48.312606Z",
    "close_success": true,
    "close_status": "matched",
    "close_order_id": "0x2ab259ecb00680662549f1805281665bd43bbae42666d622a69568110a65f77d",
    "close_tx": "0x38864cb309b7d1fcce60d6f52293ad2d4a3b99e43332a865c424e45f65c7a5f2",
    "close_shares": 6.49,
    "close_usdc": 6.4251,
    "close_skipped": ""
  },
  "realized_cashflow_pnl_usdc": 1.425102,
  "finished_at": "2026-09-16T15:19:48.312620Z",
  "result": "done"
}
[2026-09-16T15:19:48Z] session_end rc=0 trades=14 stake_usd=5.0
journal_ok trades=59 md=/home/yukeen/polymarketbot/5min-btc-polymarket/data/live_trades.md json=/home/yukeen/polymarketbot/5min-btc-polymarket/data/live_trades.json
[py_clob_client_v2] request error: [Errno -3] Temporary failure in name resolution
[2026-09-16T15:21:25Z] cash=60.50059
{"martingale": true, "next_stake": 5.0, "loss_streak": 0, "last_outcome": "win", "last_opened_at": "2026-09-16T15:15:47.627074Z", "applied": 1}
[2026-09-16T15:21:33Z] session_begin trades=14 stake_usd=5.0
[py_clob_client_v2] request error status=400 url=https://clob.polymarket.com/auth/api-key body={"error":"Could not create api key"}

{
  "started_at": "2026-09-16T15:21:33.900646Z",
  "params": {
    "profile": "conservative",
    "threshold": 0.7,
    "stake_usd": 5.0,
    "stop_loss_pct": 0.9,
    "exit_before_sec": 20,
    "min_entry_seconds_left": 60,
    "entry_timeout_min": 12,
    "poll_sec": 5.0,
    "close_retry_max": 30,
    "close_retry_delay_sec": 2.0,
    "execute": true
  },
  "attempts": [
    {
      "ts": "2026-09-16T15:21:35.157604Z",
      "slug": "btc-updown-5m-1789572000",
      "status": "heartbeat",
      "gamma_up": 0.505,
      "gamma_down": 0.495,
      "clob_up_ask": 0.62,
      "clob_down_ask": 0.39,
      "seconds_left": 205.72256231307983,
      "min_spread": 0.010000000000000009
    },
    {
      "ts": "2026-09-16T15:21:35.157621Z",
      "slug": "btc-updown-5m-1789572000",
      "status": "skip_price_below_threshold",
      "threshold": 0.7,
      "clob_up_ask": 0.62,
      "clob_down_ask": 0.39,
      "seconds_left": 205.72256231307983
    },
    {
      "ts": "2026-09-16T15:21:41.293357Z",
      "slug": "btc-updown-5m-1789572000",
      "status": "heartbeat",
      "gamma_up": 0.505,
      "gamma_down": 0.495,
      "clob_up_ask": 0.77,
      "clob_down_ask": 0.24,
      "seconds_left": 199.53610682487488,
      "min_spread": 0.009999999999999981
    }
  ],
  "open_raw": "{\"mode\": \"open\", \"execute\": true, \"market_slug\": \"btc-updown-5m-1789572000\", \"force_side\": \"UP\", \"token_id\": \"7399180074991781230623763150029660630048623117712947887182539678557811910134\", \"entry_price\": 0.75, \"notional_usd\": 5.0, \"top_ask_notional_usd\": 238.695, \"collateral_pusd\": 60.50059, \"order_post_result\": {\"errorMsg\": \"\", \"orderID\": \"0x35f19549876f213316cfe3790f6f3d17e46a1b2d857f3d62ce43c901e9af45d8\", \"takingAmount\": \"6.329114\", \"makingAmount\": \"5\", \"status\": \"matched\", \"transactionsHashes\": [\"0xbf1124a8fc862b92d0500ae2b51e89f68904d20bd36d95dc924d7d8911b6681c\"], \"success\": true}}\n\n[py_clob_client_v2] request error status=400 url=https://clob.polymarket.com/auth/api-key body={\"error\":\"Could not create api key\"}\n\n",
  "opened": {
    "opened_at": "2026-09-16T15:21:49.132190Z",
    "market_slug": "btc-updown-5m-1789572000",
    "market_end_iso": "2026-09-16T15:25:00Z",
    "side": "UP",
    "token_id": "7399180074991781230623763150029660630048623117712947887182539678557811910134",
    "entry_price": 0.75,
    "shares": 6.329114,
    "cost_usdc": 5.0,
    "open_order_id": "0x35f19549876f213316cfe3790f6f3d17e46a1b2d857f3d62ce43c901e9af45d8",
    "open_tx": "0xbf1124a8fc862b92d0500ae2b51e89f68904d20bd36d95dc924d7d8911b6681c"
  },
  "stop_loss_price": 0.07499999999999998,
  "last_side_price": 0.555,
  "last_check_at": "2026-09-16T15:24:35.955411Z",
  "close_debug": [
    {
      "ts": "2026-09-16T15:24:48.579577Z",
      "attempt": 1,
      "order_type": "FAK",
      "status": "matched",
      "close_skipped": ""
    }
  ],
  "close_raw": "{\"mode\": \"close\", \"execute\": true, \"market_slug\": \"btc-updown-5m-1789572000\", \"token_id\": \"7399180074991781230623763150029660630048623117712947887182539678557811910134\", \"requested_shares\": 6.329114, \"close_order_type\": \"FAK\", \"close_limit_price\": null, \"available_shares\": 6.329114, \"sell_shares\": 6.3291, \"order_post_result\": {\"errorMsg\": \"\", \"orderID\": \"0x1421320b782c62d60a1d9bdae3c1216f56e058681589e5721b2a643e6a3583e5\", \"takingAmount\": \"6.2568\", \"makingAmount\": \"6.32\", \"status\": \"matched\", \"transactionsHashes\": [\"0x708706841791086c2c996c6e449cec9784e36be94f85de1860971470dd1f7b92\"], \"success\": true}, \"close_skipped\": \"\"}\n\n[py_clob_client_v2] request error status=400 url=https://clob.polymarket.com/auth/api-key body={\"error\":\"Could not create api key\"}\n\n",
  "closed": {
    "close_reason": "time_exit_20s_before_end",
    "closed_at": "2026-09-16T15:24:48.579595Z",
    "close_success": true,
    "close_status": "matched",
    "close_order_id": "0x1421320b782c62d60a1d9bdae3c1216f56e058681589e5721b2a643e6a3583e5",
    "close_tx": "0x708706841791086c2c996c6e449cec9784e36be94f85de1860971470dd1f7b92",
    "close_shares": 6.32,
    "close_usdc": 6.2568,
    "close_skipped": ""
  },
  "realized_cashflow_pnl_usdc": 1.2568,
  "finished_at": "2026-09-16T15:24:48.579610Z",
  "result": "done"
}
[2026-09-16T15:24:48Z] session_end rc=0 trades=15 stake_usd=5.0
journal_ok trades=60 md=/home/yukeen/polymarketbot/5min-btc-polymarket/data/live_trades.md json=/home/yukeen/polymarketbot/5min-btc-polymarket/data/live_trades.json
[py_clob_client_v2] request error status=400 url=https://clob.polymarket.com/auth/api-key body={"error":"Could not create api key"}

[2026-09-16T15:25:28Z] cash=61.67952
{"martingale": true, "next_stake": 5.0, "loss_streak": 0, "last_outcome": "win", "last_opened_at": "2026-09-16T15:21:49.132190Z", "applied": 1}
[2026-09-16T15:25:36Z] session_begin trades=15 stake_usd=5.0
[py_clob_client_v2] request error status=400 url=https://clob.polymarket.com/auth/api-key body={"error":"Could not create api key"}

{
  "started_at": "2026-09-16T15:25:36.702433Z",
  "params": {
    "profile": "conservative",
    "threshold": 0.7,
    "stake_usd": 5.0,
    "stop_loss_pct": 0.9,
    "exit_before_sec": 20,
    "min_entry_seconds_left": 60,
    "entry_timeout_min": 12,
    "poll_sec": 5.0,
    "close_retry_max": 30,
    "close_retry_delay_sec": 2.0,
    "execute": true
  },
  "attempts": [
    {
      "ts": "2026-09-16T15:25:37.861523Z",
      "slug": "btc-updown-5m-1789572300",
      "status": "heartbeat",
      "gamma_up": 0.505,
      "gamma_down": 0.495,
      "clob_up_ask": 0.42,
      "clob_down_ask": 0.56,
      "seconds_left": 262.96259450912476,
      "min_spread": 0.010000000000000009
    },
    {
      "ts": "2026-09-16T15:25:37.861541Z",
      "slug": "btc-updown-5m-1789572300",
      "status": "skip_price_below_threshold",
      "threshold": 0.7,
      "clob_up_ask": 0.42,
      "clob_down_ask": 0.56,
      "seconds_left": 262.96259450912476
    },
    {
      "ts": "2026-09-16T15:25:44.024254Z",
      "slug": "btc-updown-5m-1789572300",
      "status": "heartbeat",
      "gamma_up": 0.505,
      "gamma_down": 0.495,
      "clob_up_ask": 0.47,
      "clob_down_ask": 0.54,
      "seconds_left": 256.7919180393219,
      "min_spread": 0.009999999999999953
    },
    {
      "ts": "2026-09-16T15:25:44.024279Z",
      "slug": "btc-updown-5m-1789572300",
      "status": "skip_price_below_threshold",
      "threshold": 0.7,
      "clob_up_ask": 0.47,
      "clob_down_ask": 0.54,
      "seconds_left": 256.7919180393219
    },
    {
      "ts": "2026-09-16T15:25:50.246086Z",
      "slug": "btc-updown-5m-1789572300",
      "status": "heartbeat",
      "gamma_up": 0.505,
      "gamma_down": 0.495,
      "clob_up_ask": 0.47,
      "clob_down_ask": 0.54,
      "seconds_left": 250.63815093040466,
      "min_spread": 0.009999999999999953
    },
    {
      "ts": "2026-09-16T15:25:50.246113Z",
      "slug": "btc-updown-5m-1789572300",
      "status": "skip_price_below_threshold",
      "threshold": 0.7,
      "clob_up_ask": 0.47,
      "clob_down_ask": 0.54,
      "seconds_left": 250.63815093040466
    },
    {
      "ts": "2026-09-16T15:25:59.286397Z",
      "slug": "btc-updown-5m-1789572300",
      "status": "heartbeat",
      "gamma_up": 0.505,
      "gamma_down": 0.495,
      "clob_up_ask": 0.51,
      "clob_down_ask": 0.5,
      "seconds_left": 241.4648995399475,
      "min_spread": 0.010000000000000009
    },
    {
      "ts": "2026-09-16T15:25:59.286415Z",
      "slug": "btc-updown-5m-1789572300",
      "status": "skip_price_below_threshold",
      "threshold": 0.7,
      "clob_up_ask": 0.51,
      "clob_down_ask": 0.5,
      "seconds_left": 241.4648995399475
    },
    {
      "ts": "2026-09-16T15:26:05.381858Z",
      "slug": "btc-updown-5m-1789572300",
      "status": "heartbeat",
      "gamma_up": 0.505,
      "gamma_down": 0.495,
      "clob_up_ask": 0.55,
      "clob_down_ask": 0.47,
      "seconds_left": 235.39186811447144,
      "min_spread": 0.009999999999999953
    },
    {
      "ts": "2026-09-16T15:26:05.381881Z",
      "slug": "btc-updown-5m-1789572300",
      "status": "skip_price_below_threshold",
      "threshold": 0.7,
      "clob_up_ask": 0.55,
      "clob_down_ask": 0.47,
      "seconds_left": 235.39186811447144
    },
    {
      "ts": "2026-09-16T15:26:11.496066Z",
      "slug": "btc-updown-5m-1789572300",
      "status": "heartbeat",
      "gamma_up": 0.505,
      "gamma_down": 0.495,
      "clob_up_ask": 0.59,
      "clob_down_ask": 0.43,
      "seconds_left": 229.29544258117676,
      "min_spread": 0.010000000000000009
    },
    {
      "ts": "2026-09-16T15:26:11.496089Z",
      "slug": "btc-updown-5m-1789572300",
      "status": "skip_price_below_threshold",
      "threshold": 0.7,
      "clob_up_ask": 0.59,
      "clob_down_ask": 0.43,
      "seconds_left": 229.29544258117676
    },
    {
      "ts": "2026-09-16T15:26:17.555660Z",
      "slug": "btc-updown-5m-1789572300",
      "status": "heartbeat",
      "gamma_up": 0.505,
      "gamma_down": 0.495,
      "clob_up_ask": 0.6,
      "clob_down_ask": 0.41,
      "seconds_left": 223.2038242816925,
      "min_spread": 0.009999999999999953
    },
    {
      "ts": "2026-09-16T15:26:17.555687Z",
      "slug": "btc-updown-5m-1789572300",
      "status": "skip_price_below_threshold",
      "threshold": 0.7,
      "clob_up_ask": 0.6,
      "clob_down_ask": 0.41,
      "seconds_left": 223.2038242816925
    },
    {
      "ts": "2026-09-16T15:26:23.814418Z",
      "slug": "btc-updown-5m-1789572300",
      "status": "heartbeat",
      "gamma_up": 0.505,
      "gamma_down": 0.495,
      "clob_up_ask": 0.67,
      "clob_down_ask": 0.34,
      "seconds_left": 216.97993350028992,
      "min_spread": 0.010000000000000009
    },
    {
      "ts": "2026-09-16T15:26:23.814442Z",
      "slug": "btc-updown-5m-1789572300",
      "status": "skip_price_below_threshold",
      "threshold": 0.7,
      "clob_up_ask": 0.67,
      "clob_down_ask": 0.34,
      "seconds_left": 216.97993350028992
    },
    {
      "ts": "2026-09-16T15:26:32.875415Z",
      "slug": "btc-updown-5m-1789572300",
      "status": "heartbeat",
      "gamma_up": 0.505,
      "gamma_down": 0.495,
      "clob_up_ask": 0.39,
      "clob_down_ask": 0.61,
      "seconds_left": 207.89264249801636,
      "min_spread": 0.010000000000000009
    },
    {
      "ts": "2026-09-16T15:26:32.875437Z",
      "slug": "btc-updown-5m-1789572300",
      "status": "skip_price_below_threshold",
      "threshold": 0.7,
      "clob_up_ask": 0.39,
      "clob_down_ask": 0.61,
      "seconds_left": 207.89264249801636
    },
    {
      "ts": "2026-09-16T15:26:38.944592Z",
      "slug": "btc-updown-5m-1789572300",
      "status": "heartbeat",
      "gamma_up": 0.505,
      "gamma_down": 0.495,
      "clob_up_ask": 0.41,
      "clob_down_ask": 0.6,
      "seconds_left": 201.82362031936646,
      "min_spread": 0.009999999999999953
    },
    {
      "ts": "2026-09-16T15:26:38.944618Z",
      "slug": "btc-updown-5m-1789572300",
      "status": "skip_price_below_threshold",
      "threshold": 0.7,
      "clob_up_ask": 0.41,
      "clob_down_ask": 0.6,
      "seconds_left": 201.82362031936646
    },
    {
      "ts": "2026-09-16T15:26:45.140772Z",
      "slug": "btc-updown-5m-1789572300",
      "status": "heartbeat",
      "gamma_up": 0.505,
      "gamma_down": 0.495,
      "clob_up_ask": 0.36,
      "clob_down_ask": 0.65,
      "seconds_left": 195.72817873954773,
      "min_spread": 0.010000000000000009
    },
    {
      "ts": "2026-09-16T15:26:45.140796Z",
      "slug": "btc-updown-5m-1789572300",
      "status": "skip_price_below_threshold",
      "threshold": 0.7,
      "clob_up_ask": 0.36,
      "clob_down_ask": 0.65,
      "seconds_left": 195.72817873954773
    },
    {
      "ts": "2026-09-16T15:26:51.310725Z",
      "slug": "btc-updown-5m-1789572300",
      "status": "heartbeat",
      "gamma_up": 0.505,
      "gamma_down": 0.495,
      "clob_up_ask": 0.37,
      "clob_down_ask": 0.64,
      "seconds_left": 189.5015413761139,
      "min_spread": 0.010000000000000009
    },
    {
      "ts": "2026-09-16T15:26:51.310753Z",
      "slug": "btc-updown-5m-1789572300",
      "status": "skip_price_below_threshold",
      "threshold": 0.7,
      "clob_up_ask": 0.37,
      "clob_down_ask": 0.64,
      "seconds_left": 189.5015413761139
    },
    {
      "ts": "2026-09-16T15:26:57.406330Z",
      "slug": "btc-updown-5m-1789572300",
      "status": "heartbeat",
      "gamma_up": 0.355,
      "gamma_down": 0.645,
      "clob_up_ask": 0.31,
      "clob_down_ask": 0.71,
      "seconds_left": 183.36915612220764,
      "min_spread": 0.010000000000000009
    }
  ],
  "open_raw": "{\"mode\": \"open\", \"execute\": true, \"market_slug\": \"btc-updown-5m-1789572300\", \"force_side\": \"DOWN\", \"token_id\": \"111112751779895014971434207950415121975649166622882940241997969817491320058442\", \"entry_price\": 0.78, \"notional_usd\": 5.0, \"top_ask_notional_usd\": 385.6476, \"collateral_pusd\": 61.67952, \"order_post_result\": {\"errorMsg\": \"\", \"orderID\": \"0x4d22fb2feccfd1dce5964bf50499090484feb0808c7a5570e4c2ea8b05f7aea4\", \"takingAmount\": \"7.042251\", \"makingAmount\": \"4.999998\", \"status\": \"matched\", \"transactionsHashes\": [\"0x01cb7c4fe08cdc68b8d51f47eadabdb483d6c5de46bfcc093c3668faec66671c\"], \"success\": true}}\n\n[py_clob_client_v2] request error status=400 url=https://clob.polymarket.com/auth/api-key body={\"error\":\"Could not create api key\"}\n\n",
  "opened": {
    "opened_at": "2026-09-16T15:27:06.589186Z",
    "market_slug": "btc-updown-5m-1789572300",
    "market_end_iso": "2026-09-16T15:30:00Z",
    "side": "DOWN",
    "token_id": "111112751779895014971434207950415121975649166622882940241997969817491320058442",
    "entry_price": 0.78,
    "shares": 7.042251,
    "cost_usdc": 4.999998,
    "open_order_id": "0x4d22fb2feccfd1dce5964bf50499090484feb0808c7a5570e4c2ea8b05f7aea4",
    "open_tx": "0x01cb7c4fe08cdc68b8d51f47eadabdb483d6c5de46bfcc093c3668faec66671c"
  },
  "stop_loss_price": 0.07799999999999999,
  "last_side_price": 0.645,
  "last_check_at": "2026-09-16T15:29:37.255231Z",
  "close_debug": [
    {
      "ts": "2026-09-16T15:29:47.316497Z",
      "attempt": 1,
      "order_type": "FAK",
      "status": "matched",
      "close_skipped": ""
    }
  ],
  "close_raw": "{\"mode\": \"close\", \"execute\": true, \"market_slug\": \"btc-updown-5m-1789572300\", \"token_id\": \"111112751779895014971434207950415121975649166622882940241997969817491320058442\", \"requested_shares\": 7.042251, \"close_order_type\": \"FAK\", \"close_limit_price\": null, \"available_shares\": 7.042251, \"sell_shares\": 7.0422, \"order_post_result\": {\"errorMsg\": \"\", \"orderID\": \"0xd4f3ff860f256e4533c946d79576b5f86c434661ca1dfb231f04a027f1c514f4\", \"takingAmount\": \"6.9696\", \"makingAmount\": \"7.04\", \"status\": \"matched\", \"transactionsHashes\": [\"0xcaffda5949e0b9ce72733252e2b87e559f301718fcae2ffaa1741604d2f7042b\"], \"success\": true}, \"close_skipped\": \"\"}\n\n[py_clob_client_v2] request error status=400 url=https://clob.polymarket.com/auth/api-key body={\"error\":\"Could not create api key\"}\n\n",
  "closed": {
    "close_reason": "time_exit_20s_before_end",
    "closed_at": "2026-09-16T15:29:47.316529Z",
    "close_success": true,
    "close_status": "matched",
    "close_order_id": "0xd4f3ff860f256e4533c946d79576b5f86c434661ca1dfb231f04a027f1c514f4",
    "close_tx": "0xcaffda5949e0b9ce72733252e2b87e559f301718fcae2ffaa1741604d2f7042b",
    "close_shares": 7.04,
    "close_usdc": 6.9696,
    "close_skipped": ""
  },
  "realized_cashflow_pnl_usdc": 1.969602,
  "finished_at": "2026-09-16T15:29:47.316552Z",
  "result": "done"
}
[2026-09-16T15:29:47Z] session_end rc=0 trades=16 stake_usd=5.0
journal_ok trades=61 md=/home/yukeen/polymarketbot/5min-btc-polymarket/data/live_trades.md json=/home/yukeen/polymarketbot/5min-btc-polymarket/data/live_trades.json
[py_clob_client_v2] request error status=400 url=https://clob.polymarket.com/auth/api-key body={"error":"Could not create api key"}

[2026-09-16T15:30:28Z] cash=63.542762
{"martingale": true, "next_stake": 5.0, "loss_streak": 0, "last_outcome": "win", "last_opened_at": "2026-09-16T15:27:06.589186Z", "applied": 1}
[2026-09-16T15:30:39Z] session_begin trades=16 stake_usd=5.0
[py_clob_client_v2] request error status=400 url=https://clob.polymarket.com/auth/api-key body={"error":"Could not create api key"}

{
  "started_at": "2026-09-16T15:30:39.980224Z",
  "params": {
    "profile": "conservative",
    "threshold": 0.7,
    "stake_usd": 5.0,
    "stop_loss_pct": 0.9,
    "exit_before_sec": 20,
    "min_entry_seconds_left": 60,
    "entry_timeout_min": 12,
    "poll_sec": 5.0,
    "close_retry_max": 30,
    "close_retry_delay_sec": 2.0,
    "execute": true
  },
  "attempts": [
    {
      "ts": "2026-09-16T15:30:41.204358Z",
      "slug": "btc-updown-5m-1789572600",
      "status": "heartbeat",
      "gamma_up": 0.495,
      "gamma_down": 0.505,
      "clob_up_ask": 0.2,
      "clob_down_ask": 0.81,
      "seconds_left": 259.5674560070038,
      "min_spread": 0.010000000000000009
    }
  ],
  "open_raw": "{\"mode\": \"open\", \"execute\": true, \"market_slug\": \"btc-updown-5m-1789572600\", \"force_side\": \"DOWN\", \"token_id\": \"78746099587851431688177144414837211176772220473598108352776297714788615556823\", \"entry_price\": 0.8, \"notional_usd\": 5.0, \"top_ask_notional_usd\": 40.0, \"collateral_pusd\": 63.542762, \"order_post_result\": {\"errorMsg\": \"\", \"orderID\": \"0xfb440fa712cad785e855934460735353b5e4575d348bbd1c77920cdcb27cd23d\", \"takingAmount\": \"5.952381\", \"makingAmount\": \"5\", \"status\": \"matched\", \"transactionsHashes\": [\"0x6665808a9ba670fdba3e5c923da26411a78313177bb627e39b1591015a589dbf\"], \"success\": true}}\n\n[py_clob_client_v2] request error status=400 url=https://clob.polymarket.com/auth/api-key body={\"error\":\"Could not create api key\"}\n\n",
  "opened": {
    "opened_at": "2026-09-16T15:30:46.512410Z",
    "market_slug": "btc-updown-5m-1789572600",
    "market_end_iso": "2026-09-16T15:35:00Z",
    "side": "DOWN",
    "token_id": "78746099587851431688177144414837211176772220473598108352776297714788615556823",
    "entry_price": 0.8,
    "shares": 5.952381,
    "cost_usdc": 5.0,
    "open_order_id": "0xfb440fa712cad785e855934460735353b5e4575d348bbd1c77920cdcb27cd23d",
    "open_tx": "0x6665808a9ba670fdba3e5c923da26411a78313177bb627e39b1591015a589dbf"
  },
  "stop_loss_price": 0.07999999999999999,
  "last_side_price": 0.905,
  "last_check_at": "2026-09-16T15:34:37.846223Z",
  "close_debug": [
    {
      "ts": "2026-09-16T15:34:50.342959Z",
      "attempt": 1,
      "order_type": "FAK",
      "status": "matched",
      "close_skipped": ""
    }
  ],
  "close_raw": "{\"mode\": \"close\", \"execute\": true, \"market_slug\": \"btc-updown-5m-1789572600\", \"token_id\": \"78746099587851431688177144414837211176772220473598108352776297714788615556823\", \"requested_shares\": 5.952381, \"close_order_type\": \"FAK\", \"close_limit_price\": null, \"available_shares\": 5.952381, \"sell_shares\": 5.9523, \"order_post_result\": {\"errorMsg\": \"\", \"orderID\": \"0x690ffb994f7be067653f6eb95f0a5450a78b975f42bf63eec607c7ce75469293\", \"takingAmount\": \"5.8905\", \"makingAmount\": \"5.95\", \"status\": \"matched\", \"transactionsHashes\": [\"0xf6153a924bc5c3633268a34d795dbedf8d867ae1a2821a4b937173d76efaa3d7\"], \"success\": true}, \"close_skipped\": \"\"}\n\n[py_clob_client_v2] request error status=400 url=https://clob.polymarket.com/auth/api-key body={\"error\":\"Could not create api key\"}\n\n",
  "closed": {
    "close_reason": "time_exit_20s_before_end",
    "closed_at": "2026-09-16T15:34:50.342991Z",
    "close_success": true,
    "close_status": "matched",
    "close_order_id": "0x690ffb994f7be067653f6eb95f0a5450a78b975f42bf63eec607c7ce75469293",
    "close_tx": "0xf6153a924bc5c3633268a34d795dbedf8d867ae1a2821a4b937173d76efaa3d7",
    "close_shares": 5.95,
    "close_usdc": 5.8905,
    "close_skipped": ""
  },
  "realized_cashflow_pnl_usdc": 0.8905,
  "finished_at": "2026-09-16T15:34:50.343016Z",
  "result": "done"
}
[2026-09-16T15:34:50Z] session_end rc=0 trades=17 stake_usd=5.0
journal_ok trades=62 md=/home/yukeen/polymarketbot/5min-btc-polymarket/data/live_trades.md json=/home/yukeen/polymarketbot/5min-btc-polymarket/data/live_trades.json
[py_clob_client_v2] request error status=400 url=https://clob.polymarket.com/auth/api-key body={"error":"Could not create api key"}

[2026-09-16T15:35:32Z] cash=64.373142
{"martingale": true, "next_stake": 5.0, "loss_streak": 0, "last_outcome": "win", "last_opened_at": "2026-09-16T15:30:46.512410Z", "applied": 1}
[2026-09-16T15:35:40Z] session_begin trades=17 stake_usd=5.0
[py_clob_client_v2] request error status=400 url=https://clob.polymarket.com/auth/api-key body={"error":"Could not create api key"}

{
  "started_at": "2026-09-16T15:35:41.327238Z",
  "params": {
    "profile": "conservative",
    "threshold": 0.7,
    "stake_usd": 5.0,
    "stop_loss_pct": 0.9,
    "exit_before_sec": 20,
    "min_entry_seconds_left": 60,
    "entry_timeout_min": 12,
    "poll_sec": 5.0,
    "close_retry_max": 30,
    "close_retry_delay_sec": 2.0,
    "execute": true
  },
  "attempts": [
    {
      "ts": "2026-09-16T15:35:42.440015Z",
      "slug": "btc-updown-5m-1789572900",
      "status": "heartbeat",
      "gamma_up": 0.505,
      "gamma_down": 0.495,
      "clob_up_ask": 0.71,
      "clob_down_ask": 0.3,
      "seconds_left": 258.36986804008484,
      "min_spread": 0.010000000000000009
    }
  ],
  "open_raw": "{\"mode\": \"open\", \"execute\": true, \"market_slug\": \"btc-updown-5m-1789572900\", \"force_side\": \"UP\", \"token_id\": \"54489608191963258949950380081976287510689158965407671956361856189207867351457\", \"entry_price\": 0.64, \"notional_usd\": 5.0, \"top_ask_notional_usd\": 269.44, \"collateral_pusd\": 64.373142, \"order_post_result\": {\"errorMsg\": \"\", \"orderID\": \"0xaf5deb5a33eab9ce4127129ede3f0cb7d9e98c208d7fa87a81746daf913f336e\", \"takingAmount\": \"7.042254\", \"makingAmount\": \"5\", \"status\": \"matched\", \"transactionsHashes\": [\"0xb847fd35896931696c546e7f0a96600e3bb2590811b79c55908305fde7856fa0\"], \"success\": true}}\n\n[py_clob_client_v2] request error status=400 url=https://clob.polymarket.com/auth/api-key body={\"error\":\"Could not create api key\"}\n\n",
  "opened": {
    "opened_at": "2026-09-16T15:35:48.005636Z",
    "market_slug": "btc-updown-5m-1789572900",
    "market_end_iso": "2026-09-16T15:40:00Z",
    "side": "UP",
    "token_id": "54489608191963258949950380081976287510689158965407671956361856189207867351457",
    "entry_price": 0.64,
    "shares": 7.042254,
    "cost_usdc": 5.0,
    "open_order_id": "0xaf5deb5a33eab9ce4127129ede3f0cb7d9e98c208d7fa87a81746daf913f336e",
    "open_tx": "0xb847fd35896931696c546e7f0a96600e3bb2590811b79c55908305fde7856fa0"
  },
  "stop_loss_price": 0.06399999999999999,
  "last_side_price": 0.935,
  "last_check_at": "2026-09-16T15:39:36.632514Z",
  "close_debug": [
    {
      "ts": "2026-09-16T15:39:46.343761Z",
      "attempt": 1,
      "order_type": "FAK",
      "status": "matched",
      "close_skipped": ""
    }
  ],
  "close_raw": "{\"mode\": \"close\", \"execute\": true, \"market_slug\": \"btc-updown-5m-1789572900\", \"token_id\": \"54489608191963258949950380081976287510689158965407671956361856189207867351457\", \"requested_shares\": 7.042254, \"close_order_type\": \"FAK\", \"close_limit_price\": null, \"available_shares\": 7.042254, \"sell_shares\": 7.0422, \"order_post_result\": {\"errorMsg\": \"\", \"orderID\": \"0xc0785b7f5ebda52bf471ef052ff75f495d12a1623d2dde67ed6c5de4bb2e3f0d\", \"takingAmount\": \"6.9696\", \"makingAmount\": \"7.04\", \"status\": \"matched\", \"transactionsHashes\": [\"0xd4f08bdcd6c8c82ea1577ff566876deb6dec9d37f53253c534b85537a0da91b5\"], \"success\": true}, \"close_skipped\": \"\"}\n\n[py_clob_client_v2] request error status=400 url=https://clob.polymarket.com/auth/api-key body={\"error\":\"Could not create api key\"}\n\n",
  "closed": {
    "close_reason": "time_exit_20s_before_end",
    "closed_at": "2026-09-16T15:39:46.343778Z",
    "close_success": true,
    "close_status": "matched",
    "close_order_id": "0xc0785b7f5ebda52bf471ef052ff75f495d12a1623d2dde67ed6c5de4bb2e3f0d",
    "close_tx": "0xd4f08bdcd6c8c82ea1577ff566876deb6dec9d37f53253c534b85537a0da91b5",
    "close_shares": 7.04,
    "close_usdc": 6.9696,
    "close_skipped": ""
  },
  "realized_cashflow_pnl_usdc": 1.9696,
  "finished_at": "2026-09-16T15:39:46.343790Z",
  "result": "done"
}
[2026-09-16T15:39:46Z] session_end rc=0 trades=18 stake_usd=5.0
journal_ok trades=63 md=/home/yukeen/polymarketbot/5min-btc-polymarket/data/live_trades.md json=/home/yukeen/polymarketbot/5min-btc-polymarket/data/live_trades.json
[py_clob_client_v2] request error status=400 url=https://clob.polymarket.com/auth/api-key body={"error":"Could not create api key"}

[2026-09-16T15:40:28Z] cash=66.236372
{"martingale": true, "next_stake": 5.0, "loss_streak": 0, "last_outcome": "win", "last_opened_at": "2026-09-16T15:35:48.005636Z", "applied": 1}
[2026-09-16T15:40:36Z] session_begin trades=18 stake_usd=5.0
[py_clob_client_v2] request error status=400 url=https://clob.polymarket.com/auth/api-key body={"error":"Could not create api key"}

{
  "started_at": "2026-09-16T15:40:36.879410Z",
  "params": {
    "profile": "conservative",
    "threshold": 0.7,
    "stake_usd": 5.0,
    "stop_loss_pct": 0.9,
    "exit_before_sec": 20,
    "min_entry_seconds_left": 60,
    "entry_timeout_min": 12,
    "poll_sec": 5.0,
    "close_retry_max": 30,
    "close_retry_delay_sec": 2.0,
    "execute": true
  },
  "attempts": [
    {
      "ts": "2026-09-16T15:40:41.150672Z",
      "slug": "btc-updown-5m-1789573200",
      "status": "heartbeat",
      "gamma_up": 0.505,
      "gamma_down": 0.495,
      "clob_up_ask": 0.57,
      "clob_down_ask": 0.46,
      "seconds_left": 262.59772634506226,
      "min_spread": 0.009999999999999898
    },
    {
      "ts": "2026-09-16T15:40:41.150712Z",
      "slug": "btc-updown-5m-1789573200",
      "status": "skip_price_below_threshold",
      "threshold": 0.7,
      "clob_up_ask": 0.57,
      "clob_down_ask": 0.46,
      "seconds_left": 262.59772634506226
    },
    {
      "ts": "2026-09-16T15:40:47.301396Z",
      "slug": "btc-updown-5m-1789573200",
      "status": "heartbeat",
      "gamma_up": 0.505,
      "gamma_down": 0.495,
      "clob_up_ask": 0.6,
      "clob_down_ask": 0.41,
      "seconds_left": 253.46881985664368,
      "min_spread": 0.009999999999999953
    },
    {
      "ts": "2026-09-16T15:40:47.301426Z",
      "slug": "btc-updown-5m-1789573200",
      "status": "skip_price_below_threshold",
      "threshold": 0.7,
      "clob_up_ask": 0.6,
      "clob_down_ask": 0.41,
      "seconds_left": 253.46881985664368
    },
    {
      "ts": "2026-09-16T15:40:53.557579Z",
      "slug": "btc-updown-5m-1789573200",
      "status": "heartbeat",
      "gamma_up": 0.505,
      "gamma_down": 0.495,
      "clob_up_ask": 0.57,
      "clob_down_ask": 0.44,
      "seconds_left": 247.233491897583,
      "min_spread": 0.009999999999999898
    },
    {
      "ts": "2026-09-16T15:40:53.557602Z",
      "slug": "btc-updown-5m-1789573200",
      "status": "skip_price_below_threshold",
      "threshold": 0.7,
      "clob_up_ask": 0.57,
      "clob_down_ask": 0.44,
      "seconds_left": 247.233491897583
    },
    {
      "ts": "2026-09-16T15:40:59.703655Z",
      "slug": "btc-updown-5m-1789573200",
      "status": "heartbeat",
      "gamma_up": 0.505,
      "gamma_down": 0.495,
      "clob_up_ask": 0.57,
      "clob_down_ask": 0.42,
      "seconds_left": 241.10132098197937,
      "min_spread": 0.009999999999999898
    },
    {
      "ts": "2026-09-16T15:40:59.703668Z",
      "slug": "btc-updown-5m-1789573200",
      "status": "skip_price_below_threshold",
      "threshold": 0.7,
      "clob_up_ask": 0.57,
      "clob_down_ask": 0.42,
      "seconds_left": 241.10132098197937
    },
    {
      "ts": "2026-09-16T15:41:05.791489Z",
      "slug": "btc-updown-5m-1789573200",
      "status": "heartbeat",
      "gamma_up": 0.505,
      "gamma_down": 0.495,
      "clob_up_ask": 0.51,
      "clob_down_ask": 0.5,
      "seconds_left": 234.9872727394104,
      "min_spread": 0.010000000000000009
    },
    {
      "ts": "2026-09-16T15:41:05.791514Z",
      "slug": "btc-updown-5m-1789573200",
      "status": "skip_price_below_threshold",
      "threshold": 0.7,
      "clob_up_ask": 0.51,
      "clob_down_ask": 0.5,
      "seconds_left": 234.9872727394104
    },
    {
      "ts": "2026-09-16T15:41:11.905861Z",
      "slug": "btc-updown-5m-1789573200",
      "status": "heartbeat",
      "gamma_up": 0.505,
      "gamma_down": 0.495,
      "clob_up_ask": 0.53,
      "clob_down_ask": 0.48,
      "seconds_left": 228.89279508590698,
      "min_spread": 0.010000000000000009
    },
    {
      "ts": "2026-09-16T15:41:11.905889Z",
      "slug": "btc-updown-5m-1789573200",
      "status": "skip_price_below_threshold",
      "threshold": 0.7,
      "clob_up_ask": 0.53,
      "clob_down_ask": 0.48,
      "seconds_left": 228.89279508590698
    },
    {
      "ts": "2026-09-16T15:41:20.972069Z",
      "slug": "btc-updown-5m-1789573200",
      "status": "heartbeat",
      "gamma_up": 0.505,
      "gamma_down": 0.495,
      "clob_up_ask": 0.58,
      "clob_down_ask": 0.45,
      "seconds_left": 219.81557369232178,
      "min_spread": 0.010000000000000009
    },
    {
      "ts": "2026-09-16T15:41:20.972084Z",
      "slug": "btc-updown-5m-1789573200",
      "status": "skip_price_below_threshold",
      "threshold": 0.7,
      "clob_up_ask": 0.58,
      "clob_down_ask": 0.45,
      "seconds_left": 219.81557369232178
    },
    {
      "ts": "2026-09-16T15:41:27.398616Z",
      "slug": "btc-updown-5m-1789573200",
      "status": "heartbeat",
      "gamma_up": 0.505,
      "gamma_down": 0.495,
      "clob_up_ask": 0.52,
      "clob_down_ask": 0.49,
      "seconds_left": 213.7272756099701,
      "min_spread": 0.010000000000000009
    },
    {
      "ts": "2026-09-16T15:41:27.398630Z",
      "slug": "btc-updown-5m-1789573200",
      "status": "skip_price_below_threshold",
      "threshold": 0.7,
      "clob_up_ask": 0.52,
      "clob_down_ask": 0.49,
      "seconds_left": 213.7272756099701
    },
    {
      "ts": "2026-09-16T15:41:33.486730Z",
      "slug": "btc-updown-5m-1789573200",
      "status": "heartbeat",
      "gamma_up": 0.505,
      "gamma_down": 0.495,
      "clob_up_ask": 0.69,
      "clob_down_ask": 0.36,
      "seconds_left": 207.28654885292053,
      "min_spread": 0.009999999999999898
    },
    {
      "ts": "2026-09-16T15:41:33.486758Z",
      "slug": "btc-updown-5m-1789573200",
      "status": "skip_price_below_threshold",
      "threshold": 0.7,
      "clob_up_ask": 0.69,
      "clob_down_ask": 0.36,
      "seconds_left": 207.28654885292053
    },
    {
      "ts": "2026-09-16T15:41:39.582226Z",
      "slug": "btc-updown-5m-1789573200",
      "status": "heartbeat",
      "gamma_up": 0.505,
      "gamma_down": 0.495,
      "clob_up_ask": 0.65,
      "clob_down_ask": 0.36,
      "seconds_left": 201.17873287200928,
      "min_spread": 0.010000000000000009
    },
    {
      "ts": "2026-09-16T15:41:39.582257Z",
      "slug": "btc-updown-5m-1789573200",
      "status": "skip_price_below_threshold",
      "threshold": 0.7,
      "clob_up_ask": 0.65,
      "clob_down_ask": 0.36,
      "seconds_left": 201.17873287200928
    },
    {
      "ts": "2026-09-16T15:41:45.704800Z",
      "slug": "btc-updown-5m-1789573200",
      "status": "heartbeat",
      "gamma_up": 0.505,
      "gamma_down": 0.495,
      "clob_up_ask": 0.65,
      "clob_down_ask": 0.4,
      "seconds_left": 195.09872603416443,
      "min_spread": 0.010000000000000009
    },
    {
      "ts": "2026-09-16T15:41:45.704814Z",
      "slug": "btc-updown-5m-1789573200",
      "status": "skip_price_below_threshold",
      "threshold": 0.7,
      "clob_up_ask": 0.65,
      "clob_down_ask": 0.4,
      "seconds_left": 195.09872603416443
    },
    {
      "ts": "2026-09-16T15:41:51.781695Z",
      "slug": "btc-updown-5m-1789573200",
      "status": "heartbeat",
      "gamma_up": 0.505,
      "gamma_down": 0.495,
      "clob_up_ask": 0.66,
      "clob_down_ask": 0.35,
      "seconds_left": 188.96782183647156,
      "min_spread": 0.009999999999999953
    },
    {
      "ts": "2026-09-16T15:41:51.781709Z",
      "slug": "btc-updown-5m-1789573200",
      "status": "skip_price_below_threshold",
      "threshold": 0.7,
      "clob_up_ask": 0.66,
      "clob_down_ask": 0.35,
      "seconds_left": 188.96782183647156
    },
    {
      "ts": "2026-09-16T15:41:58.006344Z",
      "slug": "btc-updown-5m-1789573200",
      "status": "heartbeat",
      "gamma_up": 0.665,
      "gamma_down": 0.335,
      "clob_up_ask": 0.66,
      "clob_down_ask": 0.35,
      "seconds_left": 182.90207743644714,
      "min_spread": 0.009999999999999953
    },
    {
      "ts": "2026-09-16T15:41:58.006365Z",
      "slug": "btc-updown-5m-1789573200",
      "status": "skip_price_below_threshold",
      "threshold": 0.7,
      "clob_up_ask": 0.66,
      "clob_down_ask": 0.35,
      "seconds_left": 182.90207743644714
    },
    {
      "ts": "2026-09-16T15:42:08.429908Z",
      "slug": "btc-updown-5m-1789573200",
      "status": "heartbeat",
      "gamma_up": 0.665,
      "gamma_down": 0.335,
      "clob_up_ask": 0.67,
      "clob_down_ask": 0.34,
      "seconds_left": 176.6852617263794,
      "min_spread": 0.010000000000000009
    },
    {
      "ts": "2026-09-16T15:42:08.429934Z",
      "slug": "btc-updown-5m-1789573200",
      "status": "skip_price_below_threshold",
      "threshold": 0.7,
      "clob_up_ask": 0.67,
      "clob_down_ask": 0.34,
      "seconds_left": 176.6852617263794
    },
    {
      "ts": "2026-09-16T15:42:14.560896Z",
      "slug": "btc-updown-5m-1789573200",
      "status": "heartbeat",
      "gamma_up": 0.665,
      "gamma_down": 0.335,
      "clob_up_ask": 0.7,
      "clob_down_ask": 0.3,
      "seconds_left": 166.2392966747284,
      "min_spread": 0.010000000000000009
    }
  ],
  "open_raw": "{\"mode\": \"open\", \"execute\": true, \"market_slug\": \"btc-updown-5m-1789573200\", \"force_side\": \"UP\", \"token_id\": \"42946259039163813092104071230198919538700801721358283659420361769767425378306\", \"entry_price\": 0.74, \"notional_usd\": 5.0, \"top_ask_notional_usd\": 112.59100000000001, \"collateral_pusd\": 66.236372, \"order_post_result\": {\"errorMsg\": \"\", \"orderID\": \"0x0c3c4e6f6adf3fe8c78c8b62ef6c27c45b3337d15c294938b15ffc561c8c9b06\", \"takingAmount\": \"7.246377\", \"makingAmount\": \"5\", \"status\": \"matched\", \"transactionsHashes\": [\"0x922928a3ec4b96b19d0c9826afae9b92995aa06dde15ef7e18339bb8d902e389\"], \"success\": true}}\n\n[py_clob_client_v2] request error status=400 url=https://clob.polymarket.com/auth/api-key body={\"error\":\"Could not create api key\"}\n\n",
  "opened": {
    "opened_at": "2026-09-16T15:42:19.385993Z",
    "market_slug": "btc-updown-5m-1789573200",
    "market_end_iso": "2026-09-16T15:45:00Z",
    "side": "UP",
    "token_id": "42946259039163813092104071230198919538700801721358283659420361769767425378306",
    "entry_price": 0.74,
    "shares": 7.246377,
    "cost_usdc": 5.0,
    "open_order_id": "0x0c3c4e6f6adf3fe8c78c8b62ef6c27c45b3337d15c294938b15ffc561c8c9b06",
    "open_tx": "0x922928a3ec4b96b19d0c9826afae9b92995aa06dde15ef7e18339bb8d902e389"
  },
  "stop_loss_price": 0.07399999999999998,
  "last_side_price": 0.665,
  "last_check_at": "2026-09-16T15:44:39.341261Z",
  "close_debug": [
    {
      "ts": "2026-09-16T15:44:48.553769Z",
      "attempt": 1,
      "order_type": "FAK",
      "status": "error",
      "close_skipped": ""
    },
    {
      "ts": "2026-09-16T15:44:53.868402Z",
      "attempt": 2,
      "order_type": "FAK",
      "status": "error",
      "close_skipped": ""
    },
    {
      "ts": "2026-09-16T15:44:59.142739Z",
      "attempt": 3,
      "order_type": "FAK",
      "status": "error",
      "close_skipped": ""
    },
    {
      "ts": "2026-09-16T15:45:07.627654Z",
      "attempt": 4,
      "order_type": "FAK",
      "status": "error",
      "close_skipped": ""
    },
    {
      "ts": "2026-09-16T15:45:12.848637Z",
      "attempt": 5,
      "order_type": "FAK",
      "status": "error",
      "close_skipped": ""
    },
    {
      "ts": "2026-09-16T15:45:18.041692Z",
      "attempt": 6,
      "order_type": "FAK",
      "status": "error",
      "close_skipped": ""
    },
    {
      "ts": "2026-09-16T15:45:23.460237Z",
      "attempt": 7,
      "order_type": "FAK",
      "status": "error",
      "close_skipped": ""
    },
    {
      "ts": "2026-09-16T15:45:28.815913Z",
      "attempt": 8,
      "order_type": "FAK",
      "status": "error",
      "close_skipped": ""
    },
    {
      "ts": "2026-09-16T15:45:34.054249Z",
      "attempt": 9,
      "order_type": "FAK",
      "status": "error",
      "close_skipped": ""
    },
    {
      "ts": "2026-09-16T15:45:42.231192Z",
      "attempt": 10,
      "order_type": "FAK",
      "status": "error",
      "close_skipped": ""
    },
    {
      "ts": "2026-09-16T15:45:47.518150Z",
      "attempt": 11,
      "order_type": "FAK",
      "status": "error",
      "close_skipped": ""
    },
    {
      "ts": "2026-09-16T15:45:52.924971Z",
      "attempt": 12,
      "order_type": "FAK",
      "status": "error",
      "close_skipped": ""
    },
    {
      "ts": "2026-09-16T15:45:58.097821Z",
      "attempt": 13,
      "order_type": "FAK",
      "status": "error",
      "close_skipped": ""
    },
    {
      "ts": "2026-09-16T15:46:03.444707Z",
      "attempt": 14,
      "order_type": "FAK",
      "status": "error",
      "close_skipped": ""
    },
    {
      "ts": "2026-09-16T15:46:08.827144Z",
      "attempt": 15,
      "order_type": "FAK",
      "status": "error",
      "close_skipped": ""
    },
    {
      "ts": "2026-09-16T15:46:17.079526Z",
      "attempt": 16,
      "order_type": "FAK",
      "status": "error",
      "close_skipped": ""
    },
    {
      "ts": "2026-09-16T15:46:22.400528Z",
      "attempt": 17,
      "order_type": "FAK",
      "status": "error",
      "close_skipped": ""
    },
    {
      "ts": "2026-09-16T15:46:27.716452Z",
      "attempt": 18,
      "order_type": "FAK",
      "status": "error",
      "close_skipped": ""
    },
    {
      "ts": "2026-09-16T15:46:33.126238Z",
      "attempt": 19,
      "order_type": "FAK",
      "status": "error",
      "close_skipped": ""
    },
    {
      "ts": "2026-09-16T15:46:38.651289Z",
      "attempt": 20,
      "order_type": "FAK",
      "status": "error",
      "close_skipped": ""
    },
    {
      "ts": "2026-09-16T15:46:43.868096Z",
      "attempt": 21,
      "order_type": "FAK",
      "status": "error",
      "close_skipped": ""
    },
    {
      "ts": "2026-09-16T15:46:52.124470Z",
      "attempt": 22,
      "order_type": "FAK",
      "status": "error",
      "close_skipped": ""
    },
    {
      "ts": "2026-09-16T15:46:57.451683Z",
      "attempt": 23,
      "order_type": "FAK",
      "status": "error",
      "close_skipped": ""
    },
    {
      "ts": "2026-09-16T15:47:02.962363Z",
      "attempt": 24,
      "order_type": "FAK",
      "status": "error",
      "close_skipped": ""
    },
    {
      "ts": "2026-09-16T15:47:08.459366Z",
      "attempt": 25,
      "order_type": "FAK",
      "status": "error",
      "close_skipped": ""
    },
    {
      "ts": "2026-09-16T15:47:13.757386Z",
      "attempt": 26,
      "order_type": "FAK",
      "status": "error",
      "close_skipped": ""
    },
    {
      "ts": "2026-09-16T15:47:19.055669Z",
      "attempt": 27,
      "order_type": "FAK",
      "status": "error",
      "close_skipped": ""
    },
    {
      "ts": "2026-09-16T15:47:27.363763Z",
      "attempt": 28,
      "order_type": "FAK",
      "status": "error",
      "close_skipped": ""
    },
    {
      "ts": "2026-09-16T15:47:32.766849Z",
      "attempt": 29,
      "order_type": "FAK",
      "status": "error",
      "close_skipped": ""
    },
    {
      "ts": "2026-09-16T15:47:38.476402Z",
      "attempt": 30,
      "order_type": "FAK",
      "status": "error",
      "close_skipped": ""
    }
  ],
  "close_raw": "{\"error\": \"no match\", \"order_post_result\": {\"success\": false, \"status\": \"error\", \"errorMsg\": \"no match\"}, \"close_skipped\": \"\"}\n\n[py_clob_client_v2] request error status=400 url=https://clob.polymarket.com/auth/api-key body={\"error\":\"Could not create api key\"}\n\n",
  "closed": {
    "close_reason": "time_exit_20s_before_end",
    "closed_at": "2026-09-16T15:47:40.476694Z",
    "close_success": false,
    "close_status": "error",
    "close_order_id": null,
    "close_tx": null,
    "close_shares": 0.0,
    "close_usdc": 0.0,
    "close_skipped": ""
  },
  "realized_cashflow_pnl_usdc": null,
  "finished_at": "2026-09-16T15:47:40.476733Z",
  "result": "done"
}
[2026-09-16T15:47:40Z] session_end rc=0 trades=19 stake_usd=5.0
journal_ok trades=64 md=/home/yukeen/polymarketbot/5min-btc-polymarket/data/live_trades.md json=/home/yukeen/polymarketbot/5min-btc-polymarket/data/live_trades.json
[py_clob_client_v2] request error status=400 url=https://clob.polymarket.com/auth/api-key body={"error":"Could not create api key"}

[2026-09-16T15:48:20Z] cash=61.127872
{"martingale": true, "next_stake": 10.0, "loss_streak": 1, "last_outcome": "loss", "last_opened_at": "2026-09-16T15:42:19.385993Z", "applied": 1}
[2026-09-16T15:48:28Z] session_begin trades=19 stake_usd=10.0
[py_clob_client_v2] request error status=400 url=https://clob.polymarket.com/auth/api-key body={"error":"Could not create api key"}

{
  "started_at": "2026-09-16T15:48:29.197892Z",
  "params": {
    "profile": "conservative",
    "threshold": 0.7,
    "stake_usd": 10.0,
    "stop_loss_pct": 0.9,
    "exit_before_sec": 20,
    "min_entry_seconds_left": 60,
    "entry_timeout_min": 12,
    "poll_sec": 5.0,
    "close_retry_max": 30,
    "close_retry_delay_sec": 2.0,
    "execute": true
  },
  "attempts": [
    {
      "ts": "2026-09-16T15:48:30.293398Z",
      "slug": "btc-updown-5m-1789573500",
      "status": "heartbeat",
      "gamma_up": 0.425,
      "gamma_down": 0.575,
      "clob_up_ask": 0.99,
      "clob_down_ask": 0.02,
      "seconds_left": 90.50778579711914,
      "min_spread": 0.01
    },
    {
      "ts": "2026-09-16T15:48:43.716565Z",
      "slug": "btc-updown-5m-1789573500",
      "status": "heartbeat",
      "gamma_up": 0.425,
      "gamma_down": 0.575,
      "clob_up_ask": null,
      "clob_down_ask": 0.01,
      "seconds_left": 77.08163499832153,
      "min_spread": null
    },
    {
      "ts": "2026-09-16T15:48:43.716595Z",
      "slug": "btc-updown-5m-1789573500",
      "status": "skip_price_below_threshold",
      "threshold": 0.7,
      "clob_up_ask": null,
      "clob_down_ask": 0.01,
      "seconds_left": 77.08163499832153
    },
    {
      "ts": "2026-09-16T15:48:49.848965Z",
      "slug": "btc-updown-5m-1789573500",
      "status": "heartbeat",
      "gamma_up": 0.425,
      "gamma_down": 0.575,
      "clob_up_ask": null,
      "clob_down_ask": 0.01,
      "seconds_left": 70.95417785644531,
      "min_spread": null
    },
    {
      "ts": "2026-09-16T15:48:49.848990Z",
      "slug": "btc-updown-5m-1789573500",
      "status": "skip_price_below_threshold",
      "threshold": 0.7,
      "clob_up_ask": null,
      "clob_down_ask": 0.01,
      "seconds_left": 70.95417785644531
    },
    {
      "ts": "2026-09-16T15:48:55.980834Z",
      "slug": "btc-updown-5m-1789573500",
      "status": "heartbeat",
      "gamma_up": 0.425,
      "gamma_down": 0.575,
      "clob_up_ask": null,
      "clob_down_ask": 0.01,
      "seconds_left": 64.8641905784607,
      "min_spread": null
    },
    {
      "ts": "2026-09-16T15:48:55.980859Z",
      "slug": "btc-updown-5m-1789573500",
      "status": "skip_price_below_threshold",
      "threshold": 0.7,
      "clob_up_ask": null,
      "clob_down_ask": 0.01,
      "seconds_left": 64.8641905784607
    },
    {
      "ts": "2026-09-16T15:49:01.298954Z",
      "slug": "btc-updown-5m-1789573500",
      "status": "skip_too_late_to_enter",
      "seconds_left": 58.70105266571045,
      "min_entry_seconds_left": 60
    },
    {
      "ts": "2026-09-16T15:49:06.589131Z",
      "slug": "btc-updown-5m-1789573500",
      "status": "skip_too_late_to_enter",
      "seconds_left": 53.41087532043457,
      "min_entry_seconds_left": 60
    },
    {
      "ts": "2026-09-16T15:49:14.879711Z",
      "slug": "btc-updown-5m-1789573500",
      "status": "skip_too_late_to_enter",
      "seconds_left": 45.12029457092285,
      "min_entry_seconds_left": 60
    },
    {
      "ts": "2026-09-16T15:49:20.179861Z",
      "slug": "btc-updown-5m-1789573500",
      "status": "skip_too_late_to_enter",
      "seconds_left": 39.82014727592468,
      "min_entry_seconds_left": 60
    },
    {
      "ts": "2026-09-16T15:49:25.494105Z",
      "slug": "btc-updown-5m-1789573500",
      "status": "skip_too_late_to_enter",
      "seconds_left": 34.505900621414185,
      "min_entry_seconds_left": 60
    },
    {
      "ts": "2026-09-16T15:49:30.774800Z",
      "slug": "btc-updown-5m-1789573500",
      "status": "skip_too_late_to_enter",
      "seconds_left": 29.225202798843384,
      "min_entry_seconds_left": 60
    },
    {
      "ts": "2026-09-16T15:49:36.092196Z",
      "slug": "btc-updown-5m-1789573500",
      "status": "skip_too_late_to_enter",
      "seconds_left": 23.907806396484375,
      "min_entry_seconds_left": 60
    },
    {
      "ts": "2026-09-16T15:49:41.438012Z",
      "slug": "btc-updown-5m-1789573500",
      "status": "skip_too_late_to_enter",
      "seconds_left": 18.561992168426514,
      "min_entry_seconds_left": 60
    },
    {
      "ts": "2026-09-16T15:49:49.724175Z",
      "slug": "btc-updown-5m-1789573500",
      "status": "skip_too_late_to_enter",
      "seconds_left": 10.275826930999756,
      "min_entry_seconds_left": 60
    },
    {
      "ts": "2026-09-16T15:49:55.039312Z",
      "status": "heartbeat_no_current_market"
    },
    {
      "ts": "2026-09-16T15:50:01.228636Z",
      "slug": "btc-updown-5m-1789573800",
      "status": "heartbeat",
      "gamma_up": 0.505,
      "gamma_down": 0.495,
      "clob_up_ask": 0.47,
      "clob_down_ask": 0.52,
      "seconds_left": 299.5697765350342,
      "min_spread": 0.009999999999999953
    },
    {
      "ts": "2026-09-16T15:50:01.228663Z",
      "slug": "btc-updown-5m-1789573800",
      "status": "skip_price_below_threshold",
      "threshold": 0.7,
      "clob_up_ask": 0.47,
      "clob_down_ask": 0.52,
      "seconds_left": 299.5697765350342
    },
    {
      "ts": "2026-09-16T15:50:07.334092Z",
      "slug": "btc-updown-5m-1789573800",
      "status": "heartbeat",
      "gamma_up": 0.505,
      "gamma_down": 0.495,
      "clob_up_ask": 0.6,
      "clob_down_ask": 0.41,
      "seconds_left": 293.44798493385315,
      "min_spread": 0.009999999999999953
    },
    {
      "ts": "2026-09-16T15:50:07.334113Z",
      "slug": "btc-updown-5m-1789573800",
      "status": "skip_price_below_threshold",
      "threshold": 0.7,
      "clob_up_ask": 0.6,
      "clob_down_ask": 0.41,
      "seconds_left": 293.44798493385315
    },
    {
      "ts": "2026-09-16T15:50:13.447907Z",
      "slug": "btc-updown-5m-1789573800",
      "status": "heartbeat",
      "gamma_up": 0.505,
      "gamma_down": 0.495,
      "clob_up_ask": 0.7,
      "clob_down_ask": 0.31,
      "seconds_left": 287.3408167362213,
      "min_spread": 0.010000000000000009
    }
  ],
  "last_open_try": "{\"error\": \"no match\", \"order_post_result\": {\"success\": false, \"status\": \"error\", \"errorMsg\": \"no match\"}, \"close_skipped\": \"\"}\n\n[py_clob_client_v2] request error status=400 url=https://clob.polymarket.com/auth/api-key body={\"error\":\"Could not create api key\"}\n\n",
  "open_raw": "{\"mode\": \"open\", \"execute\": true, \"market_slug\": \"btc-updown-5m-1789573800\", \"force_side\": \"UP\", \"token_id\": \"69336777021018216324777900352071562108639492372001365528644024211686135237506\", \"entry_price\": 0.74, \"notional_usd\": 10.0, \"top_ask_notional_usd\": 820.6008, \"collateral_pusd\": 61.127872, \"order_post_result\": {\"errorMsg\": \"\", \"orderID\": \"0x0b874080fb9cd5273c4e5e38780aada24d6b975c13c37bb5e320838e8b376dd6\", \"takingAmount\": \"14.285713\", \"makingAmount\": \"9.999999\", \"status\": \"matched\", \"transactionsHashes\": [\"0x1199e3344c46a07ebe650340738a932eea9e180bd0c59f3c3d878171bf62cd0d\"], \"success\": true}}\n\n[py_clob_client_v2] request error status=400 url=https://clob.polymarket.com/auth/api-key body={\"error\":\"Could not create api key\"}\n\n",
  "opened": {
    "opened_at": "2026-09-16T15:50:18.318184Z",
    "market_slug": "btc-updown-5m-1789573800",
    "market_end_iso": "2026-09-16T15:55:00Z",
    "side": "UP",
    "token_id": "69336777021018216324777900352071562108639492372001365528644024211686135237506",
    "entry_price": 0.74,
    "shares": 14.285713,
    "cost_usdc": 9.999999,
    "open_order_id": "0x0b874080fb9cd5273c4e5e38780aada24d6b975c13c37bb5e320838e8b376dd6",
    "open_tx": "0x1199e3344c46a07ebe650340738a932eea9e180bd0c59f3c3d878171bf62cd0d"
  },
  "stop_loss_price": 0.07399999999999998,
  "last_side_price": 0.655,
  "last_check_at": "2026-09-16T15:54:35.762027Z",
  "close_debug": [
    {
      "ts": "2026-09-16T15:54:45.311632Z",
      "attempt": 1,
      "order_type": "FAK",
      "status": "matched",
      "close_skipped": ""
    }
  ],
  "close_raw": "{\"mode\": \"close\", \"execute\": true, \"market_slug\": \"btc-updown-5m-1789573800\", \"token_id\": \"69336777021018216324777900352071562108639492372001365528644024211686135237506\", \"requested_shares\": 14.285713, \"close_order_type\": \"FAK\", \"close_limit_price\": null, \"available_shares\": 14.285713, \"sell_shares\": 14.2857, \"order_post_result\": {\"errorMsg\": \"\", \"orderID\": \"0x748da80c1da8094abff6e594fd6d4ff626d15dae79cd78bc58135ef31efdd6d6\", \"takingAmount\": \"14.1372\", \"makingAmount\": \"14.28\", \"status\": \"matched\", \"transactionsHashes\": [\"0x51444c22d152c1e04ff57a22bcf3cde4dd46c6bacadd05002aae4b2e680670ae\"], \"success\": true}, \"close_skipped\": \"\"}\n\n[py_clob_client_v2] request error status=400 url=https://clob.polymarket.com/auth/api-key body={\"error\":\"Could not create api key\"}\n\n",
  "closed": {
    "close_reason": "time_exit_20s_before_end",
    "closed_at": "2026-09-16T15:54:45.311655Z",
    "close_success": true,
    "close_status": "matched",
    "close_order_id": "0x748da80c1da8094abff6e594fd6d4ff626d15dae79cd78bc58135ef31efdd6d6",
    "close_tx": "0x51444c22d152c1e04ff57a22bcf3cde4dd46c6bacadd05002aae4b2e680670ae",
    "close_shares": 14.28,
    "close_usdc": 14.1372,
    "close_skipped": ""
  },
  "realized_cashflow_pnl_usdc": 4.137201,
  "finished_at": "2026-09-16T15:54:45.311673Z",
  "result": "done"
}
[2026-09-16T15:54:45Z] session_end rc=0 trades=20 stake_usd=10.0
journal_ok trades=65 md=/home/yukeen/polymarketbot/5min-btc-polymarket/data/live_trades.md json=/home/yukeen/polymarketbot/5min-btc-polymarket/data/live_trades.json
[py_clob_client_v2] request error status=400 url=https://clob.polymarket.com/auth/api-key body={"error":"Could not create api key"}

[2026-09-16T15:55:28Z] cash=65.045193
{"martingale": true, "next_stake": 5.0, "loss_streak": 0, "last_outcome": "win", "last_opened_at": "2026-09-16T15:50:18.318184Z", "applied": 1}
[2026-09-16T15:55:36Z] session_begin trades=20 stake_usd=5.0
[py_clob_client_v2] request error status=400 url=https://clob.polymarket.com/auth/api-key body={"error":"Could not create api key"}

{
  "started_at": "2026-09-16T15:55:36.969967Z",
  "params": {
    "profile": "conservative",
    "threshold": 0.7,
    "stake_usd": 5.0,
    "stop_loss_pct": 0.9,
    "exit_before_sec": 20,
    "min_entry_seconds_left": 60,
    "entry_timeout_min": 12,
    "poll_sec": 5.0,
    "close_retry_max": 30,
    "close_retry_delay_sec": 2.0,
    "execute": true
  },
  "attempts": [
    {
      "ts": "2026-09-16T15:55:38.076086Z",
      "slug": "btc-updown-5m-1789574100",
      "status": "heartbeat",
      "gamma_up": 0.505,
      "gamma_down": 0.495,
      "clob_up_ask": 0.44,
      "clob_down_ask": 0.57,
      "seconds_left": 262.70573902130127,
      "min_spread": 0.009999999999999898
    },
    {
      "ts": "2026-09-16T15:55:38.076227Z",
      "slug": "btc-updown-5m-1789574100",
      "status": "skip_price_below_threshold",
      "threshold": 0.7,
      "clob_up_ask": 0.44,
      "clob_down_ask": 0.57,
      "seconds_left": 262.70573902130127
    },
    {
      "ts": "2026-09-16T15:55:47.209143Z",
      "slug": "btc-updown-5m-1789574100",
      "status": "heartbeat",
      "gamma_up": 0.485,
      "gamma_down": 0.515,
      "clob_up_ask": 0.42,
      "clob_down_ask": 0.59,
      "seconds_left": 253.64262580871582,
      "min_spread": 0.010000000000000009
    },
    {
      "ts": "2026-09-16T15:55:47.209170Z",
      "slug": "btc-updown-5m-1789574100",
      "status": "skip_price_below_threshold",
      "threshold": 0.7,
      "clob_up_ask": 0.42,
      "clob_down_ask": 0.59,
      "seconds_left": 253.64262580871582
    },
    {
      "ts": "2026-09-16T15:55:53.378168Z",
      "slug": "btc-updown-5m-1789574100",
      "status": "heartbeat",
      "gamma_up": 0.485,
      "gamma_down": 0.515,
      "clob_up_ask": 0.42,
      "clob_down_ask": 0.59,
      "seconds_left": 247.4383988380432,
      "min_spread": 0.010000000000000009
    },
    {
      "ts": "2026-09-16T15:55:53.378189Z",
      "slug": "btc-updown-5m-1789574100",
      "status": "skip_price_below_threshold",
      "threshold": 0.7,
      "clob_up_ask": 0.42,
      "clob_down_ask": 0.59,
      "seconds_left": 247.4383988380432
    },
    {
      "ts": "2026-09-16T15:55:59.469792Z",
      "slug": "btc-updown-5m-1789574100",
      "status": "heartbeat",
      "gamma_up": 0.485,
      "gamma_down": 0.515,
      "clob_up_ask": 0.35,
      "clob_down_ask": 0.66,
      "seconds_left": 241.33693885803223,
      "min_spread": 0.009999999999999953
    },
    {
      "ts": "2026-09-16T15:55:59.469851Z",
      "slug": "btc-updown-5m-1789574100",
      "status": "skip_price_below_threshold",
      "threshold": 0.7,
      "clob_up_ask": 0.35,
      "clob_down_ask": 0.66,
      "seconds_left": 241.33693885803223
    },
    {
      "ts": "2026-09-16T15:56:05.730221Z",
      "slug": "btc-updown-5m-1789574100",
      "status": "heartbeat",
      "gamma_up": 0.485,
      "gamma_down": 0.515,
      "clob_up_ask": 0.29,
      "clob_down_ask": 0.72,
      "seconds_left": 235.05858778953552,
      "min_spread": 0.009999999999999953
    }
  ],
  "open_raw": "{\"mode\": \"open\", \"execute\": true, \"market_slug\": \"btc-updown-5m-1789574100\", \"force_side\": \"DOWN\", \"token_id\": \"77054345370715018811189136620626265290528898855965525430557573372820180189211\", \"entry_price\": 0.7, \"notional_usd\": 5.0, \"top_ask_notional_usd\": 222.6, \"collateral_pusd\": 65.045193, \"order_post_result\": {\"errorMsg\": \"\", \"orderID\": \"0x072545f032061f0ec8a617ece8fe7450ff283b4cbdad7330dac73bc44ba490d6\", \"takingAmount\": \"7.042251\", \"makingAmount\": \"4.999998\", \"status\": \"matched\", \"transactionsHashes\": [\"0xf85abde6f2bcaceb9e0262fcece93739853abb6d1b1a4099b0b265bc36a3c4d0\"], \"success\": true}}\n\n[py_clob_client_v2] request error status=400 url=https://clob.polymarket.com/auth/api-key body={\"error\":\"Could not create api key\"}\n\n",
  "opened": {
    "opened_at": "2026-09-16T15:56:10.578815Z",
    "market_slug": "btc-updown-5m-1789574100",
    "market_end_iso": "2026-09-16T16:00:00Z",
    "side": "DOWN",
    "token_id": "77054345370715018811189136620626265290528898855965525430557573372820180189211",
    "entry_price": 0.7,
    "shares": 7.042251,
    "cost_usdc": 4.999998,
    "open_order_id": "0x072545f032061f0ec8a617ece8fe7450ff283b4cbdad7330dac73bc44ba490d6",
    "open_tx": "0xf85abde6f2bcaceb9e0262fcece93739853abb6d1b1a4099b0b265bc36a3c4d0"
  },
  "stop_loss_price": 0.06999999999999998,
  "last_side_price": 0.515,
  "last_check_at": "2026-09-16T15:59:35.114467Z",
  "close_debug": [
    {
      "ts": "2026-09-16T15:59:44.727222Z",
      "attempt": 1,
      "order_type": "FAK",
      "status": "matched",
      "close_skipped": ""
    }
  ],
  "close_raw": "{\"mode\": \"close\", \"execute\": true, \"market_slug\": \"btc-updown-5m-1789574100\", \"token_id\": \"77054345370715018811189136620626265290528898855965525430557573372820180189211\", \"requested_shares\": 7.042251, \"close_order_type\": \"FAK\", \"close_limit_price\": null, \"available_shares\": 7.042251, \"sell_shares\": 7.0422, \"order_post_result\": {\"errorMsg\": \"\", \"orderID\": \"0x742611581194cf4cf45d39f2aa8a841f503c955027dd5b4bc1d9b276c438aefa\", \"takingAmount\": \"6.9696\", \"makingAmount\": \"7.04\", \"status\": \"matched\", \"transactionsHashes\": [\"0x10e0df0bd7a7c23513d4d8b7dbfa1af37fce25328ad457cdf1e98642789d0087\"], \"success\": true}, \"close_skipped\": \"\"}\n\n[py_clob_client_v2] request error status=400 url=https://clob.polymarket.com/auth/api-key body={\"error\":\"Could not create api key\"}\n\n",
  "closed": {
    "close_reason": "time_exit_20s_before_end",
    "closed_at": "2026-09-16T15:59:44.727264Z",
    "close_success": true,
    "close_status": "matched",
    "close_order_id": "0x742611581194cf4cf45d39f2aa8a841f503c955027dd5b4bc1d9b276c438aefa",
    "close_tx": "0x10e0df0bd7a7c23513d4d8b7dbfa1af37fce25328ad457cdf1e98642789d0087",
    "close_shares": 7.04,
    "close_usdc": 6.9696,
    "close_skipped": ""
  },
  "realized_cashflow_pnl_usdc": 1.969602,
  "finished_at": "2026-09-16T15:59:44.727278Z",
  "result": "done"
}
[2026-09-16T15:59:44Z] session_end rc=0 trades=21 stake_usd=5.0
journal_ok trades=66 md=/home/yukeen/polymarketbot/5min-btc-polymarket/data/live_trades.md json=/home/yukeen/polymarketbot/5min-btc-polymarket/data/live_trades.json
[py_clob_client_v2] request error status=400 url=https://clob.polymarket.com/auth/api-key body={"error":"Could not create api key"}

[2026-09-16T16:00:29Z] cash=66.908435
{"martingale": true, "next_stake": 5.0, "loss_streak": 0, "last_outcome": "win", "last_opened_at": "2026-09-16T15:56:10.578815Z", "applied": 1}
[2026-09-16T16:00:37Z] session_begin trades=21 stake_usd=5.0
[py_clob_client_v2] request error status=400 url=https://clob.polymarket.com/auth/api-key body={"error":"Could not create api key"}

{
  "started_at": "2026-09-16T16:00:38.341771Z",
  "params": {
    "profile": "conservative",
    "threshold": 0.7,
    "stake_usd": 5.0,
    "stop_loss_pct": 0.9,
    "exit_before_sec": 20,
    "min_entry_seconds_left": 60,
    "entry_timeout_min": 12,
    "poll_sec": 5.0,
    "close_retry_max": 30,
    "close_retry_delay_sec": 2.0,
    "execute": true
  },
  "attempts": [
    {
      "ts": "2026-09-16T16:00:56.305508Z",
      "status": "heartbeat_no_current_market"
    },
    {
      "ts": "2026-09-16T16:01:02.852000Z",
      "slug": "btc-updown-5m-1789574400",
      "status": "heartbeat",
      "gamma_up": 0.505,
      "gamma_down": 0.495,
      "clob_up_ask": 0.29,
      "clob_down_ask": 0.72,
      "seconds_left": 238.30415081977844,
      "min_spread": 0.009999999999999953
    },
    {
      "ts": "2026-09-16T16:01:10.451636Z",
      "slug": "btc-updown-5m-1789574400",
      "status": "heartbeat",
      "gamma_up": 0.505,
      "gamma_down": 0.495,
      "clob_up_ask": 0.3,
      "clob_down_ask": 0.71,
      "seconds_left": 230.45222806930542,
      "min_spread": 0.010000000000000009
    }
  ],
  "last_open_try": "{\"mode\": \"open\", \"execute\": true, \"market_slug\": \"btc-updown-5m-1789574400\", \"force_side\": \"DOWN\", \"token_id\": \"54799540134881817520116437452300799916720602816256324030046355246552443132737\", \"entry_price\": 0.7, \"notional_usd\": 5.0, \"top_ask_notional_usd\": 8.399999999999999, \"skipped\": \"thin_top_ask\", \"order_post_result\": {\"success\": false, \"status\": \"skipped\", \"errorMsg\": \"thin_top_ask\"}}\n\n",
  "open_raw": "{\"mode\": \"open\", \"execute\": true, \"market_slug\": \"btc-updown-5m-1789574400\", \"force_side\": \"DOWN\", \"token_id\": \"54799540134881817520116437452300799916720602816256324030046355246552443132737\", \"entry_price\": 0.73, \"notional_usd\": 5.0, \"top_ask_notional_usd\": 1026.6574, \"collateral_pusd\": 66.908435, \"order_post_result\": {\"errorMsg\": \"\", \"orderID\": \"0x0c4f674e067d1223c4e50cd33d1c89e0a16d3c43579ae8be60f3265eea0fd747\", \"takingAmount\": \"7.246377\", \"makingAmount\": \"5\", \"status\": \"matched\", \"transactionsHashes\": [\"0xf002c9f51abd805a9febad16e2a438ab05d576d4da04caae88773220ec876e21\"], \"success\": true}}\n\n[py_clob_client_v2] request error status=400 url=https://clob.polymarket.com/auth/api-key body={\"error\":\"Could not create api key\"}\n\n",
  "opened": {
    "opened_at": "2026-09-16T16:01:15.275129Z",
    "market_slug": "btc-updown-5m-1789574400",
    "market_end_iso": "2026-09-16T16:05:00Z",
    "side": "DOWN",
    "token_id": "54799540134881817520116437452300799916720602816256324030046355246552443132737",
    "entry_price": 0.73,
    "shares": 7.246377,
    "cost_usdc": 5.0,
    "open_order_id": "0x0c4f674e067d1223c4e50cd33d1c89e0a16d3c43579ae8be60f3265eea0fd747",
    "open_tx": "0xf002c9f51abd805a9febad16e2a438ab05d576d4da04caae88773220ec876e21"
  },
  "stop_loss_price": 0.07299999999999998,
  "last_side_price": 0.685,
  "last_check_at": "2026-09-16T16:04:40.090699Z",
  "close_debug": [
    {
      "ts": "2026-09-16T16:04:52.733216Z",
      "attempt": 1,
      "order_type": "FAK",
      "status": "matched",
      "close_skipped": ""
    }
  ],
  "close_raw": "{\"mode\": \"close\", \"execute\": true, \"market_slug\": \"btc-updown-5m-1789574400\", \"token_id\": \"54799540134881817520116437452300799916720602816256324030046355246552443132737\", \"requested_shares\": 7.246377, \"close_order_type\": \"FAK\", \"close_limit_price\": null, \"available_shares\": 7.246377, \"sell_shares\": 7.2463, \"order_post_result\": {\"errorMsg\": \"\", \"orderID\": \"0xd4a53a9095391d2518424adaea6d1620912c359b65037eb16b658315f87d1898\", \"takingAmount\": \"7.1676\", \"makingAmount\": \"7.24\", \"status\": \"matched\", \"transactionsHashes\": [\"0xa20e6b13325eea6b178a6689257b065448cf1ef07dc6b4ef8957a17b0af4e6ef\"], \"success\": true}, \"close_skipped\": \"\"}\n\n[py_clob_client_v2] request error status=400 url=https://clob.polymarket.com/auth/api-key body={\"error\":\"Could not create api key\"}\n\n",
  "closed": {
    "close_reason": "time_exit_20s_before_end",
    "closed_at": "2026-09-16T16:04:52.733268Z",
    "close_success": true,
    "close_status": "matched",
    "close_order_id": "0xd4a53a9095391d2518424adaea6d1620912c359b65037eb16b658315f87d1898",
    "close_tx": "0xa20e6b13325eea6b178a6689257b065448cf1ef07dc6b4ef8957a17b0af4e6ef",
    "close_shares": 7.24,
    "close_usdc": 7.1676,
    "close_skipped": ""
  },
  "realized_cashflow_pnl_usdc": 2.1676,
  "finished_at": "2026-09-16T16:04:52.733292Z",
  "result": "done"
}
[2026-09-16T16:04:52Z] session_end rc=0 trades=22 stake_usd=5.0
journal_ok trades=67 md=/home/yukeen/polymarketbot/5min-btc-polymarket/data/live_trades.md json=/home/yukeen/polymarketbot/5min-btc-polymarket/data/live_trades.json
[py_clob_client_v2] request error status=400 url=https://clob.polymarket.com/auth/api-key body={"error":"Could not create api key"}

[2026-09-16T16:05:35Z] cash=68.962525
{"martingale": true, "next_stake": 5.0, "loss_streak": 0, "last_outcome": "win", "last_opened_at": "2026-09-16T16:01:15.275129Z", "applied": 1}
[2026-09-16T16:05:43Z] session_begin trades=22 stake_usd=5.0
[py_clob_client_v2] request error status=400 url=https://clob.polymarket.com/auth/api-key body={"error":"Could not create api key"}

{
  "started_at": "2026-09-16T16:05:44.432310Z",
  "params": {
    "profile": "conservative",
    "threshold": 0.7,
    "stake_usd": 5.0,
    "stop_loss_pct": 0.9,
    "exit_before_sec": 20,
    "min_entry_seconds_left": 60,
    "entry_timeout_min": 12,
    "poll_sec": 5.0,
    "close_retry_max": 30,
    "close_retry_delay_sec": 2.0,
    "execute": true
  },
  "attempts": [
    {
      "ts": "2026-09-16T16:05:45.564704Z",
      "slug": "btc-updown-5m-1789574700",
      "status": "heartbeat",
      "gamma_up": 0.505,
      "gamma_down": 0.495,
      "clob_up_ask": 0.69,
      "clob_down_ask": 0.32,
      "seconds_left": 255.2714741230011,
      "min_spread": 0.009999999999999898
    },
    {
      "ts": "2026-09-16T16:05:45.564729Z",
      "slug": "btc-updown-5m-1789574700",
      "status": "skip_price_below_threshold",
      "threshold": 0.7,
      "clob_up_ask": 0.69,
      "clob_down_ask": 0.32,
      "seconds_left": 255.2714741230011
    },
    {
      "ts": "2026-09-16T16:05:51.669746Z",
      "slug": "btc-updown-5m-1789574700",
      "status": "heartbeat",
      "gamma_up": 0.505,
      "gamma_down": 0.495,
      "clob_up_ask": 0.67,
      "clob_down_ask": 0.34,
      "seconds_left": 249.09905171394348,
      "min_spread": 0.010000000000000009
    },
    {
      "ts": "2026-09-16T16:05:51.669779Z",
      "slug": "btc-updown-5m-1789574700",
      "status": "skip_price_below_threshold",
      "threshold": 0.7,
      "clob_up_ask": 0.67,
      "clob_down_ask": 0.34,
      "seconds_left": 249.09905171394348
    },
    {
      "ts": "2026-09-16T16:05:57.815841Z",
      "slug": "btc-updown-5m-1789574700",
      "status": "heartbeat",
      "gamma_up": 0.505,
      "gamma_down": 0.495,
      "clob_up_ask": 0.68,
      "clob_down_ask": 0.33,
      "seconds_left": 242.98601078987122,
      "min_spread": 0.010000000000000009
    },
    {
      "ts": "2026-09-16T16:05:57.815863Z",
      "slug": "btc-updown-5m-1789574700",
      "status": "skip_price_below_threshold",
      "threshold": 0.7,
      "clob_up_ask": 0.68,
      "clob_down_ask": 0.33,
      "seconds_left": 242.98601078987122
    },
    {
      "ts": "2026-09-16T16:06:06.863315Z",
      "slug": "btc-updown-5m-1789574700",
      "status": "heartbeat",
      "gamma_up": 0.505,
      "gamma_down": 0.495,
      "clob_up_ask": 0.77,
      "clob_down_ask": 0.24,
      "seconds_left": 233.901291847229,
      "min_spread": 0.009999999999999981
    }
  ],
  "open_raw": "{\"mode\": \"open\", \"execute\": true, \"market_slug\": \"btc-updown-5m-1789574700\", \"force_side\": \"UP\", \"token_id\": \"55284884023024742105861877179436907558675639099815631446312218447383779833645\", \"entry_price\": 0.77, \"notional_usd\": 5.0, \"top_ask_notional_usd\": 616.4312, \"collateral_pusd\": 68.962525, \"order_post_result\": {\"errorMsg\": \"\", \"orderID\": \"0xff6ecd650e84653d46a4d4eedfc54c744a759261f47fc1fdaa2ecc36c353cee1\", \"takingAmount\": \"9.615385\", \"makingAmount\": \"5\", \"status\": \"matched\", \"transactionsHashes\": [\"0xe500b2685e2f8edb4b93a5f07098218d8f3cc160961fe2825433c3b48bd61751\"], \"success\": true}}\n\n[py_clob_client_v2] request error status=400 url=https://clob.polymarket.com/auth/api-key body={\"error\":\"Could not create api key\"}\n\n",
  "opened": {
    "opened_at": "2026-09-16T16:06:12.366641Z",
    "market_slug": "btc-updown-5m-1789574700",
    "market_end_iso": "2026-09-16T16:10:00Z",
    "side": "UP",
    "token_id": "55284884023024742105861877179436907558675639099815631446312218447383779833645",
    "entry_price": 0.77,
    "shares": 9.615385,
    "cost_usdc": 5.0,
    "open_order_id": "0xff6ecd650e84653d46a4d4eedfc54c744a759261f47fc1fdaa2ecc36c353cee1",
    "open_tx": "0xe500b2685e2f8edb4b93a5f07098218d8f3cc160961fe2825433c3b48bd61751"
  },
  "stop_loss_price": 0.07699999999999999,
  "last_side_price": 0.315,
  "last_check_at": "2026-09-16T16:09:36.941035Z",
  "close_debug": [
    {
      "ts": "2026-09-16T16:09:46.052311Z",
      "attempt": 1,
      "order_type": "FAK",
      "status": "error",
      "close_skipped": ""
    },
    {
      "ts": "2026-09-16T16:09:51.436486Z",
      "attempt": 2,
      "order_type": "FAK",
      "status": "error",
      "close_skipped": ""
    },
    {
      "ts": "2026-09-16T16:09:56.794569Z",
      "attempt": 3,
      "order_type": "FAK",
      "status": "error",
      "close_skipped": ""
    },
    {
      "ts": "2026-09-16T16:10:02.155201Z",
      "attempt": 4,
      "order_type": "FAK",
      "status": "error",
      "close_skipped": ""
    },
    {
      "ts": "2026-09-16T16:10:07.437756Z",
      "attempt": 5,
      "order_type": "FAK",
      "status": "error",
      "close_skipped": ""
    },
    {
      "ts": "2026-09-16T16:10:16.112800Z",
      "attempt": 6,
      "order_type": "FAK",
      "status": "error",
      "close_skipped": ""
    },
    {
      "ts": "2026-09-16T16:10:21.380235Z",
      "attempt": 7,
      "order_type": "FAK",
      "status": "error",
      "close_skipped": ""
    },
    {
      "ts": "2026-09-16T16:10:26.695541Z",
      "attempt": 8,
      "order_type": "FAK",
      "status": "error",
      "close_skipped": ""
    },
    {
      "ts": "2026-09-16T16:10:31.973377Z",
      "attempt": 9,
      "order_type": "FAK",
      "status": "error",
      "close_skipped": ""
    },
    {
      "ts": "2026-09-16T16:10:37.393918Z",
      "attempt": 10,
      "order_type": "FAK",
      "status": "error",
      "close_skipped": ""
    },
    {
      "ts": "2026-09-16T16:10:42.869379Z",
      "attempt": 11,
      "order_type": "FAK",
      "status": "error",
      "close_skipped": ""
    },
    {
      "ts": "2026-09-16T16:10:51.213807Z",
      "attempt": 12,
      "order_type": "FAK",
      "status": "error",
      "close_skipped": ""
    },
    {
      "ts": "2026-09-16T16:10:56.632689Z",
      "attempt": 13,
      "order_type": "FAK",
      "status": "error",
      "close_skipped": ""
    },
    {
      "ts": "2026-09-16T16:11:01.924146Z",
      "attempt": 14,
      "order_type": "FAK",
      "status": "error",
      "close_skipped": ""
    },
    {
      "ts": "2026-09-16T16:11:07.347576Z",
      "attempt": 15,
      "order_type": "FAK",
      "status": "error",
      "close_skipped": ""
    },
    {
      "ts": "2026-09-16T16:11:12.703094Z",
      "attempt": 16,
      "order_type": "FAK",
      "status": "error",
      "close_skipped": ""
    },
    {
      "ts": "2026-09-16T16:11:17.976103Z",
      "attempt": 17,
      "order_type": "FAK",
      "status": "error",
      "close_skipped": ""
    },
    {
      "ts": "2026-09-16T16:11:26.290617Z",
      "attempt": 18,
      "order_type": "FAK",
      "status": "error",
      "close_skipped": ""
    },
    {
      "ts": "2026-09-16T16:11:31.534279Z",
      "attempt": 19,
      "order_type": "FAK",
      "status": "error",
      "close_skipped": ""
    },
    {
      "ts": "2026-09-16T16:11:36.959547Z",
      "attempt": 20,
      "order_type": "FAK",
      "status": "error",
      "close_skipped": ""
    },
    {
      "ts": "2026-09-16T16:11:42.157782Z",
      "attempt": 21,
      "order_type": "FAK",
      "status": "error",
      "close_skipped": ""
    },
    {
      "ts": "2026-09-16T16:11:47.381728Z",
      "attempt": 22,
      "order_type": "FAK",
      "status": "error",
      "close_skipped": ""
    },
    {
      "ts": "2026-09-16T16:11:52.714143Z",
      "attempt": 23,
      "order_type": "FAK",
      "status": "error",
      "close_skipped": ""
    },
    {
      "ts": "2026-09-16T16:12:01.073943Z",
      "attempt": 24,
      "order_type": "FAK",
      "status": "error",
      "close_skipped": ""
    },
    {
      "ts": "2026-09-16T16:12:06.301105Z",
      "attempt": 25,
      "order_type": "FAK",
      "status": "error",
      "close_skipped": ""
    },
    {
      "ts": "2026-09-16T16:12:11.784811Z",
      "attempt": 26,
      "order_type": "FAK",
      "status": "error",
      "close_skipped": ""
    },
    {
      "ts": "2026-09-16T16:12:17.123052Z",
      "attempt": 27,
      "order_type": "FAK",
      "status": "error",
      "close_skipped": ""
    },
    {
      "ts": "2026-09-16T16:12:22.347143Z",
      "attempt": 28,
      "order_type": "FAK",
      "status": "error",
      "close_skipped": ""
    },
    {
      "ts": "2026-09-16T16:12:27.636145Z",
      "attempt": 29,
      "order_type": "FAK",
      "status": "error",
      "close_skipped": ""
    },
    {
      "ts": "2026-09-16T16:12:35.906447Z",
      "attempt": 30,
      "order_type": "FAK",
      "status": "error",
      "close_skipped": ""
    }
  ],
  "close_raw": "{\"error\": \"PolyApiException[status_code=404, error_message={'error': 'No orderbook exists for the requested token id'}]\", \"order_post_result\": {\"success\": false, \"status\": \"error\", \"errorMsg\": \"PolyApiException[status_code=404, error_message={'error': 'No orderbook exists for the requested token id'}]\"}, \"close_skipped\": \"\"}\n\n[py_clob_client_v2] request error status=400 url=https://clob.polymarket.com/auth/api-key body={\"error\":\"Could not create api key\"}\n\n[py_clob_client_v2] request error status=404 url=https://clob.polymarket.com/book body={\"error\":\"No orderbook exists for the requested token id\"}\n\n",
  "closed": {
    "close_reason": "time_exit_20s_before_end",
    "closed_at": "2026-09-16T16:12:37.906650Z",
    "close_success": false,
    "close_status": "error",
    "close_order_id": null,
    "close_tx": null,
    "close_shares": 0.0,
    "close_usdc": 0.0,
    "close_skipped": ""
  },
  "realized_cashflow_pnl_usdc": null,
  "finished_at": "2026-09-16T16:12:37.906693Z",
  "result": "done"
}
[2026-09-16T16:12:37Z] session_end rc=0 trades=23 stake_usd=5.0
journal_ok trades=68 md=/home/yukeen/polymarketbot/5min-btc-polymarket/data/live_trades.md json=/home/yukeen/polymarketbot/5min-btc-polymarket/data/live_trades.json
[py_clob_client_v2] request error status=400 url=https://clob.polymarket.com/auth/api-key body={"error":"Could not create api key"}

[2026-09-16T16:13:19Z] cash=63.794525
{"martingale": true, "next_stake": 10.0, "loss_streak": 1, "last_outcome": "loss", "last_opened_at": "2026-09-16T16:06:12.366641Z", "applied": 1}
[2026-09-16T16:13:27Z] session_begin trades=23 stake_usd=10.0
[py_clob_client_v2] request error status=400 url=https://clob.polymarket.com/auth/api-key body={"error":"Could not create api key"}

{
  "started_at": "2026-09-16T16:13:28.113092Z",
  "params": {
    "profile": "conservative",
    "threshold": 0.7,
    "stake_usd": 10.0,
    "stop_loss_pct": 0.9,
    "exit_before_sec": 20,
    "min_entry_seconds_left": 60,
    "entry_timeout_min": 12,
    "poll_sec": 5.0,
    "close_retry_max": 30,
    "close_retry_delay_sec": 2.0,
    "execute": true
  },
  "attempts": [
    {
      "ts": "2026-09-16T16:13:29.284138Z",
      "slug": "btc-updown-5m-1789575000",
      "status": "heartbeat",
      "gamma_up": 0.765,
      "gamma_down": 0.235,
      "clob_up_ask": null,
      "clob_down_ask": 0.01,
      "seconds_left": 91.5815966129303,
      "min_spread": null
    },
    {
      "ts": "2026-09-16T16:13:29.284164Z",
      "slug": "btc-updown-5m-1789575000",
      "status": "skip_price_below_threshold",
      "threshold": 0.7,
      "clob_up_ask": null,
      "clob_down_ask": 0.01,
      "seconds_left": 91.5815966129303
    },
    {
      "ts": "2026-09-16T16:13:35.404395Z",
      "slug": "btc-updown-5m-1789575000",
      "status": "heartbeat",
      "gamma_up": 0.765,
      "gamma_down": 0.235,
      "clob_up_ask": null,
      "clob_down_ask": 0.01,
      "seconds_left": 85.37067985534668,
      "min_spread": null
    },
    {
      "ts": "2026-09-16T16:13:35.404417Z",
      "slug": "btc-updown-5m-1789575000",
      "status": "skip_price_below_threshold",
      "threshold": 0.7,
      "clob_up_ask": null,
      "clob_down_ask": 0.01,
      "seconds_left": 85.37067985534668
    },
    {
      "ts": "2026-09-16T16:13:44.606025Z",
      "slug": "btc-updown-5m-1789575000",
      "status": "heartbeat",
      "gamma_up": 0.765,
      "gamma_down": 0.235,
      "clob_up_ask": null,
      "clob_down_ask": 0.01,
      "seconds_left": 79.16390466690063,
      "min_spread": null
    },
    {
      "ts": "2026-09-16T16:13:44.606043Z",
      "slug": "btc-updown-5m-1789575000",
      "status": "skip_price_below_threshold",
      "threshold": 0.7,
      "clob_up_ask": null,
      "clob_down_ask": 0.01,
      "seconds_left": 79.16390466690063
    },
    {
      "ts": "2026-09-16T16:13:50.976902Z",
      "slug": "btc-updown-5m-1789575000",
      "status": "heartbeat",
      "gamma_up": 0.765,
      "gamma_down": 0.235,
      "clob_up_ask": null,
      "clob_down_ask": 0.01,
      "seconds_left": 69.81410837173462,
      "min_spread": null
    },
    {
      "ts": "2026-09-16T16:13:50.976928Z",
      "slug": "btc-updown-5m-1789575000",
      "status": "skip_price_below_threshold",
      "threshold": 0.7,
      "clob_up_ask": null,
      "clob_down_ask": 0.01,
      "seconds_left": 69.81410837173462
    },
    {
      "ts": "2026-09-16T16:13:57.173443Z",
      "slug": "btc-updown-5m-1789575000",
      "status": "heartbeat",
      "gamma_up": 0.765,
      "gamma_down": 0.235,
      "clob_up_ask": null,
      "clob_down_ask": 0.01,
      "seconds_left": 63.70864534378052,
      "min_spread": null
    },
    {
      "ts": "2026-09-16T16:13:57.173466Z",
      "slug": "btc-updown-5m-1789575000",
      "status": "skip_price_below_threshold",
      "threshold": 0.7,
      "clob_up_ask": null,
      "clob_down_ask": 0.01,
      "seconds_left": 63.70864534378052
    },
    {
      "ts": "2026-09-16T16:14:02.472519Z",
      "slug": "btc-updown-5m-1789575000",
      "status": "skip_too_late_to_enter",
      "seconds_left": 57.5274875164032,
      "min_entry_seconds_left": 60
    },
    {
      "ts": "2026-09-16T16:14:07.789142Z",
      "slug": "btc-updown-5m-1789575000",
      "status": "skip_too_late_to_enter",
      "seconds_left": 52.21086311340332,
      "min_entry_seconds_left": 60
    },
    {
      "ts": "2026-09-16T16:14:13.242864Z",
      "slug": "btc-updown-5m-1789575000",
      "status": "skip_too_late_to_enter",
      "seconds_left": 46.75714087486267,
      "min_entry_seconds_left": 60
    },
    {
      "ts": "2026-09-16T16:14:21.511559Z",
      "slug": "btc-updown-5m-1789575000",
      "status": "skip_too_late_to_enter",
      "seconds_left": 38.48844504356384,
      "min_entry_seconds_left": 60
    },
    {
      "ts": "2026-09-16T16:14:26.824123Z",
      "slug": "btc-updown-5m-1789575000",
      "status": "skip_too_late_to_enter",
      "seconds_left": 33.1758828163147,
      "min_entry_seconds_left": 60
    },
    {
      "ts": "2026-09-16T16:14:32.142688Z",
      "slug": "btc-updown-5m-1789575000",
      "status": "skip_too_late_to_enter",
      "seconds_left": 27.85731863975525,
      "min_entry_seconds_left": 60
    },
    {
      "ts": "2026-09-16T16:14:37.464835Z",
      "slug": "btc-updown-5m-1789575000",
      "status": "skip_too_late_to_enter",
      "seconds_left": 22.535170555114746,
      "min_entry_seconds_left": 60
    },
    {
      "ts": "2026-09-16T16:14:42.776224Z",
      "slug": "btc-updown-5m-1789575000",
      "status": "skip_too_late_to_enter",
      "seconds_left": 17.223782062530518,
      "min_entry_seconds_left": 60
    },
    {
      "ts": "2026-09-16T16:14:48.080503Z",
      "slug": "btc-updown-5m-1789575000",
      "status": "skip_too_late_to_enter",
      "seconds_left": 11.91950249671936,
      "min_entry_seconds_left": 60
    },
    {
      "ts": "2026-09-16T16:14:56.376182Z",
      "status": "heartbeat_no_current_market"
    },
    {
      "ts": "2026-09-16T16:15:02.486678Z",
      "slug": "btc-updown-5m-1789575300",
      "status": "heartbeat",
      "gamma_up": 0.505,
      "gamma_down": 0.495,
      "clob_up_ask": 0.5,
      "clob_down_ask": 0.51,
      "seconds_left": 298.28922605514526,
      "min_spread": 0.010000000000000009
    },
    {
      "ts": "2026-09-16T16:15:02.486708Z",
      "slug": "btc-updown-5m-1789575300",
      "status": "skip_price_below_threshold",
      "threshold": 0.7,
      "clob_up_ask": 0.5,
      "clob_down_ask": 0.51,
      "seconds_left": 298.28922605514526
    },
    {
      "ts": "2026-09-16T16:15:08.578500Z",
      "slug": "btc-updown-5m-1789575300",
      "status": "heartbeat",
      "gamma_up": 0.505,
      "gamma_down": 0.495,
      "clob_up_ask": 0.44,
      "clob_down_ask": 0.57,
      "seconds_left": 292.1981620788574,
      "min_spread": 0.009999999999999898
    },
    {
      "ts": "2026-09-16T16:15:08.578598Z",
      "slug": "btc-updown-5m-1789575300",
      "status": "skip_price_below_threshold",
      "threshold": 0.7,
      "clob_up_ask": 0.44,
      "clob_down_ask": 0.57,
      "seconds_left": 292.1981620788574
    },
    {
      "ts": "2026-09-16T16:15:14.705291Z",
      "slug": "btc-updown-5m-1789575300",
      "status": "heartbeat",
      "gamma_up": 0.505,
      "gamma_down": 0.495,
      "clob_up_ask": 0.38,
      "clob_down_ask": 0.63,
      "seconds_left": 286.08104181289673,
      "min_spread": 0.010000000000000009
    },
    {
      "ts": "2026-09-16T16:15:14.705317Z",
      "slug": "btc-updown-5m-1789575300",
      "status": "skip_price_below_threshold",
      "threshold": 0.7,
      "clob_up_ask": 0.38,
      "clob_down_ask": 0.63,
      "seconds_left": 286.08104181289673
    },
    {
      "ts": "2026-09-16T16:15:20.811877Z",
      "slug": "btc-updown-5m-1789575300",
      "status": "heartbeat",
      "gamma_up": 0.505,
      "gamma_down": 0.495,
      "clob_up_ask": 0.5,
      "clob_down_ask": 0.46,
      "seconds_left": 279.97388792037964,
      "min_spread": 0.010000000000000009
    },
    {
      "ts": "2026-09-16T16:15:20.811903Z",
      "slug": "btc-updown-5m-1789575300",
      "status": "skip_price_below_threshold",
      "threshold": 0.7,
      "clob_up_ask": 0.5,
      "clob_down_ask": 0.46,
      "seconds_left": 279.97388792037964
    },
    {
      "ts": "2026-09-16T16:15:26.896369Z",
      "slug": "btc-updown-5m-1789575300",
      "status": "heartbeat",
      "gamma_up": 0.505,
      "gamma_down": 0.495,
      "clob_up_ask": 0.53,
      "clob_down_ask": 0.48,
      "seconds_left": 273.8898651599884,
      "min_spread": 0.010000000000000009
    },
    {
      "ts": "2026-09-16T16:15:26.896397Z",
      "slug": "btc-updown-5m-1789575300",
      "status": "skip_price_below_threshold",
      "threshold": 0.7,
      "clob_up_ask": 0.53,
      "clob_down_ask": 0.48,
      "seconds_left": 273.8898651599884
    },
    {
      "ts": "2026-09-16T16:15:35.930189Z",
      "slug": "btc-updown-5m-1789575300",
      "status": "heartbeat",
      "gamma_up": 0.505,
      "gamma_down": 0.495,
      "clob_up_ask": 0.62,
      "clob_down_ask": 0.4,
      "seconds_left": 264.8381803035736,
      "min_spread": 0.010000000000000009
    },
    {
      "ts": "2026-09-16T16:15:35.930203Z",
      "slug": "btc-updown-5m-1789575300",
      "status": "skip_price_below_threshold",
      "threshold": 0.7,
      "clob_up_ask": 0.62,
      "clob_down_ask": 0.4,
      "seconds_left": 264.8381803035736
    },
    {
      "ts": "2026-09-16T16:15:42.191934Z",
      "slug": "btc-updown-5m-1789575300",
      "status": "heartbeat",
      "gamma_up": 0.505,
      "gamma_down": 0.495,
      "clob_up_ask": 0.62,
      "clob_down_ask": 0.39,
      "seconds_left": 258.771990776062,
      "min_spread": 0.010000000000000009
    },
    {
      "ts": "2026-09-16T16:15:42.191958Z",
      "slug": "btc-updown-5m-1789575300",
      "status": "skip_price_below_threshold",
      "threshold": 0.7,
      "clob_up_ask": 0.62,
      "clob_down_ask": 0.39,
      "seconds_left": 258.771990776062
    },
    {
      "ts": "2026-09-16T16:15:48.266838Z",
      "slug": "btc-updown-5m-1789575300",
      "status": "heartbeat",
      "gamma_up": 0.505,
      "gamma_down": 0.495,
      "clob_up_ask": 0.65,
      "clob_down_ask": 0.36,
      "seconds_left": 252.51747393608093,
      "min_spread": 0.010000000000000009
    },
    {
      "ts": "2026-09-16T16:15:48.266860Z",
      "slug": "btc-updown-5m-1789575300",
      "status": "skip_price_below_threshold",
      "threshold": 0.7,
      "clob_up_ask": 0.65,
      "clob_down_ask": 0.36,
      "seconds_left": 252.51747393608093
    },
    {
      "ts": "2026-09-16T16:15:54.366090Z",
      "slug": "btc-updown-5m-1789575300",
      "status": "heartbeat",
      "gamma_up": 0.505,
      "gamma_down": 0.495,
      "clob_up_ask": 0.56,
      "clob_down_ask": 0.46,
      "seconds_left": 246.4085991382599,
      "min_spread": 0.010000000000000009
    },
    {
      "ts": "2026-09-16T16:15:54.366117Z",
      "slug": "btc-updown-5m-1789575300",
      "status": "skip_price_below_threshold",
      "threshold": 0.7,
      "clob_up_ask": 0.56,
      "clob_down_ask": 0.46,
      "seconds_left": 246.4085991382599
    },
    {
      "ts": "2026-09-16T16:16:00.445131Z",
      "slug": "btc-updown-5m-1789575300",
      "status": "heartbeat",
      "gamma_up": 0.505,
      "gamma_down": 0.495,
      "clob_up_ask": 0.55,
      "clob_down_ask": 0.46,
      "seconds_left": 240.33651065826416,
      "min_spread": 0.010000000000000009
    },
    {
      "ts": "2026-09-16T16:16:00.445154Z",
      "slug": "btc-updown-5m-1789575300",
      "status": "skip_price_below_threshold",
      "threshold": 0.7,
      "clob_up_ask": 0.55,
      "clob_down_ask": 0.46,
      "seconds_left": 240.33651065826416
    },
    {
      "ts": "2026-09-16T16:16:09.561319Z",
      "slug": "btc-updown-5m-1789575300",
      "status": "heartbeat",
      "gamma_up": 0.505,
      "gamma_down": 0.495,
      "clob_up_ask": 0.53,
      "clob_down_ask": 0.48,
      "seconds_left": 231.2197880744934,
      "min_spread": 0.010000000000000009
    },
    {
      "ts": "2026-09-16T16:16:09.561342Z",
      "slug": "btc-updown-5m-1789575300",
      "status": "skip_price_below_threshold",
      "threshold": 0.7,
      "clob_up_ask": 0.53,
      "clob_down_ask": 0.48,
      "seconds_left": 231.2197880744934
    },
    {
      "ts": "2026-09-16T16:16:15.656172Z",
      "slug": "btc-updown-5m-1789575300",
      "status": "heartbeat",
      "gamma_up": 0.505,
      "gamma_down": 0.495,
      "clob_up_ask": 0.45,
      "clob_down_ask": 0.56,
      "seconds_left": 225.13496685028076,
      "min_spread": 0.010000000000000009
    },
    {
      "ts": "2026-09-16T16:16:15.656186Z",
      "slug": "btc-updown-5m-1789575300",
      "status": "skip_price_below_threshold",
      "threshold": 0.7,
      "clob_up_ask": 0.45,
      "clob_down_ask": 0.56,
      "seconds_left": 225.13496685028076
    },
    {
      "ts": "2026-09-16T16:16:21.715300Z",
      "slug": "btc-updown-5m-1789575300",
      "status": "heartbeat",
      "gamma_up": 0.505,
      "gamma_down": 0.495,
      "clob_up_ask": 0.44,
      "clob_down_ask": 0.6,
      "seconds_left": 219.03961372375488,
      "min_spread": 0.010000000000000009
    },
    {
      "ts": "2026-09-16T16:16:21.715312Z",
      "slug": "btc-updown-5m-1789575300",
      "status": "skip_price_below_threshold",
      "threshold": 0.7,
      "clob_up_ask": 0.44,
      "clob_down_ask": 0.6,
      "seconds_left": 219.03961372375488
    },
    {
      "ts": "2026-09-16T16:16:27.886073Z",
      "slug": "btc-updown-5m-1789575300",
      "status": "heartbeat",
      "gamma_up": 0.505,
      "gamma_down": 0.495,
      "clob_up_ask": 0.24,
      "clob_down_ask": 0.77,
      "seconds_left": 212.92945909500122,
      "min_spread": 0.009999999999999981
    }
  ],
  "open_raw": "{\"mode\": \"open\", \"execute\": true, \"market_slug\": \"btc-updown-5m-1789575300\", \"force_side\": \"DOWN\", \"token_id\": \"39234339423224298162825601475439883185176751615626578467003161718262956597957\", \"entry_price\": 0.82, \"notional_usd\": 10.0, \"top_ask_notional_usd\": 469.0645999999999, \"collateral_pusd\": 63.794525, \"order_post_result\": {\"errorMsg\": \"\", \"orderID\": \"0x2fa2df10a0252d2969551bce78888d60eeedf29ad265cbc4b665c511439e52b9\", \"takingAmount\": \"12.658228\", \"makingAmount\": \"10\", \"status\": \"matched\", \"transactionsHashes\": [\"0xe1cf7b0b59b588d5a0dd9a10f9267b72f1ad5f965634c1d26f3fd6ffd1f0ef41\"], \"success\": true}}\n\n[py_clob_client_v2] request error status=400 url=https://clob.polymarket.com/auth/api-key body={\"error\":\"Could not create api key\"}\n\n",
  "opened": {
    "opened_at": "2026-09-16T16:16:32.743846Z",
    "market_slug": "btc-updown-5m-1789575300",
    "market_end_iso": "2026-09-16T16:20:00Z",
    "side": "DOWN",
    "token_id": "39234339423224298162825601475439883185176751615626578467003161718262956597957",
    "entry_price": 0.82,
    "shares": 12.658228,
    "cost_usdc": 10.0,
    "open_order_id": "0x2fa2df10a0252d2969551bce78888d60eeedf29ad265cbc4b665c511439e52b9",
    "open_tx": "0xe1cf7b0b59b588d5a0dd9a10f9267b72f1ad5f965634c1d26f3fd6ffd1f0ef41"
  },
  "stop_loss_price": 0.08199999999999998,
  "last_side_price": 0.795,
  "last_check_at": "2026-09-16T16:19:32.962622Z",
  "close_debug": [
    {
      "ts": "2026-09-16T16:19:45.528367Z",
      "attempt": 1,
      "order_type": "FAK",
      "status": "error",
      "close_skipped": ""
    },
    {
      "ts": "2026-09-16T16:19:49.010389Z",
      "attempt": 1,
      "order_type": "GTC",
      "status": "",
      "close_skipped": "",
      "limit_price": 0.19
    },
    {
      "ts": "2026-09-16T16:19:54.315250Z",
      "attempt": 2,
      "order_type": "FAK",
      "status": "error",
      "close_skipped": ""
    },
    {
      "ts": "2026-09-16T16:19:59.626553Z",
      "attempt": 3,
      "order_type": "FAK",
      "status": "error",
      "close_skipped": ""
    },
    {
      "ts": "2026-09-16T16:20:04.900780Z",
      "attempt": 4,
      "order_type": "FAK",
      "status": "error",
      "close_skipped": ""
    },
    {
      "ts": "2026-09-16T16:20:10.169724Z",
      "attempt": 5,
      "order_type": "FAK",
      "status": "error",
      "close_skipped": ""
    },
    {
      "ts": "2026-09-16T16:20:18.576581Z",
      "attempt": 6,
      "order_type": "FAK",
      "status": "error",
      "close_skipped": ""
    },
    {
      "ts": "2026-09-16T16:20:23.898566Z",
      "attempt": 7,
      "order_type": "FAK",
      "status": "error",
      "close_skipped": ""
    },
    {
      "ts": "2026-09-16T16:20:29.228550Z",
      "attempt": 8,
      "order_type": "FAK",
      "status": "error",
      "close_skipped": ""
    },
    {
      "ts": "2026-09-16T16:20:34.540919Z",
      "attempt": 9,
      "order_type": "FAK",
      "status": "error",
      "close_skipped": ""
    },
    {
      "ts": "2026-09-16T16:20:39.787271Z",
      "attempt": 10,
      "order_type": "FAK",
      "status": "error",
      "close_skipped": ""
    },
    {
      "ts": "2026-09-16T16:20:45.043214Z",
      "attempt": 11,
      "order_type": "FAK",
      "status": "error",
      "close_skipped": ""
    },
    {
      "ts": "2026-09-16T16:20:53.240289Z",
      "attempt": 12,
      "order_type": "FAK",
      "status": "error",
      "close_skipped": ""
    },
    {
      "ts": "2026-09-16T16:20:58.554600Z",
      "attempt": 13,
      "order_type": "FAK",
      "status": "error",
      "close_skipped": ""
    },
    {
      "ts": "2026-09-16T16:21:04.197422Z",
      "attempt": 14,
      "order_type": "FAK",
      "status": "error",
      "close_skipped": ""
    },
    {
      "ts": "2026-09-16T16:21:09.440986Z",
      "attempt": 15,
      "order_type": "FAK",
      "status": "error",
      "close_skipped": ""
    },
    {
      "ts": "2026-09-16T16:21:14.882666Z",
      "attempt": 16,
      "order_type": "FAK",
      "status": "error",
      "close_skipped": ""
    },
    {
      "ts": "2026-09-16T16:21:20.164448Z",
      "attempt": 17,
      "order_type": "FAK",
      "status": "error",
      "close_skipped": ""
    },
    {
      "ts": "2026-09-16T16:21:28.654685Z",
      "attempt": 18,
      "order_type": "FAK",
      "status": "error",
      "close_skipped": ""
    },
    {
      "ts": "2026-09-16T16:21:33.897900Z",
      "attempt": 19,
      "order_type": "FAK",
      "status": "error",
      "close_skipped": ""
    },
    {
      "ts": "2026-09-16T16:21:39.204643Z",
      "attempt": 20,
      "order_type": "FAK",
      "status": "error",
      "close_skipped": ""
    },
    {
      "ts": "2026-09-16T16:21:44.688397Z",
      "attempt": 21,
      "order_type": "FAK",
      "status": "error",
      "close_skipped": ""
    },
    {
      "ts": "2026-09-16T16:21:49.974434Z",
      "attempt": 22,
      "order_type": "FAK",
      "status": "error",
      "close_skipped": ""
    },
    {
      "ts": "2026-09-16T16:21:55.179075Z",
      "attempt": 23,
      "order_type": "FAK",
      "status": "error",
      "close_skipped": ""
    },
    {
      "ts": "2026-09-16T16:22:03.368572Z",
      "attempt": 24,
      "order_type": "FAK",
      "status": "error",
      "close_skipped": ""
    },
    {
      "ts": "2026-09-16T16:22:08.982074Z",
      "attempt": 25,
      "order_type": "FAK",
      "status": "error",
      "close_skipped": ""
    },
    {
      "ts": "2026-09-16T16:22:14.131017Z",
      "attempt": 26,
      "order_type": "FAK",
      "status": "error",
      "close_skipped": ""
    },
    {
      "ts": "2026-09-16T16:22:19.451762Z",
      "attempt": 27,
      "order_type": "FAK",
      "status": "error",
      "close_skipped": ""
    },
    {
      "ts": "2026-09-16T16:22:24.960383Z",
      "attempt": 28,
      "order_type": "FAK",
      "status": "error",
      "close_skipped": ""
    },
    {
      "ts": "2026-09-16T16:22:30.481657Z",
      "attempt": 29,
      "order_type": "FAK",
      "status": "error",
      "close_skipped": ""
    },
    {
      "ts": "2026-09-16T16:22:38.694802Z",
      "attempt": 30,
      "order_type": "FAK",
      "status": "error",
      "close_skipped": ""
    }
  ],
  "close_fallback": {
    "type": "GTC_LIMIT",
    "price": 0.19
  },
  "close_raw": "{\"error\": \"no match\", \"order_post_result\": {\"success\": false, \"status\": \"error\", \"errorMsg\": \"no match\"}, \"close_skipped\": \"\"}\n\n[py_clob_client_v2] request error status=400 url=https://clob.polymarket.com/auth/api-key body={\"error\":\"Could not create api key\"}\n\n",
  "closed": {
    "close_reason": "time_exit_20s_before_end",
    "closed_at": "2026-09-16T16:22:40.695001Z",
    "close_success": false,
    "close_status": "error",
    "close_order_id": null,
    "close_tx": null,
    "close_shares": 0.0,
    "close_usdc": 0.0,
    "close_skipped": ""
  },
  "realized_cashflow_pnl_usdc": null,
  "finished_at": "2026-09-16T16:22:40.695028Z",
  "result": "done"
}
[2026-09-16T16:22:40Z] session_end rc=0 trades=24 stake_usd=10.0
journal_ok trades=69 md=/home/yukeen/polymarketbot/5min-btc-polymarket/data/live_trades.md json=/home/yukeen/polymarketbot/5min-btc-polymarket/data/live_trades.json
[py_clob_client_v2] request error status=400 url=https://clob.polymarket.com/auth/api-key body={"error":"Could not create api key"}

[2026-09-16T16:23:24Z] cash=53.647525
{"martingale": true, "next_stake": 30.0, "loss_streak": 2, "last_outcome": "loss", "last_opened_at": "2026-09-16T16:16:32.743846Z", "applied": 1}
[2026-09-16T16:23:32Z] session_begin trades=24 stake_usd=30.0
[py_clob_client_v2] request error status=400 url=https://clob.polymarket.com/auth/api-key body={"error":"Could not create api key"}

{
  "started_at": "2026-09-16T16:23:32.595028Z",
  "params": {
    "profile": "conservative",
    "threshold": 0.7,
    "stake_usd": 30.0,
    "stop_loss_pct": 0.9,
    "exit_before_sec": 20,
    "min_entry_seconds_left": 60,
    "entry_timeout_min": 12,
    "poll_sec": 5.0,
    "close_retry_max": 30,
    "close_retry_delay_sec": 2.0,
    "execute": true
  },
  "attempts": [
    {
      "ts": "2026-09-16T16:23:33.727656Z",
      "slug": "btc-updown-5m-1789575600",
      "status": "heartbeat",
      "gamma_up": 0.675,
      "gamma_down": 0.325,
      "clob_up_ask": 0.33,
      "clob_down_ask": 0.67,
      "seconds_left": 87.06160616874695,
      "min_spread": 0.010000000000000009
    },
    {
      "ts": "2026-09-16T16:23:33.727685Z",
      "slug": "btc-updown-5m-1789575600",
      "status": "skip_price_below_threshold",
      "threshold": 0.7,
      "clob_up_ask": 0.33,
      "clob_down_ask": 0.67,
      "seconds_left": 87.06160616874695
    },
    {
      "ts": "2026-09-16T16:23:57.785470Z",
      "slug": "btc-updown-5m-1789575600",
      "status": "heartbeat",
      "gamma_up": 0.675,
      "gamma_down": 0.325,
      "clob_up_ask": 0.31,
      "clob_down_ask": 0.72,
      "seconds_left": 80.97959327697754,
      "min_spread": 0.010000000000000009
    }
  ],
  "open_raw": "{\"mode\": \"open\", \"execute\": true, \"market_slug\": \"btc-updown-5m-1789575600\", \"force_side\": \"DOWN\", \"token_id\": \"86113208036609531403638579873640161430895118369681569030480233189591910762595\", \"entry_price\": 0.71, \"notional_usd\": 30.0, \"top_ask_notional_usd\": 649.9553, \"collateral_pusd\": 53.647525, \"order_post_result\": {\"errorMsg\": \"\", \"orderID\": \"0x0b5878200fc125c024370d04d765ff8f4349809f6d2d838c3952dbed592962f1\", \"takingAmount\": \"36.585366\", \"makingAmount\": \"30\", \"status\": \"matched\", \"transactionsHashes\": [\"0xd070147605c80a793cf43da723b4dd461fffdc611a07b3d025f0d8f625d7ac07\"], \"success\": true}}\n\n[py_clob_client_v2] request error status=400 url=https://clob.polymarket.com/auth/api-key body={\"error\":\"Could not create api key\"}\n\n",
  "opened": {
    "opened_at": "2026-09-16T16:24:02.729831Z",
    "market_slug": "btc-updown-5m-1789575600",
    "market_end_iso": "2026-09-16T16:25:00Z",
    "side": "DOWN",
    "token_id": "86113208036609531403638579873640161430895118369681569030480233189591910762595",
    "entry_price": 0.71,
    "shares": 36.585366,
    "cost_usdc": 30.0,
    "open_order_id": "0x0b5878200fc125c024370d04d765ff8f4349809f6d2d838c3952dbed592962f1",
    "open_tx": "0xd070147605c80a793cf43da723b4dd461fffdc611a07b3d025f0d8f625d7ac07"
  },
  "stop_loss_price": 0.07099999999999998,
  "last_side_price": 0.325,
  "last_check_at": "2026-09-16T16:24:38.024910Z",
  "close_debug": [
    {
      "ts": "2026-09-16T16:24:48.595744Z",
      "attempt": 1,
      "order_type": "FAK",
      "status": "matched",
      "close_skipped": ""
    }
  ],
  "close_raw": "{\"mode\": \"close\", \"execute\": true, \"market_slug\": \"btc-updown-5m-1789575600\", \"token_id\": \"86113208036609531403638579873640161430895118369681569030480233189591910762595\", \"requested_shares\": 36.585366, \"close_order_type\": \"FAK\", \"close_limit_price\": null, \"available_shares\": 36.585366, \"sell_shares\": 36.5853, \"order_post_result\": {\"errorMsg\": \"\", \"orderID\": \"0x1f20d71a5322e0cea8e536ed196fd6448d6ba9fb206d2ad12a7631cf4cb4de16\", \"takingAmount\": \"36.2142\", \"makingAmount\": \"36.58\", \"status\": \"matched\", \"transactionsHashes\": [\"0x590be0c31cc3b555f2c7d201d5258d0ff7058ab810df522d476b6723f8089918\"], \"success\": true}, \"close_skipped\": \"\"}\n\n[py_clob_client_v2] request error status=400 url=https://clob.polymarket.com/auth/api-key body={\"error\":\"Could not create api key\"}\n\n",
  "closed": {
    "close_reason": "time_exit_20s_before_end",
    "closed_at": "2026-09-16T16:24:48.595772Z",
    "close_success": true,
    "close_status": "matched",
    "close_order_id": "0x1f20d71a5322e0cea8e536ed196fd6448d6ba9fb206d2ad12a7631cf4cb4de16",
    "close_tx": "0x590be0c31cc3b555f2c7d201d5258d0ff7058ab810df522d476b6723f8089918",
    "close_shares": 36.58,
    "close_usdc": 36.2142,
    "close_skipped": ""
  },
  "realized_cashflow_pnl_usdc": 6.2142,
  "finished_at": "2026-09-16T16:24:48.595792Z",
  "result": "done"
}
[2026-09-16T16:24:48Z] session_end rc=0 trades=25 stake_usd=30.0
journal_ok trades=70 md=/home/yukeen/polymarketbot/5min-btc-polymarket/data/live_trades.md json=/home/yukeen/polymarketbot/5min-btc-polymarket/data/live_trades.json
[py_clob_client_v2] request error status=400 url=https://clob.polymarket.com/auth/api-key body={"error":"Could not create api key"}

[2026-09-16T16:25:34Z] cash=59.458385
{"martingale": true, "next_stake": 5.0, "loss_streak": 0, "last_outcome": "win", "last_opened_at": "2026-09-16T16:24:02.729831Z", "applied": 1}
[2026-09-16T16:25:42Z] session_begin trades=25 stake_usd=5.0
[py_clob_client_v2] request error status=400 url=https://clob.polymarket.com/auth/api-key body={"error":"Could not create api key"}

{
  "started_at": "2026-09-16T16:25:42.758637Z",
  "params": {
    "profile": "conservative",
    "threshold": 0.7,
    "stake_usd": 5.0,
    "stop_loss_pct": 0.9,
    "exit_before_sec": 20,
    "min_entry_seconds_left": 60,
    "entry_timeout_min": 12,
    "poll_sec": 5.0,
    "close_retry_max": 30,
    "close_retry_delay_sec": 2.0,
    "execute": true
  },
  "attempts": [
    {
      "ts": "2026-09-16T16:25:43.991479Z",
      "slug": "btc-updown-5m-1789575900",
      "status": "heartbeat",
      "gamma_up": 0.495,
      "gamma_down": 0.505,
      "clob_up_ask": 0.44,
      "clob_down_ask": 0.57,
      "seconds_left": 256.78082299232483,
      "min_spread": 0.009999999999999898
    },
    {
      "ts": "2026-09-16T16:25:43.991505Z",
      "slug": "btc-updown-5m-1789575900",
      "status": "skip_price_below_threshold",
      "threshold": 0.7,
      "clob_up_ask": 0.44,
      "clob_down_ask": 0.57,
      "seconds_left": 256.78082299232483
    },
    {
      "ts": "2026-09-16T16:25:50.107729Z",
      "slug": "btc-updown-5m-1789575900",
      "status": "heartbeat",
      "gamma_up": 0.495,
      "gamma_down": 0.505,
      "clob_up_ask": 0.54,
      "clob_down_ask": 0.48,
      "seconds_left": 250.69276928901672,
      "min_spread": 0.010000000000000009
    },
    {
      "ts": "2026-09-16T16:25:50.107760Z",
      "slug": "btc-updown-5m-1789575900",
      "status": "skip_price_below_threshold",
      "threshold": 0.7,
      "clob_up_ask": 0.54,
      "clob_down_ask": 0.48,
      "seconds_left": 250.69276928901672
    },
    {
      "ts": "2026-09-16T16:25:56.241939Z",
      "slug": "btc-updown-5m-1789575900",
      "status": "heartbeat",
      "gamma_up": 0.495,
      "gamma_down": 0.505,
      "clob_up_ask": 0.5,
      "clob_down_ask": 0.51,
      "seconds_left": 244.57099628448486,
      "min_spread": 0.010000000000000009
    },
    {
      "ts": "2026-09-16T16:25:56.241965Z",
      "slug": "btc-updown-5m-1789575900",
      "status": "skip_price_below_threshold",
      "threshold": 0.7,
      "clob_up_ask": 0.5,
      "clob_down_ask": 0.51,
      "seconds_left": 244.57099628448486
    },
    {
      "ts": "2026-09-16T16:26:02.325249Z",
      "slug": "btc-updown-5m-1789575900",
      "status": "heartbeat",
      "gamma_up": 0.495,
      "gamma_down": 0.505,
      "clob_up_ask": 0.54,
      "clob_down_ask": 0.47,
      "seconds_left": 238.46446704864502,
      "min_spread": 0.009999999999999953
    },
    {
      "ts": "2026-09-16T16:26:02.325273Z",
      "slug": "btc-updown-5m-1789575900",
      "status": "skip_price_below_threshold",
      "threshold": 0.7,
      "clob_up_ask": 0.54,
      "clob_down_ask": 0.47,
      "seconds_left": 238.46446704864502
    },
    {
      "ts": "2026-09-16T16:26:11.537531Z",
      "slug": "btc-updown-5m-1789575900",
      "status": "heartbeat",
      "gamma_up": 0.495,
      "gamma_down": 0.505,
      "clob_up_ask": 0.55,
      "clob_down_ask": 0.47,
      "seconds_left": 229.25614714622498,
      "min_spread": 0.009999999999999953
    },
    {
      "ts": "2026-09-16T16:26:11.537553Z",
      "slug": "btc-updown-5m-1789575900",
      "status": "skip_price_below_threshold",
      "threshold": 0.7,
      "clob_up_ask": 0.55,
      "clob_down_ask": 0.47,
      "seconds_left": 229.25614714622498
    },
    {
      "ts": "2026-09-16T16:26:17.680003Z",
      "slug": "btc-updown-5m-1789575900",
      "status": "heartbeat",
      "gamma_up": 0.495,
      "gamma_down": 0.505,
      "clob_up_ask": 0.53,
      "clob_down_ask": 0.48,
      "seconds_left": 223.14179372787476,
      "min_spread": 0.010000000000000009
    },
    {
      "ts": "2026-09-16T16:26:17.680028Z",
      "slug": "btc-updown-5m-1789575900",
      "status": "skip_price_below_threshold",
      "threshold": 0.7,
      "clob_up_ask": 0.53,
      "clob_down_ask": 0.48,
      "seconds_left": 223.14179372787476
    },
    {
      "ts": "2026-09-16T16:26:23.793519Z",
      "slug": "btc-updown-5m-1789575900",
      "status": "heartbeat",
      "gamma_up": 0.495,
      "gamma_down": 0.505,
      "clob_up_ask": 0.58,
      "clob_down_ask": 0.43,
      "seconds_left": 216.9889636039734,
      "min_spread": 0.010000000000000009
    },
    {
      "ts": "2026-09-16T16:26:23.793536Z",
      "slug": "btc-updown-5m-1789575900",
      "status": "skip_price_below_threshold",
      "threshold": 0.7,
      "clob_up_ask": 0.58,
      "clob_down_ask": 0.43,
      "seconds_left": 216.9889636039734
    },
    {
      "ts": "2026-09-16T16:26:29.896122Z",
      "slug": "btc-updown-5m-1789575900",
      "status": "heartbeat",
      "gamma_up": 0.495,
      "gamma_down": 0.505,
      "clob_up_ask": 0.5,
      "clob_down_ask": 0.51,
      "seconds_left": 210.88280034065247,
      "min_spread": 0.010000000000000009
    },
    {
      "ts": "2026-09-16T16:26:29.896147Z",
      "slug": "btc-updown-5m-1789575900",
      "status": "skip_price_below_threshold",
      "threshold": 0.7,
      "clob_up_ask": 0.5,
      "clob_down_ask": 0.51,
      "seconds_left": 210.88280034065247
    },
    {
      "ts": "2026-09-16T16:26:36.040043Z",
      "slug": "btc-updown-5m-1789575900",
      "status": "heartbeat",
      "gamma_up": 0.495,
      "gamma_down": 0.505,
      "clob_up_ask": 0.42,
      "clob_down_ask": 0.59,
      "seconds_left": 204.77517223358154,
      "min_spread": 0.010000000000000009
    },
    {
      "ts": "2026-09-16T16:26:36.040068Z",
      "slug": "btc-updown-5m-1789575900",
      "status": "skip_price_below_threshold",
      "threshold": 0.7,
      "clob_up_ask": 0.42,
      "clob_down_ask": 0.59,
      "seconds_left": 204.77517223358154
    },
    {
      "ts": "2026-09-16T16:26:45.755494Z",
      "slug": "btc-updown-5m-1789575900",
      "status": "heartbeat",
      "gamma_up": 0.495,
      "gamma_down": 0.505,
      "clob_up_ask": 0.41,
      "clob_down_ask": 0.6,
      "seconds_left": 195.05060362815857,
      "min_spread": 0.009999999999999953
    },
    {
      "ts": "2026-09-16T16:26:45.755519Z",
      "slug": "btc-updown-5m-1789575900",
      "status": "skip_price_below_threshold",
      "threshold": 0.7,
      "clob_up_ask": 0.41,
      "clob_down_ask": 0.6,
      "seconds_left": 195.05060362815857
    },
    {
      "ts": "2026-09-16T16:26:51.828832Z",
      "slug": "btc-updown-5m-1789575900",
      "status": "heartbeat",
      "gamma_up": 0.495,
      "gamma_down": 0.505,
      "clob_up_ask": 0.41,
      "clob_down_ask": 0.6,
      "seconds_left": 188.92724514007568,
      "min_spread": 0.009999999999999953
    },
    {
      "ts": "2026-09-16T16:26:51.828849Z",
      "slug": "btc-updown-5m-1789575900",
      "status": "skip_price_below_threshold",
      "threshold": 0.7,
      "clob_up_ask": 0.41,
      "clob_down_ask": 0.6,
      "seconds_left": 188.92724514007568
    },
    {
      "ts": "2026-09-16T16:26:57.930554Z",
      "slug": "btc-updown-5m-1789575900",
      "status": "heartbeat",
      "gamma_up": 0.495,
      "gamma_down": 0.505,
      "clob_up_ask": 0.41,
      "clob_down_ask": 0.58,
      "seconds_left": 182.84787774085999,
      "min_spread": 0.009999999999999953
    },
    {
      "ts": "2026-09-16T16:26:57.930577Z",
      "slug": "btc-updown-5m-1789575900",
      "status": "skip_price_below_threshold",
      "threshold": 0.7,
      "clob_up_ask": 0.41,
      "clob_down_ask": 0.58,
      "seconds_left": 182.84787774085999
    },
    {
      "ts": "2026-09-16T16:27:03.987446Z",
      "slug": "btc-updown-5m-1789575900",
      "status": "heartbeat",
      "gamma_up": 0.495,
      "gamma_down": 0.505,
      "clob_up_ask": 0.28,
      "clob_down_ask": 0.73,
      "seconds_left": 176.7717764377594,
      "min_spread": 0.010000000000000009
    }
  ],
  "open_raw": "{\"mode\": \"open\", \"execute\": true, \"market_slug\": \"btc-updown-5m-1789575900\", \"force_side\": \"DOWN\", \"token_id\": \"70433764123087195629835986494817866877494078967929649086992107539127191254134\", \"entry_price\": 0.73, \"notional_usd\": 5.0, \"top_ask_notional_usd\": 862.0204999999999, \"collateral_pusd\": 59.458385, \"order_post_result\": {\"errorMsg\": \"\", \"orderID\": \"0x8bb337fc79423818ffe3361270946ec13536fbc11d8be037f692bbd0d4c03115\", \"takingAmount\": \"7.142856\", \"makingAmount\": \"4.999999\", \"status\": \"matched\", \"transactionsHashes\": [\"0x9ab90c46b43ef9fedb958be200a960043e97e2a26cce53e405fc3966633123d6\"], \"success\": true}}\n\n[py_clob_client_v2] request error status=400 url=https://clob.polymarket.com/auth/api-key body={\"error\":\"Could not create api key\"}\n\n",
  "opened": {
    "opened_at": "2026-09-16T16:27:08.507222Z",
    "market_slug": "btc-updown-5m-1789575900",
    "market_end_iso": "2026-09-16T16:30:00Z",
    "side": "DOWN",
    "token_id": "70433764123087195629835986494817866877494078967929649086992107539127191254134",
    "entry_price": 0.73,
    "shares": 7.142856,
    "cost_usdc": 4.999999,
    "open_order_id": "0x8bb337fc79423818ffe3361270946ec13536fbc11d8be037f692bbd0d4c03115",
    "open_tx": "0x9ab90c46b43ef9fedb958be200a960043e97e2a26cce53e405fc3966633123d6"
  },
  "stop_loss_price": 0.07299999999999998,
  "last_side_price": 0.775,
  "last_check_at": "2026-09-16T16:29:36.538145Z",
  "close_debug": [
    {
      "ts": "2026-09-16T16:29:46.265907Z",
      "attempt": 1,
      "order_type": "FAK",
      "status": "matched",
      "close_skipped": ""
    }
  ],
  "close_raw": "{\"mode\": \"close\", \"execute\": true, \"market_slug\": \"btc-updown-5m-1789575900\", \"token_id\": \"70433764123087195629835986494817866877494078967929649086992107539127191254134\", \"requested_shares\": 7.142856, \"close_order_type\": \"FAK\", \"close_limit_price\": null, \"available_shares\": 7.142856, \"sell_shares\": 7.1428, \"order_post_result\": {\"errorMsg\": \"\", \"orderID\": \"0x7c08512a4fdbe369c5c5d1c9b88a58e82fc84675610e15d0bee5ed8e7a265d0a\", \"takingAmount\": \"7.0686\", \"makingAmount\": \"7.14\", \"status\": \"matched\", \"transactionsHashes\": [\"0x615da079745f6c68e7f68c89b5d8dd5481b0cb3f9c7ddcdbb9d1d99dee7339bf\"], \"success\": true}, \"close_skipped\": \"\"}\n\n[py_clob_client_v2] request error status=400 url=https://clob.polymarket.com/auth/api-key body={\"error\":\"Could not create api key\"}\n\n",
  "closed": {
    "close_reason": "time_exit_20s_before_end",
    "closed_at": "2026-09-16T16:29:46.265932Z",
    "close_success": true,
    "close_status": "matched",
    "close_order_id": "0x7c08512a4fdbe369c5c5d1c9b88a58e82fc84675610e15d0bee5ed8e7a265d0a",
    "close_tx": "0x615da079745f6c68e7f68c89b5d8dd5481b0cb3f9c7ddcdbb9d1d99dee7339bf",
    "close_shares": 7.14,
    "close_usdc": 7.0686,
    "close_skipped": ""
  },
  "realized_cashflow_pnl_usdc": 2.068601,
  "finished_at": "2026-09-16T16:29:46.265965Z",
  "result": "done"
}
[2026-09-16T16:29:46Z] session_end rc=0 trades=26 stake_usd=5.0
journal_ok trades=71 md=/home/yukeen/polymarketbot/5min-btc-polymarket/data/live_trades.md json=/home/yukeen/polymarketbot/5min-btc-polymarket/data/live_trades.json
[py_clob_client_v2] request error status=400 url=https://clob.polymarket.com/auth/api-key body={"error":"Could not create api key"}

[2026-09-16T16:30:30Z] cash=61.417056
{"martingale": true, "next_stake": 5.0, "loss_streak": 0, "last_outcome": "win", "last_opened_at": "2026-09-16T16:27:08.507222Z", "applied": 1}
[2026-09-16T16:30:41Z] session_begin trades=26 stake_usd=5.0
[py_clob_client_v2] request error status=400 url=https://clob.polymarket.com/auth/api-key body={"error":"Could not create api key"}

{
  "started_at": "2026-09-16T16:30:42.012599Z",
  "params": {
    "profile": "conservative",
    "threshold": 0.7,
    "stake_usd": 5.0,
    "stop_loss_pct": 0.9,
    "exit_before_sec": 20,
    "min_entry_seconds_left": 60,
    "entry_timeout_min": 12,
    "poll_sec": 5.0,
    "close_retry_max": 30,
    "close_retry_delay_sec": 2.0,
    "execute": true
  },
  "attempts": [
    {
      "ts": "2026-09-16T16:30:43.245169Z",
      "slug": "btc-updown-5m-1789576200",
      "status": "heartbeat",
      "gamma_up": 0.505,
      "gamma_down": 0.495,
      "clob_up_ask": 0.82,
      "clob_down_ask": 0.19,
      "seconds_left": 257.53200459480286,
      "min_spread": 0.009999999999999898
    }
  ],
  "open_raw": "{\"mode\": \"open\", \"execute\": true, \"market_slug\": \"btc-updown-5m-1789576200\", \"force_side\": \"UP\", \"token_id\": \"48636936315954811901143517937947934166878210105948387974613971765722347692262\", \"entry_price\": 0.79, \"notional_usd\": 5.0, \"top_ask_notional_usd\": 605.7246, \"collateral_pusd\": 61.417056, \"order_post_result\": {\"errorMsg\": \"\", \"orderID\": \"0x29bf39b85d6293d3231f4aca4c6e45c44fad40c113fc2242979c05538414a001\", \"takingAmount\": \"7.35294\", \"makingAmount\": \"4.999999\", \"status\": \"matched\", \"transactionsHashes\": [\"0x3a04716035b827b046b60fa057f4ffc138002d214f01514509ab491f48c97647\"], \"success\": true}}\n\n[py_clob_client_v2] request error status=400 url=https://clob.polymarket.com/auth/api-key body={\"error\":\"Could not create api key\"}\n\n",
  "opened": {
    "opened_at": "2026-09-16T16:30:48.255423Z",
    "market_slug": "btc-updown-5m-1789576200",
    "market_end_iso": "2026-09-16T16:35:00Z",
    "side": "UP",
    "token_id": "48636936315954811901143517937947934166878210105948387974613971765722347692262",
    "entry_price": 0.79,
    "shares": 7.35294,
    "cost_usdc": 4.999999,
    "open_order_id": "0x29bf39b85d6293d3231f4aca4c6e45c44fad40c113fc2242979c05538414a001",
    "open_tx": "0x3a04716035b827b046b60fa057f4ffc138002d214f01514509ab491f48c97647"
  },
  "stop_loss_price": 0.07899999999999999,
  "last_side_price": 0.795,
  "last_check_at": "2026-09-16T16:34:38.760997Z",
  "close_debug": [
    {
      "ts": "2026-09-16T16:34:50.916483Z",
      "attempt": 1,
      "order_type": "FAK",
      "status": "error",
      "close_skipped": ""
    },
    {
      "ts": "2026-09-16T16:34:56.338906Z",
      "attempt": 2,
      "order_type": "FAK",
      "status": "error",
      "close_skipped": ""
    },
    {
      "ts": "2026-09-16T16:35:01.757483Z",
      "attempt": 3,
      "order_type": "FAK",
      "status": "error",
      "close_skipped": ""
    },
    {
      "ts": "2026-09-16T16:35:07.157750Z",
      "attempt": 4,
      "order_type": "FAK",
      "status": "error",
      "close_skipped": ""
    },
    {
      "ts": "2026-09-16T16:35:12.494547Z",
      "attempt": 5,
      "order_type": "FAK",
      "status": "error",
      "close_skipped": ""
    },
    {
      "ts": "2026-09-16T16:35:20.909682Z",
      "attempt": 6,
      "order_type": "FAK",
      "status": "error",
      "close_skipped": ""
    },
    {
      "ts": "2026-09-16T16:35:26.497143Z",
      "attempt": 7,
      "order_type": "FAK",
      "status": "error",
      "close_skipped": ""
    },
    {
      "ts": "2026-09-16T16:35:31.852946Z",
      "attempt": 8,
      "order_type": "FAK",
      "status": "error",
      "close_skipped": ""
    },
    {
      "ts": "2026-09-16T16:35:37.119684Z",
      "attempt": 9,
      "order_type": "FAK",
      "status": "error",
      "close_skipped": ""
    },
    {
      "ts": "2026-09-16T16:35:42.516388Z",
      "attempt": 10,
      "order_type": "FAK",
      "status": "error",
      "close_skipped": ""
    },
    {
      "ts": "2026-09-16T16:35:47.759269Z",
      "attempt": 11,
      "order_type": "FAK",
      "status": "error",
      "close_skipped": ""
    },
    {
      "ts": "2026-09-16T16:35:55.965028Z",
      "attempt": 12,
      "order_type": "FAK",
      "status": "error",
      "close_skipped": ""
    },
    {
      "ts": "2026-09-16T16:36:01.524559Z",
      "attempt": 13,
      "order_type": "FAK",
      "status": "error",
      "close_skipped": ""
    },
    {
      "ts": "2026-09-16T16:36:07.332218Z",
      "attempt": 14,
      "order_type": "FAK",
      "status": "error",
      "close_skipped": ""
    },
    {
      "ts": "2026-09-16T16:36:12.688929Z",
      "attempt": 15,
      "order_type": "FAK",
      "status": "error",
      "close_skipped": ""
    },
    {
      "ts": "2026-09-16T16:36:18.030913Z",
      "attempt": 16,
      "order_type": "FAK",
      "status": "error",
      "close_skipped": ""
    },
    {
      "ts": "2026-09-16T16:36:23.347288Z",
      "attempt": 17,
      "order_type": "FAK",
      "status": "error",
      "close_skipped": ""
    },
    {
      "ts": "2026-09-16T16:36:31.600523Z",
      "attempt": 18,
      "order_type": "FAK",
      "status": "error",
      "close_skipped": ""
    },
    {
      "ts": "2026-09-16T16:36:36.883067Z",
      "attempt": 19,
      "order_type": "FAK",
      "status": "error",
      "close_skipped": ""
    },
    {
      "ts": "2026-09-16T16:36:42.215804Z",
      "attempt": 20,
      "order_type": "FAK",
      "status": "error",
      "close_skipped": ""
    },
    {
      "ts": "2026-09-16T16:36:47.720647Z",
      "attempt": 21,
      "order_type": "FAK",
      "status": "error",
      "close_skipped": ""
    },
    {
      "ts": "2026-09-16T16:36:52.996853Z",
      "attempt": 22,
      "order_type": "FAK",
      "status": "error",
      "close_skipped": ""
    },
    {
      "ts": "2026-09-16T16:36:58.355487Z",
      "attempt": 23,
      "order_type": "FAK",
      "status": "error",
      "close_skipped": ""
    },
    {
      "ts": "2026-09-16T16:37:06.612227Z",
      "attempt": 24,
      "order_type": "FAK",
      "status": "error",
      "close_skipped": ""
    },
    {
      "ts": "2026-09-16T16:37:11.921907Z",
      "attempt": 25,
      "order_type": "FAK",
      "status": "error",
      "close_skipped": ""
    },
    {
      "ts": "2026-09-16T16:37:17.277646Z",
      "attempt": 26,
      "order_type": "FAK",
      "status": "error",
      "close_skipped": ""
    },
    {
      "ts": "2026-09-16T16:37:22.658575Z",
      "attempt": 27,
      "order_type": "FAK",
      "status": "error",
      "close_skipped": ""
    },
    {
      "ts": "2026-09-16T16:37:28.077716Z",
      "attempt": 28,
      "order_type": "FAK",
      "status": "error",
      "close_skipped": ""
    },
    {
      "ts": "2026-09-16T16:37:33.459016Z",
      "attempt": 29,
      "order_type": "FAK",
      "status": "error",
      "close_skipped": ""
    },
    {
      "ts": "2026-09-16T16:37:41.953268Z",
      "attempt": 30,
      "order_type": "FAK",
      "status": "error",
      "close_skipped": ""
    }
  ],
  "close_raw": "{\"error\": \"PolyApiException[status_code=404, error_message={'error': 'No orderbook exists for the requested token id'}]\", \"order_post_result\": {\"success\": false, \"status\": \"error\", \"errorMsg\": \"PolyApiException[status_code=404, error_message={'error': 'No orderbook exists for the requested token id'}]\"}, \"close_skipped\": \"\"}\n\n[py_clob_client_v2] request error status=400 url=https://clob.polymarket.com/auth/api-key body={\"error\":\"Could not create api key\"}\n\n[py_clob_client_v2] request error status=404 url=https://clob.polymarket.com/book body={\"error\":\"No orderbook exists for the requested token id\"}\n\n",
  "closed": {
    "close_reason": "time_exit_20s_before_end",
    "closed_at": "2026-09-16T16:37:43.953483Z",
    "close_success": false,
    "close_status": "error",
    "close_order_id": null,
    "close_tx": null,
    "close_shares": 0.0,
    "close_usdc": 0.0,
    "close_skipped": ""
  },
  "realized_cashflow_pnl_usdc": null,
  "finished_at": "2026-09-16T16:37:43.953543Z",
  "result": "done"
}
[2026-09-16T16:37:44Z] session_end rc=0 trades=27 stake_usd=5.0
journal_ok trades=72 md=/home/yukeen/polymarketbot/5min-btc-polymarket/data/live_trades.md json=/home/yukeen/polymarketbot/5min-btc-polymarket/data/live_trades.json
[py_clob_client_v2] request error status=400 url=https://clob.polymarket.com/auth/api-key body={"error":"Could not create api key"}

[2026-09-16T16:38:31Z] cash=56.305067
{"martingale": true, "next_stake": 5.0, "loss_streak": 0, "last_outcome": "win", "last_opened_at": "2026-09-16T16:30:48.255423Z", "applied": 1}
[2026-09-16T16:38:40Z] session_begin trades=27 stake_usd=5.0
[py_clob_client_v2] request error status=400 url=https://clob.polymarket.com/auth/api-key body={"error":"Could not create api key"}

{
  "started_at": "2026-09-16T16:38:40.470483Z",
  "params": {
    "profile": "conservative",
    "threshold": 0.7,
    "stake_usd": 5.0,
    "stop_loss_pct": 0.9,
    "exit_before_sec": 20,
    "min_entry_seconds_left": 60,
    "entry_timeout_min": 12,
    "poll_sec": 5.0,
    "close_retry_max": 30,
    "close_retry_delay_sec": 2.0,
    "execute": true
  },
  "attempts": [
    {
      "ts": "2026-09-16T16:38:41.666438Z",
      "slug": "btc-updown-5m-1789576500",
      "status": "heartbeat",
      "gamma_up": 0.515,
      "gamma_down": 0.485,
      "clob_up_ask": 0.93,
      "clob_down_ask": 0.08,
      "seconds_left": 79.08062958717346,
      "min_spread": 0.009999999999999995
    }
  ],
  "open_raw": "{\"mode\": \"open\", \"execute\": true, \"market_slug\": \"btc-updown-5m-1789576500\", \"force_side\": \"UP\", \"token_id\": \"41751532380173168558763302904632946936746817098655705088828527983085557190486\", \"entry_price\": 0.93, \"notional_usd\": 5.0, \"top_ask_notional_usd\": 342.8817, \"collateral_pusd\": 56.305067, \"order_post_result\": {\"errorMsg\": \"\", \"orderID\": \"0x1295579608e611943e034e41c385955970bfdda9d1d8b9141f7b3d78123da22c\", \"takingAmount\": \"5.26314\", \"makingAmount\": \"4.999983\", \"status\": \"matched\", \"transactionsHashes\": [\"0x778af9201264c4e8f78325c9dc20cf687eb55e2d014cf2e30c4b2c3817806f52\"], \"success\": true}}\n\n[py_clob_client_v2] request error status=400 url=https://clob.polymarket.com/auth/api-key body={\"error\":\"Could not create api key\"}\n\n",
  "opened": {
    "opened_at": "2026-09-16T16:38:46.601866Z",
    "market_slug": "btc-updown-5m-1789576500",
    "market_end_iso": "2026-09-16T16:40:00Z",
    "side": "UP",
    "token_id": "41751532380173168558763302904632946936746817098655705088828527983085557190486",
    "entry_price": 0.93,
    "shares": 5.26314,
    "cost_usdc": 4.999983,
    "open_order_id": "0x1295579608e611943e034e41c385955970bfdda9d1d8b9141f7b3d78123da22c",
    "open_tx": "0x778af9201264c4e8f78325c9dc20cf687eb55e2d014cf2e30c4b2c3817806f52"
  },
  "stop_loss_price": 0.09299999999999999,
  "last_side_price": 0.515,
  "last_check_at": "2026-09-16T16:39:40.303276Z",
  "close_debug": [
    {
      "ts": "2026-09-16T16:39:52.881012Z",
      "attempt": 1,
      "order_type": "FAK",
      "status": "matched",
      "close_skipped": ""
    }
  ],
  "close_raw": "{\"mode\": \"close\", \"execute\": true, \"market_slug\": \"btc-updown-5m-1789576500\", \"token_id\": \"41751532380173168558763302904632946936746817098655705088828527983085557190486\", \"requested_shares\": 5.26314, \"close_order_type\": \"FAK\", \"close_limit_price\": null, \"available_shares\": 5.26314, \"sell_shares\": 5.2631, \"order_post_result\": {\"errorMsg\": \"\", \"orderID\": \"0xe3b9e3c24aaec69cdd6a2040744e72a436391dbc9a16944f19d1b5d568a9965d\", \"takingAmount\": \"5.2074\", \"makingAmount\": \"5.26\", \"status\": \"matched\", \"transactionsHashes\": [\"0x06888346b920742e152f885758781897fb489ec478f899288a1dc0c5380ea25e\"], \"success\": true}, \"close_skipped\": \"\"}\n\n[py_clob_client_v2] request error status=400 url=https://clob.polymarket.com/auth/api-key body={\"error\":\"Could not create api key\"}\n\n",
  "closed": {
    "close_reason": "time_exit_20s_before_end",
    "closed_at": "2026-09-16T16:39:52.881040Z",
    "close_success": true,
    "close_status": "matched",
    "close_order_id": "0xe3b9e3c24aaec69cdd6a2040744e72a436391dbc9a16944f19d1b5d568a9965d",
    "close_tx": "0x06888346b920742e152f885758781897fb489ec478f899288a1dc0c5380ea25e",
    "close_shares": 5.26,
    "close_usdc": 5.2074,
    "close_skipped": ""
  },
  "realized_cashflow_pnl_usdc": 0.207417,
  "finished_at": "2026-09-16T16:39:52.881061Z",
  "result": "done"
}
[2026-09-16T16:39:52Z] session_end rc=0 trades=28 stake_usd=5.0
journal_ok trades=73 md=/home/yukeen/polymarketbot/5min-btc-polymarket/data/live_trades.md json=/home/yukeen/polymarketbot/5min-btc-polymarket/data/live_trades.json
[py_clob_client_v2] request error status=400 url=https://clob.polymarket.com/auth/api-key body={"error":"Could not create api key"}

[2026-09-16T16:40:37Z] cash=56.491354
{"martingale": true, "next_stake": 5.0, "loss_streak": 0, "last_outcome": "scratch", "last_opened_at": "2026-09-16T16:38:46.601866Z", "applied": 1}
[2026-09-16T16:40:45Z] session_begin trades=28 stake_usd=5.0
[py_clob_client_v2] request error status=400 url=https://clob.polymarket.com/auth/api-key body={"error":"Could not create api key"}

{
  "started_at": "2026-09-16T16:40:45.630653Z",
  "params": {
    "profile": "conservative",
    "threshold": 0.7,
    "stake_usd": 5.0,
    "stop_loss_pct": 0.9,
    "exit_before_sec": 20,
    "min_entry_seconds_left": 60,
    "entry_timeout_min": 12,
    "poll_sec": 5.0,
    "close_retry_max": 30,
    "close_retry_delay_sec": 2.0,
    "execute": true
  },
  "attempts": [
    {
      "ts": "2026-09-16T16:40:46.742896Z",
      "slug": "btc-updown-5m-1789576800",
      "status": "heartbeat",
      "gamma_up": 0.505,
      "gamma_down": 0.495,
      "clob_up_ask": 0.19,
      "clob_down_ask": 0.82,
      "seconds_left": 254.0758147239685,
      "min_spread": 0.009999999999999898
    }
  ],
  "open_raw": "{\"mode\": \"open\", \"execute\": true, \"market_slug\": \"btc-updown-5m-1789576800\", \"force_side\": \"DOWN\", \"token_id\": \"114301893092847025151582700766547178230241295476123700713813132687637009932181\", \"entry_price\": 0.79, \"notional_usd\": 5.0, \"top_ask_notional_usd\": 516.7074, \"collateral_pusd\": 56.491354, \"order_post_result\": {\"errorMsg\": \"\", \"orderID\": \"0x3d4b595c41813793ce4eb6dcdd09bcdde9ca88dfc433adac32c3bf38180f9795\", \"takingAmount\": \"6.329114\", \"makingAmount\": \"5\", \"status\": \"matched\", \"transactionsHashes\": [\"0x6452d1824e7898e445f0387a86828675e9d8c29292f1dd4a429a68890997e802\"], \"success\": true}}\n\n[py_clob_client_v2] request error status=400 url=https://clob.polymarket.com/auth/api-key body={\"error\":\"Could not create api key\"}\n\n",
  "opened": {
    "opened_at": "2026-09-16T16:40:51.908960Z",
    "market_slug": "btc-updown-5m-1789576800",
    "market_end_iso": "2026-09-16T16:45:00Z",
    "side": "DOWN",
    "token_id": "114301893092847025151582700766547178230241295476123700713813132687637009932181",
    "entry_price": 0.79,
    "shares": 6.329114,
    "cost_usdc": 5.0,
    "open_order_id": "0x3d4b595c41813793ce4eb6dcdd09bcdde9ca88dfc433adac32c3bf38180f9795",
    "open_tx": "0x6452d1824e7898e445f0387a86828675e9d8c29292f1dd4a429a68890997e802"
  },
  "stop_loss_price": 0.07899999999999999,
  "last_side_price": 0.865,
  "last_check_at": "2026-09-16T16:44:37.194418Z",
  "close_debug": [
    {
      "ts": "2026-09-16T16:44:51.170334Z",
      "attempt": 1,
      "order_type": "FAK",
      "status": "matched",
      "close_skipped": ""
    }
  ],
  "close_raw": "{\"mode\": \"close\", \"execute\": true, \"market_slug\": \"btc-updown-5m-1789576800\", \"token_id\": \"114301893092847025151582700766547178230241295476123700713813132687637009932181\", \"requested_shares\": 6.329114, \"close_order_type\": \"FAK\", \"close_limit_price\": null, \"available_shares\": 6.329114, \"sell_shares\": 6.3291, \"order_post_result\": {\"errorMsg\": \"\", \"orderID\": \"0x0bf361efa85ba0a6dbbe1cfc28bbdfd92070b483fa8dcec7163b3dc99772895a\", \"takingAmount\": \"6.2568\", \"makingAmount\": \"6.32\", \"status\": \"matched\", \"transactionsHashes\": [\"0x3b2a3c29a67c106dcb1580013f9333e85bf1d6ea3187ba9c5c881cec505fbd76\"], \"success\": true}, \"close_skipped\": \"\"}\n\n[py_clob_client_v2] request error status=400 url=https://clob.polymarket.com/auth/api-key body={\"error\":\"Could not create api key\"}\n\n",
  "closed": {
    "close_reason": "time_exit_20s_before_end",
    "closed_at": "2026-09-16T16:44:51.170368Z",
    "close_success": true,
    "close_status": "matched",
    "close_order_id": "0x0bf361efa85ba0a6dbbe1cfc28bbdfd92070b483fa8dcec7163b3dc99772895a",
    "close_tx": "0x3b2a3c29a67c106dcb1580013f9333e85bf1d6ea3187ba9c5c881cec505fbd76",
    "close_shares": 6.32,
    "close_usdc": 6.2568,
    "close_skipped": ""
  },
  "realized_cashflow_pnl_usdc": 1.2568,
  "finished_at": "2026-09-16T16:44:51.170394Z",
  "result": "done"
}
[2026-09-16T16:44:51Z] session_end rc=0 trades=29 stake_usd=5.0
journal_ok trades=74 md=/home/yukeen/polymarketbot/5min-btc-polymarket/data/live_trades.md json=/home/yukeen/polymarketbot/5min-btc-polymarket/data/live_trades.json
[py_clob_client_v2] request error status=400 url=https://clob.polymarket.com/auth/api-key body={"error":"Could not create api key"}

[2026-09-16T16:45:33Z] cash=57.670284
{"martingale": true, "next_stake": 5.0, "loss_streak": 0, "last_outcome": "win", "last_opened_at": "2026-09-16T16:40:51.908960Z", "applied": 1}
[2026-09-16T16:45:45Z] session_begin trades=29 stake_usd=5.0
[py_clob_client_v2] request error status=400 url=https://clob.polymarket.com/auth/api-key body={"error":"Could not create api key"}

{
  "started_at": "2026-09-16T16:45:45.991396Z",
  "params": {
    "profile": "conservative",
    "threshold": 0.7,
    "stake_usd": 5.0,
    "stop_loss_pct": 0.9,
    "exit_before_sec": 20,
    "min_entry_seconds_left": 60,
    "entry_timeout_min": 12,
    "poll_sec": 5.0,
    "close_retry_max": 30,
    "close_retry_delay_sec": 2.0,
    "execute": true
  },
  "attempts": [
    {
      "ts": "2026-09-16T16:45:47.209318Z",
      "slug": "btc-updown-5m-1789577100",
      "status": "heartbeat",
      "gamma_up": 0.475,
      "gamma_down": 0.525,
      "clob_up_ask": 0.79,
      "clob_down_ask": 0.22,
      "seconds_left": 253.55132412910461,
      "min_spread": 0.010000000000000009
    }
  ],
  "open_raw": "{\"mode\": \"open\", \"execute\": true, \"market_slug\": \"btc-updown-5m-1789577100\", \"force_side\": \"UP\", \"token_id\": \"64817741321992398468525858546035021969868869966100423820005997450759188383489\", \"entry_price\": 0.8, \"notional_usd\": 5.0, \"top_ask_notional_usd\": 246.20000000000002, \"collateral_pusd\": 57.670284, \"order_post_result\": {\"errorMsg\": \"\", \"orderID\": \"0x2dc8110e1ad558c0561c43272541b390537a41dd0d7821887fe1716e98c46c65\", \"takingAmount\": \"6.410257\", \"makingAmount\": \"5\", \"status\": \"matched\", \"transactionsHashes\": [\"0x73fbf8778efc6fd85fa9c5ad9e40ed7317b829ec7cf3d6fe7c18dc890e2024ec\"], \"success\": true}}\n\n[py_clob_client_v2] request error status=400 url=https://clob.polymarket.com/auth/api-key body={\"error\":\"Could not create api key\"}\n\n",
  "opened": {
    "opened_at": "2026-09-16T16:45:51.923606Z",
    "market_slug": "btc-updown-5m-1789577100",
    "market_end_iso": "2026-09-16T16:50:00Z",
    "side": "UP",
    "token_id": "64817741321992398468525858546035021969868869966100423820005997450759188383489",
    "entry_price": 0.8,
    "shares": 6.410257,
    "cost_usdc": 5.0,
    "open_order_id": "0x2dc8110e1ad558c0561c43272541b390537a41dd0d7821887fe1716e98c46c65",
    "open_tx": "0x73fbf8778efc6fd85fa9c5ad9e40ed7317b829ec7cf3d6fe7c18dc890e2024ec"
  },
  "stop_loss_price": 0.07999999999999999,
  "last_side_price": 0.995,
  "last_check_at": "2026-09-16T16:49:37.504709Z",
  "close_debug": [
    {
      "ts": "2026-09-16T16:49:50.010206Z",
      "attempt": 1,
      "order_type": "FAK",
      "status": "matched",
      "close_skipped": ""
    }
  ],
  "close_raw": "{\"mode\": \"close\", \"execute\": true, \"market_slug\": \"btc-updown-5m-1789577100\", \"token_id\": \"64817741321992398468525858546035021969868869966100423820005997450759188383489\", \"requested_shares\": 6.410257, \"close_order_type\": \"FAK\", \"close_limit_price\": null, \"available_shares\": 6.410257, \"sell_shares\": 6.4102, \"order_post_result\": {\"errorMsg\": \"\", \"orderID\": \"0x85354d9a2593441f1a211f0e99bad98089db38f4cbea05c1fe341a019852a7fc\", \"takingAmount\": \"6.3459\", \"makingAmount\": \"6.41\", \"status\": \"matched\", \"transactionsHashes\": [\"0x2b45bbb8ed9b56fc4289e8b7753ed7c83b99811f0c76ecb65d9c733af67fa9fc\"], \"success\": true}, \"close_skipped\": \"\"}\n\n[py_clob_client_v2] request error status=400 url=https://clob.polymarket.com/auth/api-key body={\"error\":\"Could not create api key\"}\n\n",
  "closed": {
    "close_reason": "time_exit_20s_before_end",
    "closed_at": "2026-09-16T16:49:50.010226Z",
    "close_success": true,
    "close_status": "matched",
    "close_order_id": "0x85354d9a2593441f1a211f0e99bad98089db38f4cbea05c1fe341a019852a7fc",
    "close_tx": "0x2b45bbb8ed9b56fc4289e8b7753ed7c83b99811f0c76ecb65d9c733af67fa9fc",
    "close_shares": 6.41,
    "close_usdc": 6.3459,
    "close_skipped": ""
  },
  "realized_cashflow_pnl_usdc": 1.3459,
  "finished_at": "2026-09-16T16:49:50.010240Z",
  "result": "done"
}
[2026-09-16T16:49:50Z] session_end rc=0 trades=30 stake_usd=5.0
journal_ok trades=75 md=/home/yukeen/polymarketbot/5min-btc-polymarket/data/live_trades.md json=/home/yukeen/polymarketbot/5min-btc-polymarket/data/live_trades.json
[py_clob_client_v2] request error status=400 url=https://clob.polymarket.com/auth/api-key body={"error":"Could not create api key"}

[2026-09-16T16:50:35Z] cash=58.934744
{"martingale": true, "next_stake": 5.0, "loss_streak": 0, "last_outcome": "win", "last_opened_at": "2026-09-16T16:45:51.923606Z", "applied": 1}
[2026-09-16T16:50:43Z] session_begin trades=30 stake_usd=5.0
[py_clob_client_v2] request error status=400 url=https://clob.polymarket.com/auth/api-key body={"error":"Could not create api key"}

{
  "started_at": "2026-09-16T16:50:44.407896Z",
  "params": {
    "profile": "conservative",
    "threshold": 0.7,
    "stake_usd": 5.0,
    "stop_loss_pct": 0.9,
    "exit_before_sec": 20,
    "min_entry_seconds_left": 60,
    "entry_timeout_min": 12,
    "poll_sec": 5.0,
    "close_retry_max": 30,
    "close_retry_delay_sec": 2.0,
    "execute": true
  },
  "attempts": [
    {
      "ts": "2026-09-16T16:50:45.518419Z",
      "slug": "btc-updown-5m-1789577400",
      "status": "heartbeat",
      "gamma_up": 0.505,
      "gamma_down": 0.495,
      "clob_up_ask": 0.31,
      "clob_down_ask": 0.7,
      "seconds_left": 255.28334736824036,
      "min_spread": 0.010000000000000009
    }
  ],
  "open_raw": "{\"mode\": \"open\", \"execute\": true, \"market_slug\": \"btc-updown-5m-1789577400\", \"force_side\": \"DOWN\", \"token_id\": \"5535889699612703658470187807821730530388888910047355372271449812461029484422\", \"entry_price\": 0.71, \"notional_usd\": 5.0, \"top_ask_notional_usd\": 76.8859, \"collateral_pusd\": 58.934744, \"order_post_result\": {\"errorMsg\": \"\", \"orderID\": \"0xf77fcf7787e6d0e20fad38822a0fbe527f0a08530f3d30a4af2546230e8762df\", \"takingAmount\": \"6.849314\", \"makingAmount\": \"4.999999\", \"status\": \"matched\", \"transactionsHashes\": [\"0xc61633161fa03eac7db0d66f700df00801193c60df87a5f2326643ae56db26d3\"], \"success\": true}}\n\n[py_clob_client_v2] request error status=400 url=https://clob.polymarket.com/auth/api-key body={\"error\":\"Could not create api key\"}\n\n",
  "opened": {
    "opened_at": "2026-09-16T16:50:50.334344Z",
    "market_slug": "btc-updown-5m-1789577400",
    "market_end_iso": "2026-09-16T16:55:00Z",
    "side": "DOWN",
    "token_id": "5535889699612703658470187807821730530388888910047355372271449812461029484422",
    "entry_price": 0.71,
    "shares": 6.849314,
    "cost_usdc": 4.999999,
    "open_order_id": "0xf77fcf7787e6d0e20fad38822a0fbe527f0a08530f3d30a4af2546230e8762df",
    "open_tx": "0xc61633161fa03eac7db0d66f700df00801193c60df87a5f2326643ae56db26d3"
  },
  "stop_loss_price": 0.07099999999999998,
  "last_side_price": 0.245,
  "last_check_at": "2026-09-16T16:54:39.039778Z",
  "close_debug": [
    {
      "ts": "2026-09-16T16:54:48.033567Z",
      "attempt": 1,
      "order_type": "FAK",
      "status": "error",
      "close_skipped": ""
    },
    {
      "ts": "2026-09-16T16:54:53.305143Z",
      "attempt": 2,
      "order_type": "FAK",
      "status": "error",
      "close_skipped": ""
    },
    {
      "ts": "2026-09-16T16:54:58.584980Z",
      "attempt": 3,
      "order_type": "FAK",
      "status": "error",
      "close_skipped": ""
    },
    {
      "ts": "2026-09-16T16:55:06.898057Z",
      "attempt": 4,
      "order_type": "FAK",
      "status": "error",
      "close_skipped": ""
    },
    {
      "ts": "2026-09-16T16:55:12.290529Z",
      "attempt": 5,
      "order_type": "FAK",
      "status": "error",
      "close_skipped": ""
    },
    {
      "ts": "2026-09-16T16:55:17.595245Z",
      "attempt": 6,
      "order_type": "FAK",
      "status": "error",
      "close_skipped": ""
    },
    {
      "ts": "2026-09-16T16:55:22.846477Z",
      "attempt": 7,
      "order_type": "FAK",
      "status": "error",
      "close_skipped": ""
    },
    {
      "ts": "2026-09-16T16:55:28.182286Z",
      "attempt": 8,
      "order_type": "FAK",
      "status": "error",
      "close_skipped": ""
    },
    {
      "ts": "2026-09-16T16:55:33.904423Z",
      "attempt": 9,
      "order_type": "FAK",
      "status": "error",
      "close_skipped": ""
    },
    {
      "ts": "2026-09-16T16:55:42.187997Z",
      "attempt": 10,
      "order_type": "FAK",
      "status": "error",
      "close_skipped": ""
    },
    {
      "ts": "2026-09-16T16:55:47.427723Z",
      "attempt": 11,
      "order_type": "FAK",
      "status": "error",
      "close_skipped": ""
    },
    {
      "ts": "2026-09-16T16:55:52.674265Z",
      "attempt": 12,
      "order_type": "FAK",
      "status": "error",
      "close_skipped": ""
    },
    {
      "ts": "2026-09-16T16:55:57.832332Z",
      "attempt": 13,
      "order_type": "FAK",
      "status": "error",
      "close_skipped": ""
    },
    {
      "ts": "2026-09-16T16:56:03.080787Z",
      "attempt": 14,
      "order_type": "FAK",
      "status": "error",
      "close_skipped": ""
    },
    {
      "ts": "2026-09-16T16:56:08.325337Z",
      "attempt": 15,
      "order_type": "FAK",
      "status": "error",
      "close_skipped": ""
    },
    {
      "ts": "2026-09-16T16:56:16.694508Z",
      "attempt": 16,
      "order_type": "FAK",
      "status": "error",
      "close_skipped": ""
    },
    {
      "ts": "2026-09-16T16:56:21.974633Z",
      "attempt": 17,
      "order_type": "FAK",
      "status": "error",
      "close_skipped": ""
    },
    {
      "ts": "2026-09-16T16:56:27.499220Z",
      "attempt": 18,
      "order_type": "FAK",
      "status": "error",
      "close_skipped": ""
    },
    {
      "ts": "2026-09-16T16:56:33.064877Z",
      "attempt": 19,
      "order_type": "FAK",
      "status": "error",
      "close_skipped": ""
    },
    {
      "ts": "2026-09-16T16:56:38.364055Z",
      "attempt": 20,
      "order_type": "FAK",
      "status": "error",
      "close_skipped": ""
    },
    {
      "ts": "2026-09-16T16:56:43.553402Z",
      "attempt": 21,
      "order_type": "FAK",
      "status": "error",
      "close_skipped": ""
    },
    {
      "ts": "2026-09-16T16:56:48.887114Z",
      "attempt": 22,
      "order_type": "FAK",
      "status": "error",
      "close_skipped": ""
    },
    {
      "ts": "2026-09-16T16:56:57.108891Z",
      "attempt": 23,
      "order_type": "FAK",
      "status": "error",
      "close_skipped": ""
    },
    {
      "ts": "2026-09-16T16:57:02.485981Z",
      "attempt": 24,
      "order_type": "FAK",
      "status": "error",
      "close_skipped": ""
    },
    {
      "ts": "2026-09-16T16:57:07.904558Z",
      "attempt": 25,
      "order_type": "FAK",
      "status": "error",
      "close_skipped": ""
    },
    {
      "ts": "2026-09-16T16:57:13.188352Z",
      "attempt": 26,
      "order_type": "FAK",
      "status": "error",
      "close_skipped": ""
    },
    {
      "ts": "2026-09-16T16:57:18.506589Z",
      "attempt": 27,
      "order_type": "FAK",
      "status": "error",
      "close_skipped": ""
    },
    {
      "ts": "2026-09-16T16:57:23.906657Z",
      "attempt": 28,
      "order_type": "FAK",
      "status": "error",
      "close_skipped": ""
    },
    {
      "ts": "2026-09-16T16:57:32.120710Z",
      "attempt": 29,
      "order_type": "FAK",
      "status": "error",
      "close_skipped": ""
    },
    {
      "ts": "2026-09-16T16:57:37.416772Z",
      "attempt": 30,
      "order_type": "FAK",
      "status": "error",
      "close_skipped": ""
    }
  ],
  "close_raw": "{\"error\": \"no match\", \"order_post_result\": {\"success\": false, \"status\": \"error\", \"errorMsg\": \"no match\"}, \"close_skipped\": \"\"}\n\n[py_clob_client_v2] request error status=400 url=https://clob.polymarket.com/auth/api-key body={\"error\":\"Could not create api key\"}\n\n",
  "closed": {
    "close_reason": "time_exit_20s_before_end",
    "closed_at": "2026-09-16T16:57:39.417047Z",
    "close_success": false,
    "close_status": "error",
    "close_order_id": null,
    "close_tx": null,
    "close_shares": 0.0,
    "close_usdc": 0.0,
    "close_skipped": ""
  },
  "realized_cashflow_pnl_usdc": null,
  "finished_at": "2026-09-16T16:57:39.417100Z",
  "result": "done"
}
[2026-09-16T16:57:39Z] session_end rc=0 trades=31 stake_usd=5.0
journal_ok trades=76 md=/home/yukeen/polymarketbot/5min-btc-polymarket/data/live_trades.md json=/home/yukeen/polymarketbot/5min-btc-polymarket/data/live_trades.json
[py_clob_client_v2] request error status=400 url=https://clob.polymarket.com/auth/api-key body={"error":"Could not create api key"}

[2026-09-16T16:58:24Z] cash=53.840255
{"martingale": true, "next_stake": 10.0, "loss_streak": 1, "last_outcome": "loss", "last_opened_at": "2026-09-16T16:50:50.334344Z", "applied": 1}
[2026-09-16T16:58:32Z] session_begin trades=31 stake_usd=10.0
[py_clob_client_v2] request error status=400 url=https://clob.polymarket.com/auth/api-key body={"error":"Could not create api key"}

{
  "started_at": "2026-09-16T16:58:33.149952Z",
  "params": {
    "profile": "conservative",
    "threshold": 0.7,
    "stake_usd": 10.0,
    "stop_loss_pct": 0.9,
    "exit_before_sec": 20,
    "min_entry_seconds_left": 60,
    "entry_timeout_min": 12,
    "poll_sec": 5.0,
    "close_retry_max": 30,
    "close_retry_delay_sec": 2.0,
    "execute": true
  },
  "attempts": [
    {
      "ts": "2026-09-16T16:58:34.301546Z",
      "slug": "btc-updown-5m-1789577700",
      "status": "heartbeat",
      "gamma_up": 0.505,
      "gamma_down": 0.495,
      "clob_up_ask": 0.17,
      "clob_down_ask": 0.84,
      "seconds_left": 86.54157304763794,
      "min_spread": 0.010000000000000009
    }
  ],
  "open_raw": "{\"mode\": \"open\", \"execute\": true, \"market_slug\": \"btc-updown-5m-1789577700\", \"force_side\": \"DOWN\", \"token_id\": \"33704466411793648901950623529199714906760312112732596892736057832569739189136\", \"entry_price\": 0.85, \"notional_usd\": 10.0, \"top_ask_notional_usd\": 390.6345, \"collateral_pusd\": 53.840255, \"order_post_result\": {\"errorMsg\": \"\", \"orderID\": \"0x59ebd380fa499d4dc4a3b9b7e2e40f5b1a564b86baee26a6128600192a06be37\", \"takingAmount\": \"12.820513\", \"makingAmount\": \"10\", \"status\": \"matched\", \"transactionsHashes\": [\"0xe2bfff05263baf658bd5818ae5cdbd5a3517c09395ac9458c8f413eb8c919633\"], \"success\": true}}\n\n[py_clob_client_v2] request error status=400 url=https://clob.polymarket.com/auth/api-key body={\"error\":\"Could not create api key\"}\n\n",
  "opened": {
    "opened_at": "2026-09-16T16:58:42.409714Z",
    "market_slug": "btc-updown-5m-1789577700",
    "market_end_iso": "2026-09-16T17:00:00Z",
    "side": "DOWN",
    "token_id": "33704466411793648901950623529199714906760312112732596892736057832569739189136",
    "entry_price": 0.85,
    "shares": 12.820513,
    "cost_usdc": 10.0,
    "open_order_id": "0x59ebd380fa499d4dc4a3b9b7e2e40f5b1a564b86baee26a6128600192a06be37",
    "open_tx": "0xe2bfff05263baf658bd5818ae5cdbd5a3517c09395ac9458c8f413eb8c919633"
  },
  "stop_loss_price": 0.08499999999999998,
  "last_side_price": 0.945,
  "last_check_at": "2026-09-16T16:59:38.845889Z",
  "close_debug": [
    {
      "ts": "2026-09-16T16:59:51.326333Z",
      "attempt": 1,
      "order_type": "FAK",
      "status": "matched",
      "close_skipped": ""
    }
  ],
  "close_raw": "{\"mode\": \"close\", \"execute\": true, \"market_slug\": \"btc-updown-5m-1789577700\", \"token_id\": \"33704466411793648901950623529199714906760312112732596892736057832569739189136\", \"requested_shares\": 12.820513, \"close_order_type\": \"FAK\", \"close_limit_price\": null, \"available_shares\": 12.820513, \"sell_shares\": 12.8205, \"order_post_result\": {\"errorMsg\": \"\", \"orderID\": \"0x8639b7a984859ae0eace6f7bd427ba7b6190252cdaba11dfe07ef4f9c0e7a105\", \"takingAmount\": \"12.6918\", \"makingAmount\": \"12.82\", \"status\": \"matched\", \"transactionsHashes\": [\"0xe2d43d3c6d0a4fc5dd23255a5a1b8deb089f5ad962c822f46cb7ee434014bdfd\"], \"success\": true}, \"close_skipped\": \"\"}\n\n[py_clob_client_v2] request error status=400 url=https://clob.polymarket.com/auth/api-key body={\"error\":\"Could not create api key\"}\n\n",
  "closed": {
    "close_reason": "time_exit_20s_before_end",
    "closed_at": "2026-09-16T16:59:51.326366Z",
    "close_success": true,
    "close_status": "matched",
    "close_order_id": "0x8639b7a984859ae0eace6f7bd427ba7b6190252cdaba11dfe07ef4f9c0e7a105",
    "close_tx": "0xe2d43d3c6d0a4fc5dd23255a5a1b8deb089f5ad962c822f46cb7ee434014bdfd",
    "close_shares": 12.82,
    "close_usdc": 12.6918,
    "close_skipped": ""
  },
  "realized_cashflow_pnl_usdc": 2.6918,
  "finished_at": "2026-09-16T16:59:51.326389Z",
  "result": "done"
}
[2026-09-16T16:59:51Z] session_end rc=0 trades=32 stake_usd=10.0
journal_ok trades=77 md=/home/yukeen/polymarketbot/5min-btc-polymarket/data/live_trades.md json=/home/yukeen/polymarketbot/5min-btc-polymarket/data/live_trades.json
[py_clob_client_v2] request error status=400 url=https://clob.polymarket.com/auth/api-key body={"error":"Could not create api key"}

[2026-09-16T17:00:37Z] cash=56.369175
{"martingale": true, "next_stake": 5.0, "loss_streak": 0, "last_outcome": "win", "last_opened_at": "2026-09-16T16:58:42.409714Z", "applied": 1}
[2026-09-16T17:00:45Z] session_begin trades=32 stake_usd=5.0
[py_clob_client_v2] request error status=400 url=https://clob.polymarket.com/auth/api-key body={"error":"Could not create api key"}

{
  "started_at": "2026-09-16T17:00:45.713851Z",
  "params": {
    "profile": "conservative",
    "threshold": 0.7,
    "stake_usd": 5.0,
    "stop_loss_pct": 0.9,
    "exit_before_sec": 20,
    "min_entry_seconds_left": 60,
    "entry_timeout_min": 12,
    "poll_sec": 5.0,
    "close_retry_max": 30,
    "close_retry_delay_sec": 2.0,
    "execute": true
  },
  "attempts": [
    {
      "ts": "2026-09-16T17:00:46.926581Z",
      "slug": "btc-updown-5m-1789578000",
      "status": "heartbeat",
      "gamma_up": 0.495,
      "gamma_down": 0.505,
      "clob_up_ask": 0.33,
      "clob_down_ask": 0.68,
      "seconds_left": 253.98201060295105,
      "min_spread": 0.010000000000000009
    },
    {
      "ts": "2026-09-16T17:00:46.926614Z",
      "slug": "btc-updown-5m-1789578000",
      "status": "skip_price_below_threshold",
      "threshold": 0.7,
      "clob_up_ask": 0.33,
      "clob_down_ask": 0.68,
      "seconds_left": 253.98201060295105
    },
    {
      "ts": "2026-09-16T17:00:53.040878Z",
      "slug": "btc-updown-5m-1789578000",
      "status": "heartbeat",
      "gamma_up": 0.495,
      "gamma_down": 0.505,
      "clob_up_ask": 0.34,
      "clob_down_ask": 0.67,
      "seconds_left": 247.7273871898651,
      "min_spread": 0.010000000000000009
    },
    {
      "ts": "2026-09-16T17:00:53.040903Z",
      "slug": "btc-updown-5m-1789578000",
      "status": "skip_price_below_threshold",
      "threshold": 0.7,
      "clob_up_ask": 0.34,
      "clob_down_ask": 0.67,
      "seconds_left": 247.7273871898651
    },
    {
      "ts": "2026-09-16T17:01:02.287019Z",
      "slug": "btc-updown-5m-1789578000",
      "status": "heartbeat",
      "gamma_up": 0.495,
      "gamma_down": 0.505,
      "clob_up_ask": 0.33,
      "clob_down_ask": 0.75,
      "seconds_left": 238.70495104789734,
      "min_spread": 0.010000000000000009
    }
  ],
  "open_raw": "{\"mode\": \"open\", \"execute\": true, \"market_slug\": \"btc-updown-5m-1789578000\", \"force_side\": \"DOWN\", \"token_id\": \"96312406332783589616610081643869644684938700626506115711383995750986297625572\", \"entry_price\": 0.78, \"notional_usd\": 5.0, \"top_ask_notional_usd\": 1201.3794, \"collateral_pusd\": 56.369175, \"order_post_result\": {\"errorMsg\": \"\", \"orderID\": \"0x3af16482645626620d07aafef94ad1b2261ec392054d3a62d418a4ac5226b7cb\", \"takingAmount\": \"6.578945\", \"makingAmount\": \"4.999998\", \"status\": \"matched\", \"transactionsHashes\": [\"0x2d70f2bb101e7079d2fe0e343c9c7503aedc251cd7440a7d325b40a8cc63279f\"], \"success\": true}}\n\n[py_clob_client_v2] request error status=400 url=https://clob.polymarket.com/auth/api-key body={\"error\":\"Could not create api key\"}\n\n",
  "opened": {
    "opened_at": "2026-09-16T17:01:07.034399Z",
    "market_slug": "btc-updown-5m-1789578000",
    "market_end_iso": "2026-09-16T17:05:00Z",
    "side": "DOWN",
    "token_id": "96312406332783589616610081643869644684938700626506115711383995750986297625572",
    "entry_price": 0.78,
    "shares": 6.578945,
    "cost_usdc": 4.999998,
    "open_order_id": "0x3af16482645626620d07aafef94ad1b2261ec392054d3a62d418a4ac5226b7cb",
    "open_tx": "0x2d70f2bb101e7079d2fe0e343c9c7503aedc251cd7440a7d325b40a8cc63279f"
  },
  "stop_loss_price": 0.07799999999999999,
  "last_side_price": 0.795,
  "last_check_at": "2026-09-16T17:04:36.524268Z",
  "close_debug": [
    {
      "ts": "2026-09-16T17:04:46.306861Z",
      "attempt": 1,
      "order_type": "FAK",
      "status": "matched",
      "close_skipped": ""
    }
  ],
  "close_raw": "{\"mode\": \"close\", \"execute\": true, \"market_slug\": \"btc-updown-5m-1789578000\", \"token_id\": \"96312406332783589616610081643869644684938700626506115711383995750986297625572\", \"requested_shares\": 6.578945, \"close_order_type\": \"FAK\", \"close_limit_price\": null, \"available_shares\": 6.578945, \"sell_shares\": 6.5789, \"order_post_result\": {\"errorMsg\": \"\", \"orderID\": \"0xae06a485f05aa0599f441322215ad726dd0677ac4b6ba20e5bed525b44f26051\", \"takingAmount\": \"6.5043\", \"makingAmount\": \"6.57\", \"status\": \"matched\", \"transactionsHashes\": [\"0x1de2c710d208dcd5635cb31265ec666be1a6c6def553c9a4c60966e9a77996a3\"], \"success\": true}, \"close_skipped\": \"\"}\n\n[py_clob_client_v2] request error status=400 url=https://clob.polymarket.com/auth/api-key body={\"error\":\"Could not create api key\"}\n\n",
  "closed": {
    "close_reason": "time_exit_20s_before_end",
    "closed_at": "2026-09-16T17:04:46.306878Z",
    "close_success": true,
    "close_status": "matched",
    "close_order_id": "0xae06a485f05aa0599f441322215ad726dd0677ac4b6ba20e5bed525b44f26051",
    "close_tx": "0x1de2c710d208dcd5635cb31265ec666be1a6c6def553c9a4c60966e9a77996a3",
    "close_shares": 6.57,
    "close_usdc": 6.5043,
    "close_skipped": ""
  },
  "realized_cashflow_pnl_usdc": 1.504302,
  "finished_at": "2026-09-16T17:04:46.306890Z",
  "result": "done"
}
[2026-09-16T17:04:46Z] session_end rc=0 trades=33 stake_usd=5.0
journal_ok trades=78 md=/home/yukeen/polymarketbot/5min-btc-polymarket/data/live_trades.md json=/home/yukeen/polymarketbot/5min-btc-polymarket/data/live_trades.json
[py_clob_client_v2] request error status=400 url=https://clob.polymarket.com/auth/api-key body={"error":"Could not create api key"}

[2026-09-16T17:05:31Z] cash=57.784937
{"martingale": true, "next_stake": 5.0, "loss_streak": 0, "last_outcome": "win", "last_opened_at": "2026-09-16T17:01:07.034399Z", "applied": 1}
[2026-09-16T17:05:39Z] session_begin trades=33 stake_usd=5.0
[py_clob_client_v2] request error status=400 url=https://clob.polymarket.com/auth/api-key body={"error":"Could not create api key"}

{
  "started_at": "2026-09-16T17:05:40.289760Z",
  "params": {
    "profile": "conservative",
    "threshold": 0.7,
    "stake_usd": 5.0,
    "stop_loss_pct": 0.9,
    "exit_before_sec": 20,
    "min_entry_seconds_left": 60,
    "entry_timeout_min": 12,
    "poll_sec": 5.0,
    "close_retry_max": 30,
    "close_retry_delay_sec": 2.0,
    "execute": true
  },
  "attempts": [
    {
      "ts": "2026-09-16T17:05:44.419751Z",
      "slug": "btc-updown-5m-1789578300",
      "status": "heartbeat",
      "gamma_up": 0.495,
      "gamma_down": 0.505,
      "clob_up_ask": 0.33,
      "clob_down_ask": 0.68,
      "seconds_left": 259.4064702987671,
      "min_spread": 0.010000000000000009
    },
    {
      "ts": "2026-09-16T17:05:44.419777Z",
      "slug": "btc-updown-5m-1789578300",
      "status": "skip_price_below_threshold",
      "threshold": 0.7,
      "clob_up_ask": 0.33,
      "clob_down_ask": 0.68,
      "seconds_left": 259.4064702987671
    },
    {
      "ts": "2026-09-16T17:05:50.525051Z",
      "slug": "btc-updown-5m-1789578300",
      "status": "heartbeat",
      "gamma_up": 0.495,
      "gamma_down": 0.505,
      "clob_up_ask": 0.36,
      "clob_down_ask": 0.65,
      "seconds_left": 250.2665615081787,
      "min_spread": 0.010000000000000009
    },
    {
      "ts": "2026-09-16T17:05:50.525076Z",
      "slug": "btc-updown-5m-1789578300",
      "status": "skip_price_below_threshold",
      "threshold": 0.7,
      "clob_up_ask": 0.36,
      "clob_down_ask": 0.65,
      "seconds_left": 250.2665615081787
    },
    {
      "ts": "2026-09-16T17:05:56.593876Z",
      "slug": "btc-updown-5m-1789578300",
      "status": "heartbeat",
      "gamma_up": 0.495,
      "gamma_down": 0.505,
      "clob_up_ask": 0.31,
      "clob_down_ask": 0.71,
      "seconds_left": 244.17842292785645,
      "min_spread": 0.010000000000000009
    }
  ],
  "open_raw": "{\"mode\": \"open\", \"execute\": true, \"market_slug\": \"btc-updown-5m-1789578300\", \"force_side\": \"DOWN\", \"token_id\": \"14980465426896631253543330035330595629182735138100504573518607543936308946804\", \"entry_price\": 0.73, \"notional_usd\": 5.0, \"top_ask_notional_usd\": 111.11330000000001, \"collateral_pusd\": 57.784937, \"order_post_result\": {\"errorMsg\": \"\", \"orderID\": \"0x187820edc6cd02e3a6dc5687060c22984072f4992c43253daf539f5a3a57ba0f\", \"takingAmount\": \"6.944442\", \"makingAmount\": \"4.999998\", \"status\": \"matched\", \"transactionsHashes\": [\"0x357709bb47dac543d1401d9f2b421b94bbca074984270e87b9a92dc209292cd7\"], \"success\": true}}\n\n[py_clob_client_v2] request error status=400 url=https://clob.polymarket.com/auth/api-key body={\"error\":\"Could not create api key\"}\n\n",
  "opened": {
    "opened_at": "2026-09-16T17:06:01.801298Z",
    "market_slug": "btc-updown-5m-1789578300",
    "market_end_iso": "2026-09-16T17:10:00Z",
    "side": "DOWN",
    "token_id": "14980465426896631253543330035330595629182735138100504573518607543936308946804",
    "entry_price": 0.73,
    "shares": 6.944442,
    "cost_usdc": 4.999998,
    "open_order_id": "0x187820edc6cd02e3a6dc5687060c22984072f4992c43253daf539f5a3a57ba0f",
    "open_tx": "0x357709bb47dac543d1401d9f2b421b94bbca074984270e87b9a92dc209292cd7"
  },
  "stop_loss_price": 0.07299999999999998,
  "last_side_price": 0.995,
  "last_check_at": "2026-09-16T17:09:36.853169Z",
  "close_debug": [
    {
      "ts": "2026-09-16T17:09:46.444954Z",
      "attempt": 1,
      "order_type": "FAK",
      "status": "matched",
      "close_skipped": ""
    }
  ],
  "close_raw": "{\"mode\": \"close\", \"execute\": true, \"market_slug\": \"btc-updown-5m-1789578300\", \"token_id\": \"14980465426896631253543330035330595629182735138100504573518607543936308946804\", \"requested_shares\": 6.944442, \"close_order_type\": \"FAK\", \"close_limit_price\": null, \"available_shares\": 6.944442, \"sell_shares\": 6.9444, \"order_post_result\": {\"errorMsg\": \"\", \"orderID\": \"0x38f75270a941b49d257da831890e210a4852c5c8b68375555c72d8e712df54b7\", \"takingAmount\": \"6.93306\", \"makingAmount\": \"6.94\", \"status\": \"matched\", \"transactionsHashes\": [\"0x60445104be9b6e3cdd9a9c436c82a596752c868dc616c30ad4d68e45aa568c37\"], \"success\": true}, \"close_skipped\": \"\"}\n\n[py_clob_client_v2] request error status=400 url=https://clob.polymarket.com/auth/api-key body={\"error\":\"Could not create api key\"}\n\n",
  "closed": {
    "close_reason": "time_exit_20s_before_end",
    "closed_at": "2026-09-16T17:09:46.444983Z",
    "close_success": true,
    "close_status": "matched",
    "close_order_id": "0x38f75270a941b49d257da831890e210a4852c5c8b68375555c72d8e712df54b7",
    "close_tx": "0x60445104be9b6e3cdd9a9c436c82a596752c868dc616c30ad4d68e45aa568c37",
    "close_shares": 6.94,
    "close_usdc": 6.93306,
    "close_skipped": ""
  },
  "realized_cashflow_pnl_usdc": 1.933062,
  "finished_at": "2026-09-16T17:09:46.445005Z",
  "result": "done"
}
[2026-09-16T17:09:46Z] session_end rc=0 trades=34 stake_usd=5.0
journal_ok trades=79 md=/home/yukeen/polymarketbot/5min-btc-polymarket/data/live_trades.md json=/home/yukeen/polymarketbot/5min-btc-polymarket/data/live_trades.json
[py_clob_client_v2] request error status=400 url=https://clob.polymarket.com/auth/api-key body={"error":"Could not create api key"}

[2026-09-16T17:10:35Z] cash=59.619529
{"martingale": true, "next_stake": 5.0, "loss_streak": 0, "last_outcome": "win", "last_opened_at": "2026-09-16T17:06:01.801298Z", "applied": 1}
[2026-09-16T17:10:43Z] session_begin trades=34 stake_usd=5.0
[py_clob_client_v2] request error status=400 url=https://clob.polymarket.com/auth/api-key body={"error":"Could not create api key"}

{
  "started_at": "2026-09-16T17:10:43.687946Z",
  "params": {
    "profile": "conservative",
    "threshold": 0.7,
    "stake_usd": 5.0,
    "stop_loss_pct": 0.9,
    "exit_before_sec": 20,
    "min_entry_seconds_left": 60,
    "entry_timeout_min": 12,
    "poll_sec": 5.0,
    "close_retry_max": 30,
    "close_retry_delay_sec": 2.0,
    "execute": true
  },
  "attempts": [
    {
      "ts": "2026-09-16T17:10:44.903572Z",
      "slug": "btc-updown-5m-1789578600",
      "status": "heartbeat",
      "gamma_up": 0.505,
      "gamma_down": 0.495,
      "clob_up_ask": 0.59,
      "clob_down_ask": 0.42,
      "seconds_left": 256.01009917259216,
      "min_spread": 0.010000000000000009
    },
    {
      "ts": "2026-09-16T17:10:44.903597Z",
      "slug": "btc-updown-5m-1789578600",
      "status": "skip_price_below_threshold",
      "threshold": 0.7,
      "clob_up_ask": 0.59,
      "clob_down_ask": 0.42,
      "seconds_left": 256.01009917259216
    },
    {
      "ts": "2026-09-16T17:10:50.971584Z",
      "slug": "btc-updown-5m-1789578600",
      "status": "heartbeat",
      "gamma_up": 0.505,
      "gamma_down": 0.495,
      "clob_up_ask": 0.66,
      "clob_down_ask": 0.35,
      "seconds_left": 249.79252862930298,
      "min_spread": 0.009999999999999953
    },
    {
      "ts": "2026-09-16T17:10:50.971607Z",
      "slug": "btc-updown-5m-1789578600",
      "status": "skip_price_below_threshold",
      "threshold": 0.7,
      "clob_up_ask": 0.66,
      "clob_down_ask": 0.35,
      "seconds_left": 249.79252862930298
    },
    {
      "ts": "2026-09-16T17:10:57.031111Z",
      "slug": "btc-updown-5m-1789578600",
      "status": "heartbeat",
      "gamma_up": 0.505,
      "gamma_down": 0.495,
      "clob_up_ask": 0.64,
      "clob_down_ask": 0.37,
      "seconds_left": 243.72500157356262,
      "min_spread": 0.010000000000000009
    },
    {
      "ts": "2026-09-16T17:10:57.031135Z",
      "slug": "btc-updown-5m-1789578600",
      "status": "skip_price_below_threshold",
      "threshold": 0.7,
      "clob_up_ask": 0.64,
      "clob_down_ask": 0.37,
      "seconds_left": 243.72500157356262
    },
    {
      "ts": "2026-09-16T17:11:06.119714Z",
      "slug": "btc-updown-5m-1789578600",
      "status": "heartbeat",
      "gamma_up": 0.505,
      "gamma_down": 0.495,
      "clob_up_ask": 0.6,
      "clob_down_ask": 0.41,
      "seconds_left": 234.69297194480896,
      "min_spread": 0.009999999999999953
    },
    {
      "ts": "2026-09-16T17:11:06.119740Z",
      "slug": "btc-updown-5m-1789578600",
      "status": "skip_price_below_threshold",
      "threshold": 0.7,
      "clob_up_ask": 0.6,
      "clob_down_ask": 0.41,
      "seconds_left": 234.69297194480896
    },
    {
      "ts": "2026-09-16T17:11:12.224297Z",
      "slug": "btc-updown-5m-1789578600",
      "status": "heartbeat",
      "gamma_up": 0.505,
      "gamma_down": 0.495,
      "clob_up_ask": 0.53,
      "clob_down_ask": 0.52,
      "seconds_left": 228.54302215576172,
      "min_spread": 0.010000000000000009
    },
    {
      "ts": "2026-09-16T17:11:12.224311Z",
      "slug": "btc-updown-5m-1789578600",
      "status": "skip_price_below_threshold",
      "threshold": 0.7,
      "clob_up_ask": 0.53,
      "clob_down_ask": 0.52,
      "seconds_left": 228.54302215576172
    },
    {
      "ts": "2026-09-16T17:11:18.290584Z",
      "slug": "btc-updown-5m-1789578600",
      "status": "heartbeat",
      "gamma_up": 0.505,
      "gamma_down": 0.495,
      "clob_up_ask": 0.53,
      "clob_down_ask": 0.48,
      "seconds_left": 222.47730612754822,
      "min_spread": 0.010000000000000009
    },
    {
      "ts": "2026-09-16T17:11:18.290609Z",
      "slug": "btc-updown-5m-1789578600",
      "status": "skip_price_below_threshold",
      "threshold": 0.7,
      "clob_up_ask": 0.53,
      "clob_down_ask": 0.48,
      "seconds_left": 222.47730612754822
    },
    {
      "ts": "2026-09-16T17:11:24.358434Z",
      "slug": "btc-updown-5m-1789578600",
      "status": "heartbeat",
      "gamma_up": 0.505,
      "gamma_down": 0.495,
      "clob_up_ask": 0.54,
      "clob_down_ask": 0.47,
      "seconds_left": 216.41437339782715,
      "min_spread": 0.009999999999999953
    },
    {
      "ts": "2026-09-16T17:11:24.358448Z",
      "slug": "btc-updown-5m-1789578600",
      "status": "skip_price_below_threshold",
      "threshold": 0.7,
      "clob_up_ask": 0.54,
      "clob_down_ask": 0.47,
      "seconds_left": 216.41437339782715
    },
    {
      "ts": "2026-09-16T17:11:30.426471Z",
      "slug": "btc-updown-5m-1789578600",
      "status": "heartbeat",
      "gamma_up": 0.505,
      "gamma_down": 0.495,
      "clob_up_ask": 0.53,
      "clob_down_ask": 0.48,
      "seconds_left": 210.3483064174652,
      "min_spread": 0.010000000000000009
    },
    {
      "ts": "2026-09-16T17:11:30.426495Z",
      "slug": "btc-updown-5m-1789578600",
      "status": "skip_price_below_threshold",
      "threshold": 0.7,
      "clob_up_ask": 0.53,
      "clob_down_ask": 0.48,
      "seconds_left": 210.3483064174652
    },
    {
      "ts": "2026-09-16T17:11:39.675233Z",
      "slug": "btc-updown-5m-1789578600",
      "status": "heartbeat",
      "gamma_up": 0.505,
      "gamma_down": 0.495,
      "clob_up_ask": 0.51,
      "clob_down_ask": 0.5,
      "seconds_left": 201.14124369621277,
      "min_spread": 0.010000000000000009
    },
    {
      "ts": "2026-09-16T17:11:39.675258Z",
      "slug": "btc-updown-5m-1789578600",
      "status": "skip_price_below_threshold",
      "threshold": 0.7,
      "clob_up_ask": 0.51,
      "clob_down_ask": 0.5,
      "seconds_left": 201.14124369621277
    },
    {
      "ts": "2026-09-16T17:11:45.750576Z",
      "slug": "btc-updown-5m-1789578600",
      "status": "heartbeat",
      "gamma_up": 0.505,
      "gamma_down": 0.495,
      "clob_up_ask": 0.52,
      "clob_down_ask": 0.49,
      "seconds_left": 195.0318305492401,
      "min_spread": 0.010000000000000009
    },
    {
      "ts": "2026-09-16T17:11:45.750599Z",
      "slug": "btc-updown-5m-1789578600",
      "status": "skip_price_below_threshold",
      "threshold": 0.7,
      "clob_up_ask": 0.52,
      "clob_down_ask": 0.49,
      "seconds_left": 195.0318305492401
    },
    {
      "ts": "2026-09-16T17:11:51.879662Z",
      "slug": "btc-updown-5m-1789578600",
      "status": "heartbeat",
      "gamma_up": 0.505,
      "gamma_down": 0.495,
      "clob_up_ask": 0.69,
      "clob_down_ask": 0.39,
      "seconds_left": 188.91902351379395,
      "min_spread": 0.009999999999999898
    },
    {
      "ts": "2026-09-16T17:11:51.879686Z",
      "slug": "btc-updown-5m-1789578600",
      "status": "skip_price_below_threshold",
      "threshold": 0.7,
      "clob_up_ask": 0.69,
      "clob_down_ask": 0.39,
      "seconds_left": 188.91902351379395
    },
    {
      "ts": "2026-09-16T17:11:57.999624Z",
      "slug": "btc-updown-5m-1789578600",
      "status": "heartbeat",
      "gamma_up": 0.505,
      "gamma_down": 0.495,
      "clob_up_ask": 0.46,
      "clob_down_ask": 0.54,
      "seconds_left": 182.79996609687805,
      "min_spread": 0.010000000000000009
    },
    {
      "ts": "2026-09-16T17:11:57.999648Z",
      "slug": "btc-updown-5m-1789578600",
      "status": "skip_price_below_threshold",
      "threshold": 0.7,
      "clob_up_ask": 0.46,
      "clob_down_ask": 0.54,
      "seconds_left": 182.79996609687805
    },
    {
      "ts": "2026-09-16T17:12:04.272154Z",
      "slug": "btc-updown-5m-1789578600",
      "status": "heartbeat",
      "gamma_up": 0.505,
      "gamma_down": 0.495,
      "clob_up_ask": 0.52,
      "clob_down_ask": 0.48,
      "seconds_left": 176.52748799324036,
      "min_spread": 0.010000000000000009
    },
    {
      "ts": "2026-09-16T17:12:04.272168Z",
      "slug": "btc-updown-5m-1789578600",
      "status": "skip_price_below_threshold",
      "threshold": 0.7,
      "clob_up_ask": 0.52,
      "clob_down_ask": 0.48,
      "seconds_left": 176.52748799324036
    },
    {
      "ts": "2026-09-16T17:12:10.447177Z",
      "slug": "btc-updown-5m-1789578600",
      "status": "heartbeat",
      "gamma_up": 0.505,
      "gamma_down": 0.495,
      "clob_up_ask": 0.47,
      "clob_down_ask": 0.54,
      "seconds_left": 170.4326491355896,
      "min_spread": 0.009999999999999953
    },
    {
      "ts": "2026-09-16T17:12:10.447203Z",
      "slug": "btc-updown-5m-1789578600",
      "status": "skip_price_below_threshold",
      "threshold": 0.7,
      "clob_up_ask": 0.47,
      "clob_down_ask": 0.54,
      "seconds_left": 170.4326491355896
    },
    {
      "ts": "2026-09-16T17:12:20.210198Z",
      "slug": "btc-updown-5m-1789578600",
      "status": "heartbeat",
      "gamma_up": 0.505,
      "gamma_down": 0.495,
      "clob_up_ask": 0.67,
      "clob_down_ask": 0.33,
      "seconds_left": 160.63165378570557,
      "min_spread": 0.010000000000000009
    },
    {
      "ts": "2026-09-16T17:12:20.210235Z",
      "slug": "btc-updown-5m-1789578600",
      "status": "skip_price_below_threshold",
      "threshold": 0.7,
      "clob_up_ask": 0.67,
      "clob_down_ask": 0.33,
      "seconds_left": 160.63165378570557
    },
    {
      "ts": "2026-09-16T17:12:26.285032Z",
      "slug": "btc-updown-5m-1789578600",
      "status": "heartbeat",
      "gamma_up": 0.505,
      "gamma_down": 0.495,
      "clob_up_ask": 0.76,
      "clob_down_ask": 0.25,
      "seconds_left": 154.47486019134521,
      "min_spread": 0.010000000000000009
    }
  ],
  "open_raw": "{\"mode\": \"open\", \"execute\": true, \"market_slug\": \"btc-updown-5m-1789578600\", \"force_side\": \"UP\", \"token_id\": \"13542624914337811848468887171485483419202516688495907959265587368630576992991\", \"entry_price\": 0.77, \"notional_usd\": 5.0, \"top_ask_notional_usd\": 438.58430000000004, \"collateral_pusd\": 59.619529, \"order_post_result\": {\"errorMsg\": \"\", \"orderID\": \"0x62b1dcd45d263cfe6984157f6f9e99244106a32626738e1d97b4bc0c7e4a0544\", \"takingAmount\": \"6.493504\", \"makingAmount\": \"4.999998\", \"status\": \"matched\", \"transactionsHashes\": [\"0x8d1c1e74b96e5fa88d1763eaf102c13ee52741555dc77e515bb2d24fbe7c7a89\"], \"success\": true}}\n\n[py_clob_client_v2] request error status=400 url=https://clob.polymarket.com/auth/api-key body={\"error\":\"Could not create api key\"}\n\n",
  "opened": {
    "opened_at": "2026-09-16T17:12:31.033925Z",
    "market_slug": "btc-updown-5m-1789578600",
    "market_end_iso": "2026-09-16T17:15:00Z",
    "side": "UP",
    "token_id": "13542624914337811848468887171485483419202516688495907959265587368630576992991",
    "entry_price": 0.77,
    "shares": 6.493504,
    "cost_usdc": 4.999998,
    "open_order_id": "0x62b1dcd45d263cfe6984157f6f9e99244106a32626738e1d97b4bc0c7e4a0544",
    "open_tx": "0x8d1c1e74b96e5fa88d1763eaf102c13ee52741555dc77e515bb2d24fbe7c7a89"
  },
  "stop_loss_price": 0.07699999999999999,
  "last_side_price": 0.425,
  "last_check_at": "2026-09-16T17:14:33.867971Z",
  "close_debug": [
    {
      "ts": "2026-09-16T17:14:47.276840Z",
      "attempt": 1,
      "order_type": "FAK",
      "status": "matched",
      "close_skipped": ""
    }
  ],
  "close_raw": "{\"mode\": \"close\", \"execute\": true, \"market_slug\": \"btc-updown-5m-1789578600\", \"token_id\": \"13542624914337811848468887171485483419202516688495907959265587368630576992991\", \"requested_shares\": 6.493504, \"close_order_type\": \"FAK\", \"close_limit_price\": null, \"available_shares\": 6.493504, \"sell_shares\": 6.4935, \"order_post_result\": {\"errorMsg\": \"\", \"orderID\": \"0x34127af317fe94bd19652bb556713acb20bff1bb114baaeb825ccdaaebf47983\", \"takingAmount\": \"6.4251\", \"makingAmount\": \"6.49\", \"status\": \"matched\", \"transactionsHashes\": [\"0x85dc6fb88f0c15780ab1f7e2df38620b22e17893655cda2e82932f54de011420\"], \"success\": true}, \"close_skipped\": \"\"}\n\n[py_clob_client_v2] request error status=400 url=https://clob.polymarket.com/auth/api-key body={\"error\":\"Could not create api key\"}\n\n",
  "closed": {
    "close_reason": "time_exit_20s_before_end",
    "closed_at": "2026-09-16T17:14:47.276859Z",
    "close_success": true,
    "close_status": "matched",
    "close_order_id": "0x34127af317fe94bd19652bb556713acb20bff1bb114baaeb825ccdaaebf47983",
    "close_tx": "0x85dc6fb88f0c15780ab1f7e2df38620b22e17893655cda2e82932f54de011420",
    "close_shares": 6.49,
    "close_usdc": 6.4251,
    "close_skipped": ""
  },
  "realized_cashflow_pnl_usdc": 1.425102,
  "finished_at": "2026-09-16T17:14:47.276872Z",
  "result": "done"
}
[2026-09-16T17:14:47Z] session_end rc=0 trades=35 stake_usd=5.0
journal_ok trades=80 md=/home/yukeen/polymarketbot/5min-btc-polymarket/data/live_trades.md json=/home/yukeen/polymarketbot/5min-btc-polymarket/data/live_trades.json
[py_clob_client_v2] request error status=400 url=https://clob.polymarket.com/auth/api-key body={"error":"Could not create api key"}

[2026-09-16T17:15:35Z] cash=60.959651
{"martingale": true, "next_stake": 5.0, "loss_streak": 0, "last_outcome": "win", "last_opened_at": "2026-09-16T17:12:31.033925Z", "applied": 1}
[2026-09-16T17:15:44Z] session_begin trades=35 stake_usd=5.0
[py_clob_client_v2] request error status=400 url=https://clob.polymarket.com/auth/api-key body={"error":"Could not create api key"}

{
  "started_at": "2026-09-16T17:15:44.509570Z",
  "params": {
    "profile": "conservative",
    "threshold": 0.7,
    "stake_usd": 5.0,
    "stop_loss_pct": 0.9,
    "exit_before_sec": 20,
    "min_entry_seconds_left": 60,
    "entry_timeout_min": 12,
    "poll_sec": 5.0,
    "close_retry_max": 30,
    "close_retry_delay_sec": 2.0,
    "execute": true
  },
  "attempts": [
    {
      "ts": "2026-09-16T17:15:45.773458Z",
      "slug": "btc-updown-5m-1789578900",
      "status": "heartbeat",
      "gamma_up": 0.505,
      "gamma_down": 0.495,
      "clob_up_ask": 0.8,
      "clob_down_ask": 0.21,
      "seconds_left": 255.13288831710815,
      "min_spread": 0.009999999999999981
    }
  ],
  "open_raw": "{\"mode\": \"open\", \"execute\": true, \"market_slug\": \"btc-updown-5m-1789578900\", \"force_side\": \"UP\", \"token_id\": \"24565178630913673099453925840335229963983367825079524161156385190095514578251\", \"entry_price\": 0.8, \"notional_usd\": 5.0, \"top_ask_notional_usd\": 581.808, \"collateral_pusd\": 60.959651, \"order_post_result\": {\"errorMsg\": \"\", \"orderID\": \"0xba868a9cfefd9c89078a74289327ebae3a46fc53b781c0b3e311ff6b0fb67824\", \"takingAmount\": \"6.25\", \"makingAmount\": \"5\", \"status\": \"matched\", \"transactionsHashes\": [\"0x446b784eed701639283c047f28cdd33c499097c150931073775e65d9fbd2a9e4\"], \"success\": true}}\n\n[py_clob_client_v2] request error status=400 url=https://clob.polymarket.com/auth/api-key body={\"error\":\"Could not create api key\"}\n\n",
  "opened": {
    "opened_at": "2026-09-16T17:15:54.140629Z",
    "market_slug": "btc-updown-5m-1789578900",
    "market_end_iso": "2026-09-16T17:20:00Z",
    "side": "UP",
    "token_id": "24565178630913673099453925840335229963983367825079524161156385190095514578251",
    "entry_price": 0.8,
    "shares": 6.25,
    "cost_usdc": 5.0,
    "open_order_id": "0xba868a9cfefd9c89078a74289327ebae3a46fc53b781c0b3e311ff6b0fb67824",
    "open_tx": "0x446b784eed701639283c047f28cdd33c499097c150931073775e65d9fbd2a9e4"
  },
  "stop_loss_price": 0.07999999999999999,
  "last_side_price": 0.9985,
  "last_check_at": "2026-09-16T17:19:36.038253Z",
  "close_debug": [
    {
      "ts": "2026-09-16T17:19:49.101247Z",
      "attempt": 1,
      "order_type": "FAK",
      "status": "matched",
      "close_skipped": ""
    }
  ],
  "close_raw": "{\"mode\": \"close\", \"execute\": true, \"market_slug\": \"btc-updown-5m-1789578900\", \"token_id\": \"24565178630913673099453925840335229963983367825079524161156385190095514578251\", \"requested_shares\": 6.25, \"close_order_type\": \"FAK\", \"close_limit_price\": null, \"available_shares\": 6.25, \"sell_shares\": 6.25, \"order_post_result\": {\"errorMsg\": \"\", \"orderID\": \"0x3d8b29e19dc93d7cd3ddfc5c659b2da139f88e7e71ea59ae79e6168af6b2b539\", \"takingAmount\": \"6.24375\", \"makingAmount\": \"6.25\", \"status\": \"matched\", \"transactionsHashes\": [\"0xa15a0753292cd251f483daa151ae5763945ea1e532ce6fb22acd88a996d81172\"], \"success\": true}, \"close_skipped\": \"\"}\n\n[py_clob_client_v2] request error status=400 url=https://clob.polymarket.com/auth/api-key body={\"error\":\"Could not create api key\"}\n\n",
  "closed": {
    "close_reason": "time_exit_20s_before_end",
    "closed_at": "2026-09-16T17:19:49.101272Z",
    "close_success": true,
    "close_status": "matched",
    "close_order_id": "0x3d8b29e19dc93d7cd3ddfc5c659b2da139f88e7e71ea59ae79e6168af6b2b539",
    "close_tx": "0xa15a0753292cd251f483daa151ae5763945ea1e532ce6fb22acd88a996d81172",
    "close_shares": 6.25,
    "close_usdc": 6.24375,
    "close_skipped": ""
  },
  "realized_cashflow_pnl_usdc": 1.24375,
  "finished_at": "2026-09-16T17:19:49.101288Z",
  "result": "done"
}
[2026-09-16T17:19:49Z] session_end rc=0 trades=36 stake_usd=5.0
journal_ok trades=81 md=/home/yukeen/polymarketbot/5min-btc-polymarket/data/live_trades.md json=/home/yukeen/polymarketbot/5min-btc-polymarket/data/live_trades.json
[2026-09-16T17:20:14Z] stop_max_trades=36
[2026-09-16T17:20:14Z] loop_exit
