[py_clob_client_v2] request error status=400 url=https://clob.polymarket.com/auth/api-key body={"error":"Could not create api key"}

[py_clob_client_v2] request error status=400 url=https://clob.polymarket.com/auth/api-key body={"error":"Could not create api key"}

026-09-18T15:32:26.359147Z",
  "params": {
    "profile": "conservative",
    "threshold": 0.7,
    "stake_usd": 5.0,
    "stop_loss_pct": 0.25,
    "exit_before_sec": 20,
    "min_entry_seconds_left": 90,
    "max_entry_seconds_left": 150,
    "entry_timeout_min": 20,
    "poll_sec": 2.0,
    "max_ask": 0.85,
    "expensive_ask": 0.8,
    "expensive_after_wins": 3,
    "clob_cut_bid": 0.4,
    "clob_sl_min_bid": 0.45,
    "early_flatten_sec": 45,
    "early_flatten_bid": 0.55,
    "close_retry_max": 30,
    "close_retry_delay_sec": 2.0,
    "gamma_sl": false,
    "no_gamma_sl": true,
    "confirm_polls": 2,
    "fast_poll_sec": 1.0,
    "fast_poll_window_sec": 90,
    "hedge_max_ask": 0.95,
    "no_hedge": false,
    "execute": true,
    "win_streak": 3
  },
  "attempts": [
    {
      "ts": "2026-09-18T15:32:26.663944Z",
      "slug": "btc-updown-5m-1789745400",
      "status": "skip_too_early_to_enter",
      "seconds_left": 153.33606600761414,
      "min_entry_seconds_left": 90,
      "max_entry_seconds_left": 150
    },
    {
      "ts": "2026-09-18T15:32:28.890098Z",
      "slug": "btc-updown-5m-1789745400",
      "status": "skip_too_early_to_enter",
      "seconds_left": 151.1099100112915,
      "min_entry_seconds_left": 90,
      "max_entry_seconds_left": 150
    },
    {
      "ts": "2026-09-18T15:32:31.769634Z",
      "slug": "btc-updown-5m-1789745400",
      "status": "heartbeat",
      "gamma_up": 0.485,
      "gamma_down": 0.515,
      "clob_up_ask": 0.06,
      "clob_down_ask": 0.95,
      "seconds_left": 148.87951970100403,
      "min_spread": 0.009999999999999995
    },
    {
      "ts": "2026-09-18T15:32:31.769672Z",
      "slug": "btc-updown-5m-1789745400",
      "status": "skip_ask_too_expensive",
      "threshold": 0.7,
      "max_ask": 0.85,
      "win_streak": 3,
      "clob_up_ask": 0.06,
      "clob_down_ask": 0.95,
      "seconds_left": 148.87951970100403,
      "trigger_price": 0.95
    },
    {
      "ts": "2026-09-18T15:32:34.562899Z",
      "slug": "btc-updown-5m-1789745400",
      "status": "heartbeat",
      "gamma_up": 0.485,
      "gamma_down": 0.515,
      "clob_up_ask": 0.06,
      "clob_down_ask": 0.95,
      "seconds_left": 145.98154258728027,
      "min_spread": 0.009999999999999995
    },
    {
      "ts": "2026-09-18T15:32:34.562933Z",
      "slug": "btc-updown-5m-1789745400",
      "status": "skip_ask_too_expensive",
      "threshold": 0.7,
      "max_ask": 0.85,
      "win_streak": 3,
      "clob_up_ask": 0.06,
      "clob_down_ask": 0.95,
      "seconds_left": 145.98154258728027,
      "trigger_price": 0.95
    },
    {
      "ts": "2026-09-18T15:32:51.210569Z",
      "slug": "btc-updown-5m-1789745400",
      "status": "heartbeat",
      "gamma_up": 0.485,
      "gamma_down": 0.515,
      "clob_up_ask": 0.04,
      "clob_down_ask": 0.97,
      "seconds_left": 129.52713823318481,
      "min_spread": 0.010000000000000002
    },
    {
      "ts": "2026-09-18T15:32:51.210599Z",
      "slug": "btc-updown-5m-1789745400",
      "status": "skip_ask_too_expensive",
      "threshold": 0.7,
      "max_ask": 0.85,
      "win_streak": 3,
      "clob_up_ask": 0.04,
      "clob_down_ask": 0.97,
      "seconds_left": 129.52713823318481,
      "trigger_price": 0.97
    },
    {
      "ts": "2026-09-18T15:32:53.975569Z",
      "slug": "btc-updown-5m-1789745400",
      "status": "heartbeat",
      "gamma_up": 0.485,
      "gamma_down": 0.515,
      "clob_up_ask": 0.04,
      "clob_down_ask": 0.97,
      "seconds_left": 126.57516264915466,
      "min_spread": 0.010000000000000002
    },
    {
      "ts": "2026-09-18T15:32:53.975600Z",
      "slug": "btc-updown-5m-1789745400",
      "status": "skip_ask_too_expensive",
      "threshold": 0.7,
      "max_ask": 0.85,
      "win_streak": 3,
      "clob_up_ask": 0.04,
      "clob_down_ask": 0.97,
      "seconds_left": 126.57516264915466,
      "trigger_price": 0.97
    },
    {
      "ts": "2026-09-18T15:32:56.761781Z",
      "slug": "btc-updown-5m-1789745400",
      "status": "heartbeat",
      "gamma_up": 0.485,
      "gamma_down": 0.515,
      "clob_up_ask": 0.03,
      "clob_down_ask": 0.98,
      "seconds_left": 123.7894835472107,
      "min_spread": 0.009999999999999998
    },
    {
      "ts": "2026-09-18T15:32:56.761807Z",
      "slug": "btc-updown-5m-1789745400",
      "status": "skip_ask_too_expensive",
      "threshold": 0.7,
      "max_ask": 0.85,
      "win_streak": 3,
      "clob_up_ask": 0.03,
      "clob_down_ask": 0.98,
      "seconds_left": 123.7894835472107,
      "trigger_price": 0.98
    },
    {
      "ts": "2026-09-18T15:32:59.572348Z",
      "slug": "btc-updown-5m-1789745400",
      "status": "heartbeat",
      "gamma_up": 0.485,
      "gamma_down": 0.515,
      "clob_up_ask": 0.03,
      "clob_down_ask": 0.98,
      "seconds_left": 121.01051926612854,
      "min_spread": 0.009999999999999998
    },
    {
      "ts": "2026-09-18T15:32:59.572402Z",
      "slug": "btc-updown-5m-1789745400",
      "status": "skip_ask_too_expensive",
      "threshold": 0.7,
      "max_ask": 0.85,
      "win_streak": 3,
      "clob_up_ask": 0.03,
      "clob_down_ask": 0.98,
      "seconds_left": 121.01051926612854,
      "trigger_price": 0.98
    },
    {
      "ts": "2026-09-18T15:33:02.337234Z",
      "slug": "btc-updown-5m-1789745400",
      "status": "heartbeat",
      "gamma_up": 0.485,
      "gamma_down": 0.515,
      "clob_up_ask": 0.03,
      "clob_down_ask": 0.98,
      "seconds_left": 118.20655941963196,
      "min_spread": 0.009999999999999998
    },
    {
      "ts": "2026-09-18T15:33:02.337260Z",
      "slug": "btc-updown-5m-1789745400",
      "status": "skip_ask_too_expensive",
      "threshold": 0.7,
      "max_ask": 0.85,
      "win_streak": 3,
      "clob_up_ask": 0.03,
      "clob_down_ask": 0.98,
      "seconds_left": 118.20655941963196,
      "trigger_price": 0.98
    },
    {
      "ts": "2026-09-18T15:33:05.107044Z",
      "slug": "btc-updown-5m-1789745400",
      "status": "heartbeat",
      "gamma_up": 0.485,
      "gamma_down": 0.515,
      "clob_up_ask": 0.03,
      "clob_down_ask": 0.98,
      "seconds_left": 115.44485187530518,
      "min_spread": 0.009999999999999998
    },
    {
      "ts": "2026-09-18T15:33:05.107082Z",
      "slug": "btc-updown-5m-1789745400",
      "status": "skip_ask_too_expensive",
      "threshold": 0.7,
      "max_ask": 0.85,
      "win_streak": 3,
      "clob_up_ask": 0.03,
      "clob_down_ask": 0.98,
      "seconds_left": 115.44485187530518,
      "trigger_price": 0.98
    },
    {
      "ts": "2026-09-18T15:33:07.875139Z",
      "slug": "btc-updown-5m-1789745400",
      "status": "heartbeat",
      "gamma_up": 0.485,
      "gamma_down": 0.515,
      "clob_up_ask": 0.03,
      "clob_down_ask": 0.98,
      "seconds_left": 112.67126798629761,
      "min_spread": 0.009999999999999998
    },
    {
      "ts": "2026-09-18T15:33:07.875163Z",
      "slug": "btc-updown-5m-1789745400",
      "status": "skip_ask_too_expensive",
      "threshold": 0.7,
      "max_ask": 0.85,
      "win_streak": 3,
      "clob_up_ask": 0.03,
      "clob_down_ask": 0.98,
      "seconds_left": 112.67126798629761,
      "trigger_price": 0.98
    },
    {
      "ts": "2026-09-18T15:33:10.648322Z",
      "slug": "btc-updown-5m-1789745400",
      "status": "heartbeat",
      "gamma_up": 0.485,
      "gamma_down": 0.515,
      "clob_up_ask": 0.03,
      "clob_down_ask": 0.98,
      "seconds_left": 109.90135884284973,
      "min_spread": 0.009999999999999998
    },
    {
      "ts": "2026-09-18T15:33:10.648353Z",
      "slug": "btc-updown-5m-1789745400",
      "status": "skip_ask_too_expensive",
      "threshold": 0.7,
      "max_ask": 0.85,
      "win_streak": 3,
      "clob_up_ask": 0.03,
      "clob_down_ask": 0.98,
      "seconds_left": 109.90135884284973,
      "trigger_price": 0.98
    },
    {
      "ts": "2026-09-18T15:33:17.060227Z",
      "slug": "btc-updown-5m-1789745400",
      "status": "heartbeat",
      "gamma_up": 0.485,
      "gamma_down": 0.515,
      "clob_up_ask": 0.02,
      "clob_down_ask": 0.99,
      "seconds_left": 107.09880685806274,
      "min_spread": 0.01
    },
    {
      "ts": "2026-09-18T15:33:17.060257Z",
      "slug": "btc-updown-5m-1789745400",
      "status": "skip_ask_too_expensive",
      "threshold": 0.7,
      "max_ask": 0.85,
      "win_streak": 3,
      "clob_up_ask": 0.02,
      "clob_down_ask": 0.99,
      "seconds_left": 107.09880685806274,
      "trigger_price": 0.99
    },
    {
      "ts": "2026-09-18T15:33:19.860047Z",
      "slug": "btc-updown-5m-1789745400",
      "status": "heartbeat",
      "gamma_up": 0.485,
      "gamma_down": 0.515,
      "clob_up_ask": 0.02,
      "clob_down_ask": 0.99,
      "seconds_left": 100.69962930679321,
      "min_spread": 0.01
    },
    {
      "ts": "2026-09-18T15:33:19.860081Z",
      "slug": "btc-updown-5m-1789745400",
      "status": "skip_ask_too_expensive",
      "threshold": 0.7,
      "max_ask": 0.85,
      "win_streak": 3,
      "clob_up_ask": 0.02,
      "clob_down_ask": 0.99,
      "seconds_left": 100.69962930679321,
      "trigger_price": 0.99
    },
    {
      "ts": "2026-09-18T15:33:22.643777Z",
      "slug": "btc-updown-5m-1789745400",
      "status": "heartbeat",
      "gamma_up": 0.485,
      "gamma_down": 0.515,
      "clob_up_ask": 0.02,
      "clob_down_ask": 0.99,
      "seconds_left": 97.9155421257019,
      "min_spread": 0.01
    },
    {
      "ts": "2026-09-18T15:33:22.643807Z",
      "slug": "btc-updown-5m-1789745400",
      "status": "skip_ask_too_expensive",
      "threshold": 0.7,
      "max_ask": 0.85,
      "win_streak": 3,
      "clob_up_ask": 0.02,
      "clob_down_ask": 0.99,
      "seconds_left": 97.9155421257019,
      "trigger_price": 0.99
    },
    {
      "ts": "2026-09-18T15:33:25.413728Z",
      "slug": "btc-updown-5m-1789745400",
      "status": "heartbeat",
      "gamma_up": 0.485,
      "gamma_down": 0.515,
      "clob_up_ask": 0.02,
      "clob_down_ask": null,
      "seconds_left": 95.12819528579712,
      "min_spread": 0.01
    },
    {
      "ts": "2026-09-18T15:33:25.413754Z",
      "slug": "btc-updown-5m-1789745400",
      "status": "skip_price_below_threshold",
      "threshold": 0.7,
      "max_ask": 0.85,
      "win_streak": 3,
      "clob_up_ask": 0.02,
      "clob_down_ask": null,
      "seconds_left": 95.12819528579712,
      "trigger_price": null
    },
    {
      "ts": "2026-09-18T15:33:28.185061Z",
      "slug": "btc-updown-5m-1789745400",
      "status": "heartbeat",
      "gamma_up": 0.485,
      "gamma_down": 0.515,
      "clob_up_ask": 0.01,
      "clob_down_ask": null,
      "seconds_left": 92.36189007759094,
      "min_spread": null
    },
    {
      "ts": "2026-09-18T15:33:28.185085Z",
      "slug": "btc-updown-5m-1789745400",
      "status": "skip_price_below_threshold",
      "threshold": 0.7,
      "max_ask": 0.85,
      "win_streak": 3,
      "clob_up_ask": 0.01,
      "clob_down_ask": null,
      "seconds_left": 92.36189007759094,
      "trigger_price": null
    },
    {
      "ts": "2026-09-18T15:33:30.406067Z",
      "slug": "btc-updown-5m-1789745400",
      "status": "skip_too_late_to_enter",
      "seconds_left": 89.59394097328186,
      "min_entry_seconds_left": 90,
      "max_entry_seconds_left": 150
    },
    {
      "ts": "2026-09-18T15:33:32.657132Z",
      "slug": "btc-updown-5m-1789745400",
      "status": "skip_too_late_to_enter",
      "seconds_left": 87.34287595748901,
      "min_entry_seconds_left": 90,
      "max_entry_seconds_left": 150
    },
    {
      "ts": "2026-09-18T15:33:34.875757Z",
      "slug": "btc-updown-5m-1789745400",
      "status": "skip_too_late_to_enter",
      "seconds_left": 85.12425112724304,
      "min_entry_seconds_left": 90,
      "max_entry_seconds_left": 150
    },
    {
      "ts": "2026-09-18T15:33:37.091790Z",
      "slug": "btc-updown-5m-1789745400",
      "status": "skip_too_late_to_enter",
      "seconds_left": 82.90821409225464,
      "min_entry_seconds_left": 90,
      "max_entry_seconds_left": 150
    },
    {
      "ts": "2026-09-18T15:33:39.309821Z",
      "slug": "btc-updown-5m-1789745400",
      "status": "skip_too_late_to_enter",
      "seconds_left": 80.69018268585205,
      "min_entry_seconds_left": 90,
      "max_entry_seconds_left": 150
    },
    {
      "ts": "2026-09-18T15:33:41.538477Z",
      "slug": "btc-updown-5m-1789745400",
      "status": "skip_too_late_to_enter",
      "seconds_left": 78.46153092384338,
      "min_entry_seconds_left": 90,
      "max_entry_seconds_left": 150
    },
    {
      "ts": "2026-09-18T15:33:43.765292Z",
      "slug": "btc-updown-5m-1789745400",
      "status": "skip_too_late_to_enter",
      "seconds_left": 76.23471641540527,
      "min_entry_seconds_left": 90,
      "max_entry_seconds_left": 150
    },
    {
      "ts": "2026-09-18T15:33:46.003978Z",
      "slug": "btc-updown-5m-1789745400",
      "status": "skip_too_late_to_enter",
      "seconds_left": 73.99603080749512,
      "min_entry_seconds_left": 90,
      "max_entry_seconds_left": 150
    },
    {
      "ts": "2026-09-18T15:33:48.219084Z",
      "slug": "btc-updown-5m-1789745400",
      "status": "skip_too_late_to_enter",
      "seconds_left": 71.78092288970947,
      "min_entry_seconds_left": 90,
      "max_entry_seconds_left": 150
    },
    {
      "ts": "2026-09-18T15:33:54.028972Z",
      "slug": "btc-updown-5m-1789745400",
      "status": "skip_too_late_to_enter",
      "seconds_left": 65.9710373878479,
      "min_entry_seconds_left": 90,
      "max_entry_seconds_left": 150
    },
    {
      "ts": "2026-09-18T15:33:56.242413Z",
      "slug": "btc-updown-5m-1789745400",
      "status": "skip_too_late_to_enter",
      "seconds_left": 63.757596015930176,
      "min_entry_seconds_left": 90,
      "max_entry_seconds_left": 150
    },
    {
      "ts": "2026-09-18T15:33:58.463702Z",
      "slug": "btc-updown-5m-1789745400",
      "status": "skip_too_late_to_enter",
      "seconds_left": 61.53634238243103,
      "min_entry_seconds_left": 90,
      "max_entry_seconds_left": 150
    },
    {
      "ts": "2026-09-18T15:34:00.693056Z",
      "slug": "btc-updown-5m-1789745400",
      "status": "skip_too_late_to_enter",
      "seconds_left": 59.30695128440857,
      "min_entry_seconds_left": 90,
      "max_entry_seconds_left": 150
    },
    {
      "ts": "2026-09-18T15:34:02.927105Z",
      "slug": "btc-updown-5m-1789745400",
      "status": "skip_too_late_to_enter",
      "seconds_left": 57.072903871536255,
      "min_entry_seconds_left": 90,
      "max_entry_seconds_left": 150
    },
    {
      "ts": "2026-09-18T15:34:05.148736Z",
      "slug": "btc-updown-5m-1789745400",
      "status": "skip_too_late_to_enter",
      "seconds_left": 54.85127329826355,
      "min_entry_seconds_left": 90,
      "max_entry_seconds_left": 150
    },
    {
      "ts": "2026-09-18T15:34:07.374433Z",
      "slug": "btc-updown-5m-1789745400",
      "status": "skip_too_late_to_enter",
      "seconds_left": 52.62557673454285,
      "min_entry_seconds_left": 90,
      "max_entry_seconds_left": 150
    },
    {
      "ts": "2026-09-18T15:34:09.593008Z",
      "slug": "btc-updown-5m-1789745400",
      "status": "skip_too_late_to_enter",
      "seconds_left": 50.40700054168701,
      "min_entry_seconds_left": 90,
      "max_entry_seconds_left": 150
    },
    {
      "ts": "2026-09-18T15:34:11.812777Z",
      "slug": "btc-updown-5m-1789745400",
      "status": "skip_too_late_to_enter",
      "seconds_left": 48.187230348587036,
      "min_entry_seconds_left": 90,
      "max_entry_seconds_left": 150
    },
    {
      "ts": "2026-09-18T15:34:14.041439Z",
      "slug": "btc-updown-5m-1789745400",
      "status": "skip_too_late_to_enter",
      "seconds_left": 45.95857119560242,
      "min_entry_seconds_left": 90,
      "max_entry_seconds_left": 150
    },
    {
      "ts": "2026-09-18T15:34:16.268012Z",
      "slug": "btc-updown-5m-1789745400",
      "status": "skip_too_late_to_enter",
      "seconds_left": 43.731995820999146,
      "min_entry_seconds_left": 90,
      "max_entry_seconds_left": 150
    },
    {
      "ts": "2026-09-18T15:34:18.511669Z",
      "slug": "btc-updown-5m-1789745400",
      "status": "skip_too_late_to_enter",
      "seconds_left": 41.488340854644775,
      "min_entry_seconds_left": 90,
      "max_entry_seconds_left": 150
    },
    {
      "ts": "2026-09-18T15:34:20.732444Z",
      "slug": "btc-updown-5m-1789745400",
      "status": "skip_too_late_to_enter",
      "seconds_left": 39.267563581466675,
      "min_entry_seconds_left": 90,
      "max_entry_seconds_left": 150
    },
    {
      "ts": "2026-09-18T15:34:22.954178Z",
      "slug": "btc-updown-5m-1789745400",
      "status": "skip_too_late_to_enter",
      "seconds_left": 37.04582905769348,
      "min_entry_seconds_left": 90,
      "max_entry_seconds_left": 150
    },
    {
      "ts": "2026-09-18T15:34:28.784949Z",
      "slug": "btc-updown-5m-1789745400",
      "status": "skip_too_late_to_enter",
      "seconds_left": 31.21506118774414,
      "min_entry_seconds_left": 90,
      "max_entry_seconds_left": 150
    },
    {
      "ts": "2026-09-18T15:34:31.012146Z",
      "slug": "btc-updown-5m-1789745400",
      "status": "skip_too_late_to_enter",
      "seconds_left": 28.98786211013794,
      "min_entry_seconds_left": 90,
      "max_entry_seconds_left": 150
    },
    {
      "ts": "2026-09-18T15:34:33.228922Z",
      "slug": "btc-updown-5m-1789745400",
      "status": "skip_too_late_to_enter",
      "seconds_left": 26.77108597755432,
      "min_entry_seconds_left": 90,
      "max_entry_seconds_left": 150
    },
    {
      "ts": "2026-09-18T15:34:35.468815Z",
      "slug": "btc-updown-5m-1789745400",
      "status": "skip_too_late_to_enter",
      "seconds_left": 24.5311918258667,
      "min_entry_seconds_left": 90,
      "max_entry_seconds_left": 150
    },
    {
      "ts": "2026-09-18T15:34:37.703618Z",
      "slug": "btc-updown-5m-1789745400",
      "status": "skip_too_late_to_enter",
      "seconds_left": 22.296390771865845,
      "min_entry_seconds_left": 90,
      "max_entry_seconds_left": 150
    },
    {
      "ts": "2026-09-18T15:34:39.944590Z",
      "slug": "btc-updown-5m-1789745400",
      "status": "skip_too_late_to_enter",
      "seconds_left": 20.05541753768921,
      "min_entry_seconds_left": 90,
      "max_entry_seconds_left": 150
    },
    {
      "ts": "2026-09-18T15:34:42.169857Z",
      "slug": "btc-updown-5m-1789745400",
      "status": "skip_too_late_to_enter",
      "seconds_left": 17.830151319503784,
      "min_entry_seconds_left": 90,
      "max_entry_seconds_left": 150
    },
    {
      "ts": "2026-09-18T15:34:44.385106Z",
      "slug": "btc-updown-5m-1789745400",
      "status": "skip_too_late_to_enter",
      "seconds_left": 15.614900827407837,
      "min_entry_seconds_left": 90,
      "max_entry_seconds_left": 150
    },
    {
      "ts": "2026-09-18T15:34:46.607752Z",
      "slug": "btc-updown-5m-1789745400",
      "status": "skip_too_late_to_enter",
      "seconds_left": 13.392257928848267,
      "min_entry_seconds_left": 90,
      "max_entry_seconds_left": 150
    },
    {
      "ts": "2026-09-18T15:34:48.827980Z",
      "slug": "btc-updown-5m-1789745400",
      "status": "skip_too_late_to_enter",
      "seconds_left": 11.17202877998352,
      "min_entry_seconds_left": 90,
      "max_entry_seconds_left": 150
    },
    {
      "ts": "2026-09-18T15:34:51.076604Z",
      "slug": "btc-updown-5m-1789745400",
      "status": "skip_too_late_to_enter",
      "seconds_left": 8.923433303833008,
      "min_entry_seconds_left": 90,
      "max_entry_seconds_left": 150
    },
    {
      "ts": "2026-09-18T15:34:53.283638Z",
      "slug": "btc-updown-5m-1789745400",
      "status": "skip_too_late_to_enter",
      "seconds_left": 6.716366767883301,
      "min_entry_seconds_left": 90,
      "max_entry_seconds_left": 150
    },
    {
      "ts": "2026-09-18T15:34:55.490651Z",
      "status": "heartbeat_no_current_market"
    },
    {
      "ts": "2026-09-18T15:34:57.708237Z",
      "status": "heartbeat_no_current_market"
    },
    {
      "ts": "2026-09-18T15:34:59.932114Z",
      "status": "heartbeat_no_current_market"
    },
    {
      "ts": "2026-09-18T15:35:05.768009Z",
      "slug": "btc-updown-5m-1789745700",
      "status": "skip_too_early_to_enter",
      "seconds_left": 294.23225593566895,
      "min_entry_seconds_left": 90,
      "max_entry_seconds_left": 150
    },
    {
      "ts": "2026-09-18T15:35:07.991723Z",
      "slug": "btc-updown-5m-1789745700",
      "status": "skip_too_early_to_enter",
      "seconds_left": 292.0082859992981,
      "min_entry_seconds_left": 90,
      "max_entry_seconds_left": 150
    },
    {
      "ts": "2026-09-18T15:35:10.201248Z",
      "slug": "btc-updown-5m-1789745700",
      "status": "skip_too_early_to_enter",
      "seconds_left": 289.79876017570496,
      "min_entry_seconds_left": 90,
      "max_entry_seconds_left": 150
    },
    {
      "ts": "2026-09-18T15:35:12.437393Z",
      "slug": "btc-updown-5m-1789745700",
      "status": "skip_too_early_to_enter",
      "seconds_left": 287.56261372566223,
      "min_entry_seconds_left": 90,
      "max_entry_seconds_left": 150
    },
    {
      "ts": "2026-09-18T15:35:14.660703Z",
      "slug": "btc-updown-5m-1789745700",
      "status": "skip_too_early_to_enter",
      "seconds_left": 285.3393044471741,
      "min_entry_seconds_left": 90,
      "max_entry_seconds_left": 150
    },
    {
      "ts": "2026-09-18T15:35:16.919758Z",
      "slug": "btc-updown-5m-1789745700",
      "status": "skip_too_early_to_enter",
      "seconds_left": 283.08025002479553,
      "min_entry_seconds_left": 90,
      "max_entry_seconds_left": 150
    },
    {
      "ts": "2026-09-18T15:35:19.135719Z",
      "slug": "btc-updown-5m-1789745700",
      "status": "skip_too_early_to_enter",
      "seconds_left": 280.864289522171,
      "min_entry_seconds_left": 90,
      "max_entry_seconds_left": 150
    },
    {
      "ts": "2026-09-18T15:35:21.407494Z",
      "slug": "btc-updown-5m-1789745700",
      "status": "skip_too_early_to_enter",
      "seconds_left": 278.5925154685974,
      "min_entry_seconds_left": 90,
      "max_entry_seconds_left": 150
    },
    {
      "ts": "2026-09-18T15:35:23.621837Z",
      "slug": "btc-updown-5m-1789745700",
      "status": "skip_too_early_to_enter",
      "seconds_left": 276.3781723976135,
      "min_entry_seconds_left": 90,
      "max_entry_seconds_left": 150
    },
    {
      "ts": "2026-09-18T15:35:25.853654Z",
      "slug": "btc-updown-5m-1789745700",
      "status": "skip_too_early_to_enter",
      "seconds_left": 274.14635252952576,
      "min_entry_seconds_left": 90,
      "max_entry_seconds_left": 150
    },
    {
      "ts": "2026-09-18T15:35:28.070570Z",
      "slug": "btc-updown-5m-1789745700",
      "status": "skip_too_early_to_enter",
      "seconds_left": 271.9294376373291,
      "min_entry_seconds_left": 90,
      "max_entry_seconds_left": 150
    },
    {
      "ts": "2026-09-18T15:35:30.309634Z",
      "slug": "btc-updown-5m-1789745700",
      "status": "skip_too_early_to_enter",
      "seconds_left": 269.6903738975525,
      "min_entry_seconds_left": 90,
      "max_entry_seconds_left": 150
    },
    {
      "ts": "2026-09-18T15:35:32.559437Z",
      "slug": "btc-updown-5m-1789745700",
      "status": "skip_too_early_to_enter",
      "seconds_left": 267.4405710697174,
      "min_entry_seconds_left": 90,
      "max_entry_seconds_left": 150
    },
    {
      "ts": "2026-09-18T15:35:34.792849Z",
      "slug": "btc-updown-5m-1789745700",
      "status": "skip_too_early_to_enter",
      "seconds_left": 265.2071602344513,
      "min_entry_seconds_left": 90,
      "max_entry_seconds_left": 150
    },
    {
      "ts": "2026-09-18T15:35:37.017853Z",
      "slug": "btc-updown-5m-1789745700",
      "status": "skip_too_early_to_enter",
      "seconds_left": 262.98215556144714,
      "min_entry_seconds_left": 90,
      "max_entry_seconds_left": 150
    },
    {
      "ts": "2026-09-18T15:35:52.633068Z",
      "status": "heartbeat_no_current_market"
    },
    {
      "ts": "2026-09-18T15:35:54.856028Z",
      "slug": "btc-updown-5m-1789745700",
      "status": "skip_too_early_to_enter",
      "seconds_left": 245.1439802646637,
      "min_entry_seconds_left": 90,
      "max_entry_seconds_left": 150
    },
    {
      "ts": "2026-09-18T15:35:57.067705Z",
      "slug": "btc-updown-5m-1789745700",
      "status": "skip_too_early_to_enter",
      "seconds_left": 242.9323000907898,
      "min_entry_seconds_left": 90,
      "max_entry_seconds_left": 150
    },
    {
      "ts": "2026-09-18T15:35:59.278995Z",
      "slug": "btc-updown-5m-1789745700",
      "status": "skip_too_early_to_enter",
      "seconds_left": 240.7210338115692,
      "min_entry_seconds_left": 90,
      "max_entry_seconds_left": 150
    },
    {
      "ts": "2026-09-18T15:36:01.509510Z",
      "slug": "btc-updown-5m-1789745700",
      "status": "skip_too_early_to_enter",
      "seconds_left": 238.4904956817627,
      "min_entry_seconds_left": 90,
      "max_entry_seconds_left": 150
    },
    {
      "ts": "2026-09-18T15:36:03.730433Z",
      "slug": "btc-updown-5m-1789745700",
      "status": "skip_too_early_to_enter",
      "seconds_left": 236.26957297325134,
      "min_entry_seconds_left": 90,
      "max_entry_seconds_left": 150
    },
    {
      "ts": "2026-09-18T15:36:05.951794Z",
      "slug": "btc-updown-5m-1789745700",
      "status": "skip_too_early_to_enter",
      "seconds_left": 234.04821515083313,
      "min_entry_seconds_left": 90,
      "max_entry_seconds_left": 150
    },
    {
      "ts": "2026-09-18T15:36:08.198894Z",
      "slug": "btc-updown-5m-1789745700",
      "status": "skip_too_early_to_enter",
      "seconds_left": 231.80111026763916,
      "min_entry_seconds_left": 90,
      "max_entry_seconds_left": 150
    },
    {
      "ts": "2026-09-18T15:36:10.423290Z",
      "slug": "btc-updown-5m-1789745700",
      "status": "skip_too_early_to_enter",
      "seconds_left": 229.57671809196472,
      "min_entry_seconds_left": 90,
      "max_entry_seconds_left": 150
    },
    {
      "ts": "2026-09-18T15:36:12.640360Z",
      "slug": "btc-updown-5m-1789745700",
      "status": "skip_too_early_to_enter",
      "seconds_left": 227.3596487045288,
      "min_entry_seconds_left": 90,
      "max_entry_seconds_left": 150
    },
    {
      "ts": "2026-09-18T15:36:18.480617Z",
      "slug": "btc-updown-5m-1789745700",
      "status": "skip_too_early_to_enter",
      "seconds_left": 221.51939177513123,
      "min_entry_seconds_left": 90,
      "max_entry_seconds_left": 150
    },
    {
      "ts": "2026-09-18T15:36:20.713443Z",
      "slug": "btc-updown-5m-1789745700",
      "status": "skip_too_early_to_enter",
      "seconds_left": 219.28656554222107,
      "min_entry_seconds_left": 90,
      "max_entry_seconds_left": 150
    },
    {
      "ts": "2026-09-18T15:36:22.934939Z",
      "slug": "btc-updown-5m-1789745700",
      "status": "skip_too_early_to_enter",
      "seconds_left": 217.0650656223297,
      "min_entry_seconds_left": 90,
      "max_entry_seconds_left": 150
    },
    {
      "ts": "2026-09-18T15:36:25.168870Z",
      "slug": "btc-updown-5m-1789745700",
      "status": "skip_too_early_to_enter",
      "seconds_left": 214.83119750022888,
      "min_entry_seconds_left": 90,
      "max_entry_seconds_left": 150
    },
    {
      "ts": "2026-09-18T15:36:27.393831Z",
      "slug": "btc-updown-5m-1789745700",
      "status": "skip_too_early_to_enter",
      "seconds_left": 212.6061737537384,
      "min_entry_seconds_left": 90,
      "max_entry_seconds_left": 150
    },
    {
      "ts": "2026-09-18T15:36:29.612704Z",
      "slug": "btc-updown-5m-1789745700",
      "status": "skip_too_early_to_enter",
      "seconds_left": 210.38730382919312,
      "min_entry_seconds_left": 90,
      "max_entry_seconds_left": 150
    },
    {
      "ts": "2026-09-18T15:36:31.834191Z",
      "slug": "btc-updown-5m-1789745700",
      "status": "skip_too_early_to_enter",
      "seconds_left": 208.1658172607422,
      "min_entry_seconds_left": 90,
      "max_entry_seconds_left": 150
    },
    {
      "ts": "2026-09-18T15:36:34.065199Z",
      "slug": "btc-updown-5m-1789745700",
      "status": "skip_too_early_to_enter",
      "seconds_left": 205.93480515480042,
      "min_entry_seconds_left": 90,
      "max_entry_seconds_left": 150
    },
    {
      "ts": "2026-09-18T15:36:36.277471Z",
      "slug": "btc-updown-5m-1789745700",
      "status": "skip_too_early_to_enter",
      "seconds_left": 203.72253608703613,
      "min_entry_seconds_left": 90,
      "max_entry_seconds_left": 150
    },
    {
      "ts": "2026-09-18T15:36:38.507024Z",
      "slug": "btc-updown-5m-1789745700",
      "status": "skip_too_early_to_enter",
      "seconds_left": 201.49298667907715,
      "min_entry_seconds_left": 90,
      "max_entry_seconds_left": 150
    },
    {
      "ts": "2026-09-18T15:36:40.749866Z",
      "slug": "btc-updown-5m-1789745700",
      "status": "skip_too_early_to_enter",
      "seconds_left": 199.25014114379883,
      "min_entry_seconds_left": 90,
      "max_entry_seconds_left": 150
    },
    {
      "ts": "2026-09-18T15:36:42.982992Z",
      "slug": "btc-updown-5m-1789745700",
      "status": "skip_too_early_to_enter",
      "seconds_left": 197.0170156955719,
      "min_entry_seconds_left": 90,
      "max_entry_seconds_left": 150
    },
    {
      "ts": "2026-09-18T15:36:45.204331Z",
      "slug": "btc-updown-5m-1789745700",
      "status": "skip_too_early_to_enter",
      "seconds_left": 194.7956781387329,
      "min_entry_seconds_left": 90,
      "max_entry_seconds_left": 150
    },
    {
      "ts": "2026-09-18T15:36:47.431587Z",
      "slug": "btc-updown-5m-1789745700",
      "status": "skip_too_early_to_enter",
      "seconds_left": 192.56842136383057,
      "min_entry_seconds_left": 90,
      "max_entry_seconds_left": 150
    },
    {
      "ts": "2026-09-18T15:36:53.250548Z",
      "slug": "btc-updown-5m-1789745700",
      "status": "skip_too_early_to_enter",
      "seconds_left": 186.74945902824402,
      "min_entry_seconds_left": 90,
      "max_entry_seconds_left": 150
    },
    {
      "ts": "2026-09-18T15:36:55.471951Z",
      "slug": "btc-updown-5m-1789745700",
      "status": "skip_too_early_to_enter",
      "seconds_left": 184.5280568599701,
      "min_entry_seconds_left": 90,
      "max_entry_seconds_left": 150
    },
    {
      "ts": "2026-09-18T15:36:57.712385Z",
      "slug": "btc-updown-5m-1789745700",
      "status": "skip_too_early_to_enter",
      "seconds_left": 182.2876238822937,
      "min_entry_seconds_left": 90,
      "max_entry_seconds_left": 150
    },
    {
      "ts": "2026-09-18T15:36:59.942896Z",
      "slug": "btc-updown-5m-1789745700",
      "status": "skip_too_early_to_enter",
      "seconds_left": 180.05711102485657,
      "min_entry_seconds_left": 90,
      "max_entry_seconds_left": 150
    },
    {
      "ts": "2026-09-18T15:37:02.168734Z",
      "slug": "btc-updown-5m-1789745700",
      "status": "skip_too_early_to_enter",
      "seconds_left": 177.83127403259277,
      "min_entry_seconds_left": 90,
      "max_entry_seconds_left": 150
    },
    {
      "ts": "2026-09-18T15:37:04.386283Z",
      "slug": "btc-updown-5m-1789745700",
      "status": "skip_too_early_to_enter",
      "seconds_left": 175.61372637748718,
      "min_entry_seconds_left": 90,
      "max_entry_seconds_left": 150
    },
    {
      "ts": "2026-09-18T15:37:06.595933Z",
      "slug": "btc-updown-5m-1789745700",
      "status": "skip_too_early_to_enter",
      "seconds_left": 173.40408611297607,
      "min_entry_seconds_left": 90,
      "max_entry_seconds_left": 150
    },
    {
      "ts": "2026-09-18T15:37:08.826758Z",
      "slug": "btc-updown-5m-1789745700",
      "status": "skip_too_early_to_enter",
      "seconds_left": 171.1732473373413,
      "min_entry_seconds_left": 90,
      "max_entry_seconds_left": 150
    },
    {
      "ts": "2026-09-18T15:37:11.045390Z",
      "slug": "btc-updown-5m-1789745700",
      "status": "skip_too_early_to_enter",
      "seconds_left": 168.95461416244507,
      "min_entry_seconds_left": 90,
      "max_entry_seconds_left": 150
    },
    {
      "ts": "2026-09-18T15:37:13.278288Z",
      "slug": "btc-updown-5m-1789745700",
      "status": "skip_too_early_to_enter",
      "seconds_left": 166.7217197418213,
      "min_entry_seconds_left": 90,
      "max_entry_seconds_left": 150
    },
    {
      "ts": "2026-09-18T15:37:15.492639Z",
      "slug": "btc-updown-5m-1789745700",
      "status": "skip_too_early_to_enter",
      "seconds_left": 164.50736546516418,
      "min_entry_seconds_left": 90,
      "max_entry_seconds_left": 150
    },
    {
      "ts": "2026-09-18T15:37:17.709032Z",
      "slug": "btc-updown-5m-1789745700",
      "status": "skip_too_early_to_enter",
      "seconds_left": 162.29097938537598,
      "min_entry_seconds_left": 90,
      "max_entry_seconds_left": 150
    },
    {
      "ts": "2026-09-18T15:37:19.928877Z",
      "slug": "btc-updown-5m-1789745700",
      "status": "skip_too_early_to_enter",
      "seconds_left": 160.07112979888916,
      "min_entry_seconds_left": 90,
      "max_entry_seconds_left": 150
    },
    {
      "ts": "2026-09-18T15:37:22.145901Z",
      "slug": "btc-updown-5m-1789745700",
      "status": "skip_too_early_to_enter",
      "seconds_left": 157.8541066646576,
      "min_entry_seconds_left": 90,
      "max_entry_seconds_left": 150
    },
    {
      "ts": "2026-09-18T15:37:24.454402Z",
      "slug": "btc-updown-5m-1789745700",
      "status": "skip_too_early_to_enter",
      "seconds_left": 155.54560494422913,
      "min_entry_seconds_left": 90,
      "max_entry_seconds_left": 150
    },
    {
      "ts": "2026-09-18T15:37:31.030158Z",
      "slug": "btc-updown-5m-1789745700",
      "status": "heartbeat",
      "gamma_up": 0.495,
      "gamma_down": 0.505,
      "clob_up_ask": 0.59,
      "clob_down_ask": 0.42,
      "seconds_left": 149.70192623138428,
      "min_spread": 0.010000000000000009
    },
    {
      "ts": "2026-09-18T15:37:31.030214Z",
      "slug": "btc-updown-5m-1789745700",
      "status": "skip_price_below_threshold",
      "threshold": 0.7,
      "max_ask": 0.85,
      "win_streak": 3,
      "clob_up_ask": 0.59,
      "clob_down_ask": 0.42,
      "seconds_left": 149.70192623138428,
      "trigger_price": null
    },
    {
      "ts": "2026-09-18T15:37:33.807058Z",
      "slug": "btc-updown-5m-1789745700",
      "status": "heartbeat",
      "gamma_up": 0.495,
      "gamma_down": 0.505,
      "clob_up_ask": 0.71,
      "clob_down_ask": 0.29,
      "seconds_left": 146.73847460746765,
      "min_spread": 0.009999999999999953
    }
  ],
  "open_raw": "{\"mode\": \"open\", \"execute\": true, \"market_slug\": \"btc-updown-5m-1789745700\", \"force_side\": \"UP\", \"token_id\": \"111151873298447903385674255106364550162445817404751495774059193485528004993054\", \"entry_price\": 0.73, \"notional_usd\": 5.0, \"top_ask_notional_usd\": 515.6573999999999, \"collateral_pusd\": 438.013342, \"order_post_result\": {\"errorMsg\": \"\", \"orderID\": \"0x09001eaaa7d80ba9af1c25e1d8c26e3a36a24742d95b22ba3a3a033f03afc2fa\", \"takingAmount\": \"6.024094\", \"makingAmount\": \"4.999998\", \"status\": \"matched\", \"transactionsHashes\": [\"0xf5c5ea3aeb96f615c543c272336cf628e990972afd2866684d07924d5021b69c\"], \"success\": true}}\n\n",
  "opened": {
    "opened_at": "2026-09-18T15:37:37.689699Z",
    "market_slug": "btc-updown-5m-1789745700",
    "market_end_iso": "2026-09-18T15:40:00Z",
    "side": "UP",
    "token_id": "111151873298447903385674255106364550162445817404751495774059193485528004993054",
    "opp_side": "DOWN",
    "opp_token_id": "30076132828277420365905555629139699469238323629918958942302959127633510711090",
    "entry_price": 0.73,
    "shares": 6.024094,
    "cost_usdc": 4.999998,
    "open_order_id": "0x09001eaaa7d80ba9af1c25e1d8c26e3a36a24742d95b22ba3a3a033f03afc2fa",
    "open_tx": "0xf5c5ea3aeb96f615c543c272336cf628e990972afd2866684d07924d5021b69c"
  },
  "stop_loss_price": 0.5475,
  "last_side_price": 0.845,
  "last_clob_bid": 0.44,
  "last_clob_ask": 0.45,
  "last_check_at": "2026-09-18T15:38:57.182773Z",
  "cut_snapshot": {
    "reason": "stop_loss_clob_25pct",
    "bid": 0.44,
    "ask": 0.45,
    "gamma": 0.845,
    "seconds_left": 62.81718611717224
  },
  "close_debug": [
    {
      "ts": "2026-09-18T15:38:59.923210Z",
      "attempt": 1,
      "order_type": "FAK",
      "status": "matched",
      "close_skipped": ""
    }
  ],
  "close_raw": "{\"mode\": \"close\", \"execute\": true, \"market_slug\": \"btc-updown-5m-1789745700\", \"token_id\": \"111151873298447903385674255106364550162445817404751495774059193485528004993054\", \"requested_shares\": 6.024094, \"close_order_type\": \"FAK\", \"close_limit_price\": null, \"available_shares\": 6.024094, \"sell_shares\": 6.024, \"order_post_result\": {\"errorMsg\": \"\", \"orderID\": \"0x7c3cdcbe225f6aa48666847d878da67b40542a17170780ee2d189383e289fb6b\", \"takingAmount\": \"2.9498\", \"makingAmount\": \"6.02\", \"status\": \"matched\", \"transactionsHashes\": [\"0x39d884a4e97aea93c61002c903652cd7b3588b137573cf3aa3f3b00f8f2293f7\"], \"success\": true}, \"close_skipped\": \"\"}\n\n",
  "closed": {
    "close_reason": "stop_loss_clob_25pct",
    "closed_at": "2026-09-18T15:38:59.923229Z",
    "close_success": true,
    "close_status": "matched",
    "close_order_id": "0x7c3cdcbe225f6aa48666847d878da67b40542a17170780ee2d189383e289fb6b",
    "close_tx": "0x39d884a4e97aea93c61002c903652cd7b3588b137573cf3aa3f3b00f8f2293f7",
    "close_shares": 6.02,
    "close_usdc": 2.9498,
    "close_skipped": "",
    "hedge": null
  },
  "realized_cashflow_pnl_usdc": -2.050198,
  "finished_at": "2026-09-18T15:38:59.923243Z",
  "result": "done"
}
[2026-09-18T15:38:59Z] session_end rc=0 sessions=1 stake_usd=5
journal_ok trades=219 md=/home/yukeen/polymarketbot/5min-btc-polymarket/data/live_trades.md json=/home/yukeen/polymarketbot/5min-btc-polymarket/data/live_trades.json
[2026-09-18T15:40:39Z] fills=1/20 sessions=1/120
[2026-09-18T15:41:10Z] cash=435.798354
[2026-09-18T15:41:18Z] session_begin sessions=1 fills=1 stake_usd=5
{
  "started_at": "2026-09-18T15:41:18.563534Z",
  "params": {
    "profile": "conservative",
    "threshold": 0.7,
    "stake_usd": 5.0,
    "stop_loss_pct": 0.25,
    "exit_before_sec": 20,
    "min_entry_seconds_left": 90,
    "max_entry_seconds_left": 150,
    "entry_timeout_min": 20,
    "poll_sec": 2.0,
    "max_ask": 0.85,
    "expensive_ask": 0.8,
    "expensive_after_wins": 3,
    "clob_cut_bid": 0.4,
    "clob_sl_min_bid": 0.45,
    "early_flatten_sec": 45,
    "early_flatten_bid": 0.55,
    "close_retry_max": 30,
    "close_retry_delay_sec": 2.0,
    "gamma_sl": false,
    "no_gamma_sl": true,
    "confirm_polls": 2,
    "fast_poll_sec": 1.0,
    "fast_poll_window_sec": 90,
    "hedge_max_ask": 0.95,
    "no_hedge": false,
    "execute": true,
    "win_streak": 0
  },
  "attempts": [
    {
      "ts": "2026-09-18T15:41:18.878054Z",
      "slug": "btc-updown-5m-1789746000",
      "status": "skip_too_early_to_enter",
      "seconds_left": 221.1219563484192,
      "min_entry_seconds_left": 90,
      "max_entry_seconds_left": 150
    },
    {
      "ts": "2026-09-18T15:41:21.107863Z",
      "slug": "btc-updown-5m-1789746000",
      "status": "skip_too_early_to_enter",
      "seconds_left": 218.89214301109314,
      "min_entry_seconds_left": 90,
      "max_entry_seconds_left": 150
    },
    {
      "ts": "2026-09-18T15:41:23.339050Z",
      "slug": "btc-updown-5m-1789746000",
      "status": "skip_too_early_to_enter",
      "seconds_left": 216.66095685958862,
      "min_entry_seconds_left": 90,
      "max_entry_seconds_left": 150
    },
    {
      "ts": "2026-09-18T15:41:25.557938Z",
      "slug": "btc-updown-5m-1789746000",
      "status": "skip_too_early_to_enter",
      "seconds_left": 214.44206953048706,
      "min_entry_seconds_left": 90,
      "max_entry_seconds_left": 150
    },
    {
      "ts": "2026-09-18T15:41:27.768423Z",
      "slug": "btc-updown-5m-1789746000",
      "status": "skip_too_early_to_enter",
      "seconds_left": 212.23158025741577,
      "min_entry_seconds_left": 90,
      "max_entry_seconds_left": 150
    },
    {
      "ts": "2026-09-18T15:41:29.994384Z",
      "slug": "btc-updown-5m-1789746000",
      "status": "skip_too_early_to_enter",
      "seconds_left": 210.00562286376953,
      "min_entry_seconds_left": 90,
      "max_entry_seconds_left": 150
    },
    {
      "ts": "2026-09-18T15:41:32.195540Z",
      "slug": "btc-updown-5m-1789746000",
      "status": "skip_too_early_to_enter",
      "seconds_left": 207.8044662475586,
      "min_entry_seconds_left": 90,
      "max_entry_seconds_left": 150
    },
    {
      "ts": "2026-09-18T15:41:34.399936Z",
      "slug": "btc-updown-5m-1789746000",
      "status": "skip_too_early_to_enter",
      "seconds_left": 205.6000678539276,
      "min_entry_seconds_left": 90,
      "max_entry_seconds_left": 150
    },
    {
      "ts": "2026-09-18T15:41:36.603032Z",
      "slug": "btc-updown-5m-1789746000",
      "status": "skip_too_early_to_enter",
      "seconds_left": 203.39697408676147,
      "min_entry_seconds_left": 90,
      "max_entry_seconds_left": 150
    },
    {
      "ts": "2026-09-18T15:41:42.440621Z",
      "slug": "btc-updown-5m-1789746000",
      "status": "skip_too_early_to_enter",
      "seconds_left": 197.55938529968262,
      "min_entry_seconds_left": 90,
      "max_entry_seconds_left": 150
    },
    {
      "ts": "2026-09-18T15:41:44.664657Z",
      "slug": "btc-updown-5m-1789746000",
      "status": "skip_too_early_to_enter",
      "seconds_left": 195.33534812927246,
      "min_entry_seconds_left": 90,
      "max_entry_seconds_left": 150
    },
    {
      "ts": "2026-09-18T15:41:46.877333Z",
      "slug": "btc-updown-5m-1789746000",
      "status": "skip_too_early_to_enter",
      "seconds_left": 193.1226727962494,
      "min_entry_seconds_left": 90,
      "max_entry_seconds_left": 150
    },
    {
      "ts": "2026-09-18T15:41:49.086513Z",
      "slug": "btc-updown-5m-1789746000",
      "status": "skip_too_early_to_enter",
      "seconds_left": 190.9134931564331,
      "min_entry_seconds_left": 90,
      "max_entry_seconds_left": 150
    },
    {
      "ts": "2026-09-18T15:41:51.331220Z",
      "slug": "btc-updown-5m-1789746000",
      "status": "skip_too_early_to_enter",
      "seconds_left": 188.66878628730774,
      "min_entry_seconds_left": 90,
      "max_entry_seconds_left": 150
    },
    {
      "ts": "2026-09-18T15:41:53.553674Z",
      "slug": "btc-updown-5m-1789746000",
      "status": "skip_too_early_to_enter",
      "seconds_left": 186.44633269309998,
      "min_entry_seconds_left": 90,
      "max_entry_seconds_left": 150
    },
    {
      "ts": "2026-09-18T15:41:55.769609Z",
      "slug": "btc-updown-5m-1789746000",
      "status": "skip_too_early_to_enter",
      "seconds_left": 184.23039770126343,
      "min_entry_seconds_left": 90,
      "max_entry_seconds_left": 150
    },
    {
      "ts": "2026-09-18T15:41:57.994068Z",
      "slug": "btc-updown-5m-1789746000",
      "status": "skip_too_early_to_enter",
      "seconds_left": 182.0059370994568,
      "min_entry_seconds_left": 90,
      "max_entry_seconds_left": 150
    },
    {
      "ts": "2026-09-18T15:42:00.217492Z",
      "slug": "btc-updown-5m-1789746000",
      "status": "skip_too_early_to_enter",
      "seconds_left": 179.7825150489807,
      "min_entry_seconds_left": 90,
      "max_entry_seconds_left": 150
    },
    {
      "ts": "2026-09-18T15:42:02.445661Z",
      "slug": "btc-updown-5m-1789746000",
      "status": "skip_too_early_to_enter",
      "seconds_left": 177.554345369339,
      "min_entry_seconds_left": 90,
      "max_entry_seconds_left": 150
    },
    {
      "ts": "2026-09-18T15:42:04.674279Z",
      "slug": "btc-updown-5m-1789746000",
      "status": "skip_too_early_to_enter",
      "seconds_left": 175.32572770118713,
      "min_entry_seconds_left": 90,
      "max_entry_seconds_left": 150
    },
    {
      "ts": "2026-09-18T15:42:06.889612Z",
      "slug": "btc-updown-5m-1789746000",
      "status": "skip_too_early_to_enter",
      "seconds_left": 173.11039447784424,
      "min_entry_seconds_left": 90,
      "max_entry_seconds_left": 150
    },
    {
      "ts": "2026-09-18T15:42:09.107204Z",
      "slug": "btc-updown-5m-1789746000",
      "status": "skip_too_early_to_enter",
      "seconds_left": 170.892804145813,
      "min_entry_seconds_left": 90,
      "max_entry_seconds_left": 150
    },
    {
      "ts": "2026-09-18T15:42:11.330373Z",
      "slug": "btc-updown-5m-1789746000",
      "status": "skip_too_early_to_enter",
      "seconds_left": 168.66967034339905,
      "min_entry_seconds_left": 90,
      "max_entry_seconds_left": 150
    },
    {
      "ts": "2026-09-18T15:42:17.163414Z",
      "slug": "btc-updown-5m-1789746000",
      "status": "skip_too_early_to_enter",
      "seconds_left": 162.83659267425537,
      "min_entry_seconds_left": 90,
      "max_entry_seconds_left": 150
    },
    {
      "ts": "2026-09-18T15:42:19.404803Z",
      "slug": "btc-updown-5m-1789746000",
      "status": "skip_too_early_to_enter",
      "seconds_left": 160.5952033996582,
      "min_entry_seconds_left": 90,
      "max_entry_seconds_left": 150
    },
    {
      "ts": "2026-09-18T15:42:21.670376Z",
      "slug": "btc-updown-5m-1789746000",
      "status": "skip_too_early_to_enter",
      "seconds_left": 158.32963061332703,
      "min_entry_seconds_left": 90,
      "max_entry_seconds_left": 150
    },
    {
      "ts": "2026-09-18T15:42:23.904958Z",
      "slug": "btc-updown-5m-1789746000",
      "status": "skip_too_early_to_enter",
      "seconds_left": 156.09504556655884,
      "min_entry_seconds_left": 90,
      "max_entry_seconds_left": 150
    },
    {
      "ts": "2026-09-18T15:42:26.118668Z",
      "slug": "btc-updown-5m-1789746000",
      "status": "skip_too_early_to_enter",
      "seconds_left": 153.88133811950684,
      "min_entry_seconds_left": 90,
      "max_entry_seconds_left": 150
    },
    {
      "ts": "2026-09-18T15:42:28.334600Z",
      "slug": "btc-updown-5m-1789746000",
      "status": "skip_too_early_to_enter",
      "seconds_left": 151.66540336608887,
      "min_entry_seconds_left": 90,
      "max_entry_seconds_left": 150
    },
    {
      "ts": "2026-09-18T15:42:31.170913Z",
      "slug": "btc-updown-5m-1789746000",
      "status": "heartbeat",
      "gamma_up": 0.505,
      "gamma_down": 0.495,
      "clob_up_ask": 0.16,
      "clob_down_ask": 0.85,
      "seconds_left": 149.46017360687256,
      "min_spread": 0.010000000000000009
    },
    {
      "ts": "2026-09-18T15:42:31.170955Z",
      "slug": "btc-updown-5m-1789746000",
      "status": "skip_ask_too_expensive",
      "threshold": 0.7,
      "max_ask": 0.85,
      "win_streak": 0,
      "clob_up_ask": 0.16,
      "clob_down_ask": 0.85,
      "seconds_left": 149.46017360687256,
      "trigger_price": 0.85
    },
    {
      "ts": "2026-09-18T15:42:33.922228Z",
      "slug": "btc-updown-5m-1789746000",
      "status": "heartbeat",
      "gamma_up": 0.505,
      "gamma_down": 0.495,
      "clob_up_ask": 0.19,
      "clob_down_ask": 0.82,
      "seconds_left": 146.6140797138214,
      "min_spread": 0.009999999999999898
    },
    {
      "ts": "2026-09-18T15:42:40.380349Z",
      "slug": "btc-updown-5m-1789746000",
      "status": "heartbeat",
      "gamma_up": 0.505,
      "gamma_down": 0.495,
      "clob_up_ask": 0.23,
      "clob_down_ask": 0.78,
      "seconds_left": 140.30588126182556,
      "min_spread": 0.010000000000000009
    }
  ],
  "last_open_try": "{\"error\": \"PolyApiException[status_code=400, error_message={'error': 'no orders found to match with FAK order. FAK orders are partially filled or killed if no match is found.', 'orderID': '0x48ed49d4c730edb2f61a0b2461a997801db320aa5bf155dc502639195c8d0944'}]\", \"order_post_result\": {\"success\": false, \"status\": \"error\", \"errorMsg\": \"PolyApiException[status_code=400, error_message={'error': 'no orders found to match with FAK order. FAK orders are partially filled or killed if no match is found.', 'orderID': '0x48ed49d4c730edb2f61a0b2461a997801db320aa5bf155dc502639195c8d0944'}]\"}, \"close_skipped\": \"\"}\n\n[py_clob_client_v2] request error status=400 url=https://clob.polymarket.com/order body={\"error\":\"no orders found to match with FAK order. FAK orders are partially filled or killed if no match is found.\",\"orderID\":\"0x48ed49d4c730edb2f61a0b2461a997801db320aa5bf155dc502639195c8d0944\"}\n",
  "open_raw": "{\"mode\": \"open\", \"execute\": true, \"market_slug\": \"btc-updown-5m-1789746000\", \"force_side\": \"DOWN\", \"token_id\": \"35968458558600511341923276475167688957145576864381178867529615388927675154960\", \"entry_price\": 0.83, \"notional_usd\": 5.0, \"top_ask_notional_usd\": 41.5, \"collateral_pusd\": 435.798354, \"order_post_result\": {\"errorMsg\": \"\", \"orderID\": \"0x3907d838ed7f634c81c25f7b3a07dddfda1440c41917a952723122ae0fe13ea3\", \"takingAmount\": \"5.747123\", \"makingAmount\": \"4.999997\", \"status\": \"matched\", \"transactionsHashes\": [\"0xaa56e300f87963a38da6a249ffc90e100d26801aa2973e91210c0764b16779f0\"], \"success\": true}}\n\n",
  "opened": {
    "opened_at": "2026-09-18T15:42:46.728109Z",
    "market_slug": "btc-updown-5m-1789746000",
    "market_end_iso": "2026-09-18T15:45:00Z",
    "side": "DOWN",
    "token_id": "35968458558600511341923276475167688957145576864381178867529615388927675154960",
    "opp_side": "UP",
    "opp_token_id": "102649477676612105432174309449714767721454736191031557629586153634810537802236",
    "entry_price": 0.83,
    "shares": 5.747123,
    "cost_usdc": 4.999997,
    "open_order_id": "0x3907d838ed7f634c81c25f7b3a07dddfda1440c41917a952723122ae0fe13ea3",
    "open_tx": "0xaa56e300f87963a38da6a249ffc90e100d26801aa2973e91210c0764b16779f0"
  },
  "stop_loss_price": 0.6224999999999999,
  "last_side_price": 0.835,
  "last_clob_bid": 0.99,
  "last_clob_ask": 0.99,
  "last_check_at": "2026-09-18T15:44:41.257390Z",
  "pending_cut": {
    "reason": "stop_loss_clob_25pct",
    "count": 1,
    "bid": 0.61,
    "ask": 0.63,
    "gamma": 0.495,
    "ts": "2026-09-18T15:43:05.749851Z"
  },
  "closed": {
    "close_reason": "hold_to_settlement_winning_book",
    "closed_at": "2026-09-18T15:44:42.529147Z",
    "close_success": false,
    "close_status": "held",
    "close_order_id": null,
    "close_tx": null,
    "close_shares": 0.0,
    "close_usdc": 0.0,
    "close_skipped": "hold_to_settlement"
  },
  "realized_cashflow_pnl_usdc": null,
  "finished_at": "2026-09-18T15:44:42.529161Z",
  "result": "done"
}
[2026-09-18T15:44:42Z] session_end rc=0 sessions=2 stake_usd=5
journal_ok trades=219 md=/home/yukeen/polymarketbot/5min-btc-polymarket/data/live_trades.md json=/home/yukeen/polymarketbot/5min-btc-polymarket/data/live_trades.json
[2026-09-18T15:46:35Z] fills=1/20 sessions=2/120
[py_clob_client_v2] request error status=400 url=https://clob.polymarket.com/auth/api-key body={"error":"Could not create api key"}

[2026-09-18T15:46:52Z] cash=436.49999
[2026-09-18T15:47:00Z] session_begin sessions=2 fills=1 stake_usd=5
{
  "started_at": "2026-09-18T15:47:00.992987Z",
  "params": {
    "profile": "conservative",
    "threshold": 0.7,
    "stake_usd": 5.0,
    "stop_loss_pct": 0.25,
    "exit_before_sec": 20,
    "min_entry_seconds_left": 90,
    "max_entry_seconds_left": 150,
    "entry_timeout_min": 20,
    "poll_sec": 2.0,
    "max_ask": 0.85,
    "expensive_ask": 0.8,
    "expensive_after_wins": 3,
    "clob_cut_bid": 0.4,
    "clob_sl_min_bid": 0.45,
    "early_flatten_sec": 45,
    "early_flatten_bid": 0.55,
    "close_retry_max": 30,
    "close_retry_delay_sec": 2.0,
    "gamma_sl": false,
    "no_gamma_sl": true,
    "confirm_polls": 2,
    "fast_poll_sec": 1.0,
    "fast_poll_window_sec": 90,
    "hedge_max_ask": 0.95,
    "no_hedge": false,
    "execute": true,
    "win_streak": 4
  },
  "attempts": [
    {
      "ts": "2026-09-18T15:47:04.803953Z",
      "slug": "btc-updown-5m-1789746300",
      "status": "skip_too_early_to_enter",
      "seconds_left": 175.1960563659668,
      "min_entry_seconds_left": 90,
      "max_entry_seconds_left": 150
    },
    {
      "ts": "2026-09-18T15:47:07.014525Z",
      "slug": "btc-updown-5m-1789746300",
      "status": "skip_too_early_to_enter",
      "seconds_left": 172.98548579216003,
      "min_entry_seconds_left": 90,
      "max_entry_seconds_left": 150
    },
    {
      "ts": "2026-09-18T15:47:09.236560Z",
      "slug": "btc-updown-5m-1789746300",
      "status": "skip_too_early_to_enter",
      "seconds_left": 170.76344799995422,
      "min_entry_seconds_left": 90,
      "max_entry_seconds_left": 150
    },
    {
      "ts": "2026-09-18T15:47:11.454654Z",
      "slug": "btc-updown-5m-1789746300",
      "status": "skip_too_early_to_enter",
      "seconds_left": 168.54535269737244,
      "min_entry_seconds_left": 90,
      "max_entry_seconds_left": 150
    },
    {
      "ts": "2026-09-18T15:47:13.657410Z",
      "slug": "btc-updown-5m-1789746300",
      "status": "skip_too_early_to_enter",
      "seconds_left": 166.3425943851471,
      "min_entry_seconds_left": 90,
      "max_entry_seconds_left": 150
    },
    {
      "ts": "2026-09-18T15:47:15.912338Z",
      "slug": "btc-updown-5m-1789746300",
      "status": "skip_too_early_to_enter",
      "seconds_left": 164.08766722679138,
      "min_entry_seconds_left": 90,
      "max_entry_seconds_left": 150
    },
    {
      "ts": "2026-09-18T15:47:18.147253Z",
      "slug": "btc-updown-5m-1789746300",
      "status": "skip_too_early_to_enter",
      "seconds_left": 161.85275554656982,
      "min_entry_seconds_left": 90,
      "max_entry_seconds_left": 150
    },
    {
      "ts": "2026-09-18T15:47:20.358174Z",
      "slug": "btc-updown-5m-1789746300",
      "status": "skip_too_early_to_enter",
      "seconds_left": 159.6418354511261,
      "min_entry_seconds_left": 90,
      "max_entry_seconds_left": 150
    },
    {
      "ts": "2026-09-18T15:47:22.579225Z",
      "slug": "btc-updown-5m-1789746300",
      "status": "skip_too_early_to_enter",
      "seconds_left": 157.4207799434662,
      "min_entry_seconds_left": 90,
      "max_entry_seconds_left": 150
    },
    {
      "ts": "2026-09-18T15:47:24.800531Z",
      "slug": "btc-updown-5m-1789746300",
      "status": "skip_too_early_to_enter",
      "seconds_left": 155.19947385787964,
      "min_entry_seconds_left": 90,
      "max_entry_seconds_left": 150
    },
    {
      "ts": "2026-09-18T15:47:27.017472Z",
      "slug": "btc-updown-5m-1789746300",
      "status": "skip_too_early_to_enter",
      "seconds_left": 152.9825348854065,
      "min_entry_seconds_left": 90,
      "max_entry_seconds_left": 150
    },
    {
      "ts": "2026-09-18T15:47:29.236098Z",
      "slug": "btc-updown-5m-1789746300",
      "status": "skip_too_early_to_enter",
      "seconds_left": 150.76390647888184,
      "min_entry_seconds_left": 90,
      "max_entry_seconds_left": 150
    },
    {
      "ts": "2026-09-18T15:47:32.123915Z",
      "slug": "btc-updown-5m-1789746300",
      "status": "heartbeat",
      "gamma_up": 0.505,
      "gamma_down": 0.495,
      "clob_up_ask": 0.35,
      "clob_down_ask": 0.63,
      "seconds_left": 148.52390384674072,
      "min_spread": 0.009999999999999953
    },
    {
      "ts": "2026-09-18T15:47:32.124048Z",
      "slug": "btc-updown-5m-1789746300",
      "status": "skip_price_below_threshold",
      "threshold": 0.7,
      "max_ask": 0.85,
      "win_streak": 4,
      "clob_up_ask": 0.35,
      "clob_down_ask": 0.63,
      "seconds_left": 148.52390384674072,
      "trigger_price": null
    },
    {
      "ts": "2026-09-18T15:47:34.872992Z",
      "slug": "btc-updown-5m-1789746300",
      "status": "heartbeat",
      "gamma_up": 0.505,
      "gamma_down": 0.495,
      "clob_up_ask": 0.36,
      "clob_down_ask": 0.65,
      "seconds_left": 145.66030740737915,
      "min_spread": 0.010000000000000009
    },
    {
      "ts": "2026-09-18T15:47:34.873012Z",
      "slug": "btc-updown-5m-1789746300",
      "status": "skip_price_below_threshold",
      "threshold": 0.7,
      "max_ask": 0.85,
      "win_streak": 4,
      "clob_up_ask": 0.36,
      "clob_down_ask": 0.65,
      "seconds_left": 145.66030740737915,
      "trigger_price": null
    },
    {
      "ts": "2026-09-18T15:47:41.209092Z",
      "slug": "btc-updown-5m-1789746300",
      "status": "heartbeat",
      "gamma_up": 0.505,
      "gamma_down": 0.495,
      "clob_up_ask": 0.36,
      "clob_down_ask": 0.66,
      "seconds_left": 139.3300964832306,
      "min_spread": 0.010000000000000009
    },
    {
      "ts": "2026-09-18T15:47:41.209116Z",
      "slug": "btc-updown-5m-1789746300",
      "status": "skip_price_below_threshold",
      "threshold": 0.7,
      "max_ask": 0.85,
      "win_streak": 4,
      "clob_up_ask": 0.36,
      "clob_down_ask": 0.66,
      "seconds_left": 139.3300964832306,
      "trigger_price": null
    },
    {
      "ts": "2026-09-18T15:47:43.960257Z",
      "slug": "btc-updown-5m-1789746300",
      "status": "heartbeat",
      "gamma_up": 0.505,
      "gamma_down": 0.495,
      "clob_up_ask": 0.39,
      "clob_down_ask": 0.6,
      "seconds_left": 136.57681250572205,
      "min_spread": 0.010000000000000009
    },
    {
      "ts": "2026-09-18T15:47:43.960314Z",
      "slug": "btc-updown-5m-1789746300",
      "status": "skip_price_below_threshold",
      "threshold": 0.7,
      "max_ask": 0.85,
      "win_streak": 4,
      "clob_up_ask": 0.39,
      "clob_down_ask": 0.6,
      "seconds_left": 136.57681250572205,
      "trigger_price": null
    },
    {
      "ts": "2026-09-18T15:47:46.747798Z",
      "slug": "btc-updown-5m-1789746300",
      "status": "heartbeat",
      "gamma_up": 0.505,
      "gamma_down": 0.495,
      "clob_up_ask": 0.45,
      "clob_down_ask": 0.56,
      "seconds_left": 133.79984712600708,
      "min_spread": 0.010000000000000009
    },
    {
      "ts": "2026-09-18T15:47:46.747815Z",
      "slug": "btc-updown-5m-1789746300",
      "status": "skip_price_below_threshold",
      "threshold": 0.7,
      "max_ask": 0.85,
      "win_streak": 4,
      "clob_up_ask": 0.45,
      "clob_down_ask": 0.56,
      "seconds_left": 133.79984712600708,
      "trigger_price": null
    },
    {
      "ts": "2026-09-18T15:47:49.531203Z",
      "slug": "btc-updown-5m-1789746300",
      "status": "heartbeat",
      "gamma_up": 0.505,
      "gamma_down": 0.495,
      "clob_up_ask": 0.45,
      "clob_down_ask": 0.55,
      "seconds_left": 131.01084280014038,
      "min_spread": 0.010000000000000009
    },
    {
      "ts": "2026-09-18T15:47:49.531219Z",
      "slug": "btc-updown-5m-1789746300",
      "status": "skip_price_below_threshold",
      "threshold": 0.7,
      "max_ask": 0.85,
      "win_streak": 4,
      "clob_up_ask": 0.45,
      "clob_down_ask": 0.55,
      "seconds_left": 131.01084280014038,
      "trigger_price": null
    },
    {
      "ts": "2026-09-18T15:47:52.280266Z",
      "slug": "btc-updown-5m-1789746300",
      "status": "heartbeat",
      "gamma_up": 0.505,
      "gamma_down": 0.495,
      "clob_up_ask": 0.46,
      "clob_down_ask": 0.57,
      "seconds_left": 128.254088640213,
      "min_spread": 0.009999999999999898
    },
    {
      "ts": "2026-09-18T15:47:52.280289Z",
      "slug": "btc-updown-5m-1789746300",
      "status": "skip_price_below_threshold",
      "threshold": 0.7,
      "max_ask": 0.85,
      "win_streak": 4,
      "clob_up_ask": 0.46,
      "clob_down_ask": 0.57,
      "seconds_left": 128.254088640213,
      "trigger_price": null
    },
    {
      "ts": "2026-09-18T15:47:55.061056Z",
      "slug": "btc-updown-5m-1789746300",
      "status": "heartbeat",
      "gamma_up": 0.505,
      "gamma_down": 0.495,
      "clob_up_ask": 0.42,
      "clob_down_ask": 0.56,
      "seconds_left": 125.49166584014893,
      "min_spread": 0.010000000000000009
    },
    {
      "ts": "2026-09-18T15:47:55.061083Z",
      "slug": "btc-updown-5m-1789746300",
      "status": "skip_price_below_threshold",
      "threshold": 0.7,
      "max_ask": 0.85,
      "win_streak": 4,
      "clob_up_ask": 0.42,
      "clob_down_ask": 0.56,
      "seconds_left": 125.49166584014893,
      "trigger_price": null
    },
    {
      "ts": "2026-09-18T15:47:57.826566Z",
      "slug": "btc-updown-5m-1789746300",
      "status": "heartbeat",
      "gamma_up": 0.505,
      "gamma_down": 0.495,
      "clob_up_ask": 0.53,
      "clob_down_ask": 0.48,
      "seconds_left": 122.72700619697571,
      "min_spread": 0.010000000000000009
    },
    {
      "ts": "2026-09-18T15:47:57.826578Z",
      "slug": "btc-updown-5m-1789746300",
      "status": "skip_price_below_threshold",
      "threshold": 0.7,
      "max_ask": 0.85,
      "win_streak": 4,
      "clob_up_ask": 0.53,
      "clob_down_ask": 0.48,
      "seconds_left": 122.72700619697571,
      "trigger_price": null
    },
    {
      "ts": "2026-09-18T15:48:00.591073Z",
      "slug": "btc-updown-5m-1789746300",
      "status": "heartbeat",
      "gamma_up": 0.505,
      "gamma_down": 0.495,
      "clob_up_ask": 0.49,
      "clob_down_ask": 0.52,
      "seconds_left": 119.94880247116089,
      "min_spread": 0.010000000000000009
    },
    {
      "ts": "2026-09-18T15:48:00.591086Z",
      "slug": "btc-updown-5m-1789746300",
      "status": "skip_price_below_threshold",
      "threshold": 0.7,
      "max_ask": 0.85,
      "win_streak": 4,
      "clob_up_ask": 0.49,
      "clob_down_ask": 0.52,
      "seconds_left": 119.94880247116089,
      "trigger_price": null
    },
    {
      "ts": "2026-09-18T15:48:03.373398Z",
      "slug": "btc-updown-5m-1789746300",
      "status": "heartbeat",
      "gamma_up": 0.505,
      "gamma_down": 0.495,
      "clob_up_ask": 0.51,
      "clob_down_ask": 0.5,
      "seconds_left": 117.16409611701965,
      "min_spread": 0.010000000000000009
    },
    {
      "ts": "2026-09-18T15:48:03.373419Z",
      "slug": "btc-updown-5m-1789746300",
      "status": "skip_price_below_threshold",
      "threshold": 0.7,
      "max_ask": 0.85,
      "win_streak": 4,
      "clob_up_ask": 0.51,
      "clob_down_ask": 0.5,
      "seconds_left": 117.16409611701965,
      "trigger_price": null
    },
    {
      "ts": "2026-09-18T15:48:06.132102Z",
      "slug": "btc-updown-5m-1789746300",
      "status": "heartbeat",
      "gamma_up": 0.505,
      "gamma_down": 0.495,
      "clob_up_ask": 0.52,
      "clob_down_ask": 0.5,
      "seconds_left": 114.41018199920654,
      "min_spread": 0.010000000000000009
    },
    {
      "ts": "2026-09-18T15:48:06.132129Z",
      "slug": "btc-updown-5m-1789746300",
      "status": "skip_price_below_threshold",
      "threshold": 0.7,
      "max_ask": 0.85,
      "win_streak": 4,
      "clob_up_ask": 0.52,
      "clob_down_ask": 0.5,
      "seconds_left": 114.41018199920654,
      "trigger_price": null
    },
    {
      "ts": "2026-09-18T15:48:22.716776Z",
      "slug": "btc-updown-5m-1789746300",
      "status": "heartbeat",
      "gamma_up": 0.505,
      "gamma_down": 0.495,
      "clob_up_ask": 0.55,
      "clob_down_ask": 0.45,
      "seconds_left": 98.03364658355713,
      "min_spread": 0.010000000000000009
    },
    {
      "ts": "2026-09-18T15:48:22.716808Z",
      "slug": "btc-updown-5m-1789746300",
      "status": "skip_price_below_threshold",
      "threshold": 0.7,
      "max_ask": 0.85,
      "win_streak": 4,
      "clob_up_ask": 0.55,
      "clob_down_ask": 0.45,
      "seconds_left": 98.03364658355713,
      "trigger_price": null
    },
    {
      "ts": "2026-09-18T15:48:25.465902Z",
      "slug": "btc-updown-5m-1789746300",
      "status": "heartbeat",
      "gamma_up": 0.505,
      "gamma_down": 0.495,
      "clob_up_ask": 0.57,
      "clob_down_ask": 0.44,
      "seconds_left": 95.06530809402466,
      "min_spread": 0.009999999999999898
    },
    {
      "ts": "2026-09-18T15:48:25.465931Z",
      "slug": "btc-updown-5m-1789746300",
      "status": "skip_price_below_threshold",
      "threshold": 0.7,
      "max_ask": 0.85,
      "win_streak": 4,
      "clob_up_ask": 0.57,
      "clob_down_ask": 0.44,
      "seconds_left": 95.06530809402466,
      "trigger_price": null
    },
    {
      "ts": "2026-09-18T15:48:28.218296Z",
      "slug": "btc-updown-5m-1789746300",
      "status": "heartbeat",
      "gamma_up": 0.505,
      "gamma_down": 0.495,
      "clob_up_ask": 0.56,
      "clob_down_ask": 0.45,
      "seconds_left": 92.3203604221344,
      "min_spread": 0.010000000000000009
    },
    {
      "ts": "2026-09-18T15:48:28.218323Z",
      "slug": "btc-updown-5m-1789746300",
      "status": "skip_price_below_threshold",
      "threshold": 0.7,
      "max_ask": 0.85,
      "win_streak": 4,
      "clob_up_ask": 0.56,
      "clob_down_ask": 0.45,
      "seconds_left": 92.3203604221344,
      "trigger_price": null
    },
    {
      "ts": "2026-09-18T15:48:30.430585Z",
      "slug": "btc-updown-5m-1789746300",
      "status": "skip_too_late_to_enter",
      "seconds_left": 89.56942319869995,
      "min_entry_seconds_left": 90,
      "max_entry_seconds_left": 150
    },
    {
      "ts": "2026-09-18T15:48:32.644113Z",
      "slug": "btc-updown-5m-1789746300",
      "status": "skip_too_late_to_enter",
      "seconds_left": 87.35589265823364,
      "min_entry_seconds_left": 90,
      "max_entry_seconds_left": 150
    },
    {
      "ts": "2026-09-18T15:48:34.881726Z",
      "slug": "btc-updown-5m-1789746300",
      "status": "skip_too_late_to_enter",
      "seconds_left": 85.11827969551086,
      "min_entry_seconds_left": 90,
      "max_entry_seconds_left": 150
    },
    {
      "ts": "2026-09-18T15:48:37.098738Z",
      "slug": "btc-updown-5m-1789746300",
      "status": "skip_too_late_to_enter",
      "seconds_left": 82.9012680053711,
      "min_entry_seconds_left": 90,
      "max_entry_seconds_left": 150
    },
    {
      "ts": "2026-09-18T15:48:39.336701Z",
      "slug": "btc-updown-5m-1789746300",
      "status": "skip_too_late_to_enter",
      "seconds_left": 80.66330695152283,
      "min_entry_seconds_left": 90,
      "max_entry_seconds_left": 150
    },
    {
      "ts": "2026-09-18T15:48:41.556231Z",
      "slug": "btc-updown-5m-1789746300",
      "status": "skip_too_late_to_enter",
      "seconds_left": 78.44377565383911,
      "min_entry_seconds_left": 90,
      "max_entry_seconds_left": 150
    },
    {
      "ts": "2026-09-18T15:48:43.776593Z",
      "slug": "btc-updown-5m-1789746300",
      "status": "skip_too_late_to_enter",
      "seconds_left": 76.22341203689575,
      "min_entry_seconds_left": 90,
      "max_entry_seconds_left": 150
    },
    {
      "ts": "2026-09-18T15:48:45.996465Z",
      "slug": "btc-updown-5m-1789746300",
      "status": "skip_too_late_to_enter",
      "seconds_left": 74.00354194641113,
      "min_entry_seconds_left": 90,
      "max_entry_seconds_left": 150
    },
    {
      "ts": "2026-09-18T15:48:48.222895Z",
      "slug": "btc-updown-5m-1789746300",
      "status": "skip_too_late_to_enter",
      "seconds_left": 71.77711224555969,
      "min_entry_seconds_left": 90,
      "max_entry_seconds_left": 150
    },
    {
      "ts": "2026-09-18T15:48:54.016083Z",
      "slug": "btc-updown-5m-1789746300",
      "status": "skip_too_late_to_enter",
      "seconds_left": 65.98392391204834,
      "min_entry_seconds_left": 90,
      "max_entry_seconds_left": 150
    },
    {
      "ts": "2026-09-18T15:48:56.231777Z",
      "slug": "btc-updown-5m-1789746300",
      "status": "skip_too_late_to_enter",
      "seconds_left": 63.768229484558105,
      "min_entry_seconds_left": 90,
      "max_entry_seconds_left": 150
    },
    {
      "ts": "2026-09-18T15:48:58.455763Z",
      "slug": "btc-updown-5m-1789746300",
      "status": "skip_too_late_to_enter",
      "seconds_left": 61.54424238204956,
      "min_entry_seconds_left": 90,
      "max_entry_seconds_left": 150
    },
    {
      "ts": "2026-09-18T15:49:00.671624Z",
      "slug": "btc-updown-5m-1789746300",
      "status": "skip_too_late_to_enter",
      "seconds_left": 59.32838320732117,
      "min_entry_seconds_left": 90,
      "max_entry_seconds_left": 150
    },
    {
      "ts": "2026-09-18T15:49:12.680709Z",
      "status": "heartbeat_no_current_market"
    },
    {
      "ts": "2026-09-18T15:49:14.900487Z",
      "slug": "btc-updown-5m-1789746300",
      "status": "skip_too_late_to_enter",
      "seconds_left": 45.09951829910278,
      "min_entry_seconds_left": 90,
      "max_entry_seconds_left": 150
    },
    {
      "ts": "2026-09-18T15:49:17.118163Z",
      "slug": "btc-updown-5m-1789746300",
      "status": "skip_too_late_to_enter",
      "seconds_left": 42.88185262680054,
      "min_entry_seconds_left": 90,
      "max_entry_seconds_left": 150
    },
    {
      "ts": "2026-09-18T15:49:19.333667Z",
      "slug": "btc-updown-5m-1789746300",
      "status": "skip_too_late_to_enter",
      "seconds_left": 40.66633915901184,
      "min_entry_seconds_left": 90,
      "max_entry_seconds_left": 150
    },
    {
      "ts": "2026-09-18T15:49:21.578718Z",
      "slug": "btc-updown-5m-1789746300",
      "status": "skip_too_late_to_enter",
      "seconds_left": 38.421286821365356,
      "min_entry_seconds_left": 90,
      "max_entry_seconds_left": 150
    },
    {
      "ts": "2026-09-18T15:49:23.794182Z",
      "slug": "btc-updown-5m-1789746300",
      "status": "skip_too_late_to_enter",
      "seconds_left": 36.2058265209198,
      "min_entry_seconds_left": 90,
      "max_entry_seconds_left": 150
    },
    {
      "ts": "2026-09-18T15:49:29.628350Z",
      "slug": "btc-updown-5m-1789746300",
      "status": "skip_too_late_to_enter",
      "seconds_left": 30.371655225753784,
      "min_entry_seconds_left": 90,
      "max_entry_seconds_left": 150
    },
    {
      "ts": "2026-09-18T15:49:31.933943Z",
      "slug": "btc-updown-5m-1789746300",
      "status": "skip_too_late_to_enter",
      "seconds_left": 28.066064596176147,
      "min_entry_seconds_left": 90,
      "max_entry_seconds_left": 150
    },
    {
      "ts": "2026-09-18T15:49:34.156261Z",
      "slug": "btc-updown-5m-1789746300",
      "status": "skip_too_late_to_enter",
      "seconds_left": 25.843743085861206,
      "min_entry_seconds_left": 90,
      "max_entry_seconds_left": 150
    },
    {
      "ts": "2026-09-18T15:49:36.373813Z",
      "slug": "btc-updown-5m-1789746300",
      "status": "skip_too_late_to_enter",
      "seconds_left": 23.626193046569824,
      "min_entry_seconds_left": 90,
      "max_entry_seconds_left": 150
    },
    {
      "ts": "2026-09-18T15:49:38.618616Z",
      "slug": "btc-updown-5m-1789746300",
      "status": "skip_too_late_to_enter",
      "seconds_left": 21.381392240524292,
      "min_entry_seconds_left": 90,
      "max_entry_seconds_left": 150
    },
    {
      "ts": "2026-09-18T15:49:40.840805Z",
      "slug": "btc-updown-5m-1789746300",
      "status": "skip_too_late_to_enter",
      "seconds_left": 19.1592013835907,
      "min_entry_seconds_left": 90,
      "max_entry_seconds_left": 150
    },
    {
      "ts": "2026-09-18T15:49:43.078379Z",
      "slug": "btc-updown-5m-1789746300",
      "status": "skip_too_late_to_enter",
      "seconds_left": 16.921635389328003,
      "min_entry_seconds_left": 90,
      "max_entry_seconds_left": 150
    },
    {
      "ts": "2026-09-18T15:49:45.302820Z",
      "slug": "btc-updown-5m-1789746300",
      "status": "skip_too_late_to_enter",
      "seconds_left": 14.69718861579895,
      "min_entry_seconds_left": 90,
      "max_entry_seconds_left": 150
    },
    {
      "ts": "2026-09-18T15:49:47.537392Z",
      "slug": "btc-updown-5m-1789746300",
      "status": "skip_too_late_to_enter",
      "seconds_left": 12.462616920471191,
      "min_entry_seconds_left": 90,
      "max_entry_seconds_left": 150
    },
    {
      "ts": "2026-09-18T15:49:49.756119Z",
      "slug": "btc-updown-5m-1789746300",
      "status": "skip_too_late_to_enter",
      "seconds_left": 10.243890523910522,
      "min_entry_seconds_left": 90,
      "max_entry_seconds_left": 150
    },
    {
      "ts": "2026-09-18T15:49:51.998920Z",
      "slug": "btc-updown-5m-1789746300",
      "status": "skip_too_late_to_enter",
      "seconds_left": 8.001083612442017,
      "min_entry_seconds_left": 90,
      "max_entry_seconds_left": 150
    },
    {
      "ts": "2026-09-18T15:49:54.225940Z",
      "slug": "btc-updown-5m-1789746300",
      "status": "skip_too_late_to_enter",
      "seconds_left": 5.774065971374512,
      "min_entry_seconds_left": 90,
      "max_entry_seconds_left": 150
    },
    {
      "ts": "2026-09-18T15:49:56.445423Z",
      "status": "heartbeat_no_current_market"
    },
    {
      "ts": "2026-09-18T15:49:58.683596Z",
      "status": "heartbeat_no_current_market"
    },
    {
      "ts": "2026-09-18T15:50:00.898252Z",
      "slug": "btc-updown-5m-1789746600",
      "status": "skip_too_early_to_enter",
      "seconds_left": 299.10178399086,
      "min_entry_seconds_left": 90,
      "max_entry_seconds_left": 150
    },
    {
      "ts": "2026-09-18T15:50:06.712918Z",
      "slug": "btc-updown-5m-1789746600",
      "status": "skip_too_early_to_enter",
      "seconds_left": 293.2870898246765,
      "min_entry_seconds_left": 90,
      "max_entry_seconds_left": 150
    },
    {
      "ts": "2026-09-18T15:50:09.046450Z",
      "slug": "btc-updown-5m-1789746600",
      "status": "skip_too_early_to_enter",
      "seconds_left": 290.9535586833954,
      "min_entry_seconds_left": 90,
      "max_entry_seconds_left": 150
    },
    {
      "ts": "2026-09-18T15:50:11.279634Z",
      "slug": "btc-updown-5m-1789746600",
      "status": "skip_too_early_to_enter",
      "seconds_left": 288.72037506103516,
      "min_entry_seconds_left": 90,
      "max_entry_seconds_left": 150
    },
    {
      "ts": "2026-09-18T15:50:13.500167Z",
      "slug": "btc-updown-5m-1789746600",
      "status": "skip_too_early_to_enter",
      "seconds_left": 286.4998416900635,
      "min_entry_seconds_left": 90,
      "max_entry_seconds_left": 150
    },
    {
      "ts": "2026-09-18T15:50:15.732563Z",
      "slug": "btc-updown-5m-1789746600",
      "status": "skip_too_early_to_enter",
      "seconds_left": 284.2674467563629,
      "min_entry_seconds_left": 90,
      "max_entry_seconds_left": 150
    },
    {
      "ts": "2026-09-18T15:50:17.954763Z",
      "slug": "btc-updown-5m-1789746600",
      "status": "skip_too_early_to_enter",
      "seconds_left": 282.04524183273315,
      "min_entry_seconds_left": 90,
      "max_entry_seconds_left": 150
    },
    {
      "ts": "2026-09-18T15:50:20.174465Z",
      "slug": "btc-updown-5m-1789746600",
      "status": "skip_too_early_to_enter",
      "seconds_left": 279.8255388736725,
      "min_entry_seconds_left": 90,
      "max_entry_seconds_left": 150
    },
    {
      "ts": "2026-09-18T15:50:22.398669Z",
      "slug": "btc-updown-5m-1789746600",
      "status": "skip_too_early_to_enter",
      "seconds_left": 277.60133957862854,
      "min_entry_seconds_left": 90,
      "max_entry_seconds_left": 150
    },
    {
      "ts": "2026-09-18T15:50:24.610531Z",
      "slug": "btc-updown-5m-1789746600",
      "status": "skip_too_early_to_enter",
      "seconds_left": 275.3894774913788,
      "min_entry_seconds_left": 90,
      "max_entry_seconds_left": 150
    },
    {
      "ts": "2026-09-18T15:50:26.842498Z",
      "slug": "btc-updown-5m-1789746600",
      "status": "skip_too_early_to_enter",
      "seconds_left": 273.1575081348419,
      "min_entry_seconds_left": 90,
      "max_entry_seconds_left": 150
    },
    {
      "ts": "2026-09-18T15:50:29.047712Z",
      "slug": "btc-updown-5m-1789746600",
      "status": "skip_too_early_to_enter",
      "seconds_left": 270.95229268074036,
      "min_entry_seconds_left": 90,
      "max_entry_seconds_left": 150
    },
    {
      "ts": "2026-09-18T15:50:31.252711Z",
      "slug": "btc-updown-5m-1789746600",
      "status": "skip_too_early_to_enter",
      "seconds_left": 268.7472975254059,
      "min_entry_seconds_left": 90,
      "max_entry_seconds_left": 150
    },
    {
      "ts": "2026-09-18T15:50:33.462139Z",
      "slug": "btc-updown-5m-1789746600",
      "status": "skip_too_early_to_enter",
      "seconds_left": 266.5378656387329,
      "min_entry_seconds_left": 90,
      "max_entry_seconds_left": 150
    },
    {
      "ts": "2026-09-18T15:50:35.674333Z",
      "slug": "btc-updown-5m-1789746600",
      "status": "skip_too_early_to_enter",
      "seconds_left": 264.3256719112396,
      "min_entry_seconds_left": 90,
      "max_entry_seconds_left": 150
    },
    {
      "ts": "2026-09-18T15:50:41.459830Z",
      "slug": "btc-updown-5m-1789746600",
      "status": "skip_too_early_to_enter",
      "seconds_left": 258.5401780605316,
      "min_entry_seconds_left": 90,
      "max_entry_seconds_left": 150
    },
    {
      "ts": "2026-09-18T15:50:43.689949Z",
      "slug": "btc-updown-5m-1789746600",
      "status": "skip_too_early_to_enter",
      "seconds_left": 256.31005692481995,
      "min_entry_seconds_left": 90,
      "max_entry_seconds_left": 150
    },
    {
      "ts": "2026-09-18T15:50:45.912190Z",
      "slug": "btc-updown-5m-1789746600",
      "status": "skip_too_early_to_enter",
      "seconds_left": 254.08782076835632,
      "min_entry_seconds_left": 90,
      "max_entry_seconds_left": 150
    },
    {
      "ts": "2026-09-18T15:50:48.150043Z",
      "slug": "btc-updown-5m-1789746600",
      "status": "skip_too_early_to_enter",
      "seconds_left": 251.84996461868286,
      "min_entry_seconds_left": 90,
      "max_entry_seconds_left": 150
    },
    {
      "ts": "2026-09-18T15:50:50.370055Z",
      "slug": "btc-updown-5m-1789746600",
      "status": "skip_too_early_to_enter",
      "seconds_left": 249.6299533843994,
      "min_entry_seconds_left": 90,
      "max_entry_seconds_left": 150
    },
    {
      "ts": "2026-09-18T15:50:52.579301Z",
      "slug": "btc-updown-5m-1789746600",
      "status": "skip_too_early_to_enter",
      "seconds_left": 247.42071533203125,
      "min_entry_seconds_left": 90,
      "max_entry_seconds_left": 150
    },
    {
      "ts": "2026-09-18T15:50:54.809436Z",
      "slug": "btc-updown-5m-1789746600",
      "status": "skip_too_early_to_enter",
      "seconds_left": 245.19057273864746,
      "min_entry_seconds_left": 90,
      "max_entry_seconds_left": 150
    },
    {
      "ts": "2026-09-18T15:50:57.031573Z",
      "slug": "btc-updown-5m-1789746600",
      "status": "skip_too_early_to_enter",
      "seconds_left": 242.96843552589417,
      "min_entry_seconds_left": 90,
      "max_entry_seconds_left": 150
    },
    {
      "ts": "2026-09-18T15:50:59.251035Z",
      "slug": "btc-updown-5m-1789746600",
      "status": "skip_too_early_to_enter",
      "seconds_left": 240.7489731311798,
      "min_entry_seconds_left": 90,
      "max_entry_seconds_left": 150
    },
    {
      "ts": "2026-09-18T15:51:01.463185Z",
      "slug": "btc-updown-5m-1789746600",
      "status": "skip_too_early_to_enter",
      "seconds_left": 238.5368230342865,
      "min_entry_seconds_left": 90,
      "max_entry_seconds_left": 150
    },
    {
      "ts": "2026-09-18T15:51:03.675208Z",
      "slug": "btc-updown-5m-1789746600",
      "status": "skip_too_early_to_enter",
      "seconds_left": 236.32480025291443,
      "min_entry_seconds_left": 90,
      "max_entry_seconds_left": 150
    },
    {
      "ts": "2026-09-18T15:51:05.904073Z",
      "slug": "btc-updown-5m-1789746600",
      "status": "skip_too_early_to_enter",
      "seconds_left": 234.09593439102173,
      "min_entry_seconds_left": 90,
      "max_entry_seconds_left": 150
    },
    {
      "ts": "2026-09-18T15:51:08.127182Z",
      "slug": "btc-updown-5m-1789746600",
      "status": "skip_too_early_to_enter",
      "seconds_left": 231.8728256225586,
      "min_entry_seconds_left": 90,
      "max_entry_seconds_left": 150
    },
    {
      "ts": "2026-09-18T15:51:10.344904Z",
      "slug": "btc-updown-5m-1789746600",
      "status": "skip_too_early_to_enter",
      "seconds_left": 229.65510392189026,
      "min_entry_seconds_left": 90,
      "max_entry_seconds_left": 150
    },
    {
      "ts": "2026-09-18T15:51:12.564302Z",
      "slug": "btc-updown-5m-1789746600",
      "status": "skip_too_early_to_enter",
      "seconds_left": 227.43570709228516,
      "min_entry_seconds_left": 90,
      "max_entry_seconds_left": 150
    },
    {
      "ts": "2026-09-18T15:51:18.504216Z",
      "slug": "btc-updown-5m-1789746600",
      "status": "skip_too_early_to_enter",
      "seconds_left": 221.4957926273346,
      "min_entry_seconds_left": 90,
      "max_entry_seconds_left": 150
    },
    {
      "ts": "2026-09-18T15:51:30.512113Z",
      "status": "heartbeat_no_current_market"
    },
    {
      "ts": "2026-09-18T15:51:32.741709Z",
      "slug": "btc-updown-5m-1789746600",
      "status": "skip_too_early_to_enter",
      "seconds_left": 207.2582986354828,
      "min_entry_seconds_left": 90,
      "max_entry_seconds_left": 150
    },
    {
      "ts": "2026-09-18T15:51:34.962516Z",
      "slug": "btc-updown-5m-1789746600",
      "status": "skip_too_early_to_enter",
      "seconds_left": 205.03749251365662,
      "min_entry_seconds_left": 90,
      "max_entry_seconds_left": 150
    },
    {
      "ts": "2026-09-18T15:51:37.188570Z",
      "slug": "btc-updown-5m-1789746600",
      "status": "skip_too_early_to_enter",
      "seconds_left": 202.81143879890442,
      "min_entry_seconds_left": 90,
      "max_entry_seconds_left": 150
    },
    {
      "ts": "2026-09-18T15:51:39.403893Z",
      "slug": "btc-updown-5m-1789746600",
      "status": "skip_too_early_to_enter",
      "seconds_left": 200.59611535072327,
      "min_entry_seconds_left": 90,
      "max_entry_seconds_left": 150
    },
    {
      "ts": "2026-09-18T15:51:41.625175Z",
      "slug": "btc-updown-5m-1789746600",
      "status": "skip_too_early_to_enter",
      "seconds_left": 198.3748321533203,
      "min_entry_seconds_left": 90,
      "max_entry_seconds_left": 150
    },
    {
      "ts": "2026-09-18T15:51:43.856156Z",
      "slug": "btc-updown-5m-1789746600",
      "status": "skip_too_early_to_enter",
      "seconds_left": 196.14385342597961,
      "min_entry_seconds_left": 90,
      "max_entry_seconds_left": 150
    },
    {
      "ts": "2026-09-18T15:51:46.077719Z",
      "slug": "btc-updown-5m-1789746600",
      "status": "skip_too_early_to_enter",
      "seconds_left": 193.92228984832764,
      "min_entry_seconds_left": 90,
      "max_entry_seconds_left": 150
    },
    {
      "ts": "2026-09-18T15:51:48.294115Z",
      "slug": "btc-updown-5m-1789746600",
      "status": "skip_too_early_to_enter",
      "seconds_left": 191.70589351654053,
      "min_entry_seconds_left": 90,
      "max_entry_seconds_left": 150
    },
    {
      "ts": "2026-09-18T15:51:54.130034Z",
      "slug": "btc-updown-5m-1789746600",
      "status": "skip_too_early_to_enter",
      "seconds_left": 185.86997294425964,
      "min_entry_seconds_left": 90,
      "max_entry_seconds_left": 150
    },
    {
      "ts": "2026-09-18T15:51:56.341980Z",
      "slug": "btc-updown-5m-1789746600",
      "status": "skip_too_early_to_enter",
      "seconds_left": 183.65802788734436,
      "min_entry_seconds_left": 90,
      "max_entry_seconds_left": 150
    },
    {
      "ts": "2026-09-18T15:51:58.565016Z",
      "slug": "btc-updown-5m-1789746600",
      "status": "skip_too_early_to_enter",
      "seconds_left": 181.4349925518036,
      "min_entry_seconds_left": 90,
      "max_entry_seconds_left": 150
    },
    {
      "ts": "2026-09-18T15:52:00.790384Z",
      "slug": "btc-updown-5m-1789746600",
      "status": "skip_too_early_to_enter",
      "seconds_left": 179.20962357521057,
      "min_entry_seconds_left": 90,
      "max_entry_seconds_left": 150
    },
    {
      "ts": "2026-09-18T15:52:03.007734Z",
      "slug": "btc-updown-5m-1789746600",
      "status": "skip_too_early_to_enter",
      "seconds_left": 176.99227380752563,
      "min_entry_seconds_left": 90,
      "max_entry_seconds_left": 150
    },
    {
      "ts": "2026-09-18T15:52:05.230426Z",
      "slug": "btc-updown-5m-1789746600",
      "status": "skip_too_early_to_enter",
      "seconds_left": 174.7695825099945,
      "min_entry_seconds_left": 90,
      "max_entry_seconds_left": 150
    },
    {
      "ts": "2026-09-18T15:52:07.457488Z",
      "slug": "btc-updown-5m-1789746600",
      "status": "skip_too_early_to_enter",
      "seconds_left": 172.54251742362976,
      "min_entry_seconds_left": 90,
      "max_entry_seconds_left": 150
    },
    {
      "ts": "2026-09-18T15:52:09.705600Z",
      "slug": "btc-updown-5m-1789746600",
      "status": "skip_too_early_to_enter",
      "seconds_left": 170.2944085597992,
      "min_entry_seconds_left": 90,
      "max_entry_seconds_left": 150
    },
    {
      "ts": "2026-09-18T15:52:11.928606Z",
      "slug": "btc-updown-5m-1789746600",
      "status": "skip_too_early_to_enter",
      "seconds_left": 168.07140231132507,
      "min_entry_seconds_left": 90,
      "max_entry_seconds_left": 150
    },
    {
      "ts": "2026-09-18T15:52:14.151600Z",
      "slug": "btc-updown-5m-1789746600",
      "status": "skip_too_early_to_enter",
      "seconds_left": 165.84840726852417,
      "min_entry_seconds_left": 90,
      "max_entry_seconds_left": 150
    },
    {
      "ts": "2026-09-18T15:52:16.374930Z",
      "slug": "btc-updown-5m-1789746600",
      "status": "skip_too_early_to_enter",
      "seconds_left": 163.6250786781311,
      "min_entry_seconds_left": 90,
      "max_entry_seconds_left": 150
    },
    {
      "ts": "2026-09-18T15:52:18.598222Z",
      "slug": "btc-updown-5m-1789746600",
      "status": "skip_too_early_to_enter",
      "seconds_left": 161.40178656578064,
      "min_entry_seconds_left": 90,
      "max_entry_seconds_left": 150
    },
    {
      "ts": "2026-09-18T15:52:20.811025Z",
      "slug": "btc-updown-5m-1789746600",
      "status": "skip_too_early_to_enter",
      "seconds_left": 159.1889796257019,
      "min_entry_seconds_left": 90,
      "max_entry_seconds_left": 150
    },
    {
      "ts": "2026-09-18T15:52:23.056248Z",
      "slug": "btc-updown-5m-1789746600",
      "status": "skip_too_early_to_enter",
      "seconds_left": 156.94376134872437,
      "min_entry_seconds_left": 90,
      "max_entry_seconds_left": 150
    },
    {
      "ts": "2026-09-18T15:52:28.875967Z",
      "slug": "btc-updown-5m-1789746600",
      "status": "skip_too_early_to_enter",
      "seconds_left": 151.1240427494049,
      "min_entry_seconds_left": 90,
      "max_entry_seconds_left": 150
    },
    {
      "ts": "2026-09-18T15:52:31.848929Z",
      "slug": "btc-updown-5m-1789746600",
      "status": "heartbeat",
      "gamma_up": 0.515,
      "gamma_down": 0.485,
      "clob_up_ask": 0.85,
      "clob_down_ask": 0.16,
      "seconds_left": 148.89521312713623,
      "min_spread": 0.010000000000000009
    },
    {
      "ts": "2026-09-18T15:52:31.848970Z",
      "slug": "btc-updown-5m-1789746600",
      "status": "skip_ask_too_expensive",
      "threshold": 0.7,
      "max_ask": 0.85,
      "win_streak": 4,
      "clob_up_ask": 0.85,
      "clob_down_ask": 0.16,
      "seconds_left": 148.89521312713623,
      "trigger_price": 0.85
    },
    {
      "ts": "2026-09-18T15:52:34.613345Z",
      "slug": "btc-updown-5m-1789746600",
      "status": "heartbeat",
      "gamma_up": 0.515,
      "gamma_down": 0.485,
      "clob_up_ask": 0.87,
      "clob_down_ask": 0.14,
      "seconds_left": 145.92191076278687,
      "min_spread": 0.010000000000000009
    },
    {
      "ts": "2026-09-18T15:52:34.613368Z",
      "slug": "btc-updown-5m-1789746600",
      "status": "skip_ask_too_expensive",
      "threshold": 0.7,
      "max_ask": 0.85,
      "win_streak": 4,
      "clob_up_ask": 0.87,
      "clob_down_ask": 0.14,
      "seconds_left": 145.92191076278687,
      "trigger_price": 0.87
    },
    {
      "ts": "2026-09-18T15:52:37.392651Z",
      "slug": "btc-updown-5m-1789746600",
      "status": "heartbeat",
      "gamma_up": 0.515,
      "gamma_down": 0.485,
      "clob_up_ask": 0.88,
      "clob_down_ask": 0.13,
      "seconds_left": 143.15849018096924,
      "min_spread": 0.010000000000000009
    },
    {
      "ts": "2026-09-18T15:52:37.392680Z",
      "slug": "btc-updown-5m-1789746600",
      "status": "skip_ask_too_expensive",
      "threshold": 0.7,
      "max_ask": 0.85,
      "win_streak": 4,
      "clob_up_ask": 0.88,
      "clob_down_ask": 0.13,
      "seconds_left": 143.15849018096924,
      "trigger_price": 0.88
    },
    {
      "ts": "2026-09-18T15:52:40.161898Z",
      "slug": "btc-updown-5m-1789746600",
      "status": "heartbeat",
      "gamma_up": 0.515,
      "gamma_down": 0.485,
      "clob_up_ask": 0.91,
      "clob_down_ask": 0.13,
      "seconds_left": 140.38359546661377,
      "min_spread": 0.010000000000000009
    },
    {
      "ts": "2026-09-18T15:52:40.161929Z",
      "slug": "btc-updown-5m-1789746600",
      "status": "skip_ask_too_expensive",
      "threshold": 0.7,
      "max_ask": 0.85,
      "win_streak": 4,
      "clob_up_ask": 0.91,
      "clob_down_ask": 0.13,
      "seconds_left": 140.38359546661377,
      "trigger_price": 0.91
    },
    {
      "ts": "2026-09-18T15:52:42.922924Z",
      "slug": "btc-updown-5m-1789746600",
      "status": "heartbeat",
      "gamma_up": 0.515,
      "gamma_down": 0.485,
      "clob_up_ask": 0.77,
      "clob_down_ask": 0.24,
      "seconds_left": 137.61424946784973,
      "min_spread": 0.009999999999999981
    }
  ],
  "open_raw": "{\"mode\": \"open\", \"execute\": true, \"market_slug\": \"btc-updown-5m-1789746600\", \"force_side\": \"UP\", \"token_id\": \"105279187445687303813935600149018890748558409319325995210834803491054315193706\", \"entry_price\": 0.78, \"notional_usd\": 5.0, \"top_ask_notional_usd\": 200.43660000000003, \"collateral_pusd\": 436.49999, \"order_post_result\": {\"errorMsg\": \"\", \"orderID\": \"0xa2338168dd7ef1c3a53899d289a561b817d0ea8ea15c758b9324edc98e4f93b7\", \"takingAmount\": \"6.25\", \"makingAmount\": \"5\", \"status\": \"matched\", \"transactionsHashes\": [\"0xc91324e19eecfb4b40e3e69e4f5d4c341c326ea4e90f9ddc2827b9087ed10edc\"], \"success\": true}}\n\n",
  "opened": {
    "opened_at": "2026-09-18T15:52:46.804318Z",
    "market_slug": "btc-updown-5m-1789746600",
    "market_end_iso": "2026-09-18T15:55:00Z",
    "side": "UP",
    "token_id": "105279187445687303813935600149018890748558409319325995210834803491054315193706",
    "opp_side": "DOWN",
    "opp_token_id": "91821863184512005970243317567266689691420212272943822963909132036200609617370",
    "entry_price": 0.78,
    "shares": 6.25,
    "cost_usdc": 5.0,
    "open_order_id": "0xa2338168dd7ef1c3a53899d289a561b817d0ea8ea15c758b9324edc98e4f93b7",
    "open_tx": "0xc91324e19eecfb4b40e3e69e4f5d4c341c326ea4e90f9ddc2827b9087ed10edc"
  },
  "stop_loss_price": 0.585,
  "last_side_price": 0.855,
  "last_clob_bid": 0.52,
  "last_clob_ask": 0.54,
  "last_check_at": "2026-09-18T15:53:43.573099Z",
  "pending_cut": {
    "reason": "stop_loss_clob_25pct",
    "count": 1,
    "bid": 0.52,
    "ask": 0.53,
    "gamma": 0.855,
    "ts": "2026-09-18T15:53:42.048956Z"
  },
  "cut_snapshot": {
    "reason": "stop_loss_clob_25pct",
    "bid": 0.52,
    "ask": 0.54,
    "gamma": 0.855,
    "seconds_left": 76.42686557769775
  },
  "close_debug": [
    {
      "ts": "2026-09-18T15:53:46.432007Z",
      "attempt": 1,
      "order_type": "FAK",
      "status": "matched",
      "close_skipped": ""
    }
  ],
  "close_raw": "{\"mode\": \"close\", \"execute\": true, \"market_slug\": \"btc-updown-5m-1789746600\", \"token_id\": \"105279187445687303813935600149018890748558409319325995210834803491054315193706\", \"requested_shares\": 6.25, \"close_order_type\": \"FAK\", \"close_limit_price\": null, \"available_shares\": 6.25, \"sell_shares\": 6.25, \"order_post_result\": {\"errorMsg\": \"\", \"orderID\": \"0x06ca328b3f8c79bb9f759d6ac3397b0f9cd3e9715b01682eca9db5adc34ff1d0\", \"takingAmount\": \"3.25\", \"makingAmount\": \"6.25\", \"status\": \"matched\", \"transactionsHashes\": [\"0xa3e38242da487d5d10472ac41a6fea3293734f37eeee0c2d455e127947998f96\"], \"success\": true}, \"close_skipped\": \"\"}\n\n",
  "closed": {
    "close_reason": "stop_loss_clob_25pct",
    "closed_at": "2026-09-18T15:53:46.432035Z",
    "close_success": true,
    "close_status": "matched",
    "close_order_id": "0x06ca328b3f8c79bb9f759d6ac3397b0f9cd3e9715b01682eca9db5adc34ff1d0",
    "close_tx": "0xa3e38242da487d5d10472ac41a6fea3293734f37eeee0c2d455e127947998f96",
    "close_shares": 6.25,
    "close_usdc": 3.25,
    "close_skipped": "",
    "hedge": null
  },
  "realized_cashflow_pnl_usdc": -1.75,
  "finished_at": "2026-09-18T15:53:46.432058Z",
  "result": "done"
}
[2026-09-18T15:53:46Z] session_end rc=0 sessions=3 stake_usd=5
journal_ok trades=220 md=/home/yukeen/polymarketbot/5min-btc-polymarket/data/live_trades.md json=/home/yukeen/polymarketbot/5min-btc-polymarket/data/live_trades.json
[2026-09-18T15:55:49Z] fills=2/20 sessions=3/120
[py_clob_client_v2] request error status=400 url=https://clob.polymarket.com/auth/api-key body={"error":"Could not create api key"}

[2026-09-18T15:56:10Z] cash=434.57079
[2026-09-18T15:56:18Z] session_begin sessions=3 fills=2 stake_usd=5
{
  "started_at": "2026-09-18T15:56:18.658194Z",
  "params": {
    "profile": "conservative",
    "threshold": 0.7,
    "stake_usd": 5.0,
    "stop_loss_pct": 0.25,
    "exit_before_sec": 20,
    "min_entry_seconds_left": 90,
    "max_entry_seconds_left": 150,
    "entry_timeout_min": 20,
    "poll_sec": 2.0,
    "max_ask": 0.85,
    "expensive_ask": 0.8,
    "expensive_after_wins": 3,
    "clob_cut_bid": 0.4,
    "clob_sl_min_bid": 0.45,
    "early_flatten_sec": 45,
    "early_flatten_bid": 0.55,
    "close_retry_max": 30,
    "close_retry_delay_sec": 2.0,
    "gamma_sl": false,
    "no_gamma_sl": true,
    "confirm_polls": 2,
    "fast_poll_sec": 1.0,
    "fast_poll_window_sec": 90,
    "hedge_max_ask": 0.95,
    "no_hedge": false,
    "execute": true,
    "win_streak": 0
  },
  "attempts": [
    {
      "ts": "2026-09-18T15:56:18.965792Z",
      "slug": "btc-updown-5m-1789746900",
      "status": "skip_too_early_to_enter",
      "seconds_left": 221.03421807289124,
      "min_entry_seconds_left": 90,
      "max_entry_seconds_left": 150
    },
    {
      "ts": "2026-09-18T15:56:21.200004Z",
      "slug": "btc-updown-5m-1789746900",
      "status": "skip_too_early_to_enter",
      "seconds_left": 218.80000591278076,
      "min_entry_seconds_left": 90,
      "max_entry_seconds_left": 150
    },
    {
      "ts": "2026-09-18T15:56:23.439268Z",
      "slug": "btc-updown-5m-1789746900",
      "status": "skip_too_early_to_enter",
      "seconds_left": 216.56073999404907,
      "min_entry_seconds_left": 90,
      "max_entry_seconds_left": 150
    },
    {
      "ts": "2026-09-18T15:56:25.738025Z",
      "slug": "btc-updown-5m-1789746900",
      "status": "skip_too_early_to_enter",
      "seconds_left": 214.2619833946228,
      "min_entry_seconds_left": 90,
      "max_entry_seconds_left": 150
    },
    {
      "ts": "2026-09-18T15:56:27.966559Z",
      "slug": "btc-updown-5m-1789746900",
      "status": "skip_too_early_to_enter",
      "seconds_left": 212.03344893455505,
      "min_entry_seconds_left": 90,
      "max_entry_seconds_left": 150
    },
    {
      "ts": "2026-09-18T15:56:30.191807Z",
      "slug": "btc-updown-5m-1789746900",
      "status": "skip_too_early_to_enter",
      "seconds_left": 209.80820059776306,
      "min_entry_seconds_left": 90,
      "max_entry_seconds_left": 150
    },
    {
      "ts": "2026-09-18T15:56:32.405124Z",
      "slug": "btc-updown-5m-1789746900",
      "status": "skip_too_early_to_enter",
      "seconds_left": 207.59488344192505,
      "min_entry_seconds_left": 90,
      "max_entry_seconds_left": 150
    },
    {
      "ts": "2026-09-18T15:56:34.633304Z",
      "slug": "btc-updown-5m-1789746900",
      "status": "skip_too_early_to_enter",
      "seconds_left": 205.36670351028442,
      "min_entry_seconds_left": 90,
      "max_entry_seconds_left": 150
    },
    {
      "ts": "2026-09-18T15:56:36.871595Z",
      "slug": "btc-updown-5m-1789746900",
      "status": "skip_too_early_to_enter",
      "seconds_left": 203.12841248512268,
      "min_entry_seconds_left": 90,
      "max_entry_seconds_left": 150
    },
    {
      "ts": "2026-09-18T15:56:42.727802Z",
      "slug": "btc-updown-5m-1789746900",
      "status": "skip_too_early_to_enter",
      "seconds_left": 197.27220559120178,
      "min_entry_seconds_left": 90,
      "max_entry_seconds_left": 150
    },
    {
      "ts": "2026-09-18T15:56:44.950540Z",
      "slug": "btc-updown-5m-1789746900",
      "status": "skip_too_early_to_enter",
      "seconds_left": 195.04946851730347,
      "min_entry_seconds_left": 90,
      "max_entry_seconds_left": 150
    },
    {
      "ts": "2026-09-18T15:56:47.153843Z",
      "slug": "btc-updown-5m-1789746900",
      "status": "skip_too_early_to_enter",
      "seconds_left": 192.84616422653198,
      "min_entry_seconds_left": 90,
      "max_entry_seconds_left": 150
    },
    {
      "ts": "2026-09-18T15:56:49.385903Z",
      "slug": "btc-updown-5m-1789746900",
      "status": "skip_too_early_to_enter",
      "seconds_left": 190.6141037940979,
      "min_entry_seconds_left": 90,
      "max_entry_seconds_left": 150
    },
    {
      "ts": "2026-09-18T15:56:51.612892Z",
      "slug": "btc-updown-5m-1789746900",
      "status": "skip_too_early_to_enter",
      "seconds_left": 188.38711595535278,
      "min_entry_seconds_left": 90,
      "max_entry_seconds_left": 150
    },
    {
      "ts": "2026-09-18T15:56:53.839751Z",
      "slug": "btc-updown-5m-1789746900",
      "status": "skip_too_early_to_enter",
      "seconds_left": 186.16025614738464,
      "min_entry_seconds_left": 90,
      "max_entry_seconds_left": 150
    },
    {
      "ts": "2026-09-18T15:56:56.060800Z",
      "slug": "btc-updown-5m-1789746900",
      "status": "skip_too_early_to_enter",
      "seconds_left": 183.9392066001892,
      "min_entry_seconds_left": 90,
      "max_entry_seconds_left": 150
    },
    {
      "ts": "2026-09-18T15:56:58.263417Z",
      "slug": "btc-updown-5m-1789746900",
      "status": "skip_too_early_to_enter",
      "seconds_left": 181.73658680915833,
      "min_entry_seconds_left": 90,
      "max_entry_seconds_left": 150
    },
    {
      "ts": "2026-09-18T15:57:00.483957Z",
      "slug": "btc-updown-5m-1789746900",
      "status": "skip_too_early_to_enter",
      "seconds_left": 179.51605105400085,
      "min_entry_seconds_left": 90,
      "max_entry_seconds_left": 150
    },
    {
      "ts": "2026-09-18T15:57:02.715305Z",
      "slug": "btc-updown-5m-1789746900",
      "status": "skip_too_early_to_enter",
      "seconds_left": 177.28470301628113,
      "min_entry_seconds_left": 90,
      "max_entry_seconds_left": 150
    },
    {
      "ts": "2026-09-18T15:57:04.933996Z",
      "slug": "btc-updown-5m-1789746900",
      "status": "skip_too_early_to_enter",
      "seconds_left": 175.06601190567017,
      "min_entry_seconds_left": 90,
      "max_entry_seconds_left": 150
    },
    {
      "ts": "2026-09-18T15:57:07.152208Z",
      "slug": "btc-updown-5m-1789746900",
      "status": "skip_too_early_to_enter",
      "seconds_left": 172.84780168533325,
      "min_entry_seconds_left": 90,
      "max_entry_seconds_left": 150
    },
    {
      "ts": "2026-09-18T15:57:09.389830Z",
      "slug": "btc-updown-5m-1789746900",
      "status": "skip_too_early_to_enter",
      "seconds_left": 170.61017847061157,
      "min_entry_seconds_left": 90,
      "max_entry_seconds_left": 150
    },
    {
      "ts": "2026-09-18T15:57:11.602332Z",
      "slug": "btc-updown-5m-1789746900",
      "status": "skip_too_early_to_enter",
      "seconds_left": 168.3976752758026,
      "min_entry_seconds_left": 90,
      "max_entry_seconds_left": 150
    },
    {
      "ts": "2026-09-18T15:57:17.459577Z",
      "slug": "btc-updown-5m-1789746900",
      "status": "skip_too_early_to_enter",
      "seconds_left": 162.54043126106262,
      "min_entry_seconds_left": 90,
      "max_entry_seconds_left": 150
    },
    {
      "ts": "2026-09-18T15:57:19.676462Z",
      "slug": "btc-updown-5m-1789746900",
      "status": "skip_too_early_to_enter",
      "seconds_left": 160.3235445022583,
      "min_entry_seconds_left": 90,
      "max_entry_seconds_left": 150
    },
    {
      "ts": "2026-09-18T15:57:21.906279Z",
      "slug": "btc-updown-5m-1789746900",
      "status": "skip_too_early_to_enter",
      "seconds_left": 158.09372878074646,
      "min_entry_seconds_left": 90,
      "max_entry_seconds_left": 150
    },
    {
      "ts": "2026-09-18T15:57:24.122791Z",
      "slug": "btc-updown-5m-1789746900",
      "status": "skip_too_early_to_enter",
      "seconds_left": 155.877215385437,
      "min_entry_seconds_left": 90,
      "max_entry_seconds_left": 150
    },
    {
      "ts": "2026-09-18T15:57:26.347840Z",
      "slug": "btc-updown-5m-1789746900",
      "status": "skip_too_early_to_enter",
      "seconds_left": 153.65216851234436,
      "min_entry_seconds_left": 90,
      "max_entry_seconds_left": 150
    },
    {
      "ts": "2026-09-18T15:57:28.585663Z",
      "slug": "btc-updown-5m-1789746900",
      "status": "skip_too_early_to_enter",
      "seconds_left": 151.41434478759766,
      "min_entry_seconds_left": 90,
      "max_entry_seconds_left": 150
    },
    {
      "ts": "2026-09-18T15:57:31.434124Z",
      "slug": "btc-updown-5m-1789746900",
      "status": "heartbeat",
      "gamma_up": 0.505,
      "gamma_down": 0.495,
      "clob_up_ask": 0.3,
      "clob_down_ask": 0.71,
      "seconds_left": 149.19283199310303,
      "min_spread": 0.010000000000000009
    }
  ],
  "open_raw": "{\"mode\": \"open\", \"execute\": true, \"market_slug\": \"btc-updown-5m-1789746900\", \"force_side\": \"DOWN\", \"token_id\": \"38240013517752882170108958217204288501255495137044908422198700984340077888790\", \"entry_price\": 0.71, \"notional_usd\": 5.0, \"top_ask_notional_usd\": 209.69139999999996, \"collateral_pusd\": 434.57079, \"order_post_result\": {\"errorMsg\": \"\", \"orderID\": \"0x338d0a9a8dfc6be5532d9aba5a0b65da22fecc3cf4c7495ad8de61ff6eab95bd\", \"takingAmount\": \"7.246377\", \"makingAmount\": \"5\", \"status\": \"matched\", \"transactionsHashes\": [\"0x1b41dbcb6da1e56a8cb78da7b7e0928ffe7e6b804939ca659713681455f937e7\"], \"success\": true}}\n\n",
  "opened": {
    "opened_at": "2026-09-18T15:57:35.136898Z",
    "market_slug": "btc-updown-5m-1789746900",
    "market_end_iso": "2026-09-18T16:00:00Z",
    "side": "DOWN",
    "token_id": "38240013517752882170108958217204288501255495137044908422198700984340077888790",
    "opp_side": "UP",
    "opp_token_id": "23714258418890560144106294143441817650875704178587170571755429212818441633440",
    "entry_price": 0.71,
    "shares": 7.246377,
    "cost_usdc": 5.0,
    "open_order_id": "0x338d0a9a8dfc6be5532d9aba5a0b65da22fecc3cf4c7495ad8de61ff6eab95bd",
    "open_tx": "0x1b41dbcb6da1e56a8cb78da7b7e0928ffe7e6b804939ca659713681455f937e7"
  },
  "stop_loss_price": 0.5325,
  "last_side_price": 0.495,
  "last_clob_bid": 0.46,
  "last_clob_ask": 0.5,
  "last_check_at": "2026-09-18T15:57:45.659987Z",
  "cut_snapshot": {
    "reason": "stop_loss_clob_25pct",
    "bid": 0.46,
    "ask": 0.5,
    "gamma": 0.495,
    "seconds_left": 134.33998131752014
  },
  "hedge_raw": "{\"mode\": \"open\", \"execute\": true, \"market_slug\": \"btc-updown-5m-1789746900\", \"force_side\": \"UP\", \"token_id\": \"23714258418890560144106294143441817650875704178587170571755429212818441633440\", \"entry_price\": 0.57, \"notional_usd\": 3.9855, \"top_ask_notional_usd\": 2.8386, \"skipped\": \"thin_top_ask\", \"order_post_result\": {\"success\": false, \"status\": \"skipped\", \"errorMsg\": \"thin_top_ask\"}}\n\n",
  "close_debug": [
    {
      "ts": "2026-09-18T15:57:48.994689Z",
      "attempt": 1,
      "order_type": "FAK",
      "status": "error",
      "close_skipped": ""
    },
    {
      "ts": "2026-09-18T15:57:53.394324Z",
      "attempt": 1,
      "order_type": "HEDGE_OPPOSITE",
      "status": "try",
      "opp_ask": 0.55,
      "notional_usd": 3.9855
    },
    {
      "ts": "2026-09-18T15:57:54.607893Z",
      "attempt": 1,
      "order_type": "HEDGE_OPPOSITE",
      "status": "skipped"
    },
    {
      "ts": "2026-09-18T15:57:56.528667Z",
      "attempt": 1,
      "order_type": "GTC",
      "status": "live",
      "close_skipped": "",
      "limit_price": 0.45
    },
    {
      "ts": "2026-09-18T15:58:01.902974Z",
      "attempt": 1,
      "order_type": "GTC_POLL",
      "status": "live",
      "order_id": "0x040f5f72a7d57a56daa5ada39887b78b9347df8831ded2f7f8b15ca811bbd867"
    },
    {
      "ts": "2026-09-18T15:58:04.523302Z",
      "attempt": 1,
      "order_type": "FORCE_GTC",
      "status": "matched",
      "close_skipped": "",
      "limit_price": 0.15
    }
  ],
  "close_fallback": {
    "type": "GTC_LIMIT",
    "price": 0.45
  },
  "close_force": {
    "type": "FORCE_GTC_LIMIT",
    "price": 0.15,
    "cancel_info": {
      "not_canceled": {},
      "canceled": [
        "0x040f5f72a7d57a56daa5ada39887b78b9347df8831ded2f7f8b15ca811bbd867"
      ]
    }
  },
  "close_raw": "{\"mode\": \"close\", \"execute\": true, \"market_slug\": \"btc-updown-5m-1789746900\", \"token_id\": \"38240013517752882170108958217204288501255495137044908422198700984340077888790\", \"requested_shares\": 7.246377, \"close_order_type\": \"GTC\", \"close_limit_price\": 0.15, \"available_shares\": 7.246377, \"sell_shares\": 7.2463, \"order_post_result\": {\"errorMsg\": \"\", \"orderID\": \"0x6b8ceaae413d3cca5fe5990abd02f664ef62862c53aa19c85c5f81388c85bdc0\", \"takingAmount\": \"1.2308\", \"makingAmount\": \"7.24\", \"status\": \"matched\", \"transactionsHashes\": [\"0xcf8e138fa48aedb688fe32e7900f8dd2c3a829337eff269331543c20f7c5d444\"], \"success\": true}, \"close_skipped\": \"\"}\n\n",
  "closed": {
    "close_reason": "stop_loss_clob_25pct",
    "closed_at": "2026-09-18T15:58:04.523341Z",
    "close_success": true,
    "close_status": "matched",
    "close_order_id": "0x6b8ceaae413d3cca5fe5990abd02f664ef62862c53aa19c85c5f81388c85bdc0",
    "close_tx": "0xcf8e138fa48aedb688fe32e7900f8dd2c3a829337eff269331543c20f7c5d444",
    "close_shares": 7.24,
    "close_usdc": 1.2308,
    "close_skipped": "",
    "hedge": null
  },
  "realized_cashflow_pnl_usdc": -3.7692,
  "finished_at": "2026-09-18T15:58:04.523367Z",
  "result": "done"
}
[2026-09-18T15:58:04Z] session_end rc=0 sessions=4 stake_usd=5
journal_ok trades=221 md=/home/yukeen/polymarketbot/5min-btc-polymarket/data/live_trades.md json=/home/yukeen/polymarketbot/5min-btc-polymarket/data/live_trades.json
[2026-09-18T15:59:25Z] fills=3/20 sessions=4/120
[py_clob_client_v2] request error status=400 url=https://clob.polymarket.com/auth/api-key body={"error":"Could not create api key"}

[2026-09-18T15:59:45Z] cash=430.62159
[py_clob_client_v2] request error status=400 url=https://clob.polymarket.com/auth/api-key body={"error":"Could not create api key"}

[2026-09-18T16:00:02Z] cash_retry=430.62159
[2026-09-18T16:00:10Z] session_begin sessions=4 fills=3 stake_usd=5
{
  "started_at": "2026-09-18T16:00:10.876883Z",
  "params": {
    "profile": "conservative",
    "threshold": 0.7,
    "stake_usd": 5.0,
    "stop_loss_pct": 0.25,
    "exit_before_sec": 20,
    "min_entry_seconds_left": 90,
    "max_entry_seconds_left": 150,
    "entry_timeout_min": 20,
    "poll_sec": 2.0,
    "max_ask": 0.85,
    "expensive_ask": 0.8,
    "expensive_after_wins": 3,
    "clob_cut_bid": 0.4,
    "clob_sl_min_bid": 0.45,
    "early_flatten_sec": 45,
    "early_flatten_bid": 0.55,
    "close_retry_max": 30,
    "close_retry_delay_sec": 2.0,
    "gamma_sl": false,
    "no_gamma_sl": true,
    "confirm_polls": 2,
    "fast_poll_sec": 1.0,
    "fast_poll_window_sec": 90,
    "hedge_max_ask": 0.95,
    "no_hedge": false,
    "execute": true,
    "win_streak": 0
  },
  "attempts": [
    {
      "ts": "2026-09-18T16:00:11.092158Z",
      "slug": "btc-updown-5m-1789747200",
      "status": "skip_too_early_to_enter",
      "seconds_left": 288.9078528881073,
      "min_entry_seconds_left": 90,
      "max_entry_seconds_left": 150
    },
    {
      "ts": "2026-09-18T16:00:13.316602Z",
      "slug": "btc-updown-5m-1789747200",
      "status": "skip_too_early_to_enter",
      "seconds_left": 286.6834092140198,
      "min_entry_seconds_left": 90,
      "max_entry_seconds_left": 150
    },
    {
      "ts": "2026-09-18T16:00:19.186961Z",
      "slug": "btc-updown-5m-1789747200",
      "status": "skip_too_early_to_enter",
      "seconds_left": 280.8130474090576,
      "min_entry_seconds_left": 90,
      "max_entry_seconds_left": 150
    },
    {
      "ts": "2026-09-18T16:00:21.392072Z",
      "slug": "btc-updown-5m-1789747200",
      "status": "skip_too_early_to_enter",
      "seconds_left": 278.60793590545654,
      "min_entry_seconds_left": 90,
      "max_entry_seconds_left": 150
    },
    {
      "ts": "2026-09-18T16:00:23.607065Z",
      "slug": "btc-updown-5m-1789747200",
      "status": "skip_too_early_to_enter",
      "seconds_left": 276.3929407596588,
      "min_entry_seconds_left": 90,
      "max_entry_seconds_left": 150
    },
    {
      "ts": "2026-09-18T16:00:26.015209Z",
      "slug": "btc-updown-5m-1789747200",
      "status": "skip_too_early_to_enter",
      "seconds_left": 273.98479986190796,
      "min_entry_seconds_left": 90,
      "max_entry_seconds_left": 150
    },
    {
      "ts": "2026-09-18T16:00:28.251242Z",
      "slug": "btc-updown-5m-1789747200",
      "status": "skip_too_early_to_enter",
      "seconds_left": 271.7487678527832,
      "min_entry_seconds_left": 90,
      "max_entry_seconds_left": 150
    },
    {
      "ts": "2026-09-18T16:00:30.469088Z",
      "slug": "btc-updown-5m-1789747200",
      "status": "skip_too_early_to_enter",
      "seconds_left": 269.53092074394226,
      "min_entry_seconds_left": 90,
      "max_entry_seconds_left": 150
    },
    {
      "ts": "2026-09-18T16:00:32.720317Z",
      "slug": "btc-updown-5m-1789747200",
      "status": "skip_too_early_to_enter",
      "seconds_left": 267.27969121932983,
      "min_entry_seconds_left": 90,
      "max_entry_seconds_left": 150
    },
    {
      "ts": "2026-09-18T16:00:34.946122Z",
      "slug": "btc-updown-5m-1789747200",
      "status": "skip_too_early_to_enter",
      "seconds_left": 265.05388593673706,
      "min_entry_seconds_left": 90,
      "max_entry_seconds_left": 150
    },
    {
      "ts": "2026-09-18T16:00:37.164140Z",
      "slug": "btc-updown-5m-1789747200",
      "status": "skip_too_early_to_enter",
      "seconds_left": 262.8358676433563,
      "min_entry_seconds_left": 90,
      "max_entry_seconds_left": 150
    },
    {
      "ts": "2026-09-18T16:00:39.393922Z",
      "slug": "btc-updown-5m-1789747200",
      "status": "skip_too_early_to_enter",
      "seconds_left": 260.60608673095703,
      "min_entry_seconds_left": 90,
      "max_entry_seconds_left": 150
    },
    {
      "ts": "2026-09-18T16:00:41.639263Z",
      "slug": "btc-updown-5m-1789747200",
      "status": "skip_too_early_to_enter",
      "seconds_left": 258.3607428073883,
      "min_entry_seconds_left": 90,
      "max_entry_seconds_left": 150
    },
    {
      "ts": "2026-09-18T16:00:43.862999Z",
      "slug": "btc-updown-5m-1789747200",
      "status": "skip_too_early_to_enter",
      "seconds_left": 256.13707160949707,
      "min_entry_seconds_left": 90,
      "max_entry_seconds_left": 150
    },
    {
      "ts": "2026-09-18T16:00:46.122472Z",
      "slug": "btc-updown-5m-1789747200",
      "status": "skip_too_early_to_enter",
      "seconds_left": 253.87753701210022,
      "min_entry_seconds_left": 90,
      "max_entry_seconds_left": 150
    },
    {
      "ts": "2026-09-18T16:00:48.359577Z",
      "slug": "btc-updown-5m-1789747200",
      "status": "skip_too_early_to_enter",
      "seconds_left": 251.64043068885803,
      "min_entry_seconds_left": 90,
      "max_entry_seconds_left": 150
    },
    {
      "ts": "2026-09-18T16:00:54.178697Z",
      "slug": "btc-updown-5m-1789747200",
      "status": "skip_too_early_to_enter",
      "seconds_left": 245.82131147384644,
      "min_entry_seconds_left": 90,
      "max_entry_seconds_left": 150
    },
    {
      "ts": "2026-09-18T16:00:56.411735Z",
      "slug": "btc-updown-5m-1789747200",
      "status": "skip_too_early_to_enter",
      "seconds_left": 243.58827090263367,
      "min_entry_seconds_left": 90,
      "max_entry_seconds_left": 150
    },
    {
      "ts": "2026-09-18T16:00:58.651762Z",
      "slug": "btc-updown-5m-1789747200",
      "status": "skip_too_early_to_enter",
      "seconds_left": 241.34824585914612,
      "min_entry_seconds_left": 90,
      "max_entry_seconds_left": 150
    },
    {
      "ts": "2026-09-18T16:01:00.881200Z",
      "slug": "btc-updown-5m-1789747200",
      "status": "skip_too_early_to_enter",
      "seconds_left": 239.1188063621521,
      "min_entry_seconds_left": 90,
      "max_entry_seconds_left": 150
    },
    {
      "ts": "2026-09-18T16:01:13.111584Z",
      "slug": "btc-updown-5m-1789747200",
      "status": "skip_too_early_to_enter",
      "seconds_left": 226.88842225074768,
      "min_entry_seconds_left": 90,
      "max_entry_seconds_left": 150
    },
    {
      "ts": "2026-09-18T16:01:15.324891Z",
      "slug": "btc-updown-5m-1789747200",
      "status": "skip_too_early_to_enter",
      "seconds_left": 224.67511630058289,
      "min_entry_seconds_left": 90,
      "max_entry_seconds_left": 150
    },
    {
      "ts": "2026-09-18T16:01:17.563805Z",
      "slug": "btc-updown-5m-1789747200",
      "status": "skip_too_early_to_enter",
      "seconds_left": 222.4362030029297,
      "min_entry_seconds_left": 90,
      "max_entry_seconds_left": 150
    },
    {
      "ts": "2026-09-18T16:01:19.786692Z",
      "slug": "btc-updown-5m-1789747200",
      "status": "skip_too_early_to_enter",
      "seconds_left": 220.2133162021637,
      "min_entry_seconds_left": 90,
      "max_entry_seconds_left": 150
    },
    {
      "ts": "2026-09-18T16:01:22.004280Z",
      "slug": "btc-updown-5m-1789747200",
      "status": "skip_too_early_to_enter",
      "seconds_left": 217.99572730064392,
      "min_entry_seconds_left": 90,
      "max_entry_seconds_left": 150
    },
    {
      "ts": "2026-09-18T16:01:24.219464Z",
      "slug": "btc-updown-5m-1789747200",
      "status": "skip_too_early_to_enter",
      "seconds_left": 215.78054523468018,
      "min_entry_seconds_left": 90,
      "max_entry_seconds_left": 150
    },
    {
      "ts": "2026-09-18T16:01:30.019503Z",
      "slug": "btc-updown-5m-1789747200",
      "status": "skip_too_early_to_enter",
      "seconds_left": 209.9805042743683,
      "min_entry_seconds_left": 90,
      "max_entry_seconds_left": 150
    },
    {
      "ts": "2026-09-18T16:01:32.262549Z",
      "slug": "btc-updown-5m-1789747200",
      "status": "skip_too_early_to_enter",
      "seconds_left": 207.73746013641357,
      "min_entry_seconds_left": 90,
      "max_entry_seconds_left": 150
    },
    {
      "ts": "2026-09-18T16:01:34.513016Z",
      "slug": "btc-updown-5m-1789747200",
      "status": "skip_too_early_to_enter",
      "seconds_left": 205.48698902130127,
      "min_entry_seconds_left": 90,
      "max_entry_seconds_left": 150
    },
    {
      "ts": "2026-09-18T16:01:36.766823Z",
      "slug": "btc-updown-5m-1789747200",
      "status": "skip_too_early_to_enter",
      "seconds_left": 203.2331850528717,
      "min_entry_seconds_left": 90,
      "max_entry_seconds_left": 150
    },
    {
      "ts": "2026-09-18T16:01:38.986853Z",
      "slug": "btc-updown-5m-1789747200",
      "status": "skip_too_early_to_enter",
      "seconds_left": 201.0131549835205,
      "min_entry_seconds_left": 90,
      "max_entry_seconds_left": 150
    },
    {
      "ts": "2026-09-18T16:01:41.211365Z",
      "slug": "btc-updown-5m-1789747200",
      "status": "skip_too_early_to_enter",
      "seconds_left": 198.78864312171936,
      "min_entry_seconds_left": 90,
      "max_entry_seconds_left": 150
    },
    {
      "ts": "2026-09-18T16:01:43.424145Z",
      "slug": "btc-updown-5m-1789747200",
      "status": "skip_too_early_to_enter",
      "seconds_left": 196.57586908340454,
      "min_entry_seconds_left": 90,
      "max_entry_seconds_left": 150
    },
    {
      "ts": "2026-09-18T16:01:45.639259Z",
      "slug": "btc-updown-5m-1789747200",
      "status": "skip_too_early_to_enter",
      "seconds_left": 194.3607497215271,
      "min_entry_seconds_left": 90,
      "max_entry_seconds_left": 150
    },
    {
      "ts": "2026-09-18T16:01:47.877642Z",
      "slug": "btc-updown-5m-1789747200",
      "status": "skip_too_early_to_enter",
      "seconds_left": 192.1223657131195,
      "min_entry_seconds_left": 90,
      "max_entry_seconds_left": 150
    },
    {
      "ts": "2026-09-18T16:01:50.091729Z",
      "slug": "btc-updown-5m-1789747200",
      "status": "skip_too_early_to_enter",
      "seconds_left": 189.90827894210815,
      "min_entry_seconds_left": 90,
      "max_entry_seconds_left": 150
    },
    {
      "ts": "2026-09-18T16:01:52.413503Z",
      "slug": "btc-updown-5m-1789747200",
      "status": "skip_too_early_to_enter",
      "seconds_left": 187.58650469779968,
      "min_entry_seconds_left": 90,
      "max_entry_seconds_left": 150
    },
    {
      "ts": "2026-09-18T16:01:54.645563Z",
      "slug": "btc-updown-5m-1789747200",
      "status": "skip_too_early_to_enter",
      "seconds_left": 185.35444402694702,
      "min_entry_seconds_left": 90,
      "max_entry_seconds_left": 150
    },
    {
      "ts": "2026-09-18T16:01:56.871234Z",
      "slug": "btc-updown-5m-1789747200",
      "status": "skip_too_early_to_enter",
      "seconds_left": 183.12877345085144,
      "min_entry_seconds_left": 90,
      "max_entry_seconds_left": 150
    },
    {
      "ts": "2026-09-18T16:01:59.100099Z",
      "slug": "btc-updown-5m-1789747200",
      "status": "skip_too_early_to_enter",
      "seconds_left": 180.89992713928223,
      "min_entry_seconds_left": 90,
      "max_entry_seconds_left": 150
    },
    {
      "ts": "2026-09-18T16:02:01.317647Z",
      "slug": "btc-updown-5m-1789747200",
      "status": "skip_too_early_to_enter",
      "seconds_left": 178.68236112594604,
      "min_entry_seconds_left": 90,
      "max_entry_seconds_left": 150
    },
    {
      "ts": "2026-09-18T16:02:07.113219Z",
      "slug": "btc-updown-5m-1789747200",
      "status": "skip_too_early_to_enter",
      "seconds_left": 172.88678908348083,
      "min_entry_seconds_left": 90,
      "max_entry_seconds_left": 150
    },
    {
      "ts": "2026-09-18T16:02:09.332426Z",
      "slug": "btc-updown-5m-1789747200",
      "status": "skip_too_early_to_enter",
      "seconds_left": 170.66758179664612,
      "min_entry_seconds_left": 90,
      "max_entry_seconds_left": 150
    },
    {
      "ts": "2026-09-18T16:02:11.567277Z",
      "slug": "btc-updown-5m-1789747200",
      "status": "skip_too_early_to_enter",
      "seconds_left": 168.4327311515808,
      "min_entry_seconds_left": 90,
      "max_entry_seconds_left": 150
    },
    {
      "ts": "2026-09-18T16:02:13.797697Z",
      "slug": "btc-updown-5m-1789747200",
      "status": "skip_too_early_to_enter",
      "seconds_left": 166.20231127738953,
      "min_entry_seconds_left": 90,
      "max_entry_seconds_left": 150
    },
    {
      "ts": "2026-09-18T16:02:16.015830Z",
      "slug": "btc-updown-5m-1789747200",
      "status": "skip_too_early_to_enter",
      "seconds_left": 163.98417949676514,
      "min_entry_seconds_left": 90,
      "max_entry_seconds_left": 150
    },
    {
      "ts": "2026-09-18T16:02:18.265509Z",
      "slug": "btc-updown-5m-1789747200",
      "status": "skip_too_early_to_enter",
      "seconds_left": 161.7344992160797,
      "min_entry_seconds_left": 90,
      "max_entry_seconds_left": 150
    },
    {
      "ts": "2026-09-18T16:02:20.476974Z",
      "slug": "btc-updown-5m-1789747200",
      "status": "skip_too_early_to_enter",
      "seconds_left": 159.52303004264832,
      "min_entry_seconds_left": 90,
      "max_entry_seconds_left": 150
    },
    {
      "ts": "2026-09-18T16:02:22.703834Z",
      "slug": "btc-updown-5m-1789747200",
      "status": "skip_too_early_to_enter",
      "seconds_left": 157.29617285728455,
      "min_entry_seconds_left": 90,
      "max_entry_seconds_left": 150
    },
    {
      "ts": "2026-09-18T16:02:24.921250Z",
      "slug": "btc-updown-5m-1789747200",
      "status": "skip_too_early_to_enter",
      "seconds_left": 155.078754901886,
      "min_entry_seconds_left": 90,
      "max_entry_seconds_left": 150
    },
    {
      "ts": "2026-09-18T16:02:27.148211Z",
      "slug": "btc-updown-5m-1789747200",
      "status": "skip_too_early_to_enter",
      "seconds_left": 152.8517987728119,
      "min_entry_seconds_left": 90,
      "max_entry_seconds_left": 150
    },
    {
      "ts": "2026-09-18T16:02:29.363527Z",
      "slug": "btc-updown-5m-1789747200",
      "status": "skip_too_early_to_enter",
      "seconds_left": 150.63648128509521,
      "min_entry_seconds_left": 90,
      "max_entry_seconds_left": 150
    },
    {
      "ts": "2026-09-18T16:02:32.371152Z",
      "slug": "btc-updown-5m-1789747200",
      "status": "heartbeat",
      "gamma_up": 0.615,
      "gamma_down": 0.385,
      "clob_up_ask": 0.59,
      "clob_down_ask": 0.41,
      "seconds_left": 148.39581179618835,
      "min_spread": 0.009999999999999953
    },
    {
      "ts": "2026-09-18T16:02:32.371181Z",
      "slug": "btc-updown-5m-1789747200",
      "status": "skip_price_below_threshold",
      "threshold": 0.7,
      "max_ask": 0.85,
      "win_streak": 0,
      "clob_up_ask": 0.59,
      "clob_down_ask": 0.41,
      "seconds_left": 148.39581179618835,
      "trigger_price": null
    },
    {
      "ts": "2026-09-18T16:02:35.140602Z",
      "slug": "btc-updown-5m-1789747200",
      "status": "heartbeat",
      "gamma_up": 0.615,
      "gamma_down": 0.385,
      "clob_up_ask": 0.67,
      "clob_down_ask": 0.34,
      "seconds_left": 145.40818285942078,
      "min_spread": 0.010000000000000009
    },
    {
      "ts": "2026-09-18T16:02:35.140630Z",
      "slug": "btc-updown-5m-1789747200",
      "status": "skip_price_below_threshold",
      "threshold": 0.7,
      "max_ask": 0.85,
      "win_streak": 0,
      "clob_up_ask": 0.67,
      "clob_down_ask": 0.34,
      "seconds_left": 145.40818285942078,
      "trigger_price": null
    },
    {
      "ts": "2026-09-18T16:02:41.564732Z",
      "slug": "btc-updown-5m-1789747200",
      "status": "heartbeat",
      "gamma_up": 0.615,
      "gamma_down": 0.385,
      "clob_up_ask": 0.73,
      "clob_down_ask": 0.28,
      "seconds_left": 142.63653182983398,
      "min_spread": 0.010000000000000009
    },
    {
      "ts": "2026-09-18T16:02:45.513382Z",
      "slug": "btc-updown-5m-1789747200",
      "status": "heartbeat",
      "gamma_up": 0.615,
      "gamma_down": 0.385,
      "clob_up_ask": 0.83,
      "clob_down_ask": 0.17,
      "seconds_left": 135.0413613319397,
      "min_spread": 0.010000000000000009
    },
    {
      "ts": "2026-09-18T16:02:52.278257Z",
      "slug": "btc-updown-5m-1789747200",
      "status": "heartbeat",
      "gamma_up": 0.615,
      "gamma_down": 0.385,
      "clob_up_ask": 0.9,
      "clob_down_ask": 0.11,
      "seconds_left": 128.3593864440918,
      "min_spread": 0.009999999999999995
    },
    {
      "ts": "2026-09-18T16:02:52.278285Z",
      "slug": "btc-updown-5m-1789747200",
      "status": "skip_ask_too_expensive",
      "threshold": 0.7,
      "max_ask": 0.85,
      "win_streak": 0,
      "clob_up_ask": 0.9,
      "clob_down_ask": 0.11,
      "seconds_left": 128.3593864440918,
      "trigger_price": 0.9
    },
    {
      "ts": "2026-09-18T16:02:55.046182Z",
      "slug": "btc-updown-5m-1789747200",
      "status": "heartbeat",
      "gamma_up": 0.615,
      "gamma_down": 0.385,
      "clob_up_ask": 0.94,
      "clob_down_ask": 0.07,
      "seconds_left": 125.50165319442749,
      "min_spread": 0.009999999999999898
    },
    {
      "ts": "2026-09-18T16:02:55.046211Z",
      "slug": "btc-updown-5m-1789747200",
      "status": "skip_ask_too_expensive",
      "threshold": 0.7,
      "max_ask": 0.85,
      "win_streak": 0,
      "clob_up_ask": 0.94,
      "clob_down_ask": 0.07,
      "seconds_left": 125.50165319442749,
      "trigger_price": 0.94
    },
    {
      "ts": "2026-09-18T16:02:57.844804Z",
      "slug": "btc-updown-5m-1789747200",
      "status": "heartbeat",
      "gamma_up": 0.615,
      "gamma_down": 0.385,
      "clob_up_ask": 0.94,
      "clob_down_ask": 0.07,
      "seconds_left": 122.7095696926117,
      "min_spread": 0.009999999999999898
    },
    {
      "ts": "2026-09-18T16:02:57.844859Z",
      "slug": "btc-updown-5m-1789747200",
      "status": "skip_ask_too_expensive",
      "threshold": 0.7,
      "max_ask": 0.85,
      "win_streak": 0,
      "clob_up_ask": 0.94,
      "clob_down_ask": 0.07,
      "seconds_left": 122.7095696926117,
      "trigger_price": 0.94
    },
    {
      "ts": "2026-09-18T16:03:00.606110Z",
      "slug": "btc-updown-5m-1789747200",
      "status": "heartbeat",
      "gamma_up": 0.615,
      "gamma_down": 0.385,
      "clob_up_ask": 0.96,
      "clob_down_ask": 0.05,
      "seconds_left": 119.93788695335388,
      "min_spread": 0.010000000000000002
    },
    {
      "ts": "2026-09-18T16:03:00.606147Z",
      "slug": "btc-updown-5m-1789747200",
      "status": "skip_ask_too_expensive",
      "threshold": 0.7,
      "max_ask": 0.85,
      "win_streak": 0,
      "clob_up_ask": 0.96,
      "clob_down_ask": 0.05,
      "seconds_left": 119.93788695335388,
      "trigger_price": 0.96
    },
    {
      "ts": "2026-09-18T16:03:03.382301Z",
      "slug": "btc-updown-5m-1789747200",
      "status": "heartbeat",
      "gamma_up": 0.615,
      "gamma_down": 0.385,
      "clob_up_ask": 0.97,
      "clob_down_ask": 0.04,
      "seconds_left": 117.1723382472992,
      "min_spread": 0.010000000000000002
    },
    {
      "ts": "2026-09-18T16:03:03.382327Z",
      "slug": "btc-updown-5m-1789747200",
      "status": "skip_ask_too_expensive",
      "threshold": 0.7,
      "max_ask": 0.85,
      "win_streak": 0,
      "clob_up_ask": 0.97,
      "clob_down_ask": 0.04,
      "seconds_left": 117.1723382472992,
      "trigger_price": 0.97
    },
    {
      "ts": "2026-09-18T16:03:06.149152Z",
      "slug": "btc-updown-5m-1789747200",
      "status": "heartbeat",
      "gamma_up": 0.615,
      "gamma_down": 0.385,
      "clob_up_ask": 0.9,
      "clob_down_ask": 0.11,
      "seconds_left": 114.39462423324585,
      "min_spread": 0.009999999999999995
    },
    {
      "ts": "2026-09-18T16:03:06.149181Z",
      "slug": "btc-updown-5m-1789747200",
      "status": "skip_ask_too_expensive",
      "threshold": 0.7,
      "max_ask": 0.85,
      "win_streak": 0,
      "clob_up_ask": 0.9,
      "clob_down_ask": 0.11,
      "seconds_left": 114.39462423324585,
      "trigger_price": 0.9
    },
    {
      "ts": "2026-09-18T16:03:08.939784Z",
      "slug": "btc-updown-5m-1789747200",
      "status": "heartbeat",
      "gamma_up": 0.615,
      "gamma_down": 0.385,
      "clob_up_ask": 0.89,
      "clob_down_ask": 0.08,
      "seconds_left": 111.62054133415222,
      "min_spread": 0.009999999999999995
    },
    {
      "ts": "2026-09-18T16:03:08.939813Z",
      "slug": "btc-updown-5m-1789747200",
      "status": "skip_ask_too_expensive",
      "threshold": 0.7,
      "max_ask": 0.85,
      "win_streak": 0,
      "clob_up_ask": 0.89,
      "clob_down_ask": 0.08,
      "seconds_left": 111.62054133415222,
      "trigger_price": 0.89
    },
    {
      "ts": "2026-09-18T16:03:11.723193Z",
      "slug": "btc-updown-5m-1789747200",
      "status": "heartbeat",
      "gamma_up": 0.615,
      "gamma_down": 0.385,
      "clob_up_ask": 0.63,
      "clob_down_ask": 0.36,
      "seconds_left": 108.83317017555237,
      "min_spread": 0.010000000000000009
    },
    {
      "ts": "2026-09-18T16:03:11.723220Z",
      "slug": "btc-updown-5m-1789747200",
      "status": "skip_price_below_threshold",
      "threshold": 0.7,
      "max_ask": 0.85,
      "win_streak": 0,
      "clob_up_ask": 0.63,
      "clob_down_ask": 0.36,
      "seconds_left": 108.83317017555237,
      "trigger_price": null
    },
    {
      "ts": "2026-09-18T16:03:18.095184Z",
      "slug": "btc-updown-5m-1789747200",
      "status": "heartbeat",
      "gamma_up": 0.615,
      "gamma_down": 0.385,
      "clob_up_ask": 0.65,
      "clob_down_ask": 0.36,
      "seconds_left": 102.44369578361511,
      "min_spread": 0.010000000000000009
    },
    {
      "ts": "2026-09-18T16:03:18.095210Z",
      "slug": "btc-updown-5m-1789747200",
      "status": "skip_price_below_threshold",
      "threshold": 0.7,
      "max_ask": 0.85,
      "win_streak": 0,
      "clob_up_ask": 0.65,
      "clob_down_ask": 0.36,
      "seconds_left": 102.44369578361511,
      "trigger_price": null
    },
    {
      "ts": "2026-09-18T16:03:20.878455Z",
      "slug": "btc-updown-5m-1789747200",
      "status": "heartbeat",
      "gamma_up": 0.615,
      "gamma_down": 0.385,
      "clob_up_ask": 0.63,
      "clob_down_ask": 0.38,
      "seconds_left": 99.66585278511047,
      "min_spread": 0.010000000000000009
    },
    {
      "ts": "2026-09-18T16:03:20.878481Z",
      "slug": "btc-updown-5m-1789747200",
      "status": "skip_price_below_threshold",
      "threshold": 0.7,
      "max_ask": 0.85,
      "win_streak": 0,
      "clob_up_ask": 0.63,
      "clob_down_ask": 0.38,
      "seconds_left": 99.66585278511047,
      "trigger_price": null
    },
    {
      "ts": "2026-09-18T16:03:23.658423Z",
      "slug": "btc-updown-5m-1789747200",
      "status": "heartbeat",
      "gamma_up": 0.615,
      "gamma_down": 0.385,
      "clob_up_ask": 0.6,
      "clob_down_ask": 0.4,
      "seconds_left": 96.89250373840332,
      "min_spread": 0.010000000000000009
    },
    {
      "ts": "2026-09-18T16:03:23.658450Z",
      "slug": "btc-updown-5m-1789747200",
      "status": "skip_price_below_threshold",
      "threshold": 0.7,
      "max_ask": 0.85,
      "win_streak": 0,
      "clob_up_ask": 0.6,
      "clob_down_ask": 0.4,
      "seconds_left": 96.89250373840332,
      "trigger_price": null
    },
    {
      "ts": "2026-09-18T16:03:26.471136Z",
      "slug": "btc-updown-5m-1789747200",
      "status": "heartbeat",
      "gamma_up": 0.615,
      "gamma_down": 0.385,
      "clob_up_ask": 0.72,
      "clob_down_ask": 0.25,
      "seconds_left": 94.08896827697754,
      "min_spread": 0.010000000000000009
    }
  ],
  "last_open_try": "{\"error\": \"PolyApiException[status_code=400, error_message={'error': 'no orders found to match with FAK order. FAK orders are partially filled or killed if no match is found.', 'orderID': '0xf7a0c7a26d5e97968d060e1d752aef3b7ee0178a529aa00be54c36931ab6760e'}]\", \"order_post_result\": {\"success\": false, \"status\": \"error\", \"errorMsg\": \"PolyApiException[status_code=400, error_message={'error': 'no orders found to match with FAK order. FAK orders are partially filled or killed if no match is found.', 'orderID': '0xf7a0c7a26d5e97968d060e1d752aef3b7ee0178a529aa00be54c36931ab6760e'}]\"}, \"close_skipped\": \"\"}\n\n[py_clob_client_v2] request error status=400 url=https://clob.polymarket.com/order body={\"error\":\"no orders found to match with FAK order. FAK orders are partially filled or killed if no match is found.\",\"orderID\":\"0xf7a0c7a26d5e97968d060e1d752aef3b7ee0178a529aa00be54c36931ab6760e\"}\n",
  "open_raw": "{\"mode\": \"open\", \"execute\": true, \"market_slug\": \"btc-updown-5m-1789747200\", \"force_side\": \"UP\", \"token_id\": \"5235960570934382591661223033639646615500420958696324954988402459709018902120\", \"entry_price\": 0.78, \"notional_usd\": 5.0, \"top_ask_notional_usd\": 496.4544, \"collateral_pusd\": 430.62159, \"order_post_result\": {\"errorMsg\": \"\", \"orderID\": \"0xe40e605584c5c75454ba57730823d95b15d91629049b84f38e74361365e62278\", \"takingAmount\": \"6.329114\", \"makingAmount\": \"5\", \"status\": \"matched\", \"transactionsHashes\": [\"0x6f4f4930d186b12b10d9a63ede964c07f4d847bcced18392b933fac2f5421b99\"], \"success\": true}}\n\n",
  "opened": {
    "opened_at": "2026-09-18T16:03:30.096058Z",
    "market_slug": "btc-updown-5m-1789747200",
    "market_end_iso": "2026-09-18T16:05:00Z",
    "side": "UP",
    "token_id": "5235960570934382591661223033639646615500420958696324954988402459709018902120",
    "opp_side": "DOWN",
    "opp_token_id": "110516756812818042149051076735903771439545238969924096139914164177340002308819",
    "entry_price": 0.78,
    "shares": 6.329114,
    "cost_usdc": 5.0,
    "open_order_id": "0xe40e605584c5c75454ba57730823d95b15d91629049b84f38e74361365e62278",
    "open_tx": "0x6f4f4930d186b12b10d9a63ede964c07f4d847bcced18392b933fac2f5421b99"
  },
  "stop_loss_price": 0.585,
  "last_side_price": 0.615,
  "last_clob_bid": 0.99,
  "last_clob_ask": 0.98,
  "last_check_at": "2026-09-18T16:04:39.534591Z",
  "pending_cut": {
    "reason": "stop_loss_clob_25pct",
    "count": 1,
    "bid": 0.56,
    "ask": 0.57,
    "gamma": 0.615,
    "ts": "2026-09-18T16:04:04.347149Z"
  },
  "closed": {
    "close_reason": "hold_to_settlement_winning_book",
    "closed_at": "2026-09-18T16:04:40.804423Z",
    "close_success": false,
    "close_status": "held",
    "close_order_id": null,
    "close_tx": null,
    "close_shares": 0.0,
    "close_usdc": 0.0,
    "close_skipped": "hold_to_settlement"
  },
  "realized_cashflow_pnl_usdc": null,
  "finished_at": "2026-09-18T16:04:40.804444Z",
  "result": "done"
}
[2026-09-18T16:04:40Z] session_end rc=0 sessions=5 stake_usd=5
journal_ok trades=222 md=/home/yukeen/polymarketbot/5min-btc-polymarket/data/live_trades.md json=/home/yukeen/polymarketbot/5min-btc-polymarket/data/live_trades.json
[2026-09-18T16:06:28Z] fills=4/20 sessions=5/120
[py_clob_client_v2] request error status=400 url=https://clob.polymarket.com/auth/api-key body={"error":"Could not create api key"}

[2026-09-18T16:06:45Z] cash=431.877204
[py_clob_client_v2] request error status=400 url=https://clob.polymarket.com/auth/api-key body={"error":"Could not create api key"}

[2026-09-18T16:07:15Z] cash_retry=431.877204
[2026-09-18T16:07:23Z] session_begin sessions=5 fills=4 stake_usd=5
{
  "started_at": "2026-09-18T16:07:24.239182Z",
  "params": {
    "profile": "conservative",
    "threshold": 0.7,
    "stake_usd": 5.0,
    "stop_loss_pct": 0.25,
    "exit_before_sec": 20,
    "min_entry_seconds_left": 90,
    "max_entry_seconds_left": 150,
    "entry_timeout_min": 20,
    "poll_sec": 2.0,
    "max_ask": 0.85,
    "expensive_ask": 0.8,
    "expensive_after_wins": 3,
    "clob_cut_bid": 0.4,
    "clob_sl_min_bid": 0.45,
    "early_flatten_sec": 45,
    "early_flatten_bid": 0.55,
    "close_retry_max": 30,
    "close_retry_delay_sec": 2.0,
    "gamma_sl": false,
    "no_gamma_sl": true,
    "confirm_polls": 2,
    "fast_poll_sec": 1.0,
    "fast_poll_window_sec": 90,
    "hedge_max_ask": 0.95,
    "no_hedge": false,
    "execute": true,
    "win_streak": 1
  },
  "attempts": [
    {
      "ts": "2026-09-18T16:07:24.455157Z",
      "slug": "btc-updown-5m-1789747500",
      "status": "skip_too_early_to_enter",
      "seconds_left": 155.5448534488678,
      "min_entry_seconds_left": 90,
      "max_entry_seconds_left": 150
    },
    {
      "ts": "2026-09-18T16:07:30.936709Z",
      "slug": "btc-updown-5m-1789747500",
      "status": "heartbeat",
      "gamma_up": 0.495,
      "gamma_down": 0.505,
      "clob_up_ask": 0.96,
      "clob_down_ask": 0.05,
      "seconds_left": 149.71570754051208,
      "min_spread": 0.010000000000000002
    },
    {
      "ts": "2026-09-18T16:07:30.936752Z",
      "slug": "btc-updown-5m-1789747500",
      "status": "skip_ask_too_expensive",
      "threshold": 0.7,
      "max_ask": 0.85,
      "win_streak": 1,
      "clob_up_ask": 0.96,
      "clob_down_ask": 0.05,
      "seconds_left": 149.71570754051208,
      "trigger_price": 0.96
    },
    {
      "ts": "2026-09-18T16:07:33.718209Z",
      "slug": "btc-updown-5m-1789747500",
      "status": "heartbeat",
      "gamma_up": 0.495,
      "gamma_down": 0.505,
      "clob_up_ask": 0.97,
      "clob_down_ask": 0.04,
      "seconds_left": 146.84349822998047,
      "min_spread": 0.010000000000000002
    },
    {
      "ts": "2026-09-18T16:07:33.718255Z",
      "slug": "btc-updown-5m-1789747500",
      "status": "skip_ask_too_expensive",
      "threshold": 0.7,
      "max_ask": 0.85,
      "win_streak": 1,
      "clob_up_ask": 0.97,
      "clob_down_ask": 0.04,
      "seconds_left": 146.84349822998047,
      "trigger_price": 0.97
    },
    {
      "ts": "2026-09-18T16:07:36.496220Z",
      "slug": "btc-updown-5m-1789747500",
      "status": "heartbeat",
      "gamma_up": 0.495,
      "gamma_down": 0.505,
      "clob_up_ask": 0.97,
      "clob_down_ask": 0.04,
      "seconds_left": 144.0678277015686,
      "min_spread": 0.010000000000000002
    },
    {
      "ts": "2026-09-18T16:07:36.496237Z",
      "slug": "btc-updown-5m-1789747500",
      "status": "skip_ask_too_expensive",
      "threshold": 0.7,
      "max_ask": 0.85,
      "win_streak": 1,
      "clob_up_ask": 0.97,
      "clob_down_ask": 0.04,
      "seconds_left": 144.0678277015686,
      "trigger_price": 0.97
    },
    {
      "ts": "2026-09-18T16:07:39.268784Z",
      "slug": "btc-updown-5m-1789747500",
      "status": "heartbeat",
      "gamma_up": 0.495,
      "gamma_down": 0.505,
      "clob_up_ask": 0.97,
      "clob_down_ask": 0.04,
      "seconds_left": 141.28066205978394,
      "min_spread": 0.010000000000000002
    },
    {
      "ts": "2026-09-18T16:07:39.268811Z",
      "slug": "btc-updown-5m-1789747500",
      "status": "skip_ask_too_expensive",
      "threshold": 0.7,
      "max_ask": 0.85,
      "win_streak": 1,
      "clob_up_ask": 0.97,
      "clob_down_ask": 0.04,
      "seconds_left": 141.28066205978394,
      "trigger_price": 0.97
    },
    {
      "ts": "2026-09-18T16:07:42.040429Z",
      "slug": "btc-updown-5m-1789747500",
      "status": "heartbeat",
      "gamma_up": 0.495,
      "gamma_down": 0.505,
      "clob_up_ask": 0.98,
      "clob_down_ask": 0.04,
      "seconds_left": 138.50422430038452,
      "min_spread": 0.010000000000000002
    },
    {
      "ts": "2026-09-18T16:07:42.040450Z",
      "slug": "btc-updown-5m-1789747500",
      "status": "skip_ask_too_expensive",
      "threshold": 0.7,
      "max_ask": 0.85,
      "win_streak": 1,
      "clob_up_ask": 0.98,
      "clob_down_ask": 0.04,
      "seconds_left": 138.50422430038452,
      "trigger_price": 0.98
    },
    {
      "ts": "2026-09-18T16:07:44.812126Z",
      "slug": "btc-updown-5m-1789747500",
      "status": "heartbeat",
      "gamma_up": 0.495,
      "gamma_down": 0.505,
      "clob_up_ask": 0.95,
      "clob_down_ask": 0.05,
      "seconds_left": 135.73129892349243,
      "min_spread": 0.010000000000000002
    },
    {
      "ts": "2026-09-18T16:07:44.812159Z",
      "slug": "btc-updown-5m-1789747500",
      "status": "skip_ask_too_expensive",
      "threshold": 0.7,
      "max_ask": 0.85,
      "win_streak": 1,
      "clob_up_ask": 0.95,
      "clob_down_ask": 0.05,
      "seconds_left": 135.73129892349243,
      "trigger_price": 0.95
    },
    {
      "ts": "2026-09-18T16:07:47.590606Z",
      "slug": "btc-updown-5m-1789747500",
      "status": "heartbeat",
      "gamma_up": 0.495,
      "gamma_down": 0.505,
      "clob_up_ask": 0.92,
      "clob_down_ask": 0.09,
      "seconds_left": 132.96311593055725,
      "min_spread": 0.009999999999999995
    },
    {
      "ts": "2026-09-18T16:07:47.590621Z",
      "slug": "btc-updown-5m-1789747500",
      "status": "skip_ask_too_expensive",
      "threshold": 0.7,
      "max_ask": 0.85,
      "win_streak": 1,
      "clob_up_ask": 0.92,
      "clob_down_ask": 0.09,
      "seconds_left": 132.96311593055725,
      "trigger_price": 0.92
    },
    {
      "ts": "2026-09-18T16:07:50.384577Z",
      "slug": "btc-updown-5m-1789747500",
      "status": "heartbeat",
      "gamma_up": 0.495,
      "gamma_down": 0.505,
      "clob_up_ask": 0.94,
      "clob_down_ask": 0.08,
      "seconds_left": 130.1771686077118,
      "min_spread": 0.009999999999999898
    },
    {
      "ts": "2026-09-18T16:07:50.384654Z",
      "slug": "btc-updown-5m-1789747500",
      "status": "skip_ask_too_expensive",
      "threshold": 0.7,
      "max_ask": 0.85,
      "win_streak": 1,
      "clob_up_ask": 0.94,
      "clob_down_ask": 0.08,
      "seconds_left": 130.1771686077118,
      "trigger_price": 0.94
    },
    {
      "ts": "2026-09-18T16:07:53.162909Z",
      "slug": "btc-updown-5m-1789747500",
      "status": "heartbeat",
      "gamma_up": 0.495,
      "gamma_down": 0.505,
      "clob_up_ask": 0.9,
      "clob_down_ask": 0.11,
      "seconds_left": 127.39109373092651,
      "min_spread": 0.009999999999999995
    },
    {
      "ts": "2026-09-18T16:07:53.162929Z",
      "slug": "btc-updown-5m-1789747500",
      "status": "skip_ask_too_expensive",
      "threshold": 0.7,
      "max_ask": 0.85,
      "win_streak": 1,
      "clob_up_ask": 0.9,
      "clob_down_ask": 0.11,
      "seconds_left": 127.39109373092651,
      "trigger_price": 0.9
    },
    {
      "ts": "2026-09-18T16:07:55.938692Z",
      "slug": "btc-updown-5m-1789747500",
      "status": "heartbeat",
      "gamma_up": 0.495,
      "gamma_down": 0.505,
      "clob_up_ask": 0.82,
      "clob_down_ask": 0.19,
      "seconds_left": 124.61259388923645,
      "min_spread": 0.009999999999999898
    }
  ],
  "open_raw": "{\"mode\": \"open\", \"execute\": true, \"market_slug\": \"btc-updown-5m-1789747500\", \"force_side\": \"UP\", \"token_id\": \"63560005406748163447939817272479960806152680535586139632542963245930847270613\", \"entry_price\": 0.81, \"notional_usd\": 5.0, \"top_ask_notional_usd\": 371.61990000000003, \"collateral_pusd\": 431.877204, \"order_post_result\": {\"errorMsg\": \"\", \"orderID\": \"0xa3feba896c4de45cf3518374e2340e8f86d4b345fc984eb0fe5f53858bc4a743\", \"takingAmount\": \"6.410254\", \"makingAmount\": \"4.999998\", \"status\": \"matched\", \"transactionsHashes\": [\"0x1b33240924885ae655d3ff5937865a5582c62bdc480d684dba47da4d742d408e\"], \"success\": true}}\n\n",
  "opened": {
    "opened_at": "2026-09-18T16:07:59.540220Z",
    "market_slug": "btc-updown-5m-1789747500",
    "market_end_iso": "2026-09-18T16:10:00Z",
    "side": "UP",
    "token_id": "63560005406748163447939817272479960806152680535586139632542963245930847270613",
    "opp_side": "DOWN",
    "opp_token_id": "38530892160232462857817789620440838731151217865663076229168209947424470215531",
    "entry_price": 0.81,
    "shares": 6.410254,
    "cost_usdc": 4.999998,
    "open_order_id": "0xa3feba896c4de45cf3518374e2340e8f86d4b345fc984eb0fe5f53858bc4a743",
    "open_tx": "0x1b33240924885ae655d3ff5937865a5582c62bdc480d684dba47da4d742d408e"
  },
  "stop_loss_price": 0.6075,
  "last_side_price": 0.495,
  "last_clob_bid": 0.58,
  "last_clob_ask": 0.59,
  "last_check_at": "2026-09-18T16:08:26.113986Z",
  "pending_cut": {
    "reason": "stop_loss_clob_25pct",
    "count": 1,
    "bid": 0.59,
    "ask": 0.62,
    "gamma": 0.495,
    "ts": "2026-09-18T16:08:23.618366Z"
  },
  "cut_snapshot": {
    "reason": "stop_loss_clob_25pct",
    "bid": 0.58,
    "ask": 0.59,
    "gamma": 0.495,
    "seconds_left": 93.885977268219
  },
  "close_debug": [
    {
      "ts": "2026-09-18T16:08:29.293988Z",
      "attempt": 1,
      "order_type": "FAK",
      "status": "matched",
      "close_skipped": ""
    }
  ],
  "close_raw": "{\"mode\": \"close\", \"execute\": true, \"market_slug\": \"btc-updown-5m-1789747500\", \"token_id\": \"63560005406748163447939817272479960806152680535586139632542963245930847270613\", \"requested_shares\": 6.410254, \"close_order_type\": \"FAK\", \"close_limit_price\": null, \"available_shares\": 6.410254, \"sell_shares\": 6.4102, \"order_post_result\": {\"errorMsg\": \"\", \"orderID\": \"0xe1468ceeb8a7e485129bbd8dac17ab2b7cdfc1dcaefc1c3c2ddcacb7e02d1d59\", \"takingAmount\": \"4.1413\", \"makingAmount\": \"6.41\", \"status\": \"matched\", \"transactionsHashes\": [\"0x37ebe73d1b641edb4c868419743a2bba95819a62f468985b2133fddc8fb19c4b\"], \"success\": true}, \"close_skipped\": \"\"}\n\n",
  "closed": {
    "close_reason": "stop_loss_clob_25pct",
    "closed_at": "2026-09-18T16:08:29.294018Z",
    "close_success": true,
    "close_status": "matched",
    "close_order_id": "0xe1468ceeb8a7e485129bbd8dac17ab2b7cdfc1dcaefc1c3c2ddcacb7e02d1d59",
    "close_tx": "0x37ebe73d1b641edb4c868419743a2bba95819a62f468985b2133fddc8fb19c4b",
    "close_shares": 6.41,
    "close_usdc": 4.1413,
    "close_skipped": "",
    "hedge": null
  },
  "realized_cashflow_pnl_usdc": -0.858698,
  "finished_at": "2026-09-18T16:08:29.294039Z",
  "result": "done"
}
[2026-09-18T16:08:29Z] session_end rc=0 sessions=6 stake_usd=5
journal_ok trades=223 md=/home/yukeen/polymarketbot/5min-btc-polymarket/data/live_trades.md json=/home/yukeen/polymarketbot/5min-btc-polymarket/data/live_trades.json
[2026-09-18T16:09:55Z] fills=5/20 sessions=6/120
[py_clob_client_v2] request error status=400 url=https://clob.polymarket.com/auth/api-key body={"error":"Could not create api key"}

[2026-09-18T16:10:12Z] cash=430.838916
[py_clob_client_v2] request error status=400 url=https://clob.polymarket.com/auth/api-key body={"error":"Could not create api key"}

[2026-09-18T16:10:32Z] cash_retry=430.838916
[2026-09-18T16:10:40Z] session_begin sessions=6 fills=5 stake_usd=5
{
  "started_at": "2026-09-18T16:10:41.178549Z",
  "params": {
    "profile": "conservative",
    "threshold": 0.7,
    "stake_usd": 5.0,
    "stop_loss_pct": 0.25,
    "exit_before_sec": 20,
    "min_entry_seconds_left": 90,
    "max_entry_seconds_left": 150,
    "entry_timeout_min": 20,
    "poll_sec": 2.0,
    "max_ask": 0.85,
    "expensive_ask": 0.8,
    "expensive_after_wins": 3,
    "clob_cut_bid": 0.4,
    "clob_sl_min_bid": 0.45,
    "early_flatten_sec": 45,
    "early_flatten_bid": 0.55,
    "close_retry_max": 30,
    "close_retry_delay_sec": 2.0,
    "gamma_sl": false,
    "no_gamma_sl": true,
    "confirm_polls": 2,
    "fast_poll_sec": 1.0,
    "fast_poll_window_sec": 90,
    "hedge_max_ask": 0.95,
    "no_hedge": false,
    "execute": true,
    "win_streak": 1
  },
  "attempts": [
    {
      "ts": "2026-09-18T16:10:41.397247Z",
      "slug": "btc-updown-5m-1789747800",
      "status": "skip_too_early_to_enter",
      "seconds_left": 258.60275888442993,
      "min_entry_seconds_left": 90,
      "max_entry_seconds_left": 150
    },
    {
      "ts": "2026-09-18T16:10:43.620252Z",
      "slug": "btc-updown-5m-1789747800",
      "status": "skip_too_early_to_enter",
      "seconds_left": 256.3797559738159,
      "min_entry_seconds_left": 90,
      "max_entry_seconds_left": 150
    },
    {
      "ts": "2026-09-18T16:10:45.841401Z",
      "slug": "btc-updown-5m-1789747800",
      "status": "skip_too_early_to_enter",
      "seconds_left": 254.158607006073,
      "min_entry_seconds_left": 90,
      "max_entry_seconds_left": 150
    },
    {
      "ts": "2026-09-18T16:10:58.070573Z",
      "slug": "btc-updown-5m-1789747800",
      "status": "skip_too_early_to_enter",
      "seconds_left": 241.92943572998047,
      "min_entry_seconds_left": 90,
      "max_entry_seconds_left": 150
    },
    {
      "ts": "2026-09-18T16:11:00.281356Z",
      "slug": "btc-updown-5m-1789747800",
      "status": "skip_too_early_to_enter",
      "seconds_left": 239.7186484336853,
      "min_entry_seconds_left": 90,
      "max_entry_seconds_left": 150
    },
    {
      "ts": "2026-09-18T16:11:06.097014Z",
      "slug": "btc-updown-5m-1789747800",
      "status": "skip_too_early_to_enter",
      "seconds_left": 233.9029939174652,
      "min_entry_seconds_left": 90,
      "max_entry_seconds_left": 150
    },
    {
      "ts": "2026-09-18T16:11:08.311656Z",
      "slug": "btc-updown-5m-1789747800",
      "status": "skip_too_early_to_enter",
      "seconds_left": 231.68835163116455,
      "min_entry_seconds_left": 90,
      "max_entry_seconds_left": 150
    },
    {
      "ts": "2026-09-18T16:11:10.515358Z",
      "slug": "btc-updown-5m-1789747800",
      "status": "skip_too_early_to_enter",
      "seconds_left": 229.48464608192444,
      "min_entry_seconds_left": 90,
      "max_entry_seconds_left": 150
    },
    {
      "ts": "2026-09-18T16:11:12.741965Z",
      "slug": "btc-updown-5m-1789747800",
      "status": "skip_too_early_to_enter",
      "seconds_left": 227.2580428123474,
      "min_entry_seconds_left": 90,
      "max_entry_seconds_left": 150
    },
    {
      "ts": "2026-09-18T16:11:14.966969Z",
      "slug": "btc-updown-5m-1789747800",
      "status": "skip_too_early_to_enter",
      "seconds_left": 225.03303956985474,
      "min_entry_seconds_left": 90,
      "max_entry_seconds_left": 150
    },
    {
      "ts": "2026-09-18T16:11:17.222715Z",
      "slug": "btc-updown-5m-1789747800",
      "status": "skip_too_early_to_enter",
      "seconds_left": 222.77729415893555,
      "min_entry_seconds_left": 90,
      "max_entry_seconds_left": 150
    },
    {
      "ts": "2026-09-18T16:11:29.229857Z",
      "status": "heartbeat_no_current_market"
    },
    {
      "ts": "2026-09-18T16:11:31.543745Z",
      "slug": "btc-updown-5m-1789747800",
      "status": "skip_too_early_to_enter",
      "seconds_left": 208.4562647342682,
      "min_entry_seconds_left": 90,
      "max_entry_seconds_left": 150
    },
    {
      "ts": "2026-09-18T16:11:33.769598Z",
      "slug": "btc-updown-5m-1789747800",
      "status": "skip_too_early_to_enter",
      "seconds_left": 206.2304093837738,
      "min_entry_seconds_left": 90,
      "max_entry_seconds_left": 150
    },
    {
      "ts": "2026-09-18T16:11:35.979695Z",
      "slug": "btc-updown-5m-1789747800",
      "status": "skip_too_early_to_enter",
      "seconds_left": 204.02030968666077,
      "min_entry_seconds_left": 90,
      "max_entry_seconds_left": 150
    },
    {
      "ts": "2026-09-18T16:11:41.842641Z",
      "slug": "btc-updown-5m-1789747800",
      "status": "skip_too_early_to_enter",
      "seconds_left": 198.15736627578735,
      "min_entry_seconds_left": 90,
      "max_entry_seconds_left": 150
    },
    {
      "ts": "2026-09-18T16:11:44.069621Z",
      "slug": "btc-updown-5m-1789747800",
      "status": "skip_too_early_to_enter",
      "seconds_left": 195.93038749694824,
      "min_entry_seconds_left": 90,
      "max_entry_seconds_left": 150
    },
    {
      "ts": "2026-09-18T16:11:46.299706Z",
      "slug": "btc-updown-5m-1789747800",
      "status": "skip_too_early_to_enter",
      "seconds_left": 193.70030188560486,
      "min_entry_seconds_left": 90,
      "max_entry_seconds_left": 150
    },
    {
      "ts": "2026-09-18T16:11:48.544991Z",
      "slug": "btc-updown-5m-1789747800",
      "status": "skip_too_early_to_enter",
      "seconds_left": 191.45501852035522,
      "min_entry_seconds_left": 90,
      "max_entry_seconds_left": 150
    },
    {
      "ts": "2026-09-18T16:11:50.760538Z",
      "slug": "btc-updown-5m-1789747800",
      "status": "skip_too_early_to_enter",
      "seconds_left": 189.23946833610535,
      "min_entry_seconds_left": 90,
      "max_entry_seconds_left": 150
    },
    {
      "ts": "2026-09-18T16:11:52.981049Z",
      "slug": "btc-updown-5m-1789747800",
      "status": "skip_too_early_to_enter",
      "seconds_left": 187.01895666122437,
      "min_entry_seconds_left": 90,
      "max_entry_seconds_left": 150
    },
    {
      "ts": "2026-09-18T16:11:55.198951Z",
      "slug": "btc-updown-5m-1789747800",
      "status": "skip_too_early_to_enter",
      "seconds_left": 184.80105710029602,
      "min_entry_seconds_left": 90,
      "max_entry_seconds_left": 150
    },
    {
      "ts": "2026-09-18T16:11:57.433589Z",
      "slug": "btc-updown-5m-1789747800",
      "status": "skip_too_early_to_enter",
      "seconds_left": 182.56641840934753,
      "min_entry_seconds_left": 90,
      "max_entry_seconds_left": 150
    },
    {
      "ts": "2026-09-18T16:11:59.658139Z",
      "slug": "btc-updown-5m-1789747800",
      "status": "skip_too_early_to_enter",
      "seconds_left": 180.34186697006226,
      "min_entry_seconds_left": 90,
      "max_entry_seconds_left": 150
    },
    {
      "ts": "2026-09-18T16:12:01.910428Z",
      "slug": "btc-updown-5m-1789747800",
      "status": "skip_too_early_to_enter",
      "seconds_left": 178.08957982063293,
      "min_entry_seconds_left": 90,
      "max_entry_seconds_left": 150
    },
    {
      "ts": "2026-09-18T16:12:17.482710Z",
      "status": "heartbeat_no_current_market"
    },
    {
      "ts": "2026-09-18T16:12:29.490410Z",
      "status": "heartbeat_no_current_market"
    },
    {
      "ts": "2026-09-18T16:12:32.449367Z",
      "slug": "btc-updown-5m-1789747800",
      "status": "heartbeat",
      "gamma_up": 0.565,
      "gamma_down": 0.435,
      "clob_up_ask": 0.94,
      "clob_down_ask": 0.08,
      "seconds_left": 148.20134162902832,
      "min_spread": 0.009999999999999898
    },
    {
      "ts": "2026-09-18T16:12:32.449388Z",
      "slug": "btc-updown-5m-1789747800",
      "status": "skip_ask_too_expensive",
      "threshold": 0.7,
      "max_ask": 0.85,
      "win_streak": 1,
      "clob_up_ask": 0.94,
      "clob_down_ask": 0.08,
      "seconds_left": 148.20134162902832,
      "trigger_price": 0.94
    },
    {
      "ts": "2026-09-18T16:12:35.256070Z",
      "slug": "btc-updown-5m-1789747800",
      "status": "heartbeat",
      "gamma_up": 0.565,
      "gamma_down": 0.435,
      "clob_up_ask": 0.92,
      "clob_down_ask": 0.09,
      "seconds_left": 145.2880938053131,
      "min_spread": 0.009999999999999995
    },
    {
      "ts": "2026-09-18T16:12:35.256087Z",
      "slug": "btc-updown-5m-1789747800",
      "status": "skip_ask_too_expensive",
      "threshold": 0.7,
      "max_ask": 0.85,
      "win_streak": 1,
      "clob_up_ask": 0.92,
      "clob_down_ask": 0.09,
      "seconds_left": 145.2880938053131,
      "trigger_price": 0.92
    },
    {
      "ts": "2026-09-18T16:12:38.022102Z",
      "slug": "btc-updown-5m-1789747800",
      "status": "heartbeat",
      "gamma_up": 0.565,
      "gamma_down": 0.435,
      "clob_up_ask": 0.9,
      "clob_down_ask": 0.08,
      "seconds_left": 142.52858519554138,
      "min_spread": 0.009999999999999995
    },
    {
      "ts": "2026-09-18T16:12:38.022123Z",
      "slug": "btc-updown-5m-1789747800",
      "status": "skip_ask_too_expensive",
      "threshold": 0.7,
      "max_ask": 0.85,
      "win_streak": 1,
      "clob_up_ask": 0.9,
      "clob_down_ask": 0.08,
      "seconds_left": 142.52858519554138,
      "trigger_price": 0.9
    },
    {
      "ts": "2026-09-18T16:12:40.788412Z",
      "slug": "btc-updown-5m-1789747800",
      "status": "heartbeat",
      "gamma_up": 0.565,
      "gamma_down": 0.435,
      "clob_up_ask": 0.93,
      "clob_down_ask": 0.08,
      "seconds_left": 139.76291680335999,
      "min_spread": 0.009999999999999995
    },
    {
      "ts": "2026-09-18T16:12:40.788442Z",
      "slug": "btc-updown-5m-1789747800",
      "status": "skip_ask_too_expensive",
      "threshold": 0.7,
      "max_ask": 0.85,
      "win_streak": 1,
      "clob_up_ask": 0.93,
      "clob_down_ask": 0.08,
      "seconds_left": 139.76291680335999,
      "trigger_price": 0.93
    },
    {
      "ts": "2026-09-18T16:12:43.541642Z",
      "slug": "btc-updown-5m-1789747800",
      "status": "heartbeat",
      "gamma_up": 0.565,
      "gamma_down": 0.435,
      "clob_up_ask": 0.94,
      "clob_down_ask": 0.07,
      "seconds_left": 136.98644304275513,
      "min_spread": 0.009999999999999898
    },
    {
      "ts": "2026-09-18T16:12:43.541657Z",
      "slug": "btc-updown-5m-1789747800",
      "status": "skip_ask_too_expensive",
      "threshold": 0.7,
      "max_ask": 0.85,
      "win_streak": 1,
      "clob_up_ask": 0.94,
      "clob_down_ask": 0.07,
      "seconds_left": 136.98644304275513,
      "trigger_price": 0.94
    },
    {
      "ts": "2026-09-18T16:12:46.288769Z",
      "slug": "btc-updown-5m-1789747800",
      "status": "heartbeat",
      "gamma_up": 0.565,
      "gamma_down": 0.435,
      "clob_up_ask": 0.96,
      "clob_down_ask": 0.05,
      "seconds_left": 134.24780416488647,
      "min_spread": 0.010000000000000002
    },
    {
      "ts": "2026-09-18T16:12:46.288799Z",
      "slug": "btc-updown-5m-1789747800",
      "status": "skip_ask_too_expensive",
      "threshold": 0.7,
      "max_ask": 0.85,
      "win_streak": 1,
      "clob_up_ask": 0.96,
      "clob_down_ask": 0.05,
      "seconds_left": 134.24780416488647,
      "trigger_price": 0.96
    },
    {
      "ts": "2026-09-18T16:12:49.067412Z",
      "slug": "btc-updown-5m-1789747800",
      "status": "heartbeat",
      "gamma_up": 0.565,
      "gamma_down": 0.435,
      "clob_up_ask": 0.95,
      "clob_down_ask": 0.06,
      "seconds_left": 131.47219395637512,
      "min_spread": 0.009999999999999995
    },
    {
      "ts": "2026-09-18T16:12:49.067433Z",
      "slug": "btc-updown-5m-1789747800",
      "status": "skip_ask_too_expensive",
      "threshold": 0.7,
      "max_ask": 0.85,
      "win_streak": 1,
      "clob_up_ask": 0.95,
      "clob_down_ask": 0.06,
      "seconds_left": 131.47219395637512,
      "trigger_price": 0.95
    },
    {
      "ts": "2026-09-18T16:12:55.446933Z",
      "slug": "btc-updown-5m-1789747800",
      "status": "heartbeat",
      "gamma_up": 0.565,
      "gamma_down": 0.435,
      "clob_up_ask": 0.96,
      "clob_down_ask": 0.05,
      "seconds_left": 125.086843252182,
      "min_spread": 0.010000000000000002
    },
    {
      "ts": "2026-09-18T16:12:55.446960Z",
      "slug": "btc-updown-5m-1789747800",
      "status": "skip_ask_too_expensive",
      "threshold": 0.7,
      "max_ask": 0.85,
      "win_streak": 1,
      "clob_up_ask": 0.96,
      "clob_down_ask": 0.05,
      "seconds_left": 125.086843252182,
      "trigger_price": 0.96
    },
    {
      "ts": "2026-09-18T16:12:58.200734Z",
      "slug": "btc-updown-5m-1789747800",
      "status": "heartbeat",
      "gamma_up": 0.565,
      "gamma_down": 0.435,
      "clob_up_ask": 0.97,
      "clob_down_ask": 0.04,
      "seconds_left": 122.33587598800659,
      "min_spread": 0.010000000000000002
    },
    {
      "ts": "2026-09-18T16:12:58.200757Z",
      "slug": "btc-updown-5m-1789747800",
      "status": "skip_ask_too_expensive",
      "threshold": 0.7,
      "max_ask": 0.85,
      "win_streak": 1,
      "clob_up_ask": 0.97,
      "clob_down_ask": 0.04,
      "seconds_left": 122.33587598800659,
      "trigger_price": 0.97
    },
    {
      "ts": "2026-09-18T16:13:00.962893Z",
      "slug": "btc-updown-5m-1789747800",
      "status": "heartbeat",
      "gamma_up": 0.565,
      "gamma_down": 0.435,
      "clob_up_ask": 0.97,
      "clob_down_ask": 0.04,
      "seconds_left": 119.56659150123596,
      "min_spread": 0.010000000000000002
    },
    {
      "ts": "2026-09-18T16:13:00.962924Z",
      "slug": "btc-updown-5m-1789747800",
      "status": "skip_ask_too_expensive",
      "threshold": 0.7,
      "max_ask": 0.85,
      "win_streak": 1,
      "clob_up_ask": 0.97,
      "clob_down_ask": 0.04,
      "seconds_left": 119.56659150123596,
      "trigger_price": 0.97
    },
    {
      "ts": "2026-09-18T16:13:03.708760Z",
      "slug": "btc-updown-5m-1789747800",
      "status": "heartbeat",
      "gamma_up": 0.565,
      "gamma_down": 0.435,
      "clob_up_ask": 0.98,
      "clob_down_ask": 0.03,
      "seconds_left": 116.81069278717041,
      "min_spread": 0.009999999999999998
    },
    {
      "ts": "2026-09-18T16:13:03.708788Z",
      "slug": "btc-updown-5m-1789747800",
      "status": "skip_ask_too_expensive",
      "threshold": 0.7,
      "max_ask": 0.85,
      "win_streak": 1,
      "clob_up_ask": 0.98,
      "clob_down_ask": 0.03,
      "seconds_left": 116.81069278717041,
      "trigger_price": 0.98
    },
    {
      "ts": "2026-09-18T16:13:06.490860Z",
      "slug": "btc-updown-5m-1789747800",
      "status": "heartbeat",
      "gamma_up": 0.565,
      "gamma_down": 0.435,
      "clob_up_ask": 0.98,
      "clob_down_ask": 0.03,
      "seconds_left": 114.05305695533752,
      "min_spread": 0.009999999999999998
    },
    {
      "ts": "2026-09-18T16:13:06.490887Z",
      "slug": "btc-updown-5m-1789747800",
      "status": "skip_ask_too_expensive",
      "threshold": 0.7,
      "max_ask": 0.85,
      "win_streak": 1,
      "clob_up_ask": 0.98,
      "clob_down_ask": 0.03,
      "seconds_left": 114.05305695533752,
      "trigger_price": 0.98
    },
    {
      "ts": "2026-09-18T16:13:09.265594Z",
      "slug": "btc-updown-5m-1789747800",
      "status": "heartbeat",
      "gamma_up": 0.565,
      "gamma_down": 0.435,
      "clob_up_ask": 0.98,
      "clob_down_ask": 0.03,
      "seconds_left": 111.26732873916626,
      "min_spread": 0.009999999999999998
    },
    {
      "ts": "2026-09-18T16:13:09.265609Z",
      "slug": "btc-updown-5m-1789747800",
      "status": "skip_ask_too_expensive",
      "threshold": 0.7,
      "max_ask": 0.85,
      "win_streak": 1,
      "clob_up_ask": 0.98,
      "clob_down_ask": 0.03,
      "seconds_left": 111.26732873916626,
      "trigger_price": 0.98
    },
    {
      "ts": "2026-09-18T16:13:12.218340Z",
      "slug": "btc-updown-5m-1789747800",
      "status": "heartbeat",
      "gamma_up": 0.565,
      "gamma_down": 0.435,
      "clob_up_ask": 0.99,
      "clob_down_ask": 0.02,
      "seconds_left": 108.5188684463501,
      "min_spread": 0.01
    },
    {
      "ts": "2026-09-18T16:13:12.218375Z",
      "slug": "btc-updown-5m-1789747800",
      "status": "skip_ask_too_expensive",
      "threshold": 0.7,
      "max_ask": 0.85,
      "win_streak": 1,
      "clob_up_ask": 0.99,
      "clob_down_ask": 0.02,
      "seconds_left": 108.5188684463501,
      "trigger_price": 0.99
    },
    {
      "ts": "2026-09-18T16:13:24.228048Z",
      "status": "heartbeat_no_current_market"
    },
    {
      "ts": "2026-09-18T16:13:30.094180Z",
      "slug": "btc-updown-5m-1789747800",
      "status": "skip_too_late_to_enter",
      "seconds_left": 89.90582799911499,
      "min_entry_seconds_left": 90,
      "max_entry_seconds_left": 150
    },
    {
      "ts": "2026-09-18T16:13:32.318436Z",
      "slug": "btc-updown-5m-1789747800",
      "status": "skip_too_late_to_enter",
      "seconds_left": 87.68157243728638,
      "min_entry_seconds_left": 90,
      "max_entry_seconds_left": 150
    },
    {
      "ts": "2026-09-18T16:13:34.538087Z",
      "slug": "btc-updown-5m-1789747800",
      "status": "skip_too_late_to_enter",
      "seconds_left": 85.46191716194153,
      "min_entry_seconds_left": 90,
      "max_entry_seconds_left": 150
    },
    {
      "ts": "2026-09-18T16:13:36.781106Z",
      "slug": "btc-updown-5m-1789747800",
      "status": "skip_too_late_to_enter",
      "seconds_left": 83.21890330314636,
      "min_entry_seconds_left": 90,
      "max_entry_seconds_left": 150
    },
    {
      "ts": "2026-09-18T16:13:38.998831Z",
      "slug": "btc-updown-5m-1789747800",
      "status": "skip_too_late_to_enter",
      "seconds_left": 81.00117659568787,
      "min_entry_seconds_left": 90,
      "max_entry_seconds_left": 150
    },
    {
      "ts": "2026-09-18T16:13:41.310502Z",
      "slug": "btc-updown-5m-1789747800",
      "status": "skip_too_late_to_enter",
      "seconds_left": 78.68950605392456,
      "min_entry_seconds_left": 90,
      "max_entry_seconds_left": 150
    },
    {
      "ts": "2026-09-18T16:13:43.541245Z",
      "slug": "btc-updown-5m-1789747800",
      "status": "skip_too_late_to_enter",
      "seconds_left": 76.45879483222961,
      "min_entry_seconds_left": 90,
      "max_entry_seconds_left": 150
    },
    {
      "ts": "2026-09-18T16:13:45.766141Z",
      "slug": "btc-updown-5m-1789747800",
      "status": "skip_too_late_to_enter",
      "seconds_left": 74.2338662147522,
      "min_entry_seconds_left": 90,
      "max_entry_seconds_left": 150
    },
    {
      "ts": "2026-09-18T16:13:47.979973Z",
      "slug": "btc-updown-5m-1789747800",
      "status": "skip_too_late_to_enter",
      "seconds_left": 72.02003335952759,
      "min_entry_seconds_left": 90,
      "max_entry_seconds_left": 150
    },
    {
      "ts": "2026-09-18T16:13:50.223319Z",
      "slug": "btc-updown-5m-1789747800",
      "status": "skip_too_late_to_enter",
      "seconds_left": 69.77668738365173,
      "min_entry_seconds_left": 90,
      "max_entry_seconds_left": 150
    },
    {
      "ts": "2026-09-18T16:13:52.457923Z",
      "slug": "btc-updown-5m-1789747800",
      "status": "skip_too_late_to_enter",
      "seconds_left": 67.54208517074585,
      "min_entry_seconds_left": 90,
      "max_entry_seconds_left": 150
    },
    {
      "ts": "2026-09-18T16:13:54.668990Z",
      "slug": "btc-updown-5m-1789747800",
      "status": "skip_too_late_to_enter",
      "seconds_left": 65.33101892471313,
      "min_entry_seconds_left": 90,
      "max_entry_seconds_left": 150
    },
    {
      "ts": "2026-09-18T16:13:56.884566Z",
      "slug": "btc-updown-5m-1789747800",
      "status": "skip_too_late_to_enter",
      "seconds_left": 63.115440130233765,
      "min_entry_seconds_left": 90,
      "max_entry_seconds_left": 150
    },
    {
      "ts": "2026-09-18T16:13:59.105162Z",
      "slug": "btc-updown-5m-1789747800",
      "status": "skip_too_late_to_enter",
      "seconds_left": 60.894845724105835,
      "min_entry_seconds_left": 90,
      "max_entry_seconds_left": 150
    },
    {
      "ts": "2026-09-18T16:14:01.322408Z",
      "slug": "btc-updown-5m-1789747800",
      "status": "skip_too_late_to_enter",
      "seconds_left": 58.67759966850281,
      "min_entry_seconds_left": 90,
      "max_entry_seconds_left": 150
    },
    {
      "ts": "2026-09-18T16:14:07.126048Z",
      "slug": "btc-updown-5m-1789747800",
      "status": "skip_too_late_to_enter",
      "seconds_left": 52.8739595413208,
      "min_entry_seconds_left": 90,
      "max_entry_seconds_left": 150
    },
    {
      "ts": "2026-09-18T16:14:09.360757Z",
      "slug": "btc-updown-5m-1789747800",
      "status": "skip_too_late_to_enter",
      "seconds_left": 50.63925051689148,
      "min_entry_seconds_left": 90,
      "max_entry_seconds_left": 150
    },
    {
      "ts": "2026-09-18T16:14:11.595623Z",
      "slug": "btc-updown-5m-1789747800",
      "status": "skip_too_late_to_enter",
      "seconds_left": 48.40438461303711,
      "min_entry_seconds_left": 90,
      "max_entry_seconds_left": 150
    },
    {
      "ts": "2026-09-18T16:14:13.804173Z",
      "slug": "btc-updown-5m-1789747800",
      "status": "skip_too_late_to_enter",
      "seconds_left": 46.195831537246704,
      "min_entry_seconds_left": 90,
      "max_entry_seconds_left": 150
    },
    {
      "ts": "2026-09-18T16:14:16.022847Z",
      "slug": "btc-updown-5m-1789747800",
      "status": "skip_too_late_to_enter",
      "seconds_left": 43.977160930633545,
      "min_entry_seconds_left": 90,
      "max_entry_seconds_left": 150
    },
    {
      "ts": "2026-09-18T16:14:18.254407Z",
      "slug": "btc-updown-5m-1789747800",
      "status": "skip_too_late_to_enter",
      "seconds_left": 41.745598793029785,
      "min_entry_seconds_left": 90,
      "max_entry_seconds_left": 150
    },
    {
      "ts": "2026-09-18T16:14:20.514210Z",
      "slug": "btc-updown-5m-1789747800",
      "status": "skip_too_late_to_enter",
      "seconds_left": 39.48579788208008,
      "min_entry_seconds_left": 90,
      "max_entry_seconds_left": 150
    },
    {
      "ts": "2026-09-18T16:14:22.733759Z",
      "slug": "btc-updown-5m-1789747800",
      "status": "skip_too_late_to_enter",
      "seconds_left": 37.26624822616577,
      "min_entry_seconds_left": 90,
      "max_entry_seconds_left": 150
    },
    {
      "ts": "2026-09-18T16:14:24.955156Z",
      "slug": "btc-updown-5m-1789747800",
      "status": "skip_too_late_to_enter",
      "seconds_left": 35.0448522567749,
      "min_entry_seconds_left": 90,
      "max_entry_seconds_left": 150
    },
    {
      "ts": "2026-09-18T16:14:27.181808Z",
      "slug": "btc-updown-5m-1789747800",
      "status": "skip_too_late_to_enter",
      "seconds_left": 32.81819939613342,
      "min_entry_seconds_left": 90,
      "max_entry_seconds_left": 150
    },
    {
      "ts": "2026-09-18T16:14:29.404837Z",
      "slug": "btc-updown-5m-1789747800",
      "status": "skip_too_late_to_enter",
      "seconds_left": 30.595170259475708,
      "min_entry_seconds_left": 90,
      "max_entry_seconds_left": 150
    },
    {
      "ts": "2026-09-18T16:14:31.635089Z",
      "slug": "btc-updown-5m-1789747800",
      "status": "skip_too_late_to_enter",
      "seconds_left": 28.364919900894165,
      "min_entry_seconds_left": 90,
      "max_entry_seconds_left": 150
    },
    {
      "ts": "2026-09-18T16:14:33.855413Z",
      "slug": "btc-updown-5m-1789747800",
      "status": "skip_too_late_to_enter",
      "seconds_left": 26.14459490776062,
      "min_entry_seconds_left": 90,
      "max_entry_seconds_left": 150
    },
    {
      "ts": "2026-09-18T16:14:36.121336Z",
      "slug": "btc-updown-5m-1789747800",
      "status": "skip_too_late_to_enter",
      "seconds_left": 23.878671646118164,
      "min_entry_seconds_left": 90,
      "max_entry_seconds_left": 150
    },
    {
      "ts": "2026-09-18T16:14:41.945113Z",
      "slug": "btc-updown-5m-1789747800",
      "status": "skip_too_late_to_enter",
      "seconds_left": 18.054896116256714,
      "min_entry_seconds_left": 90,
      "max_entry_seconds_left": 150
    },
    {
      "ts": "2026-09-18T16:14:44.171223Z",
      "slug": "btc-updown-5m-1789747800",
      "status": "skip_too_late_to_enter",
      "seconds_left": 15.82878565788269,
      "min_entry_seconds_left": 90,
      "max_entry_seconds_left": 150
    },
    {
      "ts": "2026-09-18T16:14:46.401212Z",
      "slug": "btc-updown-5m-1789747800",
      "status": "skip_too_late_to_enter",
      "seconds_left": 13.598794937133789,
      "min_entry_seconds_left": 90,
      "max_entry_seconds_left": 150
    },
    {
      "ts": "2026-09-18T16:14:48.625735Z",
      "slug": "btc-updown-5m-1789747800",
      "status": "skip_too_late_to_enter",
      "seconds_left": 11.374274253845215,
      "min_entry_seconds_left": 90,
      "max_entry_seconds_left": 150
    },
    {
      "ts": "2026-09-18T16:14:50.849065Z",
      "slug": "btc-updown-5m-1789747800",
      "status": "skip_too_late_to_enter",
      "seconds_left": 9.150943517684937,
      "min_entry_seconds_left": 90,
      "max_entry_seconds_left": 150
    },
    {
      "ts": "2026-09-18T16:14:53.079598Z",
      "slug": "btc-updown-5m-1789747800",
      "status": "skip_too_late_to_enter",
      "seconds_left": 6.920409917831421,
      "min_entry_seconds_left": 90,
      "max_entry_seconds_left": 150
    },
    {
      "ts": "2026-09-18T16:14:55.352869Z",
      "status": "heartbeat_no_current_market"
    },
    {
      "ts": "2026-09-18T16:14:57.570328Z",
      "status": "heartbeat_no_current_market"
    },
    {
      "ts": "2026-09-18T16:14:59.900907Z",
      "status": "heartbeat_no_current_market"
    },
    {
      "ts": "2026-09-18T16:15:02.125226Z",
      "slug": "btc-updown-5m-1789748100",
      "status": "skip_too_early_to_enter",
      "seconds_left": 297.87478280067444,
      "min_entry_seconds_left": 90,
      "max_entry_seconds_left": 150
    },
    {
      "ts": "2026-09-18T16:15:04.345703Z",
      "slug": "btc-updown-5m-1789748100",
      "status": "skip_too_early_to_enter",
      "seconds_left": 295.6543047428131,
      "min_entry_seconds_left": 90,
      "max_entry_seconds_left": 150
    },
    {
      "ts": "2026-09-18T16:15:06.579548Z",
      "slug": "btc-updown-5m-1789748100",
      "status": "skip_too_early_to_enter",
      "seconds_left": 293.42045974731445,
      "min_entry_seconds_left": 90,
      "max_entry_seconds_left": 150
    },
    {
      "ts": "2026-09-18T16:15:08.826442Z",
      "slug": "btc-updown-5m-1789748100",
      "status": "skip_too_early_to_enter",
      "seconds_left": 291.1735656261444,
      "min_entry_seconds_left": 90,
      "max_entry_seconds_left": 150
    },
    {
      "ts": "2026-09-18T16:15:11.052522Z",
      "slug": "btc-updown-5m-1789748100",
      "status": "skip_too_early_to_enter",
      "seconds_left": 288.94748616218567,
      "min_entry_seconds_left": 90,
      "max_entry_seconds_left": 150
    },
    {
      "ts": "2026-09-18T16:15:26.668573Z",
      "status": "heartbeat_no_current_market"
    },
    {
      "ts": "2026-09-18T16:15:28.901546Z",
      "slug": "btc-updown-5m-1789748100",
      "status": "skip_too_early_to_enter",
      "seconds_left": 271.0984616279602,
      "min_entry_seconds_left": 90,
      "max_entry_seconds_left": 150
    },
    {
      "ts": "2026-09-18T16:15:31.109476Z",
      "slug": "btc-updown-5m-1789748100",
      "status": "skip_too_early_to_enter",
      "seconds_left": 268.89052963256836,
      "min_entry_seconds_left": 90,
      "max_entry_seconds_left": 150
    },
    {
      "ts": "2026-09-18T16:15:33.315863Z",
      "slug": "btc-updown-5m-1789748100",
      "status": "skip_too_early_to_enter",
      "seconds_left": 266.68414402008057,
      "min_entry_seconds_left": 90,
      "max_entry_seconds_left": 150
    },
    {
      "ts": "2026-09-18T16:15:35.533309Z",
      "slug": "btc-updown-5m-1789748100",
      "status": "skip_too_early_to_enter",
      "seconds_left": 264.46669816970825,
      "min_entry_seconds_left": 90,
      "max_entry_seconds_left": 150
    },
    {
      "ts": "2026-09-18T16:15:37.758710Z",
      "slug": "btc-updown-5m-1789748100",
      "status": "skip_too_early_to_enter",
      "seconds_left": 262.24129700660706,
      "min_entry_seconds_left": 90,
      "max_entry_seconds_left": 150
    },
    {
      "ts": "2026-09-18T16:15:39.982041Z",
      "slug": "btc-updown-5m-1789748100",
      "status": "skip_too_early_to_enter",
      "seconds_left": 260.0179626941681,
      "min_entry_seconds_left": 90,
      "max_entry_seconds_left": 150
    },
    {
      "ts": "2026-09-18T16:15:42.200707Z",
      "slug": "btc-updown-5m-1789748100",
      "status": "skip_too_early_to_enter",
      "seconds_left": 257.7993013858795,
      "min_entry_seconds_left": 90,
      "max_entry_seconds_left": 150
    },
    {
      "ts": "2026-09-18T16:15:44.417021Z",
      "slug": "btc-updown-5m-1789748100",
      "status": "skip_too_early_to_enter",
      "seconds_left": 255.58298778533936,
      "min_entry_seconds_left": 90,
      "max_entry_seconds_left": 150
    },
    {
      "ts": "2026-09-18T16:15:46.662381Z",
      "slug": "btc-updown-5m-1789748100",
      "status": "skip_too_early_to_enter",
      "seconds_left": 253.33762645721436,
      "min_entry_seconds_left": 90,
      "max_entry_seconds_left": 150
    },
    {
      "ts": "2026-09-18T16:15:48.886067Z",
      "slug": "btc-updown-5m-1789748100",
      "status": "skip_too_early_to_enter",
      "seconds_left": 251.11394119262695,
      "min_entry_seconds_left": 90,
      "max_entry_seconds_left": 150
    },
    {
      "ts": "2026-09-18T16:15:54.721400Z",
      "slug": "btc-updown-5m-1789748100",
      "status": "skip_too_early_to_enter",
      "seconds_left": 245.27860403060913,
      "min_entry_seconds_left": 90,
      "max_entry_seconds_left": 150
    },
    {
      "ts": "2026-09-18T16:15:56.951810Z",
      "slug": "btc-updown-5m-1789748100",
      "status": "skip_too_early_to_enter",
      "seconds_left": 243.048198223114,
      "min_entry_seconds_left": 90,
      "max_entry_seconds_left": 150
    },
    {
      "ts": "2026-09-18T16:15:59.213069Z",
      "slug": "btc-updown-5m-1789748100",
      "status": "skip_too_early_to_enter",
      "seconds_left": 240.78693962097168,
      "min_entry_seconds_left": 90,
      "max_entry_seconds_left": 150
    },
    {
      "ts": "2026-09-18T16:16:01.439970Z",
      "slug": "btc-updown-5m-1789748100",
      "status": "skip_too_early_to_enter",
      "seconds_left": 238.56003880500793,
      "min_entry_seconds_left": 90,
      "max_entry_seconds_left": 150
    },
    {
      "ts": "2026-09-18T16:16:03.694467Z",
      "slug": "btc-updown-5m-1789748100",
      "status": "skip_too_early_to_enter",
      "seconds_left": 236.30554032325745,
      "min_entry_seconds_left": 90,
      "max_entry_seconds_left": 150
    },
    {
      "ts": "2026-09-18T16:16:05.902349Z",
      "slug": "btc-updown-5m-1789748100",
      "status": "skip_too_early_to_enter",
      "seconds_left": 234.09765934944153,
      "min_entry_seconds_left": 90,
      "max_entry_seconds_left": 150
    },
    {
      "ts": "2026-09-18T16:16:08.117397Z",
      "slug": "btc-updown-5m-1789748100",
      "status": "skip_too_early_to_enter",
      "seconds_left": 231.88260984420776,
      "min_entry_seconds_left": 90,
      "max_entry_seconds_left": 150
    },
    {
      "ts": "2026-09-18T16:16:10.336205Z",
      "slug": "btc-updown-5m-1789748100",
      "status": "skip_too_early_to_enter",
      "seconds_left": 229.6638023853302,
      "min_entry_seconds_left": 90,
      "max_entry_seconds_left": 150
    },
    {
      "ts": "2026-09-18T16:16:22.344233Z",
      "status": "heartbeat_no_current_market"
    },
    {
      "ts": "2026-09-18T16:16:24.577462Z",
      "slug": "btc-updown-5m-1789748100",
      "status": "skip_too_early_to_enter",
      "seconds_left": 215.422545671463,
      "min_entry_seconds_left": 90,
      "max_entry_seconds_left": 150
    },
    {
      "ts": "2026-09-18T16:16:30.408610Z",
      "slug": "btc-updown-5m-1789748100",
      "status": "skip_too_early_to_enter",
      "seconds_left": 209.59139847755432,
      "min_entry_seconds_left": 90,
      "max_entry_seconds_left": 150
    },
    {
      "ts": "2026-09-18T16:16:32.621192Z",
      "slug": "btc-updown-5m-1789748100",
      "status": "skip_too_early_to_enter",
      "seconds_left": 207.37881565093994,
      "min_entry_seconds_left": 90,
      "max_entry_seconds_left": 150
    },
    {
      "ts": "2026-09-18T16:16:34.864760Z",
      "slug": "btc-updown-5m-1789748100",
      "status": "skip_too_early_to_enter",
      "seconds_left": 205.135249376297,
      "min_entry_seconds_left": 90,
      "max_entry_seconds_left": 150
    },
    {
      "ts": "2026-09-18T16:16:37.089713Z",
      "slug": "btc-updown-5m-1789748100",
      "status": "skip_too_early_to_enter",
      "seconds_left": 202.91029405593872,
      "min_entry_seconds_left": 90,
      "max_entry_seconds_left": 150
    },
    {
      "ts": "2026-09-18T16:16:39.309438Z",
      "slug": "btc-updown-5m-1789748100",
      "status": "skip_too_early_to_enter",
      "seconds_left": 200.6905655860901,
      "min_entry_seconds_left": 90,
      "max_entry_seconds_left": 150
    },
    {
      "ts": "2026-09-18T16:16:41.534897Z",
      "slug": "btc-updown-5m-1789748100",
      "status": "skip_too_early_to_enter",
      "seconds_left": 198.4651062488556,
      "min_entry_seconds_left": 90,
      "max_entry_seconds_left": 150
    },
    {
      "ts": "2026-09-18T16:16:43.843778Z",
      "slug": "btc-updown-5m-1789748100",
      "status": "skip_too_early_to_enter",
      "seconds_left": 196.15622878074646,
      "min_entry_seconds_left": 90,
      "max_entry_seconds_left": 150
    },
    {
      "ts": "2026-09-18T16:16:46.407426Z",
      "slug": "btc-updown-5m-1789748100",
      "status": "skip_too_early_to_enter",
      "seconds_left": 193.5925784111023,
      "min_entry_seconds_left": 90,
      "max_entry_seconds_left": 150
    },
    {
      "ts": "2026-09-18T16:16:48.984268Z",
      "slug": "btc-updown-5m-1789748100",
      "status": "skip_too_early_to_enter",
      "seconds_left": 191.0157368183136,
      "min_entry_seconds_left": 90,
      "max_entry_seconds_left": 150
    },
    {
      "ts": "2026-09-18T16:16:51.544578Z",
      "slug": "btc-updown-5m-1789748100",
      "status": "skip_too_early_to_enter",
      "seconds_left": 188.4554305076599,
      "min_entry_seconds_left": 90,
      "max_entry_seconds_left": 150
    },
    {
      "ts": "2026-09-18T16:16:54.110520Z",
      "slug": "btc-updown-5m-1789748100",
      "status": "skip_too_early_to_enter",
      "seconds_left": 185.88948941230774,
      "min_entry_seconds_left": 90,
      "max_entry_seconds_left": 150
    },
    {
      "ts": "2026-09-18T16:16:56.716390Z",
      "slug": "btc-updown-5m-1789748100",
      "status": "skip_too_early_to_enter",
      "seconds_left": 183.28361773490906,
      "min_entry_seconds_left": 90,
      "max_entry_seconds_left": 150
    },
    {
      "ts": "2026-09-18T16:16:59.291518Z",
      "slug": "btc-updown-5m-1789748100",
      "status": "skip_too_early_to_enter",
      "seconds_left": 180.70848941802979,
      "min_entry_seconds_left": 90,
      "max_entry_seconds_left": 150
    },
    {
      "ts": "2026-09-18T16:17:01.865499Z",
      "slug": "btc-updown-5m-1789748100",
      "status": "skip_too_early_to_enter",
      "seconds_left": 178.1345088481903,
      "min_entry_seconds_left": 90,
      "max_entry_seconds_left": 150
    },
    {
      "ts": "2026-09-18T16:17:07.946817Z",
      "slug": "btc-updown-5m-1789748100",
      "status": "skip_too_early_to_enter",
      "seconds_left": 172.05319023132324,
      "min_entry_seconds_left": 90,
      "max_entry_seconds_left": 150
    },
    {
      "ts": "2026-09-18T16:17:10.513866Z",
      "slug": "btc-updown-5m-1789748100",
      "status": "skip_too_early_to_enter",
      "seconds_left": 169.48614120483398,
      "min_entry_seconds_left": 90,
      "max_entry_seconds_left": 150
    },
    {
      "ts": "2026-09-18T16:17:13.093717Z",
      "slug": "btc-updown-5m-1789748100",
      "status": "skip_too_early_to_enter",
      "seconds_left": 166.90628790855408,
      "min_entry_seconds_left": 90,
      "max_entry_seconds_left": 150
    },
    {
      "ts": "2026-09-18T16:17:15.671606Z",
      "slug": "btc-updown-5m-1789748100",
      "status": "skip_too_early_to_enter",
      "seconds_left": 164.3284022808075,
      "min_entry_seconds_left": 90,
      "max_entry_seconds_left": 150
    },
    {
      "ts": "2026-09-18T16:17:18.241727Z",
      "slug": "btc-updown-5m-1789748100",
      "status": "skip_too_early_to_enter",
      "seconds_left": 161.7582778930664,
      "min_entry_seconds_left": 90,
      "max_entry_seconds_left": 150
    },
    {
      "ts": "2026-09-18T16:17:20.810805Z",
      "slug": "btc-updown-5m-1789748100",
      "status": "skip_too_early_to_enter",
      "seconds_left": 159.18920302391052,
      "min_entry_seconds_left": 90,
      "max_entry_seconds_left": 150
    },
    {
      "ts": "2026-09-18T16:17:23.364939Z",
      "slug": "btc-updown-5m-1789748100",
      "status": "skip_too_early_to_enter",
      "seconds_left": 156.6350703239441,
      "min_entry_seconds_left": 90,
      "max_entry_seconds_left": 150
    },
    {
      "ts": "2026-09-18T16:17:25.943834Z",
      "slug": "btc-updown-5m-1789748100",
      "status": "skip_too_early_to_enter",
      "seconds_left": 154.05617380142212,
      "min_entry_seconds_left": 90,
      "max_entry_seconds_left": 150
    },
    {
      "ts": "2026-09-18T16:17:28.526759Z",
      "slug": "btc-updown-5m-1789748100",
      "status": "skip_too_early_to_enter",
      "seconds_left": 151.4732506275177,
      "min_entry_seconds_left": 90,
      "max_entry_seconds_left": 150
    },
    {
      "ts": "2026-09-18T16:17:32.515039Z",
      "slug": "btc-updown-5m-1789748100",
      "status": "heartbeat",
      "gamma_up": 0.485,
      "gamma_down": 0.515,
      "clob_up_ask": 0.93,
      "clob_down_ask": 0.07,
      "seconds_left": 148.9097044467926,
      "min_spread": 0.010000000000000009
    },
    {
      "ts": "2026-09-18T16:17:32.515129Z",
      "slug": "btc-updown-5m-1789748100",
      "status": "skip_ask_too_expensive",
      "threshold": 0.7,
      "max_ask": 0.85,
      "win_streak": 1,
      "clob_up_ask": 0.93,
      "clob_down_ask": 0.07,
      "seconds_left": 148.9097044467926,
      "trigger_price": 0.93
    },
    {
      "ts": "2026-09-18T16:17:35.985017Z",
      "slug": "btc-updown-5m-1789748100",
      "status": "heartbeat",
      "gamma_up": 0.485,
      "gamma_down": 0.515,
      "clob_up_ask": 0.94,
      "clob_down_ask": 0.07,
      "seconds_left": 144.91754722595215,
      "min_spread": 0.009999999999999898
    },
    {
      "ts": "2026-09-18T16:17:35.985046Z",
      "slug": "btc-updown-5m-1789748100",
      "status": "skip_ask_too_expensive",
      "threshold": 0.7,
      "max_ask": 0.85,
      "win_streak": 1,
      "clob_up_ask": 0.94,
      "clob_down_ask": 0.07,
      "seconds_left": 144.91754722595215,
      "trigger_price": 0.94
    },
    {
      "ts": "2026-09-18T16:17:43.047518Z",
      "slug": "btc-updown-5m-1789748100",
      "status": "heartbeat",
      "gamma_up": 0.485,
      "gamma_down": 0.515,
      "clob_up_ask": 0.93,
      "clob_down_ask": 0.08,
      "seconds_left": 137.8335280418396,
      "min_spread": 0.009999999999999995
    },
    {
      "ts": "2026-09-18T16:17:43.047548Z",
      "slug": "btc-updown-5m-1789748100",
      "status": "skip_ask_too_expensive",
      "threshold": 0.7,
      "max_ask": 0.85,
      "win_streak": 1,
      "clob_up_ask": 0.93,
      "clob_down_ask": 0.08,
      "seconds_left": 137.8335280418396,
      "trigger_price": 0.93
    },
    {
      "ts": "2026-09-18T16:17:46.520490Z",
      "slug": "btc-updown-5m-1789748100",
      "status": "heartbeat",
      "gamma_up": 0.485,
      "gamma_down": 0.515,
      "clob_up_ask": 0.94,
      "clob_down_ask": 0.07,
      "seconds_left": 134.35143184661865,
      "min_spread": 0.009999999999999898
    },
    {
      "ts": "2026-09-18T16:17:46.520524Z",
      "slug": "btc-updown-5m-1789748100",
      "status": "skip_ask_too_expensive",
      "threshold": 0.7,
      "max_ask": 0.85,
      "win_streak": 1,
      "clob_up_ask": 0.94,
      "clob_down_ask": 0.07,
      "seconds_left": 134.35143184661865,
      "trigger_price": 0.94
    },
    {
      "ts": "2026-09-18T16:17:49.988341Z",
      "slug": "btc-updown-5m-1789748100",
      "status": "heartbeat",
      "gamma_up": 0.485,
      "gamma_down": 0.515,
      "clob_up_ask": 0.88,
      "clob_down_ask": 0.12,
      "seconds_left": 130.89625239372253,
      "min_spread": 0.009999999999999995
    },
    {
      "ts": "2026-09-18T16:17:49.988371Z",
      "slug": "btc-updown-5m-1789748100",
      "status": "skip_ask_too_expensive",
      "threshold": 0.7,
      "max_ask": 0.85,
      "win_streak": 1,
      "clob_up_ask": 0.88,
      "clob_down_ask": 0.12,
      "seconds_left": 130.89625239372253,
      "trigger_price": 0.88
    },
    {
      "ts": "2026-09-18T16:17:53.446217Z",
      "slug": "btc-updown-5m-1789748100",
      "status": "heartbeat",
      "gamma_up": 0.485,
      "gamma_down": 0.515,
      "clob_up_ask": 0.92,
      "clob_down_ask": 0.09,
      "seconds_left": 127.43855571746826,
      "min_spread": 0.009999999999999995
    },
    {
      "ts": "2026-09-18T16:17:53.446247Z",
      "slug": "btc-updown-5m-1789748100",
      "status": "skip_ask_too_expensive",
      "threshold": 0.7,
      "max_ask": 0.85,
      "win_streak": 1,
      "clob_up_ask": 0.92,
      "clob_down_ask": 0.09,
      "seconds_left": 127.43855571746826,
      "trigger_price": 0.92
    },
    {
      "ts": "2026-09-18T16:17:56.895502Z",
      "slug": "btc-updown-5m-1789748100",
      "status": "heartbeat",
      "gamma_up": 0.485,
      "gamma_down": 0.515,
      "clob_up_ask": 0.93,
      "clob_down_ask": 0.08,
      "seconds_left": 123.99202799797058,
      "min_spread": 0.009999999999999995
    },
    {
      "ts": "2026-09-18T16:17:56.895565Z",
      "slug": "btc-updown-5m-1789748100",
      "status": "skip_ask_too_expensive",
      "threshold": 0.7,
      "max_ask": 0.85,
      "win_streak": 1,
      "clob_up_ask": 0.93,
      "clob_down_ask": 0.08,
      "seconds_left": 123.99202799797058,
      "trigger_price": 0.93
    },
    {
      "ts": "2026-09-18T16:18:00.415574Z",
      "slug": "btc-updown-5m-1789748100",
      "status": "heartbeat",
      "gamma_up": 0.485,
      "gamma_down": 0.515,
      "clob_up_ask": 0.86,
      "clob_down_ask": 0.15,
      "seconds_left": 120.49260926246643,
      "min_spread": 0.009999999999999981
    },
    {
      "ts": "2026-09-18T16:18:00.415601Z",
      "slug": "btc-updown-5m-1789748100",
      "status": "skip_ask_too_expensive",
      "threshold": 0.7,
      "max_ask": 0.85,
      "win_streak": 1,
      "clob_up_ask": 0.86,
      "clob_down_ask": 0.15,
      "seconds_left": 120.49260926246643,
      "trigger_price": 0.86
    },
    {
      "ts": "2026-09-18T16:18:03.890045Z",
      "slug": "btc-updown-5m-1789748100",
      "status": "heartbeat",
      "gamma_up": 0.485,
      "gamma_down": 0.515,
      "clob_up_ask": 0.94,
      "clob_down_ask": 0.07,
      "seconds_left": 117.00556564331055,
      "min_spread": 0.009999999999999898
    },
    {
      "ts": "2026-09-18T16:18:03.890072Z",
      "slug": "btc-updown-5m-1789748100",
      "status": "skip_ask_too_expensive",
      "threshold": 0.7,
      "max_ask": 0.85,
      "win_streak": 1,
      "clob_up_ask": 0.94,
      "clob_down_ask": 0.07,
      "seconds_left": 117.00556564331055,
      "trigger_price": 0.94
    },
    {
      "ts": "2026-09-18T16:18:07.604196Z",
      "slug": "btc-updown-5m-1789748100",
      "status": "heartbeat",
      "gamma_up": 0.485,
      "gamma_down": 0.515,
      "clob_up_ask": 0.87,
      "clob_down_ask": 0.13,
      "seconds_left": 113.28375315666199,
      "min_spread": 0.010000000000000009
    },
    {
      "ts": "2026-09-18T16:18:07.604265Z",
      "slug": "btc-updown-5m-1789748100",
      "status": "skip_ask_too_expensive",
      "threshold": 0.7,
      "max_ask": 0.85,
      "win_streak": 1,
      "clob_up_ask": 0.87,
      "clob_down_ask": 0.13,
      "seconds_left": 113.28375315666199,
      "trigger_price": 0.87
    },
    {
      "ts": "2026-09-18T16:18:11.057943Z",
      "slug": "btc-updown-5m-1789748100",
      "status": "heartbeat",
      "gamma_up": 0.485,
      "gamma_down": 0.515,
      "clob_up_ask": 0.93,
      "clob_down_ask": 0.08,
      "seconds_left": 109.82853984832764,
      "min_spread": 0.009999999999999995
    },
    {
      "ts": "2026-09-18T16:18:11.057973Z",
      "slug": "btc-updown-5m-1789748100",
      "status": "skip_ask_too_expensive",
      "threshold": 0.7,
      "max_ask": 0.85,
      "win_streak": 1,
      "clob_up_ask": 0.93,
      "clob_down_ask": 0.08,
      "seconds_left": 109.82853984832764,
      "trigger_price": 0.93
    },
    {
      "ts": "2026-09-18T16:18:14.549989Z",
      "slug": "btc-updown-5m-1789748100",
      "status": "heartbeat",
      "gamma_up": 0.485,
      "gamma_down": 0.515,
      "clob_up_ask": 0.93,
      "clob_down_ask": 0.08,
      "seconds_left": 106.34071254730225,
      "min_spread": 0.009999999999999995
    },
    {
      "ts": "2026-09-18T16:18:14.550020Z",
      "slug": "btc-updown-5m-1789748100",
      "status": "skip_ask_too_expensive",
      "threshold": 0.7,
      "max_ask": 0.85,
      "win_streak": 1,
      "clob_up_ask": 0.93,
      "clob_down_ask": 0.08,
      "seconds_left": 106.34071254730225,
      "trigger_price": 0.93
    },
    {
      "ts": "2026-09-18T16:18:21.625546Z",
      "slug": "btc-updown-5m-1789748100",
      "status": "heartbeat",
      "gamma_up": 0.485,
      "gamma_down": 0.515,
      "clob_up_ask": 0.96,
      "clob_down_ask": 0.05,
      "seconds_left": 99.27854466438293,
      "min_spread": 0.010000000000000002
    },
    {
      "ts": "2026-09-18T16:18:21.625575Z",
      "slug": "btc-updown-5m-1789748100",
      "status": "skip_ask_too_expensive",
      "threshold": 0.7,
      "max_ask": 0.85,
      "win_streak": 1,
      "clob_up_ask": 0.96,
      "clob_down_ask": 0.05,
      "seconds_left": 99.27854466438293,
      "trigger_price": 0.96
    },
    {
      "ts": "2026-09-18T16:18:25.368711Z",
      "slug": "btc-updown-5m-1789748100",
      "status": "heartbeat",
      "gamma_up": 0.485,
      "gamma_down": 0.515,
      "clob_up_ask": 0.98,
      "clob_down_ask": 0.03,
      "seconds_left": 95.5304811000824,
      "min_spread": 0.009999999999999998
    },
    {
      "ts": "2026-09-18T16:18:25.368742Z",
      "slug": "btc-updown-5m-1789748100",
      "status": "skip_ask_too_expensive",
      "threshold": 0.7,
      "max_ask": 0.85,
      "win_streak": 1,
      "clob_up_ask": 0.98,
      "clob_down_ask": 0.03,
      "seconds_left": 95.5304811000824,
      "trigger_price": 0.98
    },
    {
      "ts": "2026-09-18T16:18:28.835334Z",
      "slug": "btc-updown-5m-1789748100",
      "status": "heartbeat",
      "gamma_up": 0.485,
      "gamma_down": 0.515,
      "clob_up_ask": 0.98,
      "clob_down_ask": 0.02,
      "seconds_left": 92.05590915679932,
      "min_spread": 0.01
    },
    {
      "ts": "2026-09-18T16:18:28.835365Z",
      "slug": "btc-updown-5m-1789748100",
      "status": "skip_ask_too_expensive",
      "threshold": 0.7,
      "max_ask": 0.85,
      "win_streak": 1,
      "clob_up_ask": 0.98,
      "clob_down_ask": 0.02,
      "seconds_left": 92.05590915679932,
      "trigger_price": 0.98
    },
    {
      "ts": "2026-09-18T16:18:31.406327Z",
      "slug": "btc-updown-5m-1789748100",
      "status": "skip_too_late_to_enter",
      "seconds_left": 88.59368658065796,
      "min_entry_seconds_left": 90,
      "max_entry_seconds_left": 150
    },
    {
      "ts": "2026-09-18T16:18:43.415525Z",
      "status": "heartbeat_no_current_market"
    },
    {
      "ts": "2026-09-18T16:18:45.977128Z",
      "slug": "btc-updown-5m-1789748100",
      "status": "skip_too_late_to_enter",
      "seconds_left": 74.022878408432,
      "min_entry_seconds_left": 90,
      "max_entry_seconds_left": 150
    },
    {
      "ts": "2026-09-18T16:18:48.540694Z",
      "slug": "btc-updown-5m-1789748100",
      "status": "skip_too_late_to_enter",
      "seconds_left": 71.45931196212769,
      "min_entry_seconds_left": 90,
      "max_entry_seconds_left": 150
    },
    {
      "ts": "2026-09-18T16:18:54.721709Z",
      "slug": "btc-updown-5m-1789748100",
      "status": "skip_too_late_to_enter",
      "seconds_left": 65.2782952785492,
      "min_entry_seconds_left": 90,
      "max_entry_seconds_left": 150
    },
    {
      "ts": "2026-09-18T16:18:57.279992Z",
      "slug": "btc-updown-5m-1789748100",
      "status": "skip_too_late_to_enter",
      "seconds_left": 62.72001242637634,
      "min_entry_seconds_left": 90,
      "max_entry_seconds_left": 150
    },
    {
      "ts": "2026-09-18T16:18:59.848084Z",
      "slug": "btc-updown-5m-1789748100",
      "status": "skip_too_late_to_enter",
      "seconds_left": 60.151978492736816,
      "min_entry_seconds_left": 90,
      "max_entry_seconds_left": 150
    },
    {
      "ts": "2026-09-18T16:19:02.420963Z",
      "slug": "btc-updown-5m-1789748100",
      "status": "skip_too_late_to_enter",
      "seconds_left": 57.579041719436646,
      "min_entry_seconds_left": 90,
      "max_entry_seconds_left": 150
    },
    {
      "ts": "2026-09-18T16:19:04.987379Z",
      "slug": "btc-updown-5m-1789748100",
      "status": "skip_too_late_to_enter",
      "seconds_left": 55.01262879371643,
      "min_entry_seconds_left": 90,
      "max_entry_seconds_left": 150
    },
    {
      "ts": "2026-09-18T16:19:07.554273Z",
      "slug": "btc-updown-5m-1789748100",
      "status": "skip_too_late_to_enter",
      "seconds_left": 52.44573354721069,
      "min_entry_seconds_left": 90,
      "max_entry_seconds_left": 150
    },
    {
      "ts": "2026-09-18T16:19:10.114528Z",
      "slug": "btc-updown-5m-1789748100",
      "status": "skip_too_late_to_enter",
      "seconds_left": 49.88547611236572,
      "min_entry_seconds_left": 90,
      "max_entry_seconds_left": 150
    },
    {
      "ts": "2026-09-18T16:19:12.688570Z",
      "slug": "btc-updown-5m-1789748100",
      "status": "skip_too_late_to_enter",
      "seconds_left": 47.31143856048584,
      "min_entry_seconds_left": 90,
      "max_entry_seconds_left": 150
    },
    {
      "ts": "2026-09-18T16:19:15.273367Z",
      "slug": "btc-updown-5m-1789748100",
      "status": "skip_too_late_to_enter",
      "seconds_left": 44.72664403915405,
      "min_entry_seconds_left": 90,
      "max_entry_seconds_left": 150
    },
    {
      "ts": "2026-09-18T16:19:17.851070Z",
      "slug": "btc-updown-5m-1789748100",
      "status": "skip_too_late_to_enter",
      "seconds_left": 42.14893817901611,
      "min_entry_seconds_left": 90,
      "max_entry_seconds_left": 150
    },
    {
      "ts": "2026-09-18T16:19:20.410252Z",
      "slug": "btc-updown-5m-1789748100",
      "status": "skip_too_late_to_enter",
      "seconds_left": 39.58975267410278,
      "min_entry_seconds_left": 90,
      "max_entry_seconds_left": 150
    },
    {
      "ts": "2026-09-18T16:19:22.972333Z",
      "slug": "btc-updown-5m-1789748100",
      "status": "skip_too_late_to_enter",
      "seconds_left": 37.02767062187195,
      "min_entry_seconds_left": 90,
      "max_entry_seconds_left": 150
    },
    {
      "ts": "2026-09-18T16:19:25.556599Z",
      "slug": "btc-updown-5m-1789748100",
      "status": "skip_too_late_to_enter",
      "seconds_left": 34.44340944290161,
      "min_entry_seconds_left": 90,
      "max_entry_seconds_left": 150
    },
    {
      "ts": "2026-09-18T16:19:31.728610Z",
      "slug": "btc-updown-5m-1789748100",
      "status": "skip_too_late_to_enter",
      "seconds_left": 28.271398067474365,
      "min_entry_seconds_left": 90,
      "max_entry_seconds_left": 150
    },
    {
      "ts": "2026-09-18T16:19:34.298019Z",
      "slug": "btc-updown-5m-1789748100",
      "status": "skip_too_late_to_enter",
      "seconds_left": 25.701988458633423,
      "min_entry_seconds_left": 90,
      "max_entry_seconds_left": 150
    },
    {
      "ts": "2026-09-18T16:19:36.868801Z",
      "slug": "btc-updown-5m-1789748100",
      "status": "skip_too_late_to_enter",
      "seconds_left": 23.13120746612549,
      "min_entry_seconds_left": 90,
      "max_entry_seconds_left": 150
    },
    {
      "ts": "2026-09-18T16:19:39.437215Z",
      "slug": "btc-updown-5m-1789748100",
      "status": "skip_too_late_to_enter",
      "seconds_left": 20.56278896331787,
      "min_entry_seconds_left": 90,
      "max_entry_seconds_left": 150
    },
    {
      "ts": "2026-09-18T16:19:42.009078Z",
      "slug": "btc-updown-5m-1789748100",
      "status": "skip_too_late_to_enter",
      "seconds_left": 17.990927696228027,
      "min_entry_seconds_left": 90,
      "max_entry_seconds_left": 150
    },
    {
      "ts": "2026-09-18T16:19:44.565798Z",
      "slug": "btc-updown-5m-1789748100",
      "status": "skip_too_late_to_enter",
      "seconds_left": 15.434209823608398,
      "min_entry_seconds_left": 90,
      "max_entry_seconds_left": 150
    },
    {
      "ts": "2026-09-18T16:19:47.134193Z",
      "slug": "btc-updown-5m-1789748100",
      "status": "skip_too_late_to_enter",
      "seconds_left": 12.86581540107727,
      "min_entry_seconds_left": 90,
      "max_entry_seconds_left": 150
    },
    {
      "ts": "2026-09-18T16:19:49.697458Z",
      "slug": "btc-updown-5m-1789748100",
      "status": "skip_too_late_to_enter",
      "seconds_left": 10.302550554275513,
      "min_entry_seconds_left": 90,
      "max_entry_seconds_left": 150
    },
    {
      "ts": "2026-09-18T16:19:52.256592Z",
      "slug": "btc-updown-5m-1789748100",
      "status": "skip_too_late_to_enter",
      "seconds_left": 7.7434163093566895,
      "min_entry_seconds_left": 90,
      "max_entry_seconds_left": 150
    },
    {
      "ts": "2026-09-18T16:19:54.813096Z",
      "slug": "btc-updown-5m-1789748100",
      "status": "skip_too_late_to_enter",
      "seconds_left": 5.1869072914123535,
      "min_entry_seconds_left": 90,
      "max_entry_seconds_left": 150
    },
    {
      "ts": "2026-09-18T16:19:57.395042Z",
      "status": "heartbeat_no_current_market"
    },
    {
      "ts": "2026-09-18T16:20:00.005677Z",
      "status": "heartbeat_no_current_market"
    },
    {
      "ts": "2026-09-18T16:20:02.589622Z",
      "slug": "btc-updown-5m-1789748400",
      "status": "skip_too_early_to_enter",
      "seconds_left": 297.4103853702545,
      "min_entry_seconds_left": 90,
      "max_entry_seconds_left": 150
    },
    {
      "ts": "2026-09-18T16:20:08.771054Z",
      "slug": "btc-updown-5m-1789748400",
      "status": "skip_too_early_to_enter",
      "seconds_left": 291.2289547920227,
      "min_entry_seconds_left": 90,
      "max_entry_seconds_left": 150
    },
    {
      "ts": "2026-09-18T16:20:20.777418Z",
      "status": "heartbeat_no_current_market"
    },
    {
      "ts": "2026-09-18T16:20:23.351828Z",
      "slug": "btc-updown-5m-1789748400",
      "status": "skip_too_early_to_enter",
      "seconds_left": 276.6481761932373,
      "min_entry_seconds_left": 90,
      "max_entry_seconds_left": 150
    },
    {
      "ts": "2026-09-18T16:20:25.928433Z",
      "slug": "btc-updown-5m-1789748400",
      "status": "skip_too_early_to_enter",
      "seconds_left": 274.07157254219055,
      "min_entry_seconds_left": 90,
      "max_entry_seconds_left": 150
    },
    {
      "ts": "2026-09-18T16:20:28.491522Z",
      "slug": "btc-updown-5m-1789748400",
      "status": "skip_too_early_to_enter",
      "seconds_left": 271.50848603248596,
      "min_entry_seconds_left": 90,
      "max_entry_seconds_left": 150
    },
    {
      "ts": "2026-09-18T16:20:31.069621Z",
      "slug": "btc-updown-5m-1789748400",
      "status": "skip_too_early_to_enter",
      "seconds_left": 268.9303843975067,
      "min_entry_seconds_left": 90,
      "max_entry_seconds_left": 150
    },
    {
      "ts": "2026-09-18T16:20:33.639116Z",
      "slug": "btc-updown-5m-1789748400",
      "status": "skip_too_early_to_enter",
      "seconds_left": 266.3608911037445,
      "min_entry_seconds_left": 90,
      "max_entry_seconds_left": 150
    },
    {
      "ts": "2026-09-18T16:20:36.224872Z",
      "slug": "btc-updown-5m-1789748400",
      "status": "skip_too_early_to_enter",
      "seconds_left": 263.7751362323761,
      "min_entry_seconds_left": 90,
      "max_entry_seconds_left": 150
    },
    {
      "ts": "2026-09-18T16:20:38.800682Z",
      "slug": "btc-updown-5m-1789748400",
      "status": "skip_too_early_to_enter",
      "seconds_left": 261.1993262767792,
      "min_entry_seconds_left": 90,
      "max_entry_seconds_left": 150
    },
    {
      "ts": "2026-09-18T16:20:45.006375Z",
      "slug": "btc-updown-5m-1789748400",
      "status": "skip_too_early_to_enter",
      "seconds_left": 254.9936327934265,
      "min_entry_seconds_left": 90,
      "max_entry_seconds_left": 150
    },
    {
      "ts": "2026-09-18T16:20:47.602006Z",
      "slug": "btc-updown-5m-1789748400",
      "status": "skip_too_early_to_enter",
      "seconds_left": 252.39800238609314,
      "min_entry_seconds_left": 90,
      "max_entry_seconds_left": 150
    },
    {
      "ts": "2026-09-18T16:20:50.175938Z",
      "slug": "btc-updown-5m-1789748400",
      "status": "skip_too_early_to_enter",
      "seconds_left": 249.82406973838806,
      "min_entry_seconds_left": 90,
      "max_entry_seconds_left": 150
    },
    {
      "ts": "2026-09-18T16:20:52.749741Z",
      "slug": "btc-updown-5m-1789748400",
      "status": "skip_too_early_to_enter",
      "seconds_left": 247.25026321411133,
      "min_entry_seconds_left": 90,
      "max_entry_seconds_left": 150
    },
    {
      "ts": "2026-09-18T16:20:55.345263Z",
      "slug": "btc-updown-5m-1789748400",
      "status": "skip_too_early_to_enter",
      "seconds_left": 244.65474319458008,
      "min_entry_seconds_left": 90,
      "max_entry_seconds_left": 150
    },
    {
      "ts": "2026-09-18T16:20:57.918756Z",
      "slug": "btc-updown-5m-1789748400",
      "status": "skip_too_early_to_enter",
      "seconds_left": 242.08125257492065,
      "min_entry_seconds_left": 90,
      "max_entry_seconds_left": 150
    },
    {
      "ts": "2026-09-18T16:21:00.526886Z",
      "slug": "btc-updown-5m-1789748400",
      "status": "skip_too_early_to_enter",
      "seconds_left": 239.47312355041504,
      "min_entry_seconds_left": 90,
      "max_entry_seconds_left": 150
    },
    {
      "ts": "2026-09-18T16:21:02.749112Z",
      "slug": "btc-updown-5m-1789748400",
      "status": "skip_too_early_to_enter",
      "seconds_left": 237.25089597702026,
      "min_entry_seconds_left": 90,
      "max_entry_seconds_left": 150
    },
    {
      "ts": "2026-09-18T16:21:04.978248Z",
      "slug": "btc-updown-5m-1789748400",
      "status": "skip_too_early_to_enter",
      "seconds_left": 235.02176070213318,
      "min_entry_seconds_left": 90,
      "max_entry_seconds_left": 150
    },
    {
      "ts": "2026-09-18T16:21:07.195671Z",
      "slug": "btc-updown-5m-1789748400",
      "status": "skip_too_early_to_enter",
      "seconds_left": 232.8043339252472,
      "min_entry_seconds_left": 90,
      "max_entry_seconds_left": 150
    },
    {
      "ts": "2026-09-18T16:21:09.421113Z",
      "slug": "btc-updown-5m-1789748400",
      "status": "skip_too_early_to_enter",
      "seconds_left": 230.57889604568481,
      "min_entry_seconds_left": 90,
      "max_entry_seconds_left": 150
    },
    {
      "ts": "2026-09-18T16:21:11.640762Z",
      "slug": "btc-updown-5m-1789748400",
      "status": "skip_too_early_to_enter",
      "seconds_left": 228.3592460155487,
      "min_entry_seconds_left": 90,
      "max_entry_seconds_left": 150
    },
    {
      "ts": "2026-09-18T16:21:13.879073Z",
      "slug": "btc-updown-5m-1789748400",
      "status": "skip_too_early_to_enter",
      "seconds_left": 226.12093544006348,
      "min_entry_seconds_left": 90,
      "max_entry_seconds_left": 150
    },
    {
      "ts": "2026-09-18T16:21:19.777579Z",
      "slug": "btc-updown-5m-1789748400",
      "status": "skip_too_early_to_enter",
      "seconds_left": 220.22242999076843,
      "min_entry_seconds_left": 90,
      "max_entry_seconds_left": 150
    },
    {
      "ts": "2026-09-18T16:21:21.993213Z",
      "slug": "btc-updown-5m-1789748400",
      "status": "skip_too_early_to_enter",
      "seconds_left": 218.00679469108582,
      "min_entry_seconds_left": 90,
      "max_entry_seconds_left": 150
    },
    {
      "ts": "2026-09-18T16:21:24.222550Z",
      "slug": "btc-updown-5m-1789748400",
      "status": "skip_too_early_to_enter",
      "seconds_left": 215.77745819091797,
      "min_entry_seconds_left": 90,
      "max_entry_seconds_left": 150
    },
    {
      "ts": "2026-09-18T16:21:26.621007Z",
      "slug": "btc-updown-5m-1789748400",
      "status": "skip_too_early_to_enter",
      "seconds_left": 213.37899899482727,
      "min_entry_seconds_left": 90,
      "max_entry_seconds_left": 150
    },
    {
      "ts": "2026-09-18T16:21:28.847710Z",
      "slug": "btc-updown-5m-1789748400",
      "status": "skip_too_early_to_enter",
      "seconds_left": 211.1522979736328,
      "min_entry_seconds_left": 90,
      "max_entry_seconds_left": 150
    },
    {
      "ts": "2026-09-18T16:21:31.081765Z",
      "slug": "btc-updown-5m-1789748400",
      "status": "skip_too_early_to_enter",
      "seconds_left": 208.91823863983154,
      "min_entry_seconds_left": 90,
      "max_entry_seconds_left": 150
    },
    {
      "ts": "2026-09-18T16:21:33.311873Z",
      "slug": "btc-updown-5m-1789748400",
      "status": "skip_too_early_to_enter",
      "seconds_left": 206.68813180923462,
      "min_entry_seconds_left": 90,
      "max_entry_seconds_left": 150
    },
    {
      "ts": "2026-09-18T16:21:35.599664Z",
      "slug": "btc-updown-5m-1789748400",
      "status": "skip_too_early_to_enter",
      "seconds_left": 204.4003438949585,
      "min_entry_seconds_left": 90,
      "max_entry_seconds_left": 150
    },
    {
      "ts": "2026-09-18T16:21:37.849119Z",
      "slug": "btc-updown-5m-1789748400",
      "status": "skip_too_early_to_enter",
      "seconds_left": 202.15088939666748,
      "min_entry_seconds_left": 90,
      "max_entry_seconds_left": 150
    },
    {
      "ts": "2026-09-18T16:21:40.062505Z",
      "slug": "btc-updown-5m-1789748400",
      "status": "skip_too_early_to_enter",
      "seconds_left": 199.9375033378601,
      "min_entry_seconds_left": 90,
      "max_entry_seconds_left": 150
    },
    {
      "ts": "2026-09-18T16:21:42.288472Z",
      "slug": "btc-updown-5m-1789748400",
      "status": "skip_too_early_to_enter",
      "seconds_left": 197.71153450012207,
      "min_entry_seconds_left": 90,
      "max_entry_seconds_left": 150
    },
    {
      "ts": "2026-09-18T16:21:44.513661Z",
      "slug": "btc-updown-5m-1789748400",
      "status": "skip_too_early_to_enter",
      "seconds_left": 195.486346244812,
      "min_entry_seconds_left": 90,
      "max_entry_seconds_left": 150
    },
    {
      "ts": "2026-09-18T16:21:46.748330Z",
      "slug": "btc-updown-5m-1789748400",
      "status": "skip_too_early_to_enter",
      "seconds_left": 193.25167727470398,
      "min_entry_seconds_left": 90,
      "max_entry_seconds_left": 150
    },
    {
      "ts": "2026-09-18T16:21:48.966944Z",
      "slug": "btc-updown-5m-1789748400",
      "status": "skip_too_early_to_enter",
      "seconds_left": 191.03306484222412,
      "min_entry_seconds_left": 90,
      "max_entry_seconds_left": 150
    },
    {
      "ts": "2026-09-18T16:21:54.827034Z",
      "slug": "btc-updown-5m-1789748400",
      "status": "skip_too_early_to_enter",
      "seconds_left": 185.17297458648682,
      "min_entry_seconds_left": 90,
      "max_entry_seconds_left": 150
    },
    {
      "ts": "2026-09-18T16:22:06.831151Z",
      "status": "heartbeat_no_current_market"
    },
    {
      "ts": "2026-09-18T16:22:09.061351Z",
      "slug": "btc-updown-5m-1789748400",
      "status": "skip_too_early_to_enter",
      "seconds_left": 170.93865728378296,
      "min_entry_seconds_left": 90,
      "max_entry_seconds_left": 150
    },
    {
      "ts": "2026-09-18T16:22:11.281069Z",
      "slug": "btc-updown-5m-1789748400",
      "status": "skip_too_early_to_enter",
      "seconds_left": 168.71893548965454,
      "min_entry_seconds_left": 90,
      "max_entry_seconds_left": 150
    },
    {
      "ts": "2026-09-18T16:22:13.505998Z",
      "slug": "btc-updown-5m-1789748400",
      "status": "skip_too_early_to_enter",
      "seconds_left": 166.49401092529297,
      "min_entry_seconds_left": 90,
      "max_entry_seconds_left": 150
    },
    {
      "ts": "2026-09-18T16:22:15.737748Z",
      "slug": "btc-updown-5m-1789748400",
      "status": "skip_too_early_to_enter",
      "seconds_left": 164.26232814788818,
      "min_entry_seconds_left": 90,
      "max_entry_seconds_left": 150
    },
    {
      "ts": "2026-09-18T16:22:17.963947Z",
      "slug": "btc-updown-5m-1789748400",
      "status": "skip_too_early_to_enter",
      "seconds_left": 162.03606247901917,
      "min_entry_seconds_left": 90,
      "max_entry_seconds_left": 150
    },
    {
      "ts": "2026-09-18T16:22:20.190080Z",
      "slug": "btc-updown-5m-1789748400",
      "status": "skip_too_early_to_enter",
      "seconds_left": 159.8099250793457,
      "min_entry_seconds_left": 90,
      "max_entry_seconds_left": 150
    },
    {
      "ts": "2026-09-18T16:22:22.411341Z",
      "slug": "btc-updown-5m-1789748400",
      "status": "skip_too_early_to_enter",
      "seconds_left": 157.58866691589355,
      "min_entry_seconds_left": 90,
      "max_entry_seconds_left": 150
    },
    {
      "ts": "2026-09-18T16:22:24.626859Z",
      "slug": "btc-updown-5m-1789748400",
      "status": "skip_too_early_to_enter",
      "seconds_left": 155.37321853637695,
      "min_entry_seconds_left": 90,
      "max_entry_seconds_left": 150
    },
    {
      "ts": "2026-09-18T16:22:26.853238Z",
      "slug": "btc-updown-5m-1789748400",
      "status": "skip_too_early_to_enter",
      "seconds_left": 153.14677119255066,
      "min_entry_seconds_left": 90,
      "max_entry_seconds_left": 150
    },
    {
      "ts": "2026-09-18T16:22:33.448460Z",
      "slug": "btc-updown-5m-1789748400",
      "status": "heartbeat",
      "gamma_up": 0.555,
      "gamma_down": 0.445,
      "clob_up_ask": 0.46,
      "clob_down_ask": 0.55,
      "seconds_left": 147.288152217865,
      "min_spread": 0.010000000000000009
    },
    {
      "ts": "2026-09-18T16:22:33.448493Z",
      "slug": "btc-updown-5m-1789748400",
      "status": "skip_price_below_threshold",
      "threshold": 0.7,
      "max_ask": 0.85,
      "win_streak": 1,
      "clob_up_ask": 0.46,
      "clob_down_ask": 0.55,
      "seconds_left": 147.288152217865,
      "trigger_price": null
    },
    {
      "ts": "2026-09-18T16:22:36.221489Z",
      "slug": "btc-updown-5m-1789748400",
      "status": "heartbeat",
      "gamma_up": 0.555,
      "gamma_down": 0.445,
      "clob_up_ask": 0.39,
      "clob_down_ask": 0.61,
      "seconds_left": 144.33152413368225,
      "min_spread": 0.010000000000000009
    },
    {
      "ts": "2026-09-18T16:22:36.221514Z",
      "slug": "btc-updown-5m-1789748400",
      "status": "skip_price_below_threshold",
      "threshold": 0.7,
      "max_ask": 0.85,
      "win_streak": 1,
      "clob_up_ask": 0.39,
      "clob_down_ask": 0.61,
      "seconds_left": 144.33152413368225,
      "trigger_price": null
    },
    {
      "ts": "2026-09-18T16:22:39.016147Z",
      "slug": "btc-updown-5m-1789748400",
      "status": "heartbeat",
      "gamma_up": 0.555,
      "gamma_down": 0.445,
      "clob_up_ask": 0.47,
      "clob_down_ask": 0.55,
      "seconds_left": 141.54561495780945,
      "min_spread": 0.009999999999999953
    },
    {
      "ts": "2026-09-18T16:22:39.016162Z",
      "slug": "btc-updown-5m-1789748400",
      "status": "skip_price_below_threshold",
      "threshold": 0.7,
      "max_ask": 0.85,
      "win_streak": 1,
      "clob_up_ask": 0.47,
      "clob_down_ask": 0.55,
      "seconds_left": 141.54561495780945,
      "trigger_price": null
    },
    {
      "ts": "2026-09-18T16:22:41.802154Z",
      "slug": "btc-updown-5m-1789748400",
      "status": "heartbeat",
      "gamma_up": 0.555,
      "gamma_down": 0.445,
      "clob_up_ask": 0.45,
      "clob_down_ask": 0.57,
      "seconds_left": 138.77072739601135,
      "min_spread": 0.009999999999999898
    },
    {
      "ts": "2026-09-18T16:22:41.802179Z",
      "slug": "btc-updown-5m-1789748400",
      "status": "skip_price_below_threshold",
      "threshold": 0.7,
      "max_ask": 0.85,
      "win_streak": 1,
      "clob_up_ask": 0.45,
      "clob_down_ask": 0.57,
      "seconds_left": 138.77072739601135,
      "trigger_price": null
    },
    {
      "ts": "2026-09-18T16:22:44.578562Z",
      "slug": "btc-updown-5m-1789748400",
      "status": "heartbeat",
      "gamma_up": 0.555,
      "gamma_down": 0.445,
      "clob_up_ask": 0.55,
      "clob_down_ask": 0.46,
      "seconds_left": 135.97936749458313,
      "min_spread": 0.010000000000000009
    },
    {
      "ts": "2026-09-18T16:22:44.578589Z",
      "slug": "btc-updown-5m-1789748400",
      "status": "skip_price_below_threshold",
      "threshold": 0.7,
      "max_ask": 0.85,
      "win_streak": 1,
      "clob_up_ask": 0.55,
      "clob_down_ask": 0.46,
      "seconds_left": 135.97936749458313,
      "trigger_price": null
    },
    {
      "ts": "2026-09-18T16:22:47.373652Z",
      "slug": "btc-updown-5m-1789748400",
      "status": "heartbeat",
      "gamma_up": 0.555,
      "gamma_down": 0.445,
      "clob_up_ask": 0.57,
      "clob_down_ask": 0.45,
      "seconds_left": 133.18024325370789,
      "min_spread": 0.009999999999999898
    },
    {
      "ts": "2026-09-18T16:22:47.373675Z",
      "slug": "btc-updown-5m-1789748400",
      "status": "skip_price_below_threshold",
      "threshold": 0.7,
      "max_ask": 0.85,
      "win_streak": 1,
      "clob_up_ask": 0.57,
      "clob_down_ask": 0.45,
      "seconds_left": 133.18024325370789,
      "trigger_price": null
    },
    {
      "ts": "2026-09-18T16:22:50.144468Z",
      "slug": "btc-updown-5m-1789748400",
      "status": "heartbeat",
      "gamma_up": 0.555,
      "gamma_down": 0.445,
      "clob_up_ask": 0.54,
      "clob_down_ask": 0.47,
      "seconds_left": 130.40836119651794,
      "min_spread": 0.009999999999999953
    },
    {
      "ts": "2026-09-18T16:22:50.144491Z",
      "slug": "btc-updown-5m-1789748400",
      "status": "skip_price_below_threshold",
      "threshold": 0.7,
      "max_ask": 0.85,
      "win_streak": 1,
      "clob_up_ask": 0.54,
      "clob_down_ask": 0.47,
      "seconds_left": 130.40836119651794,
      "trigger_price": null
    },
    {
      "ts": "2026-09-18T16:22:52.922054Z",
      "slug": "btc-updown-5m-1789748400",
      "status": "heartbeat",
      "gamma_up": 0.555,
      "gamma_down": 0.445,
      "clob_up_ask": 0.56,
      "clob_down_ask": 0.45,
      "seconds_left": 127.60955905914307,
      "min_spread": 0.010000000000000009
    },
    {
      "ts": "2026-09-18T16:22:52.922081Z",
      "slug": "btc-updown-5m-1789748400",
      "status": "skip_price_below_threshold",
      "threshold": 0.7,
      "max_ask": 0.85,
      "win_streak": 1,
      "clob_up_ask": 0.56,
      "clob_down_ask": 0.45,
      "seconds_left": 127.60955905914307,
      "trigger_price": null
    },
    {
      "ts": "2026-09-18T16:22:55.713573Z",
      "slug": "btc-updown-5m-1789748400",
      "status": "heartbeat",
      "gamma_up": 0.555,
      "gamma_down": 0.445,
      "clob_up_ask": 0.59,
      "clob_down_ask": 0.43,
      "seconds_left": 124.83990383148193,
      "min_spread": 0.010000000000000009
    },
    {
      "ts": "2026-09-18T16:22:55.713600Z",
      "slug": "btc-updown-5m-1789748400",
      "status": "skip_price_below_threshold",
      "threshold": 0.7,
      "max_ask": 0.85,
      "win_streak": 1,
      "clob_up_ask": 0.59,
      "clob_down_ask": 0.43,
      "seconds_left": 124.83990383148193,
      "trigger_price": null
    },
    {
      "ts": "2026-09-18T16:22:58.492947Z",
      "slug": "btc-updown-5m-1789748400",
      "status": "heartbeat",
      "gamma_up": 0.555,
      "gamma_down": 0.445,
      "clob_up_ask": 0.54,
      "clob_down_ask": 0.47,
      "seconds_left": 122.06461882591248,
      "min_spread": 0.009999999999999953
    },
    {
      "ts": "2026-09-18T16:22:58.492974Z",
      "slug": "btc-updown-5m-1789748400",
      "status": "skip_price_below_threshold",
      "threshold": 0.7,
      "max_ask": 0.85,
      "win_streak": 1,
      "clob_up_ask": 0.54,
      "clob_down_ask": 0.47,
      "seconds_left": 122.06461882591248,
      "trigger_price": null
    },
    {
      "ts": "2026-09-18T16:23:01.263612Z",
      "slug": "btc-updown-5m-1789748400",
      "status": "heartbeat",
      "gamma_up": 0.555,
      "gamma_down": 0.445,
      "clob_up_ask": 0.54,
      "clob_down_ask": 0.48,
      "seconds_left": 119.29088521003723,
      "min_spread": 0.010000000000000009
    },
    {
      "ts": "2026-09-18T16:23:01.263636Z",
      "slug": "btc-updown-5m-1789748400",
      "status": "skip_price_below_threshold",
      "threshold": 0.7,
      "max_ask": 0.85,
      "win_streak": 1,
      "clob_up_ask": 0.54,
      "clob_down_ask": 0.48,
      "seconds_left": 119.29088521003723,
      "trigger_price": null
    },
    {
      "ts": "2026-09-18T16:23:07.634942Z",
      "slug": "btc-updown-5m-1789748400",
      "status": "heartbeat",
      "gamma_up": 0.555,
      "gamma_down": 0.445,
      "clob_up_ask": 0.55,
      "clob_down_ask": 0.46,
      "seconds_left": 112.93765115737915,
      "min_spread": 0.010000000000000009
    },
    {
      "ts": "2026-09-18T16:23:07.634965Z",
      "slug": "btc-updown-5m-1789748400",
      "status": "skip_price_below_threshold",
      "threshold": 0.7,
      "max_ask": 0.85,
      "win_streak": 1,
      "clob_up_ask": 0.55,
      "clob_down_ask": 0.46,
      "seconds_left": 112.93765115737915,
      "trigger_price": null
    },
    {
      "ts": "2026-09-18T16:23:10.496751Z",
      "slug": "btc-updown-5m-1789748400",
      "status": "heartbeat",
      "gamma_up": 0.555,
      "gamma_down": 0.445,
      "clob_up_ask": 0.43,
      "clob_down_ask": 0.58,
      "seconds_left": 110.05076766014099,
      "min_spread": 0.010000000000000009
    },
    {
      "ts": "2026-09-18T16:23:10.496774Z",
      "slug": "btc-updown-5m-1789748400",
      "status": "skip_price_below_threshold",
      "threshold": 0.7,
      "max_ask": 0.85,
      "win_streak": 1,
      "clob_up_ask": 0.43,
      "clob_down_ask": 0.58,
      "seconds_left": 110.05076766014099,
      "trigger_price": null
    },
    {
      "ts": "2026-09-18T16:23:13.268797Z",
      "slug": "btc-updown-5m-1789748400",
      "status": "heartbeat",
      "gamma_up": 0.555,
      "gamma_down": 0.445,
      "clob_up_ask": 0.52,
      "clob_down_ask": 0.49,
      "seconds_left": 107.26651096343994,
      "min_spread": 0.010000000000000009
    },
    {
      "ts": "2026-09-18T16:23:13.268825Z",
      "slug": "btc-updown-5m-1789748400",
      "status": "skip_price_below_threshold",
      "threshold": 0.7,
      "max_ask": 0.85,
      "win_streak": 1,
      "clob_up_ask": 0.52,
      "clob_down_ask": 0.49,
      "seconds_left": 107.26651096343994,
      "trigger_price": null
    },
    {
      "ts": "2026-09-18T16:23:16.035141Z",
      "slug": "btc-updown-5m-1789748400",
      "status": "heartbeat",
      "gamma_up": 0.555,
      "gamma_down": 0.445,
      "clob_up_ask": 0.52,
      "clob_down_ask": 0.45,
      "seconds_left": 104.50679016113281,
      "min_spread": 0.010000000000000009
    },
    {
      "ts": "2026-09-18T16:23:16.035168Z",
      "slug": "btc-updown-5m-1789748400",
      "status": "skip_price_below_threshold",
      "threshold": 0.7,
      "max_ask": 0.85,
      "win_streak": 1,
      "clob_up_ask": 0.52,
      "clob_down_ask": 0.45,
      "seconds_left": 104.50679016113281,
      "trigger_price": null
    },
    {
      "ts": "2026-09-18T16:23:18.801469Z",
      "slug": "btc-updown-5m-1789748400",
      "status": "heartbeat",
      "gamma_up": 0.555,
      "gamma_down": 0.445,
      "clob_up_ask": 0.48,
      "clob_down_ask": 0.55,
      "seconds_left": 101.73626017570496,
      "min_spread": 0.02999999999999997
    },
    {
      "ts": "2026-09-18T16:23:18.801495Z",
      "slug": "btc-updown-5m-1789748400",
      "status": "skip_price_below_threshold",
      "threshold": 0.7,
      "max_ask": 0.85,
      "win_streak": 1,
      "clob_up_ask": 0.48,
      "clob_down_ask": 0.55,
      "seconds_left": 101.73626017570496,
      "trigger_price": null
    },
    {
      "ts": "2026-09-18T16:23:21.680115Z",
      "slug": "btc-updown-5m-1789748400",
      "status": "heartbeat",
      "gamma_up": 0.555,
      "gamma_down": 0.445,
      "clob_up_ask": 0.47,
      "clob_down_ask": 0.54,
      "seconds_left": 98.8671944141388,
      "min_spread": 0.009999999999999953
    },
    {
      "ts": "2026-09-18T16:23:21.680161Z",
      "slug": "btc-updown-5m-1789748400",
      "status": "skip_price_below_threshold",
      "threshold": 0.7,
      "max_ask": 0.85,
      "win_streak": 1,
      "clob_up_ask": 0.47,
      "clob_down_ask": 0.54,
      "seconds_left": 98.8671944141388,
      "trigger_price": null
    },
    {
      "ts": "2026-09-18T16:23:25.516394Z",
      "slug": "btc-updown-5m-1789748400",
      "status": "heartbeat",
      "gamma_up": 0.555,
      "gamma_down": 0.445,
      "clob_up_ask": 0.28,
      "clob_down_ask": 0.79,
      "seconds_left": 95.40483498573303,
      "min_spread": 0.010000000000000009
    },
    {
      "ts": "2026-09-18T16:23:30.194351Z",
      "slug": "btc-updown-5m-1789748400",
      "status": "skip_too_late_to_enter",
      "seconds_left": 89.80566167831421,
      "min_entry_seconds_left": 90,
      "max_entry_seconds_left": 150
    },
    {
      "ts": "2026-09-18T16:23:32.792562Z",
      "slug": "btc-updown-5m-1789748400",
      "status": "skip_too_late_to_enter",
      "seconds_left": 87.20744609832764,
      "min_entry_seconds_left": 90,
      "max_entry_seconds_left": 150
    },
    {
      "ts": "2026-09-18T16:23:48.331044Z",
      "status": "heartbeat_no_current_market"
    },
    {
      "ts": "2026-09-18T16:23:50.931486Z",
      "slug": "btc-updown-5m-1789748400",
      "status": "skip_too_late_to_enter",
      "seconds_left": 69.06852102279663,
      "min_entry_seconds_left": 90,
      "max_entry_seconds_left": 150
    },
    {
      "ts": "2026-09-18T16:23:53.522669Z",
      "slug": "btc-updown-5m-1789748400",
      "status": "skip_too_late_to_enter",
      "seconds_left": 66.47734022140503,
      "min_entry_seconds_left": 90,
      "max_entry_seconds_left": 150
    },
    {
      "ts": "2026-09-18T16:23:56.119138Z",
      "slug": "btc-updown-5m-1789748400",
      "status": "skip_too_late_to_enter",
      "seconds_left": 63.88087010383606,
      "min_entry_seconds_left": 90,
      "max_entry_seconds_left": 150
    },
    {
      "ts": "2026-09-18T16:23:58.738093Z",
      "slug": "btc-updown-5m-1789748400",
      "status": "skip_too_late_to_enter",
      "seconds_left": 61.26191544532776,
      "min_entry_seconds_left": 90,
      "max_entry_seconds_left": 150
    },
    {
      "ts": "2026-09-18T16:24:01.320552Z",
      "slug": "btc-updown-5m-1789748400",
      "status": "skip_too_late_to_enter",
      "seconds_left": 58.67945647239685,
      "min_entry_seconds_left": 90,
      "max_entry_seconds_left": 150
    },
    {
      "ts": "2026-09-18T16:24:03.915194Z",
      "slug": "btc-updown-5m-1789748400",
      "status": "skip_too_late_to_enter",
      "seconds_left": 56.08484101295471,
      "min_entry_seconds_left": 90,
      "max_entry_seconds_left": 150
    },
    {
      "ts": "2026-09-18T16:24:06.531262Z",
      "slug": "btc-updown-5m-1789748400",
      "status": "skip_too_late_to_enter",
      "seconds_left": 53.468745946884155,
      "min_entry_seconds_left": 90,
      "max_entry_seconds_left": 150
    },
    {
      "ts": "2026-09-18T16:24:09.118053Z",
      "slug": "btc-updown-5m-1789748400",
      "status": "skip_too_late_to_enter",
      "seconds_left": 50.88195586204529,
      "min_entry_seconds_left": 90,
      "max_entry_seconds_left": 150
    },
    {
      "ts": "2026-09-18T16:24:11.701157Z",
      "slug": "btc-updown-5m-1789748400",
      "status": "skip_too_late_to_enter",
      "seconds_left": 48.29885244369507,
      "min_entry_seconds_left": 90,
      "max_entry_seconds_left": 150
    },
    {
      "ts": "2026-09-18T16:24:14.284226Z",
      "slug": "btc-updown-5m-1789748400",
      "status": "skip_too_late_to_enter",
      "seconds_left": 45.715781927108765,
      "min_entry_seconds_left": 90,
      "max_entry_seconds_left": 150
    },
    {
      "ts": "2026-09-18T16:24:20.485825Z",
      "slug": "btc-updown-5m-1789748400",
      "status": "skip_too_late_to_enter",
      "seconds_left": 39.51418328285217,
      "min_entry_seconds_left": 90,
      "max_entry_seconds_left": 150
    },
    {
      "ts": "2026-09-18T16:24:23.114408Z",
      "slug": "btc-updown-5m-1789748400",
      "status": "skip_too_late_to_enter",
      "seconds_left": 36.88559818267822,
      "min_entry_seconds_left": 90,
      "max_entry_seconds_left": 150
    },
    {
      "ts": "2026-09-18T16:24:25.682474Z",
      "slug": "btc-updown-5m-1789748400",
      "status": "skip_too_late_to_enter",
      "seconds_left": 34.3175311088562,
      "min_entry_seconds_left": 90,
      "max_entry_seconds_left": 150
    },
    {
      "ts": "2026-09-18T16:24:28.259979Z",
      "slug": "btc-updown-5m-1789748400",
      "status": "skip_too_late_to_enter",
      "seconds_left": 31.740028858184814,
      "min_entry_seconds_left": 90,
      "max_entry_seconds_left": 150
    },
    {
      "ts": "2026-09-19T01:05:05.356791Z",
      "status": "heartbeat_no_current_market"
    }
  ],
  "last_open_try": "{\"mode\": \"open\", \"execute\": true, \"market_slug\": \"btc-updown-5m-1789748400\", \"force_side\": \"DOWN\", \"token_id\": \"24321689228592381656040606266994164881670836193272389672981399337243577331622\", \"entry_price\": 0.77, \"notional_usd\": 5.0, \"top_ask_notional_usd\": 4.62, \"skipped\": \"thin_top_ask\", \"order_post_result\": {\"success\": false, \"status\": \"skipped\", \"errorMsg\": \"thin_top_ask\"}}\n\n",
  "finished_at": "2026-09-19T01:05:44.611299Z",
  "result": "no_entry_timeout"
}
[2026-09-19T01:05:44Z] session_end rc=0 sessions=7 stake_usd=5
