[py_clob_client_v2] request error status=400 url=https://clob.polymarket.com/auth/api-key body={"error":"Could not create api key"}

[py_clob_client_v2] request error status=400 url=https://clob.polymarket.com/auth/api-key body={"error":"Could not create api key"}

request error status=400 url=https://clob.polymarket.com/auth/api-key body={"error":"Could not create api key"}

{
  "started_at": "2026-09-18T03:58:51.805811Z",
  "params": {
    "profile": "conservative",
    "threshold": 0.7,
    "stake_usd": 5.0,
    "stop_loss_pct": 0.25,
    "exit_before_sec": 20,
    "min_entry_seconds_left": 90,
    "max_entry_seconds_left": 150,
    "entry_timeout_min": 20,
    "poll_sec": 2.0,
    "max_ask": 0.85,
    "expensive_ask": 0.8,
    "expensive_after_wins": 3,
    "clob_cut_bid": 0.4,
    "close_retry_max": 30,
    "close_retry_delay_sec": 2.0,
    "no_gamma_sl": false,
    "execute": true,
    "win_streak": 6
  },
  "attempts": [
    {
      "ts": "2026-09-18T03:58:52.094827Z",
      "slug": "btc-updown-5m-1789703700",
      "status": "skip_too_late_to_enter",
      "seconds_left": 67.90518450737,
      "min_entry_seconds_left": 90,
      "max_entry_seconds_left": 150
    },
    {
      "ts": "2026-09-18T03:58:54.445154Z",
      "slug": "btc-updown-5m-1789703700",
      "status": "skip_too_late_to_enter",
      "seconds_left": 65.55485725402832,
      "min_entry_seconds_left": 90,
      "max_entry_seconds_left": 150
    },
    {
      "ts": "2026-09-18T03:58:56.755765Z",
      "slug": "btc-updown-5m-1789703700",
      "status": "skip_too_late_to_enter",
      "seconds_left": 63.24424362182617,
      "min_entry_seconds_left": 90,
      "max_entry_seconds_left": 150
    },
    {
      "ts": "2026-09-18T03:58:59.035858Z",
      "slug": "btc-updown-5m-1789703700",
      "status": "skip_too_late_to_enter",
      "seconds_left": 60.96414875984192,
      "min_entry_seconds_left": 90,
      "max_entry_seconds_left": 150
    },
    {
      "ts": "2026-09-18T03:59:01.325244Z",
      "slug": "btc-updown-5m-1789703700",
      "status": "skip_too_late_to_enter",
      "seconds_left": 58.67476034164429,
      "min_entry_seconds_left": 90,
      "max_entry_seconds_left": 150
    },
    {
      "ts": "2026-09-18T03:59:03.716202Z",
      "slug": "btc-updown-5m-1789703700",
      "status": "skip_too_late_to_enter",
      "seconds_left": 56.28380513191223,
      "min_entry_seconds_left": 90,
      "max_entry_seconds_left": 150
    },
    {
      "ts": "2026-09-18T03:59:05.997420Z",
      "slug": "btc-updown-5m-1789703700",
      "status": "skip_too_late_to_enter",
      "seconds_left": 54.00258827209473,
      "min_entry_seconds_left": 90,
      "max_entry_seconds_left": 150
    },
    {
      "ts": "2026-09-18T03:59:08.287054Z",
      "slug": "btc-updown-5m-1789703700",
      "status": "skip_too_late_to_enter",
      "seconds_left": 51.71295404434204,
      "min_entry_seconds_left": 90,
      "max_entry_seconds_left": 150
    },
    {
      "ts": "2026-09-18T03:59:10.608934Z",
      "slug": "btc-updown-5m-1789703700",
      "status": "skip_too_late_to_enter",
      "seconds_left": 49.39107346534729,
      "min_entry_seconds_left": 90,
      "max_entry_seconds_left": 150
    },
    {
      "ts": "2026-09-18T03:59:12.911360Z",
      "slug": "btc-updown-5m-1789703700",
      "status": "skip_too_late_to_enter",
      "seconds_left": 47.08864736557007,
      "min_entry_seconds_left": 90,
      "max_entry_seconds_left": 150
    },
    {
      "ts": "2026-09-18T03:59:15.361021Z",
      "slug": "btc-updown-5m-1789703700",
      "status": "skip_too_late_to_enter",
      "seconds_left": 44.63898730278015,
      "min_entry_seconds_left": 90,
      "max_entry_seconds_left": 150
    },
    {
      "ts": "2026-09-18T03:59:17.658733Z",
      "slug": "btc-updown-5m-1789703700",
      "status": "skip_too_late_to_enter",
      "seconds_left": 42.34130549430847,
      "min_entry_seconds_left": 90,
      "max_entry_seconds_left": 150
    },
    {
      "ts": "2026-09-18T03:59:19.942857Z",
      "slug": "btc-updown-5m-1789703700",
      "status": "skip_too_late_to_enter",
      "seconds_left": 40.05715227127075,
      "min_entry_seconds_left": 90,
      "max_entry_seconds_left": 150
    },
    {
      "ts": "2026-09-18T03:59:25.240660Z",
      "slug": "btc-updown-5m-1789703700",
      "status": "skip_too_late_to_enter",
      "seconds_left": 34.75934720039368,
      "min_entry_seconds_left": 90,
      "max_entry_seconds_left": 150
    },
    {
      "ts": "2026-09-18T03:59:27.538175Z",
      "slug": "btc-updown-5m-1789703700",
      "status": "skip_too_late_to_enter",
      "seconds_left": 32.46183395385742,
      "min_entry_seconds_left": 90,
      "max_entry_seconds_left": 150
    },
    {
      "ts": "2026-09-18T03:59:29.874672Z",
      "slug": "btc-updown-5m-1789703700",
      "status": "skip_too_late_to_enter",
      "seconds_left": 30.125335216522217,
      "min_entry_seconds_left": 90,
      "max_entry_seconds_left": 150
    },
    {
      "ts": "2026-09-18T03:59:32.163281Z",
      "slug": "btc-updown-5m-1789703700",
      "status": "skip_too_late_to_enter",
      "seconds_left": 27.836726427078247,
      "min_entry_seconds_left": 90,
      "max_entry_seconds_left": 150
    },
    {
      "ts": "2026-09-18T03:59:34.466442Z",
      "slug": "btc-updown-5m-1789703700",
      "status": "skip_too_late_to_enter",
      "seconds_left": 25.53356647491455,
      "min_entry_seconds_left": 90,
      "max_entry_seconds_left": 150
    },
    {
      "ts": "2026-09-18T03:59:36.765310Z",
      "slug": "btc-updown-5m-1789703700",
      "status": "skip_too_late_to_enter",
      "seconds_left": 23.234696865081787,
      "min_entry_seconds_left": 90,
      "max_entry_seconds_left": 150
    },
    {
      "ts": "2026-09-18T03:59:39.059461Z",
      "slug": "btc-updown-5m-1789703700",
      "status": "skip_too_late_to_enter",
      "seconds_left": 20.94054675102234,
      "min_entry_seconds_left": 90,
      "max_entry_seconds_left": 150
    },
    {
      "ts": "2026-09-18T03:59:41.345442Z",
      "slug": "btc-updown-5m-1789703700",
      "status": "skip_too_late_to_enter",
      "seconds_left": 18.654567003250122,
      "min_entry_seconds_left": 90,
      "max_entry_seconds_left": 150
    },
    {
      "ts": "2026-09-18T03:59:43.643901Z",
      "slug": "btc-updown-5m-1789703700",
      "status": "skip_too_late_to_enter",
      "seconds_left": 16.356107234954834,
      "min_entry_seconds_left": 90,
      "max_entry_seconds_left": 150
    },
    {
      "ts": "2026-09-18T03:59:45.935341Z",
      "slug": "btc-updown-5m-1789703700",
      "status": "skip_too_late_to_enter",
      "seconds_left": 14.06466794013977,
      "min_entry_seconds_left": 90,
      "max_entry_seconds_left": 150
    },
    {
      "ts": "2026-09-18T03:59:48.262632Z",
      "slug": "btc-updown-5m-1789703700",
      "status": "skip_too_late_to_enter",
      "seconds_left": 11.737372875213623,
      "min_entry_seconds_left": 90,
      "max_entry_seconds_left": 150
    },
    {
      "ts": "2026-09-18T03:59:50.609415Z",
      "slug": "btc-updown-5m-1789703700",
      "status": "skip_too_late_to_enter",
      "seconds_left": 9.390592813491821,
      "min_entry_seconds_left": 90,
      "max_entry_seconds_left": 150
    },
    {
      "ts": "2026-09-18T03:59:52.920474Z",
      "slug": "btc-updown-5m-1789703700",
      "status": "skip_too_late_to_enter",
      "seconds_left": 7.079537391662598,
      "min_entry_seconds_left": 90,
      "max_entry_seconds_left": 150
    },
    {
      "ts": "2026-09-18T03:59:55.210923Z",
      "status": "heartbeat_no_current_market"
    },
    {
      "ts": "2026-09-18T04:00:00.602933Z",
      "slug": "btc-updown-5m-1789704000",
      "status": "skip_too_early_to_enter",
      "seconds_left": 299.39707612991333,
      "min_entry_seconds_left": 90,
      "max_entry_seconds_left": 150
    },
    {
      "ts": "2026-09-18T04:00:02.938699Z",
      "slug": "btc-updown-5m-1789704000",
      "status": "skip_too_early_to_enter",
      "seconds_left": 297.06130814552307,
      "min_entry_seconds_left": 90,
      "max_entry_seconds_left": 150
    },
    {
      "ts": "2026-09-18T04:00:05.520066Z",
      "slug": "btc-updown-5m-1789704000",
      "status": "skip_too_early_to_enter",
      "seconds_left": 294.4799380302429,
      "min_entry_seconds_left": 90,
      "max_entry_seconds_left": 150
    },
    {
      "ts": "2026-09-18T04:00:07.815760Z",
      "slug": "btc-updown-5m-1789704000",
      "status": "skip_too_early_to_enter",
      "seconds_left": 292.18424582481384,
      "min_entry_seconds_left": 90,
      "max_entry_seconds_left": 150
    },
    {
      "ts": "2026-09-18T04:00:10.105690Z",
      "slug": "btc-updown-5m-1789704000",
      "status": "skip_too_early_to_enter",
      "seconds_left": 289.89431738853455,
      "min_entry_seconds_left": 90,
      "max_entry_seconds_left": 150
    },
    {
      "ts": "2026-09-18T04:00:12.424962Z",
      "slug": "btc-updown-5m-1789704000",
      "status": "skip_too_early_to_enter",
      "seconds_left": 287.57504630088806,
      "min_entry_seconds_left": 90,
      "max_entry_seconds_left": 150
    },
    {
      "ts": "2026-09-18T04:00:14.722121Z",
      "slug": "btc-updown-5m-1789704000",
      "status": "skip_too_early_to_enter",
      "seconds_left": 285.27788615226746,
      "min_entry_seconds_left": 90,
      "max_entry_seconds_left": 150
    },
    {
      "ts": "2026-09-18T04:00:17.014097Z",
      "slug": "btc-updown-5m-1789704000",
      "status": "skip_too_early_to_enter",
      "seconds_left": 282.98590993881226,
      "min_entry_seconds_left": 90,
      "max_entry_seconds_left": 150
    },
    {
      "ts": "2026-09-18T04:00:19.312054Z",
      "slug": "btc-updown-5m-1789704000",
      "status": "skip_too_early_to_enter",
      "seconds_left": 280.6879527568817,
      "min_entry_seconds_left": 90,
      "max_entry_seconds_left": 150
    },
    {
      "ts": "2026-09-18T04:00:21.608269Z",
      "slug": "btc-updown-5m-1789704000",
      "status": "skip_too_early_to_enter",
      "seconds_left": 278.391738653183,
      "min_entry_seconds_left": 90,
      "max_entry_seconds_left": 150
    },
    {
      "ts": "2026-09-18T04:00:23.903682Z",
      "slug": "btc-updown-5m-1789704000",
      "status": "skip_too_early_to_enter",
      "seconds_left": 276.0963222980499,
      "min_entry_seconds_left": 90,
      "max_entry_seconds_left": 150
    },
    {
      "ts": "2026-09-18T04:00:26.201789Z",
      "slug": "btc-updown-5m-1789704000",
      "status": "skip_too_early_to_enter",
      "seconds_left": 273.798219203949,
      "min_entry_seconds_left": 90,
      "max_entry_seconds_left": 150
    },
    {
      "ts": "2026-09-18T04:00:28.518550Z",
      "slug": "btc-updown-5m-1789704000",
      "status": "skip_too_early_to_enter",
      "seconds_left": 271.4814591407776,
      "min_entry_seconds_left": 90,
      "max_entry_seconds_left": 150
    },
    {
      "ts": "2026-09-18T04:00:30.817678Z",
      "slug": "btc-updown-5m-1789704000",
      "status": "skip_too_early_to_enter",
      "seconds_left": 269.18233013153076,
      "min_entry_seconds_left": 90,
      "max_entry_seconds_left": 150
    },
    {
      "ts": "2026-09-18T04:00:36.110022Z",
      "slug": "btc-updown-5m-1789704000",
      "status": "skip_too_early_to_enter",
      "seconds_left": 263.88998532295227,
      "min_entry_seconds_left": 90,
      "max_entry_seconds_left": 150
    },
    {
      "ts": "2026-09-18T04:00:38.423764Z",
      "slug": "btc-updown-5m-1789704000",
      "status": "skip_too_early_to_enter",
      "seconds_left": 261.576242685318,
      "min_entry_seconds_left": 90,
      "max_entry_seconds_left": 150
    },
    {
      "ts": "2026-09-18T04:00:40.740255Z",
      "slug": "btc-updown-5m-1789704000",
      "status": "skip_too_early_to_enter",
      "seconds_left": 259.25975275039673,
      "min_entry_seconds_left": 90,
      "max_entry_seconds_left": 150
    },
    {
      "ts": "2026-09-18T04:00:43.048763Z",
      "slug": "btc-updown-5m-1789704000",
      "status": "skip_too_early_to_enter",
      "seconds_left": 256.9512436389923,
      "min_entry_seconds_left": 90,
      "max_entry_seconds_left": 150
    },
    {
      "ts": "2026-09-18T04:00:45.431564Z",
      "slug": "btc-updown-5m-1789704000",
      "status": "skip_too_early_to_enter",
      "seconds_left": 254.56844305992126,
      "min_entry_seconds_left": 90,
      "max_entry_seconds_left": 150
    },
    {
      "ts": "2026-09-18T04:00:47.729269Z",
      "slug": "btc-updown-5m-1789704000",
      "status": "skip_too_early_to_enter",
      "seconds_left": 252.27073860168457,
      "min_entry_seconds_left": 90,
      "max_entry_seconds_left": 150
    },
    {
      "ts": "2026-09-18T04:00:50.050879Z",
      "slug": "btc-updown-5m-1789704000",
      "status": "skip_too_early_to_enter",
      "seconds_left": 249.94912838935852,
      "min_entry_seconds_left": 90,
      "max_entry_seconds_left": 150
    },
    {
      "ts": "2026-09-18T04:00:52.359951Z",
      "slug": "btc-updown-5m-1789704000",
      "status": "skip_too_early_to_enter",
      "seconds_left": 247.6400601863861,
      "min_entry_seconds_left": 90,
      "max_entry_seconds_left": 150
    },
    {
      "ts": "2026-09-18T04:00:54.836807Z",
      "slug": "btc-updown-5m-1789704000",
      "status": "skip_too_early_to_enter",
      "seconds_left": 245.1632010936737,
      "min_entry_seconds_left": 90,
      "max_entry_seconds_left": 150
    },
    {
      "ts": "2026-09-18T04:00:57.189704Z",
      "slug": "btc-updown-5m-1789704000",
      "status": "skip_too_early_to_enter",
      "seconds_left": 242.8103039264679,
      "min_entry_seconds_left": 90,
      "max_entry_seconds_left": 150
    },
    {
      "ts": "2026-09-18T04:00:59.561338Z",
      "slug": "btc-updown-5m-1789704000",
      "status": "skip_too_early_to_enter",
      "seconds_left": 240.43867206573486,
      "min_entry_seconds_left": 90,
      "max_entry_seconds_left": 150
    },
    {
      "ts": "2026-09-18T04:01:01.953747Z",
      "slug": "btc-updown-5m-1789704000",
      "status": "skip_too_early_to_enter",
      "seconds_left": 238.04626059532166,
      "min_entry_seconds_left": 90,
      "max_entry_seconds_left": 150
    },
    {
      "ts": "2026-09-18T04:01:04.360316Z",
      "slug": "btc-updown-5m-1789704000",
      "status": "skip_too_early_to_enter",
      "seconds_left": 235.63969111442566,
      "min_entry_seconds_left": 90,
      "max_entry_seconds_left": 150
    },
    {
      "ts": "2026-09-18T04:01:09.692055Z",
      "slug": "btc-updown-5m-1789704000",
      "status": "skip_too_early_to_enter",
      "seconds_left": 230.30795311927795,
      "min_entry_seconds_left": 90,
      "max_entry_seconds_left": 150
    },
    {
      "ts": "2026-09-18T04:01:12.118271Z",
      "slug": "btc-updown-5m-1789704000",
      "status": "skip_too_early_to_enter",
      "seconds_left": 227.8817367553711,
      "min_entry_seconds_left": 90,
      "max_entry_seconds_left": 150
    },
    {
      "ts": "2026-09-18T04:01:14.491863Z",
      "slug": "btc-updown-5m-1789704000",
      "status": "skip_too_early_to_enter",
      "seconds_left": 225.5081446170807,
      "min_entry_seconds_left": 90,
      "max_entry_seconds_left": 150
    },
    {
      "ts": "2026-09-18T04:01:16.960665Z",
      "slug": "btc-updown-5m-1789704000",
      "status": "skip_too_early_to_enter",
      "seconds_left": 223.03933930397034,
      "min_entry_seconds_left": 90,
      "max_entry_seconds_left": 150
    },
    {
      "ts": "2026-09-18T04:01:19.381272Z",
      "slug": "btc-updown-5m-1789704000",
      "status": "skip_too_early_to_enter",
      "seconds_left": 220.61873602867126,
      "min_entry_seconds_left": 90,
      "max_entry_seconds_left": 150
    },
    {
      "ts": "2026-09-18T04:01:21.877802Z",
      "slug": "btc-updown-5m-1789704000",
      "status": "skip_too_early_to_enter",
      "seconds_left": 218.12220191955566,
      "min_entry_seconds_left": 90,
      "max_entry_seconds_left": 150
    },
    {
      "ts": "2026-09-18T04:01:24.251492Z",
      "slug": "btc-updown-5m-1789704000",
      "status": "skip_too_early_to_enter",
      "seconds_left": 215.74851536750793,
      "min_entry_seconds_left": 90,
      "max_entry_seconds_left": 150
    },
    {
      "ts": "2026-09-18T04:01:26.610581Z",
      "slug": "btc-updown-5m-1789704000",
      "status": "skip_too_early_to_enter",
      "seconds_left": 213.3894271850586,
      "min_entry_seconds_left": 90,
      "max_entry_seconds_left": 150
    },
    {
      "ts": "2026-09-18T04:01:28.952254Z",
      "slug": "btc-updown-5m-1789704000",
      "status": "skip_too_early_to_enter",
      "seconds_left": 211.047753572464,
      "min_entry_seconds_left": 90,
      "max_entry_seconds_left": 150
    },
    {
      "ts": "2026-09-18T04:01:31.359222Z",
      "slug": "btc-updown-5m-1789704000",
      "status": "skip_too_early_to_enter",
      "seconds_left": 208.64078497886658,
      "min_entry_seconds_left": 90,
      "max_entry_seconds_left": 150
    },
    {
      "ts": "2026-09-18T04:01:33.658583Z",
      "slug": "btc-updown-5m-1789704000",
      "status": "skip_too_early_to_enter",
      "seconds_left": 206.3414249420166,
      "min_entry_seconds_left": 90,
      "max_entry_seconds_left": 150
    },
    {
      "ts": "2026-09-18T04:01:36.028541Z",
      "slug": "btc-updown-5m-1789704000",
      "status": "skip_too_early_to_enter",
      "seconds_left": 203.97146701812744,
      "min_entry_seconds_left": 90,
      "max_entry_seconds_left": 150
    },
    {
      "ts": "2026-09-18T04:01:38.446195Z",
      "slug": "btc-updown-5m-1789704000",
      "status": "skip_too_early_to_enter",
      "seconds_left": 201.5538091659546,
      "min_entry_seconds_left": 90,
      "max_entry_seconds_left": 150
    },
    {
      "ts": "2026-09-18T04:01:40.726609Z",
      "slug": "btc-updown-5m-1789704000",
      "status": "skip_too_early_to_enter",
      "seconds_left": 199.27339553833008,
      "min_entry_seconds_left": 90,
      "max_entry_seconds_left": 150
    },
    {
      "ts": "2026-09-18T04:02:01.103354Z",
      "slug": "btc-updown-5m-1789704000",
      "status": "skip_too_early_to_enter",
      "seconds_left": 178.89665412902832,
      "min_entry_seconds_left": 90,
      "max_entry_seconds_left": 150
    },
    {
      "ts": "2026-09-18T04:02:03.409510Z",
      "slug": "btc-updown-5m-1789704000",
      "status": "skip_too_early_to_enter",
      "seconds_left": 176.59049701690674,
      "min_entry_seconds_left": 90,
      "max_entry_seconds_left": 150
    },
    {
      "ts": "2026-09-18T04:02:05.699560Z",
      "slug": "btc-updown-5m-1789704000",
      "status": "skip_too_early_to_enter",
      "seconds_left": 174.30044412612915,
      "min_entry_seconds_left": 90,
      "max_entry_seconds_left": 150
    },
    {
      "ts": "2026-09-18T04:02:08.032956Z",
      "slug": "btc-updown-5m-1789704000",
      "status": "skip_too_early_to_enter",
      "seconds_left": 171.9670479297638,
      "min_entry_seconds_left": 90,
      "max_entry_seconds_left": 150
    },
    {
      "ts": "2026-09-18T04:02:10.379813Z",
      "slug": "btc-updown-5m-1789704000",
      "status": "skip_too_early_to_enter",
      "seconds_left": 169.6201949119568,
      "min_entry_seconds_left": 90,
      "max_entry_seconds_left": 150
    },
    {
      "ts": "2026-09-18T04:02:12.674185Z",
      "slug": "btc-updown-5m-1789704000",
      "status": "skip_too_early_to_enter",
      "seconds_left": 167.32582092285156,
      "min_entry_seconds_left": 90,
      "max_entry_seconds_left": 150
    },
    {
      "ts": "2026-09-18T04:02:14.969259Z",
      "slug": "btc-updown-5m-1789704000",
      "status": "skip_too_early_to_enter",
      "seconds_left": 165.03074550628662,
      "min_entry_seconds_left": 90,
      "max_entry_seconds_left": 150
    },
    {
      "ts": "2026-09-18T04:02:17.254145Z",
      "slug": "btc-updown-5m-1789704000",
      "status": "skip_too_early_to_enter",
      "seconds_left": 162.7458643913269,
      "min_entry_seconds_left": 90,
      "max_entry_seconds_left": 150
    },
    {
      "ts": "2026-09-18T04:02:22.492951Z",
      "slug": "btc-updown-5m-1789704000",
      "status": "skip_too_early_to_enter",
      "seconds_left": 157.50712871551514,
      "min_entry_seconds_left": 90,
      "max_entry_seconds_left": 150
    },
    {
      "ts": "2026-09-18T04:02:24.818108Z",
      "slug": "btc-updown-5m-1789704000",
      "status": "skip_too_early_to_enter",
      "seconds_left": 155.18189692497253,
      "min_entry_seconds_left": 90,
      "max_entry_seconds_left": 150
    },
    {
      "ts": "2026-09-18T04:02:27.270137Z",
      "slug": "btc-updown-5m-1789704000",
      "status": "skip_too_early_to_enter",
      "seconds_left": 152.7298719882965,
      "min_entry_seconds_left": 90,
      "max_entry_seconds_left": 150
    },
    {
      "ts": "2026-09-18T04:02:29.574455Z",
      "slug": "btc-updown-5m-1789704000",
      "status": "skip_too_early_to_enter",
      "seconds_left": 150.4255530834198,
      "min_entry_seconds_left": 90,
      "max_entry_seconds_left": 150
    },
    {
      "ts": "2026-09-18T04:02:33.722994Z",
      "slug": "btc-updown-5m-1789704000",
      "status": "heartbeat",
      "gamma_up": 0.505,
      "gamma_down": 0.495,
      "clob_up_ask": 0.86,
      "clob_down_ask": 0.15,
      "seconds_left": 147.76720905303955,
      "min_spread": 0.009999999999999981
    },
    {
      "ts": "2026-09-18T04:02:33.723059Z",
      "slug": "btc-updown-5m-1789704000",
      "status": "skip_ask_too_expensive",
      "threshold": 0.7,
      "max_ask": 0.85,
      "win_streak": 6,
      "clob_up_ask": 0.86,
      "clob_down_ask": 0.15,
      "seconds_left": 147.76720905303955,
      "trigger_price": 0.86
    },
    {
      "ts": "2026-09-18T04:02:36.845650Z",
      "slug": "btc-updown-5m-1789704000",
      "status": "heartbeat",
      "gamma_up": 0.505,
      "gamma_down": 0.495,
      "clob_up_ask": 0.86,
      "clob_down_ask": 0.15,
      "seconds_left": 143.83710145950317,
      "min_spread": 0.009999999999999981
    },
    {
      "ts": "2026-09-18T04:02:36.845683Z",
      "slug": "btc-updown-5m-1789704000",
      "status": "skip_ask_too_expensive",
      "threshold": 0.7,
      "max_ask": 0.85,
      "win_streak": 6,
      "clob_up_ask": 0.86,
      "clob_down_ask": 0.15,
      "seconds_left": 143.83710145950317,
      "trigger_price": 0.86
    },
    {
      "ts": "2026-09-18T04:02:39.810421Z",
      "slug": "btc-updown-5m-1789704000",
      "status": "heartbeat",
      "gamma_up": 0.505,
      "gamma_down": 0.495,
      "clob_up_ask": 0.88,
      "clob_down_ask": 0.13,
      "seconds_left": 140.84300661087036,
      "min_spread": 0.010000000000000009
    },
    {
      "ts": "2026-09-18T04:02:39.810448Z",
      "slug": "btc-updown-5m-1789704000",
      "status": "skip_ask_too_expensive",
      "threshold": 0.7,
      "max_ask": 0.85,
      "win_streak": 6,
      "clob_up_ask": 0.88,
      "clob_down_ask": 0.13,
      "seconds_left": 140.84300661087036,
      "trigger_price": 0.88
    },
    {
      "ts": "2026-09-18T04:02:42.831678Z",
      "slug": "btc-updown-5m-1789704000",
      "status": "heartbeat",
      "gamma_up": 0.665,
      "gamma_down": 0.335,
      "clob_up_ask": 0.89,
      "clob_down_ask": 0.12,
      "seconds_left": 137.78383898735046,
      "min_spread": 0.009999999999999995
    },
    {
      "ts": "2026-09-18T04:02:42.831707Z",
      "slug": "btc-updown-5m-1789704000",
      "status": "skip_ask_too_expensive",
      "threshold": 0.7,
      "max_ask": 0.85,
      "win_streak": 6,
      "clob_up_ask": 0.89,
      "clob_down_ask": 0.12,
      "seconds_left": 137.78383898735046,
      "trigger_price": 0.89
    },
    {
      "ts": "2026-09-18T04:02:45.908330Z",
      "slug": "btc-updown-5m-1789704000",
      "status": "heartbeat",
      "gamma_up": 0.665,
      "gamma_down": 0.335,
      "clob_up_ask": 0.9,
      "clob_down_ask": 0.11,
      "seconds_left": 134.87949585914612,
      "min_spread": 0.009999999999999995
    },
    {
      "ts": "2026-09-18T04:02:45.908346Z",
      "slug": "btc-updown-5m-1789704000",
      "status": "skip_ask_too_expensive",
      "threshold": 0.7,
      "max_ask": 0.85,
      "win_streak": 6,
      "clob_up_ask": 0.9,
      "clob_down_ask": 0.11,
      "seconds_left": 134.87949585914612,
      "trigger_price": 0.9
    },
    {
      "ts": "2026-09-18T04:02:48.824894Z",
      "slug": "btc-updown-5m-1789704000",
      "status": "heartbeat",
      "gamma_up": 0.665,
      "gamma_down": 0.335,
      "clob_up_ask": 0.9,
      "clob_down_ask": 0.11,
      "seconds_left": 131.78442311286926,
      "min_spread": 0.009999999999999995
    },
    {
      "ts": "2026-09-18T04:02:48.824914Z",
      "slug": "btc-updown-5m-1789704000",
      "status": "skip_ask_too_expensive",
      "threshold": 0.7,
      "max_ask": 0.85,
      "win_streak": 6,
      "clob_up_ask": 0.9,
      "clob_down_ask": 0.11,
      "seconds_left": 131.78442311286926,
      "trigger_price": 0.9
    },
    {
      "ts": "2026-09-18T04:02:51.743670Z",
      "slug": "btc-updown-5m-1789704000",
      "status": "heartbeat",
      "gamma_up": 0.665,
      "gamma_down": 0.335,
      "clob_up_ask": 0.92,
      "clob_down_ask": 0.09,
      "seconds_left": 128.8619966506958,
      "min_spread": 0.009999999999999995
    },
    {
      "ts": "2026-09-18T04:02:51.743704Z",
      "slug": "btc-updown-5m-1789704000",
      "status": "skip_ask_too_expensive",
      "threshold": 0.7,
      "max_ask": 0.85,
      "win_streak": 6,
      "clob_up_ask": 0.92,
      "clob_down_ask": 0.09,
      "seconds_left": 128.8619966506958,
      "trigger_price": 0.92
    },
    {
      "ts": "2026-09-18T04:02:57.641646Z",
      "slug": "btc-updown-5m-1789704000",
      "status": "heartbeat",
      "gamma_up": 0.665,
      "gamma_down": 0.335,
      "clob_up_ask": 0.93,
      "clob_down_ask": 0.08,
      "seconds_left": 122.99029231071472,
      "min_spread": 0.009999999999999995
    },
    {
      "ts": "2026-09-18T04:02:57.641677Z",
      "slug": "btc-updown-5m-1789704000",
      "status": "skip_ask_too_expensive",
      "threshold": 0.7,
      "max_ask": 0.85,
      "win_streak": 6,
      "clob_up_ask": 0.93,
      "clob_down_ask": 0.08,
      "seconds_left": 122.99029231071472,
      "trigger_price": 0.93
    },
    {
      "ts": "2026-09-18T04:03:00.551450Z",
      "slug": "btc-updown-5m-1789704000",
      "status": "heartbeat",
      "gamma_up": 0.665,
      "gamma_down": 0.335,
      "clob_up_ask": 0.93,
      "clob_down_ask": 0.09,
      "seconds_left": 120.05216956138611,
      "min_spread": 0.01999999999999999
    },
    {
      "ts": "2026-09-18T04:03:00.551475Z",
      "slug": "btc-updown-5m-1789704000",
      "status": "skip_ask_too_expensive",
      "threshold": 0.7,
      "max_ask": 0.85,
      "win_streak": 6,
      "clob_up_ask": 0.93,
      "clob_down_ask": 0.09,
      "seconds_left": 120.05216956138611,
      "trigger_price": 0.93
    },
    {
      "ts": "2026-09-18T04:03:03.614615Z",
      "slug": "btc-updown-5m-1789704000",
      "status": "heartbeat",
      "gamma_up": 0.665,
      "gamma_down": 0.335,
      "clob_up_ask": 0.91,
      "clob_down_ask": 0.1,
      "seconds_left": 117.01061248779297,
      "min_spread": 0.010000000000000009
    },
    {
      "ts": "2026-09-18T04:03:03.614646Z",
      "slug": "btc-updown-5m-1789704000",
      "status": "skip_ask_too_expensive",
      "threshold": 0.7,
      "max_ask": 0.85,
      "win_streak": 6,
      "clob_up_ask": 0.91,
      "clob_down_ask": 0.1,
      "seconds_left": 117.01061248779297,
      "trigger_price": 0.91
    },
    {
      "ts": "2026-09-18T04:03:06.577011Z",
      "slug": "btc-updown-5m-1789704000",
      "status": "heartbeat",
      "gamma_up": 0.665,
      "gamma_down": 0.335,
      "clob_up_ask": 0.82,
      "clob_down_ask": 0.17,
      "seconds_left": 114.06952548027039,
      "min_spread": 0.009999999999999898
    },
    {
      "ts": "2026-09-18T04:03:06.577039Z",
      "slug": "btc-updown-5m-1789704000",
      "status": "skip_expensive_after_wins",
      "threshold": 0.7,
      "max_ask": 0.85,
      "win_streak": 6,
      "clob_up_ask": 0.82,
      "clob_down_ask": 0.17,
      "seconds_left": 114.06952548027039,
      "trigger_price": 0.82
    },
    {
      "ts": "2026-09-18T04:03:09.531460Z",
      "slug": "btc-updown-5m-1789704000",
      "status": "heartbeat",
      "gamma_up": 0.665,
      "gamma_down": 0.335,
      "clob_up_ask": 0.86,
      "clob_down_ask": 0.14,
      "seconds_left": 111.09744501113892,
      "min_spread": 0.010000000000000009
    },
    {
      "ts": "2026-09-18T04:03:09.531543Z",
      "slug": "btc-updown-5m-1789704000",
      "status": "skip_ask_too_expensive",
      "threshold": 0.7,
      "max_ask": 0.85,
      "win_streak": 6,
      "clob_up_ask": 0.86,
      "clob_down_ask": 0.14,
      "seconds_left": 111.09744501113892,
      "trigger_price": 0.86
    },
    {
      "ts": "2026-09-18T04:03:12.476060Z",
      "slug": "btc-updown-5m-1789704000",
      "status": "heartbeat",
      "gamma_up": 0.665,
      "gamma_down": 0.335,
      "clob_up_ask": 0.84,
      "clob_down_ask": 0.17,
      "seconds_left": 108.13415455818176,
      "min_spread": 0.010000000000000009
    },
    {
      "ts": "2026-09-18T04:03:12.476109Z",
      "slug": "btc-updown-5m-1789704000",
      "status": "skip_expensive_after_wins",
      "threshold": 0.7,
      "max_ask": 0.85,
      "win_streak": 6,
      "clob_up_ask": 0.84,
      "clob_down_ask": 0.17,
      "seconds_left": 108.13415455818176,
      "trigger_price": 0.84
    },
    {
      "ts": "2026-09-18T04:03:15.536825Z",
      "slug": "btc-updown-5m-1789704000",
      "status": "heartbeat",
      "gamma_up": 0.665,
      "gamma_down": 0.335,
      "clob_up_ask": 0.87,
      "clob_down_ask": 0.14,
      "seconds_left": 105.1119372844696,
      "min_spread": 0.010000000000000009
    },
    {
      "ts": "2026-09-18T04:03:15.536853Z",
      "slug": "btc-updown-5m-1789704000",
      "status": "skip_ask_too_expensive",
      "threshold": 0.7,
      "max_ask": 0.85,
      "win_streak": 6,
      "clob_up_ask": 0.87,
      "clob_down_ask": 0.14,
      "seconds_left": 105.1119372844696,
      "trigger_price": 0.87
    },
    {
      "ts": "2026-09-18T04:03:18.483331Z",
      "slug": "btc-updown-5m-1789704000",
      "status": "heartbeat",
      "gamma_up": 0.665,
      "gamma_down": 0.335,
      "clob_up_ask": 0.9,
      "clob_down_ask": 0.13,
      "seconds_left": 102.17047309875488,
      "min_spread": 0.010000000000000009
    },
    {
      "ts": "2026-09-18T04:03:18.483363Z",
      "slug": "btc-updown-5m-1789704000",
      "status": "skip_ask_too_expensive",
      "threshold": 0.7,
      "max_ask": 0.85,
      "win_streak": 6,
      "clob_up_ask": 0.9,
      "clob_down_ask": 0.13,
      "seconds_left": 102.17047309875488,
      "trigger_price": 0.9
    },
    {
      "ts": "2026-09-18T04:03:21.413442Z",
      "slug": "btc-updown-5m-1789704000",
      "status": "heartbeat",
      "gamma_up": 0.665,
      "gamma_down": 0.335,
      "clob_up_ask": 0.91,
      "clob_down_ask": 0.1,
      "seconds_left": 99.2109591960907,
      "min_spread": 0.010000000000000009
    },
    {
      "ts": "2026-09-18T04:03:21.413465Z",
      "slug": "btc-updown-5m-1789704000",
      "status": "skip_ask_too_expensive",
      "threshold": 0.7,
      "max_ask": 0.85,
      "win_streak": 6,
      "clob_up_ask": 0.91,
      "clob_down_ask": 0.1,
      "seconds_left": 99.2109591960907,
      "trigger_price": 0.91
    },
    {
      "ts": "2026-09-18T04:03:24.327456Z",
      "slug": "btc-updown-5m-1789704000",
      "status": "heartbeat",
      "gamma_up": 0.665,
      "gamma_down": 0.335,
      "clob_up_ask": 0.92,
      "clob_down_ask": 0.09,
      "seconds_left": 96.29967498779297,
      "min_spread": 0.009999999999999995
    },
    {
      "ts": "2026-09-18T04:03:24.327510Z",
      "slug": "btc-updown-5m-1789704000",
      "status": "skip_ask_too_expensive",
      "threshold": 0.7,
      "max_ask": 0.85,
      "win_streak": 6,
      "clob_up_ask": 0.92,
      "clob_down_ask": 0.09,
      "seconds_left": 96.29967498779297,
      "trigger_price": 0.92
    },
    {
      "ts": "2026-09-18T04:03:27.315074Z",
      "slug": "btc-updown-5m-1789704000",
      "status": "heartbeat",
      "gamma_up": 0.665,
      "gamma_down": 0.335,
      "clob_up_ask": 0.92,
      "clob_down_ask": 0.09,
      "seconds_left": 93.34026217460632,
      "min_spread": 0.009999999999999995
    },
    {
      "ts": "2026-09-18T04:03:27.315098Z",
      "slug": "btc-updown-5m-1789704000",
      "status": "skip_ask_too_expensive",
      "threshold": 0.7,
      "max_ask": 0.85,
      "win_streak": 6,
      "clob_up_ask": 0.92,
      "clob_down_ask": 0.09,
      "seconds_left": 93.34026217460632,
      "trigger_price": 0.92
    },
    {
      "ts": "2026-09-18T04:03:32.559612Z",
      "slug": "btc-updown-5m-1789704000",
      "status": "skip_too_late_to_enter",
      "seconds_left": 87.44039678573608,
      "min_entry_seconds_left": 90,
      "max_entry_seconds_left": 150
    },
    {
      "ts": "2026-09-18T04:03:34.874660Z",
      "slug": "btc-updown-5m-1789704000",
      "status": "skip_too_late_to_enter",
      "seconds_left": 85.12534666061401,
      "min_entry_seconds_left": 90,
      "max_entry_seconds_left": 150
    },
    {
      "ts": "2026-09-18T04:03:37.191855Z",
      "slug": "btc-updown-5m-1789704000",
      "status": "skip_too_late_to_enter",
      "seconds_left": 82.80815267562866,
      "min_entry_seconds_left": 90,
      "max_entry_seconds_left": 150
    },
    {
      "ts": "2026-09-18T04:03:39.555405Z",
      "slug": "btc-updown-5m-1789704000",
      "status": "skip_too_late_to_enter",
      "seconds_left": 80.44460391998291,
      "min_entry_seconds_left": 90,
      "max_entry_seconds_left": 150
    },
    {
      "ts": "2026-09-18T04:03:41.835093Z",
      "slug": "btc-updown-5m-1789704000",
      "status": "skip_too_late_to_enter",
      "seconds_left": 78.16491222381592,
      "min_entry_seconds_left": 90,
      "max_entry_seconds_left": 150
    },
    {
      "ts": "2026-09-18T04:03:44.183943Z",
      "slug": "btc-updown-5m-1789704000",
      "status": "skip_too_late_to_enter",
      "seconds_left": 75.81606554985046,
      "min_entry_seconds_left": 90,
      "max_entry_seconds_left": 150
    },
    {
      "ts": "2026-09-18T04:03:46.486605Z",
      "slug": "btc-updown-5m-1789704000",
      "status": "skip_too_late_to_enter",
      "seconds_left": 73.51340246200562,
      "min_entry_seconds_left": 90,
      "max_entry_seconds_left": 150
    },
    {
      "ts": "2026-09-18T04:03:48.842387Z",
      "slug": "btc-updown-5m-1789704000",
      "status": "skip_too_late_to_enter",
      "seconds_left": 71.1576201915741,
      "min_entry_seconds_left": 90,
      "max_entry_seconds_left": 150
    },
    {
      "ts": "2026-09-18T04:03:51.141632Z",
      "slug": "btc-updown-5m-1789704000",
      "status": "skip_too_late_to_enter",
      "seconds_left": 68.85837531089783,
      "min_entry_seconds_left": 90,
      "max_entry_seconds_left": 150
    },
    {
      "ts": "2026-09-18T04:03:53.465716Z",
      "slug": "btc-updown-5m-1789704000",
      "status": "skip_too_late_to_enter",
      "seconds_left": 66.53429245948792,
      "min_entry_seconds_left": 90,
      "max_entry_seconds_left": 150
    },
    {
      "ts": "2026-09-18T04:03:55.912586Z",
      "slug": "btc-updown-5m-1789704000",
      "status": "skip_too_late_to_enter",
      "seconds_left": 64.08742141723633,
      "min_entry_seconds_left": 90,
      "max_entry_seconds_left": 150
    },
    {
      "ts": "2026-09-18T04:03:58.244129Z",
      "slug": "btc-updown-5m-1789704000",
      "status": "skip_too_late_to_enter",
      "seconds_left": 61.75587844848633,
      "min_entry_seconds_left": 90,
      "max_entry_seconds_left": 150
    },
    {
      "ts": "2026-09-18T04:04:00.665150Z",
      "slug": "btc-updown-5m-1789704000",
      "status": "skip_too_late_to_enter",
      "seconds_left": 59.33487129211426,
      "min_entry_seconds_left": 90,
      "max_entry_seconds_left": 150
    },
    {
      "ts": "2026-09-18T04:04:03.062019Z",
      "slug": "btc-updown-5m-1789704000",
      "status": "skip_too_late_to_enter",
      "seconds_left": 56.93802881240845,
      "min_entry_seconds_left": 90,
      "max_entry_seconds_left": 150
    },
    {
      "ts": "2026-09-18T04:04:08.348627Z",
      "slug": "btc-updown-5m-1789704000",
      "status": "skip_too_late_to_enter",
      "seconds_left": 51.6513786315918,
      "min_entry_seconds_left": 90,
      "max_entry_seconds_left": 150
    },
    {
      "ts": "2026-09-18T04:04:10.694138Z",
      "slug": "btc-updown-5m-1789704000",
      "status": "skip_too_late_to_enter",
      "seconds_left": 49.305869579315186,
      "min_entry_seconds_left": 90,
      "max_entry_seconds_left": 150
    },
    {
      "ts": "2026-09-18T04:04:12.996709Z",
      "slug": "btc-updown-5m-1789704000",
      "status": "skip_too_late_to_enter",
      "seconds_left": 47.00330185890198,
      "min_entry_seconds_left": 90,
      "max_entry_seconds_left": 150
    },
    {
      "ts": "2026-09-18T04:04:25.007437Z",
      "status": "heartbeat_no_current_market"
    },
    {
      "ts": "2026-09-18T04:04:27.331589Z",
      "slug": "btc-updown-5m-1789704000",
      "status": "skip_too_late_to_enter",
      "seconds_left": 32.66841959953308,
      "min_entry_seconds_left": 90,
      "max_entry_seconds_left": 150
    },
    {
      "ts": "2026-09-18T04:04:29.687981Z",
      "slug": "btc-updown-5m-1789704000",
      "status": "skip_too_late_to_enter",
      "seconds_left": 30.31202745437622,
      "min_entry_seconds_left": 90,
      "max_entry_seconds_left": 150
    },
    {
      "ts": "2026-09-18T04:04:31.989192Z",
      "slug": "btc-updown-5m-1789704000",
      "status": "skip_too_late_to_enter",
      "seconds_left": 28.010812044143677,
      "min_entry_seconds_left": 90,
      "max_entry_seconds_left": 150
    },
    {
      "ts": "2026-09-18T04:04:34.306544Z",
      "slug": "btc-updown-5m-1789704000",
      "status": "skip_too_late_to_enter",
      "seconds_left": 25.69346022605896,
      "min_entry_seconds_left": 90,
      "max_entry_seconds_left": 150
    },
    {
      "ts": "2026-09-18T04:04:36.653403Z",
      "slug": "btc-updown-5m-1789704000",
      "status": "skip_too_late_to_enter",
      "seconds_left": 23.346604824066162,
      "min_entry_seconds_left": 90,
      "max_entry_seconds_left": 150
    },
    {
      "ts": "2026-09-18T04:04:38.972227Z",
      "slug": "btc-updown-5m-1789704000",
      "status": "skip_too_late_to_enter",
      "seconds_left": 21.027779579162598,
      "min_entry_seconds_left": 90,
      "max_entry_seconds_left": 150
    },
    {
      "ts": "2026-09-18T04:04:44.234056Z",
      "slug": "btc-updown-5m-1789704000",
      "status": "skip_too_late_to_enter",
      "seconds_left": 15.765949726104736,
      "min_entry_seconds_left": 90,
      "max_entry_seconds_left": 150
    },
    {
      "ts": "2026-09-18T04:04:46.550800Z",
      "slug": "btc-updown-5m-1789704000",
      "status": "skip_too_late_to_enter",
      "seconds_left": 13.44920825958252,
      "min_entry_seconds_left": 90,
      "max_entry_seconds_left": 150
    },
    {
      "ts": "2026-09-18T04:04:48.873840Z",
      "slug": "btc-updown-5m-1789704000",
      "status": "skip_too_late_to_enter",
      "seconds_left": 11.126167297363281,
      "min_entry_seconds_left": 90,
      "max_entry_seconds_left": 150
    },
    {
      "ts": "2026-09-18T04:04:51.166993Z",
      "slug": "btc-updown-5m-1789704000",
      "status": "skip_too_late_to_enter",
      "seconds_left": 8.833016157150269,
      "min_entry_seconds_left": 90,
      "max_entry_seconds_left": 150
    },
    {
      "ts": "2026-09-18T04:04:53.595098Z",
      "slug": "btc-updown-5m-1789704000",
      "status": "skip_too_late_to_enter",
      "seconds_left": 6.404907464981079,
      "min_entry_seconds_left": 90,
      "max_entry_seconds_left": 150
    },
    {
      "ts": "2026-09-18T04:04:55.887810Z",
      "status": "heartbeat_no_current_market"
    },
    {
      "ts": "2026-09-18T04:04:58.182258Z",
      "status": "heartbeat_no_current_market"
    },
    {
      "ts": "2026-09-18T04:05:00.616623Z",
      "slug": "btc-updown-5m-1789704300",
      "status": "skip_too_early_to_enter",
      "seconds_left": 299.38338589668274,
      "min_entry_seconds_left": 90,
      "max_entry_seconds_left": 150
    },
    {
      "ts": "2026-09-18T04:05:02.910248Z",
      "slug": "btc-updown-5m-1789704300",
      "status": "skip_too_early_to_enter",
      "seconds_left": 297.08976006507874,
      "min_entry_seconds_left": 90,
      "max_entry_seconds_left": 150
    },
    {
      "ts": "2026-09-18T04:05:05.195134Z",
      "slug": "btc-updown-5m-1789704300",
      "status": "skip_too_early_to_enter",
      "seconds_left": 294.8048737049103,
      "min_entry_seconds_left": 90,
      "max_entry_seconds_left": 150
    },
    {
      "ts": "2026-09-18T04:05:07.537772Z",
      "slug": "btc-updown-5m-1789704300",
      "status": "skip_too_early_to_enter",
      "seconds_left": 292.4622371196747,
      "min_entry_seconds_left": 90,
      "max_entry_seconds_left": 150
    },
    {
      "ts": "2026-09-18T04:05:09.850034Z",
      "slug": "btc-updown-5m-1789704300",
      "status": "skip_too_early_to_enter",
      "seconds_left": 290.1499733924866,
      "min_entry_seconds_left": 90,
      "max_entry_seconds_left": 150
    },
    {
      "ts": "2026-09-18T04:05:12.245393Z",
      "slug": "btc-updown-5m-1789704300",
      "status": "skip_too_early_to_enter",
      "seconds_left": 287.7546155452728,
      "min_entry_seconds_left": 90,
      "max_entry_seconds_left": 150
    },
    {
      "ts": "2026-09-18T04:05:14.551505Z",
      "slug": "btc-updown-5m-1789704300",
      "status": "skip_too_early_to_enter",
      "seconds_left": 285.4485034942627,
      "min_entry_seconds_left": 90,
      "max_entry_seconds_left": 150
    },
    {
      "ts": "2026-09-18T04:05:19.815699Z",
      "slug": "btc-updown-5m-1789704300",
      "status": "skip_too_early_to_enter",
      "seconds_left": 280.1843147277832,
      "min_entry_seconds_left": 90,
      "max_entry_seconds_left": 150
    },
    {
      "ts": "2026-09-18T04:05:22.174896Z",
      "slug": "btc-updown-5m-1789704300",
      "status": "skip_too_early_to_enter",
      "seconds_left": 277.82511162757874,
      "min_entry_seconds_left": 90,
      "max_entry_seconds_left": 150
    },
    {
      "ts": "2026-09-18T04:05:24.574042Z",
      "slug": "btc-updown-5m-1789704300",
      "status": "skip_too_early_to_enter",
      "seconds_left": 275.425968170166,
      "min_entry_seconds_left": 90,
      "max_entry_seconds_left": 150
    },
    {
      "ts": "2026-09-18T04:05:26.947954Z",
      "slug": "btc-updown-5m-1789704300",
      "status": "skip_too_early_to_enter",
      "seconds_left": 273.0520534515381,
      "min_entry_seconds_left": 90,
      "max_entry_seconds_left": 150
    },
    {
      "ts": "2026-09-18T04:05:29.430510Z",
      "slug": "btc-updown-5m-1789704300",
      "status": "skip_too_early_to_enter",
      "seconds_left": 270.56949496269226,
      "min_entry_seconds_left": 90,
      "max_entry_seconds_left": 150
    },
    {
      "ts": "2026-09-18T04:05:31.917724Z",
      "slug": "btc-updown-5m-1789704300",
      "status": "skip_too_early_to_enter",
      "seconds_left": 268.0822856426239,
      "min_entry_seconds_left": 90,
      "max_entry_seconds_left": 150
    },
    {
      "ts": "2026-09-18T04:05:34.376947Z",
      "slug": "btc-updown-5m-1789704300",
      "status": "skip_too_early_to_enter",
      "seconds_left": 265.6230595111847,
      "min_entry_seconds_left": 90,
      "max_entry_seconds_left": 150
    },
    {
      "ts": "2026-09-18T04:05:36.851537Z",
      "slug": "btc-updown-5m-1789704300",
      "status": "skip_too_early_to_enter",
      "seconds_left": 263.14846992492676,
      "min_entry_seconds_left": 90,
      "max_entry_seconds_left": 150
    },
    {
      "ts": "2026-09-18T04:05:39.338891Z",
      "slug": "btc-updown-5m-1789704300",
      "status": "skip_too_early_to_enter",
      "seconds_left": 260.6611177921295,
      "min_entry_seconds_left": 90,
      "max_entry_seconds_left": 150
    },
    {
      "ts": "2026-09-18T04:05:41.768061Z",
      "slug": "btc-updown-5m-1789704300",
      "status": "skip_too_early_to_enter",
      "seconds_left": 258.2319462299347,
      "min_entry_seconds_left": 90,
      "max_entry_seconds_left": 150
    },
    {
      "ts": "2026-09-18T04:05:44.215373Z",
      "slug": "btc-updown-5m-1789704300",
      "status": "skip_too_early_to_enter",
      "seconds_left": 255.78464007377625,
      "min_entry_seconds_left": 90,
      "max_entry_seconds_left": 150
    },
    {
      "ts": "2026-09-18T04:05:46.643646Z",
      "slug": "btc-updown-5m-1789704300",
      "status": "skip_too_early_to_enter",
      "seconds_left": 253.35636401176453,
      "min_entry_seconds_left": 90,
      "max_entry_seconds_left": 150
    },
    {
      "ts": "2026-09-18T04:05:49.043514Z",
      "slug": "btc-updown-5m-1789704300",
      "status": "skip_too_early_to_enter",
      "seconds_left": 250.95649433135986,
      "min_entry_seconds_left": 90,
      "max_entry_seconds_left": 150
    },
    {
      "ts": "2026-09-18T04:05:54.419966Z",
      "slug": "btc-updown-5m-1789704300",
      "status": "skip_too_early_to_enter",
      "seconds_left": 245.58004188537598,
      "min_entry_seconds_left": 90,
      "max_entry_seconds_left": 150
    },
    {
      "ts": "2026-09-18T04:05:56.850079Z",
      "slug": "btc-updown-5m-1789704300",
      "status": "skip_too_early_to_enter",
      "seconds_left": 243.14992785453796,
      "min_entry_seconds_left": 90,
      "max_entry_seconds_left": 150
    },
    {
      "ts": "2026-09-18T04:05:59.367331Z",
      "slug": "btc-updown-5m-1789704300",
      "status": "skip_too_early_to_enter",
      "seconds_left": 240.6326768398285,
      "min_entry_seconds_left": 90,
      "max_entry_seconds_left": 150
    },
    {
      "ts": "2026-09-18T04:06:01.859370Z",
      "slug": "btc-updown-5m-1789704300",
      "status": "skip_too_early_to_enter",
      "seconds_left": 238.1406373977661,
      "min_entry_seconds_left": 90,
      "max_entry_seconds_left": 150
    },
    {
      "ts": "2026-09-18T04:06:04.322350Z",
      "slug": "btc-updown-5m-1789704300",
      "status": "skip_too_early_to_enter",
      "seconds_left": 235.67765855789185,
      "min_entry_seconds_left": 90,
      "max_entry_seconds_left": 150
    },
    {
      "ts": "2026-09-18T04:06:06.696710Z",
      "slug": "btc-updown-5m-1789704300",
      "status": "skip_too_early_to_enter",
      "seconds_left": 233.30329728126526,
      "min_entry_seconds_left": 90,
      "max_entry_seconds_left": 150
    },
    {
      "ts": "2026-09-18T04:06:09.129676Z",
      "slug": "btc-updown-5m-1789704300",
      "status": "skip_too_early_to_enter",
      "seconds_left": 230.87033081054688,
      "min_entry_seconds_left": 90,
      "max_entry_seconds_left": 150
    },
    {
      "ts": "2026-09-18T04:06:11.532293Z",
      "slug": "btc-updown-5m-1789704300",
      "status": "skip_too_early_to_enter",
      "seconds_left": 228.46771144866943,
      "min_entry_seconds_left": 90,
      "max_entry_seconds_left": 150
    },
    {
      "ts": "2026-09-18T04:06:13.958300Z",
      "slug": "btc-updown-5m-1789704300",
      "status": "skip_too_early_to_enter",
      "seconds_left": 226.04170894622803,
      "min_entry_seconds_left": 90,
      "max_entry_seconds_left": 150
    },
    {
      "ts": "2026-09-18T04:06:16.422324Z",
      "slug": "btc-updown-5m-1789704300",
      "status": "skip_too_early_to_enter",
      "seconds_left": 223.57768082618713,
      "min_entry_seconds_left": 90,
      "max_entry_seconds_left": 150
    },
    {
      "ts": "2026-09-18T04:06:18.848347Z",
      "slug": "btc-updown-5m-1789704300",
      "status": "skip_too_early_to_enter",
      "seconds_left": 221.15166091918945,
      "min_entry_seconds_left": 90,
      "max_entry_seconds_left": 150
    },
    {
      "ts": "2026-09-18T04:06:21.200771Z",
      "slug": "btc-updown-5m-1789704300",
      "status": "skip_too_early_to_enter",
      "seconds_left": 218.79923343658447,
      "min_entry_seconds_left": 90,
      "max_entry_seconds_left": 150
    },
    {
      "ts": "2026-09-18T04:06:23.562352Z",
      "slug": "btc-updown-5m-1789704300",
      "status": "skip_too_early_to_enter",
      "seconds_left": 216.4376561641693,
      "min_entry_seconds_left": 90,
      "max_entry_seconds_left": 150
    },
    {
      "ts": "2026-09-18T04:06:28.912881Z",
      "slug": "btc-updown-5m-1789704300",
      "status": "skip_too_early_to_enter",
      "seconds_left": 211.0871241092682,
      "min_entry_seconds_left": 90,
      "max_entry_seconds_left": 150
    },
    {
      "ts": "2026-09-18T04:06:31.244986Z",
      "slug": "btc-updown-5m-1789704300",
      "status": "skip_too_early_to_enter",
      "seconds_left": 208.7550220489502,
      "min_entry_seconds_left": 90,
      "max_entry_seconds_left": 150
    },
    {
      "ts": "2026-09-18T04:06:33.572962Z",
      "slug": "btc-updown-5m-1789704300",
      "status": "skip_too_early_to_enter",
      "seconds_left": 206.4270462989807,
      "min_entry_seconds_left": 90,
      "max_entry_seconds_left": 150
    },
    {
      "ts": "2026-09-18T04:06:35.894437Z",
      "slug": "btc-updown-5m-1789704300",
      "status": "skip_too_early_to_enter",
      "seconds_left": 204.10557055473328,
      "min_entry_seconds_left": 90,
      "max_entry_seconds_left": 150
    },
    {
      "ts": "2026-09-18T04:06:38.222388Z",
      "slug": "btc-updown-5m-1789704300",
      "status": "skip_too_early_to_enter",
      "seconds_left": 201.77762126922607,
      "min_entry_seconds_left": 90,
      "max_entry_seconds_left": 150
    },
    {
      "ts": "2026-09-18T04:06:40.735754Z",
      "slug": "btc-updown-5m-1789704300",
      "status": "skip_too_early_to_enter",
      "seconds_left": 199.26424980163574,
      "min_entry_seconds_left": 90,
      "max_entry_seconds_left": 150
    },
    {
      "ts": "2026-09-18T04:06:43.085439Z",
      "slug": "btc-updown-5m-1789704300",
      "status": "skip_too_early_to_enter",
      "seconds_left": 196.91457104682922,
      "min_entry_seconds_left": 90,
      "max_entry_seconds_left": 150
    },
    {
      "ts": "2026-09-18T04:06:45.401218Z",
      "slug": "btc-updown-5m-1789704300",
      "status": "skip_too_early_to_enter",
      "seconds_left": 194.5987904071808,
      "min_entry_seconds_left": 90,
      "max_entry_seconds_left": 150
    },
    {
      "ts": "2026-09-18T04:06:47.677618Z",
      "slug": "btc-updown-5m-1789704300",
      "status": "skip_too_early_to_enter",
      "seconds_left": 192.3223865032196,
      "min_entry_seconds_left": 90,
      "max_entry_seconds_left": 150
    },
    {
      "ts": "2026-09-18T04:06:49.998256Z",
      "slug": "btc-updown-5m-1789704300",
      "status": "skip_too_early_to_enter",
      "seconds_left": 190.0017488002777,
      "min_entry_seconds_left": 90,
      "max_entry_seconds_left": 150
    },
    {
      "ts": "2026-09-18T04:06:52.327112Z",
      "slug": "btc-updown-5m-1789704300",
      "status": "skip_too_early_to_enter",
      "seconds_left": 187.67289662361145,
      "min_entry_seconds_left": 90,
      "max_entry_seconds_left": 150
    },
    {
      "ts": "2026-09-18T04:06:54.633310Z",
      "slug": "btc-updown-5m-1789704300",
      "status": "skip_too_early_to_enter",
      "seconds_left": 185.36669778823853,
      "min_entry_seconds_left": 90,
      "max_entry_seconds_left": 150
    },
    {
      "ts": "2026-09-18T04:06:56.926478Z",
      "slug": "btc-updown-5m-1789704300",
      "status": "skip_too_early_to_enter",
      "seconds_left": 183.07355213165283,
      "min_entry_seconds_left": 90,
      "max_entry_seconds_left": 150
    },
    {
      "ts": "2026-09-18T04:06:59.251508Z",
      "slug": "btc-updown-5m-1789704300",
      "status": "skip_too_early_to_enter",
      "seconds_left": 180.74850010871887,
      "min_entry_seconds_left": 90,
      "max_entry_seconds_left": 150
    },
    {
      "ts": "2026-09-18T04:07:04.512369Z",
      "slug": "btc-updown-5m-1789704300",
      "status": "skip_too_early_to_enter",
      "seconds_left": 175.48764038085938,
      "min_entry_seconds_left": 90,
      "max_entry_seconds_left": 150
    },
    {
      "ts": "2026-09-18T04:07:06.811928Z",
      "slug": "btc-updown-5m-1789704300",
      "status": "skip_too_early_to_enter",
      "seconds_left": 173.1880795955658,
      "min_entry_seconds_left": 90,
      "max_entry_seconds_left": 150
    },
    {
      "ts": "2026-09-18T04:07:09.100603Z",
      "slug": "btc-updown-5m-1789704300",
      "status": "skip_too_early_to_enter",
      "seconds_left": 170.8994014263153,
      "min_entry_seconds_left": 90,
      "max_entry_seconds_left": 150
    },
    {
      "ts": "2026-09-18T04:07:11.384541Z",
      "slug": "btc-updown-5m-1789704300",
      "status": "skip_too_early_to_enter",
      "seconds_left": 168.61546802520752,
      "min_entry_seconds_left": 90,
      "max_entry_seconds_left": 150
    },
    {
      "ts": "2026-09-18T04:07:13.746878Z",
      "slug": "btc-updown-5m-1789704300",
      "status": "skip_too_early_to_enter",
      "seconds_left": 166.25313067436218,
      "min_entry_seconds_left": 90,
      "max_entry_seconds_left": 150
    },
    {
      "ts": "2026-09-18T04:07:16.045412Z",
      "slug": "btc-updown-5m-1789704300",
      "status": "skip_too_early_to_enter",
      "seconds_left": 163.95459628105164,
      "min_entry_seconds_left": 90,
      "max_entry_seconds_left": 150
    },
    {
      "ts": "2026-09-18T04:07:18.323387Z",
      "slug": "btc-updown-5m-1789704300",
      "status": "skip_too_early_to_enter",
      "seconds_left": 161.6766231060028,
      "min_entry_seconds_left": 90,
      "max_entry_seconds_left": 150
    },
    {
      "ts": "2026-09-18T04:07:20.615519Z",
      "slug": "btc-updown-5m-1789704300",
      "status": "skip_too_early_to_enter",
      "seconds_left": 159.38448810577393,
      "min_entry_seconds_left": 90,
      "max_entry_seconds_left": 150
    },
    {
      "ts": "2026-09-18T04:07:23.027277Z",
      "slug": "btc-updown-5m-1789704300",
      "status": "skip_too_early_to_enter",
      "seconds_left": 156.97273135185242,
      "min_entry_seconds_left": 90,
      "max_entry_seconds_left": 150
    },
    {
      "ts": "2026-09-18T04:07:25.343307Z",
      "slug": "btc-updown-5m-1789704300",
      "status": "skip_too_early_to_enter",
      "seconds_left": 154.6567006111145,
      "min_entry_seconds_left": 90,
      "max_entry_seconds_left": 150
    },
    {
      "ts": "2026-09-18T04:07:27.628223Z",
      "slug": "btc-updown-5m-1789704300",
      "status": "skip_too_early_to_enter",
      "seconds_left": 152.3717815876007,
      "min_entry_seconds_left": 90,
      "max_entry_seconds_left": 150
    },
    {
      "ts": "2026-09-18T04:07:29.906576Z",
      "slug": "btc-updown-5m-1789704300",
      "status": "skip_too_early_to_enter",
      "seconds_left": 150.0934329032898,
      "min_entry_seconds_left": 90,
      "max_entry_seconds_left": 150
    },
    {
      "ts": "2026-09-18T04:07:33.170998Z",
      "slug": "btc-updown-5m-1789704300",
      "status": "heartbeat",
      "gamma_up": 0.495,
      "gamma_down": 0.505,
      "clob_up_ask": 0.04,
      "clob_down_ask": 0.97,
      "seconds_left": 147.80119681358337,
      "min_spread": 0.010000000000000002
    },
    {
      "ts": "2026-09-18T04:07:33.171025Z",
      "slug": "btc-updown-5m-1789704300",
      "status": "skip_ask_too_expensive",
      "threshold": 0.7,
      "max_ask": 0.85,
      "win_streak": 6,
      "clob_up_ask": 0.04,
      "clob_down_ask": 0.97,
      "seconds_left": 147.80119681358337,
      "trigger_price": 0.97
    },
    {
      "ts": "2026-09-18T04:07:36.101944Z",
      "slug": "btc-updown-5m-1789704300",
      "status": "heartbeat",
      "gamma_up": 0.495,
      "gamma_down": 0.505,
      "clob_up_ask": 0.04,
      "clob_down_ask": 0.97,
      "seconds_left": 144.52382898330688,
      "min_spread": 0.010000000000000002
    },
    {
      "ts": "2026-09-18T04:07:36.101975Z",
      "slug": "btc-updown-5m-1789704300",
      "status": "skip_ask_too_expensive",
      "threshold": 0.7,
      "max_ask": 0.85,
      "win_streak": 6,
      "clob_up_ask": 0.04,
      "clob_down_ask": 0.97,
      "seconds_left": 144.52382898330688,
      "trigger_price": 0.97
    },
    {
      "ts": "2026-09-18T04:07:41.995123Z",
      "slug": "btc-updown-5m-1789704300",
      "status": "heartbeat",
      "gamma_up": 0.495,
      "gamma_down": 0.505,
      "clob_up_ask": 0.04,
      "clob_down_ask": 0.97,
      "seconds_left": 138.63665294647217,
      "min_spread": 0.010000000000000002
    },
    {
      "ts": "2026-09-18T04:07:41.995146Z",
      "slug": "btc-updown-5m-1789704300",
      "status": "skip_ask_too_expensive",
      "threshold": 0.7,
      "max_ask": 0.85,
      "win_streak": 6,
      "clob_up_ask": 0.04,
      "clob_down_ask": 0.97,
      "seconds_left": 138.63665294647217,
      "trigger_price": 0.97
    },
    {
      "ts": "2026-09-18T04:07:44.920703Z",
      "slug": "btc-updown-5m-1789704300",
      "status": "heartbeat",
      "gamma_up": 0.495,
      "gamma_down": 0.505,
      "clob_up_ask": 0.03,
      "clob_down_ask": 0.98,
      "seconds_left": 135.68401503562927,
      "min_spread": 0.009999999999999998
    },
    {
      "ts": "2026-09-18T04:07:44.920731Z",
      "slug": "btc-updown-5m-1789704300",
      "status": "skip_ask_too_expensive",
      "threshold": 0.7,
      "max_ask": 0.85,
      "win_streak": 6,
      "clob_up_ask": 0.03,
      "clob_down_ask": 0.98,
      "seconds_left": 135.68401503562927,
      "trigger_price": 0.98
    },
    {
      "ts": "2026-09-18T04:07:47.801071Z",
      "slug": "btc-updown-5m-1789704300",
      "status": "heartbeat",
      "gamma_up": 0.495,
      "gamma_down": 0.505,
      "clob_up_ask": 0.03,
      "clob_down_ask": 0.98,
      "seconds_left": 132.80163168907166,
      "min_spread": 0.009999999999999998
    },
    {
      "ts": "2026-09-18T04:07:47.801101Z",
      "slug": "btc-updown-5m-1789704300",
      "status": "skip_ask_too_expensive",
      "threshold": 0.7,
      "max_ask": 0.85,
      "win_streak": 6,
      "clob_up_ask": 0.03,
      "clob_down_ask": 0.98,
      "seconds_left": 132.80163168907166,
      "trigger_price": 0.98
    },
    {
      "ts": "2026-09-18T04:07:50.740086Z",
      "slug": "btc-updown-5m-1789704300",
      "status": "heartbeat",
      "gamma_up": 0.495,
      "gamma_down": 0.505,
      "clob_up_ask": 0.03,
      "clob_down_ask": 0.98,
      "seconds_left": 129.89953923225403,
      "min_spread": 0.009999999999999998
    },
    {
      "ts": "2026-09-18T04:07:50.740113Z",
      "slug": "btc-updown-5m-1789704300",
      "status": "skip_ask_too_expensive",
      "threshold": 0.7,
      "max_ask": 0.85,
      "win_streak": 6,
      "clob_up_ask": 0.03,
      "clob_down_ask": 0.98,
      "seconds_left": 129.89953923225403,
      "trigger_price": 0.98
    },
    {
      "ts": "2026-09-18T04:07:53.621088Z",
      "slug": "btc-updown-5m-1789704300",
      "status": "heartbeat",
      "gamma_up": 0.495,
      "gamma_down": 0.505,
      "clob_up_ask": 0.03,
      "clob_down_ask": 0.98,
      "seconds_left": 126.97397112846375,
      "min_spread": 0.009999999999999998
    },
    {
      "ts": "2026-09-18T04:07:53.621113Z",
      "slug": "btc-updown-5m-1789704300",
      "status": "skip_ask_too_expensive",
      "threshold": 0.7,
      "max_ask": 0.85,
      "win_streak": 6,
      "clob_up_ask": 0.03,
      "clob_down_ask": 0.98,
      "seconds_left": 126.97397112846375,
      "trigger_price": 0.98
    },
    {
      "ts": "2026-09-18T04:07:56.502283Z",
      "slug": "btc-updown-5m-1789704300",
      "status": "heartbeat",
      "gamma_up": 0.495,
      "gamma_down": 0.505,
      "clob_up_ask": 0.03,
      "clob_down_ask": 0.98,
      "seconds_left": 124.09529685974121,
      "min_spread": 0.009999999999999998
    },
    {
      "ts": "2026-09-18T04:07:56.502311Z",
      "slug": "btc-updown-5m-1789704300",
      "status": "skip_ask_too_expensive",
      "threshold": 0.7,
      "max_ask": 0.85,
      "win_streak": 6,
      "clob_up_ask": 0.03,
      "clob_down_ask": 0.98,
      "seconds_left": 124.09529685974121,
      "trigger_price": 0.98
    },
    {
      "ts": "2026-09-18T04:07:59.398176Z",
      "slug": "btc-updown-5m-1789704300",
      "status": "heartbeat",
      "gamma_up": 0.495,
      "gamma_down": 0.505,
      "clob_up_ask": 0.03,
      "clob_down_ask": 0.98,
      "seconds_left": 121.20902943611145,
      "min_spread": 0.009999999999999998
    },
    {
      "ts": "2026-09-18T04:07:59.398208Z",
      "slug": "btc-updown-5m-1789704300",
      "status": "skip_ask_too_expensive",
      "threshold": 0.7,
      "max_ask": 0.85,
      "win_streak": 6,
      "clob_up_ask": 0.03,
      "clob_down_ask": 0.98,
      "seconds_left": 121.20902943611145,
      "trigger_price": 0.98
    },
    {
      "ts": "2026-09-18T04:08:02.264652Z",
      "slug": "btc-updown-5m-1789704300",
      "status": "heartbeat",
      "gamma_up": 0.495,
      "gamma_down": 0.505,
      "clob_up_ask": 0.03,
      "clob_down_ask": 0.98,
      "seconds_left": 118.31063723564148,
      "min_spread": 0.009999999999999998
    },
    {
      "ts": "2026-09-18T04:08:02.264682Z",
      "slug": "btc-updown-5m-1789704300",
      "status": "skip_ask_too_expensive",
      "threshold": 0.7,
      "max_ask": 0.85,
      "win_streak": 6,
      "clob_up_ask": 0.03,
      "clob_down_ask": 0.98,
      "seconds_left": 118.31063723564148,
      "trigger_price": 0.98
    },
    {
      "ts": "2026-09-18T04:08:05.223402Z",
      "slug": "btc-updown-5m-1789704300",
      "status": "heartbeat",
      "gamma_up": 0.495,
      "gamma_down": 0.505,
      "clob_up_ask": 0.02,
      "clob_down_ask": 0.99,
      "seconds_left": 115.38606381416321,
      "min_spread": 0.01
    },
    {
      "ts": "2026-09-18T04:08:05.223419Z",
      "slug": "btc-updown-5m-1789704300",
      "status": "skip_ask_too_expensive",
      "threshold": 0.7,
      "max_ask": 0.85,
      "win_streak": 6,
      "clob_up_ask": 0.02,
      "clob_down_ask": 0.99,
      "seconds_left": 115.38606381416321,
      "trigger_price": 0.99
    },
    {
      "ts": "2026-09-18T04:08:08.169581Z",
      "slug": "btc-updown-5m-1789704300",
      "status": "heartbeat",
      "gamma_up": 0.495,
      "gamma_down": 0.505,
      "clob_up_ask": 0.01,
      "clob_down_ask": null,
      "seconds_left": 112.43752455711365,
      "min_spread": null
    },
    {
      "ts": "2026-09-18T04:08:08.169606Z",
      "slug": "btc-updown-5m-1789704300",
      "status": "skip_price_below_threshold",
      "threshold": 0.7,
      "max_ask": 0.85,
      "win_streak": 6,
      "clob_up_ask": 0.01,
      "clob_down_ask": null,
      "seconds_left": 112.43752455711365,
      "trigger_price": null
    },
    {
      "ts": "2026-09-18T04:08:11.091240Z",
      "slug": "btc-updown-5m-1789704300",
      "status": "heartbeat",
      "gamma_up": 0.495,
      "gamma_down": 0.505,
      "clob_up_ask": 0.01,
      "clob_down_ask": null,
      "seconds_left": 109.50574588775635,
      "min_spread": null
    },
    {
      "ts": "2026-09-18T04:08:11.091267Z",
      "slug": "btc-updown-5m-1789704300",
      "status": "skip_price_below_threshold",
      "threshold": 0.7,
      "max_ask": 0.85,
      "win_streak": 6,
      "clob_up_ask": 0.01,
      "clob_down_ask": null,
      "seconds_left": 109.50574588775635,
      "trigger_price": null
    },
    {
      "ts": "2026-09-18T04:08:16.986367Z",
      "slug": "btc-updown-5m-1789704300",
      "status": "heartbeat",
      "gamma_up": 0.495,
      "gamma_down": 0.505,
      "clob_up_ask": 0.01,
      "clob_down_ask": null,
      "seconds_left": 103.60996603965759,
      "min_spread": null
    },
    {
      "ts": "2026-09-18T04:08:16.986387Z",
      "slug": "btc-updown-5m-1789704300",
      "status": "skip_price_below_threshold",
      "threshold": 0.7,
      "max_ask": 0.85,
      "win_streak": 6,
      "clob_up_ask": 0.01,
      "clob_down_ask": null,
      "seconds_left": 103.60996603965759,
      "trigger_price": null
    },
    {
      "ts": "2026-09-18T04:08:20.197947Z",
      "slug": "btc-updown-5m-1789704300",
      "status": "heartbeat",
      "gamma_up": 0.495,
      "gamma_down": 0.505,
      "clob_up_ask": 0.01,
      "clob_down_ask": null,
      "seconds_left": 100.71826934814453,
      "min_spread": null
    },
    {
      "ts": "2026-09-18T04:08:20.197970Z",
      "slug": "btc-updown-5m-1789704300",
      "status": "skip_price_below_threshold",
      "threshold": 0.7,
      "max_ask": 0.85,
      "win_streak": 6,
      "clob_up_ask": 0.01,
      "clob_down_ask": null,
      "seconds_left": 100.71826934814453,
      "trigger_price": null
    },
    {
      "ts": "2026-09-18T04:08:23.187846Z",
      "slug": "btc-updown-5m-1789704300",
      "status": "heartbeat",
      "gamma_up": 0.495,
      "gamma_down": 0.505,
      "clob_up_ask": 0.01,
      "clob_down_ask": null,
      "seconds_left": 97.40447878837585,
      "min_spread": null
    },
    {
      "ts": "2026-09-18T04:08:23.187868Z",
      "slug": "btc-updown-5m-1789704300",
      "status": "skip_price_below_threshold",
      "threshold": 0.7,
      "max_ask": 0.85,
      "win_streak": 6,
      "clob_up_ask": 0.01,
      "clob_down_ask": null,
      "seconds_left": 97.40447878837585,
      "trigger_price": null
    },
    {
      "ts": "2026-09-18T04:08:26.074782Z",
      "slug": "btc-updown-5m-1789704300",
      "status": "heartbeat",
      "gamma_up": 0.495,
      "gamma_down": 0.505,
      "clob_up_ask": 0.01,
      "clob_down_ask": null,
      "seconds_left": 94.52771282196045,
      "min_spread": null
    },
    {
      "ts": "2026-09-18T04:08:26.074805Z",
      "slug": "btc-updown-5m-1789704300",
      "status": "skip_price_below_threshold",
      "threshold": 0.7,
      "max_ask": 0.85,
      "win_streak": 6,
      "clob_up_ask": 0.01,
      "clob_down_ask": null,
      "seconds_left": 94.52771282196045,
      "trigger_price": null
    },
    {
      "ts": "2026-09-18T04:08:29.024923Z",
      "slug": "btc-updown-5m-1789704300",
      "status": "heartbeat",
      "gamma_up": 0.495,
      "gamma_down": 0.505,
      "clob_up_ask": 0.01,
      "clob_down_ask": null,
      "seconds_left": 91.5909857749939,
      "min_spread": null
    },
    {
      "ts": "2026-09-18T04:08:29.024951Z",
      "slug": "btc-updown-5m-1789704300",
      "status": "skip_price_below_threshold",
      "threshold": 0.7,
      "max_ask": 0.85,
      "win_streak": 6,
      "clob_up_ask": 0.01,
      "clob_down_ask": null,
      "seconds_left": 91.5909857749939,
      "trigger_price": null
    },
    {
      "ts": "2026-09-18T04:08:31.314354Z",
      "slug": "btc-updown-5m-1789704300",
      "status": "skip_too_late_to_enter",
      "seconds_left": 88.68565392494202,
      "min_entry_seconds_left": 90,
      "max_entry_seconds_left": 150
    },
    {
      "ts": "2026-09-18T04:08:33.616720Z",
      "slug": "btc-updown-5m-1789704300",
      "status": "skip_too_late_to_enter",
      "seconds_left": 86.38328528404236,
      "min_entry_seconds_left": 90,
      "max_entry_seconds_left": 150
    },
    {
      "ts": "2026-09-18T04:08:35.909299Z",
      "slug": "btc-updown-5m-1789704300",
      "status": "skip_too_late_to_enter",
      "seconds_left": 84.09070920944214,
      "min_entry_seconds_left": 90,
      "max_entry_seconds_left": 150
    },
    {
      "ts": "2026-09-18T04:08:38.182916Z",
      "slug": "btc-updown-5m-1789704300",
      "status": "skip_too_late_to_enter",
      "seconds_left": 81.81709265708923,
      "min_entry_seconds_left": 90,
      "max_entry_seconds_left": 150
    },
    {
      "ts": "2026-09-18T04:08:40.462480Z",
      "slug": "btc-updown-5m-1789704300",
      "status": "skip_too_late_to_enter",
      "seconds_left": 79.53752756118774,
      "min_entry_seconds_left": 90,
      "max_entry_seconds_left": 150
    },
    {
      "ts": "2026-09-18T04:08:42.754739Z",
      "slug": "btc-updown-5m-1789704300",
      "status": "skip_too_late_to_enter",
      "seconds_left": 77.24526858329773,
      "min_entry_seconds_left": 90,
      "max_entry_seconds_left": 150
    },
    {
      "ts": "2026-09-18T04:08:45.038941Z",
      "slug": "btc-updown-5m-1789704300",
      "status": "skip_too_late_to_enter",
      "seconds_left": 74.96106672286987,
      "min_entry_seconds_left": 90,
      "max_entry_seconds_left": 150
    },
    {
      "ts": "2026-09-18T04:08:47.328545Z",
      "slug": "btc-updown-5m-1789704300",
      "status": "skip_too_late_to_enter",
      "seconds_left": 72.6714608669281,
      "min_entry_seconds_left": 90,
      "max_entry_seconds_left": 150
    },
    {
      "ts": "2026-09-18T04:08:52.579096Z",
      "slug": "btc-updown-5m-1789704300",
      "status": "skip_too_late_to_enter",
      "seconds_left": 67.42091226577759,
      "min_entry_seconds_left": 90,
      "max_entry_seconds_left": 150
    },
    {
      "ts": "2026-09-18T04:08:54.864568Z",
      "slug": "btc-updown-5m-1789704300",
      "status": "skip_too_late_to_enter",
      "seconds_left": 65.13543772697449,
      "min_entry_seconds_left": 90,
      "max_entry_seconds_left": 150
    },
    {
      "ts": "2026-09-18T04:08:57.150019Z",
      "slug": "btc-updown-5m-1789704300",
      "status": "skip_too_late_to_enter",
      "seconds_left": 62.849990367889404,
      "min_entry_seconds_left": 90,
      "max_entry_seconds_left": 150
    },
    {
      "ts": "2026-09-18T04:08:59.463223Z",
      "slug": "btc-updown-5m-1789704300",
      "status": "skip_too_late_to_enter",
      "seconds_left": 60.53678560256958,
      "min_entry_seconds_left": 90,
      "max_entry_seconds_left": 150
    },
    {
      "ts": "2026-09-18T04:09:01.766733Z",
      "slug": "btc-updown-5m-1789704300",
      "status": "skip_too_late_to_enter",
      "seconds_left": 58.233274698257446,
      "min_entry_seconds_left": 90,
      "max_entry_seconds_left": 150
    },
    {
      "ts": "2026-09-18T04:09:04.080702Z",
      "slug": "btc-updown-5m-1789704300",
      "status": "skip_too_late_to_enter",
      "seconds_left": 55.91930317878723,
      "min_entry_seconds_left": 90,
      "max_entry_seconds_left": 150
    },
    {
      "ts": "2026-09-18T04:09:06.364391Z",
      "slug": "btc-updown-5m-1789704300",
      "status": "skip_too_late_to_enter",
      "seconds_left": 53.63561749458313,
      "min_entry_seconds_left": 90,
      "max_entry_seconds_left": 150
    },
    {
      "ts": "2026-09-18T04:09:08.667268Z",
      "slug": "btc-updown-5m-1789704300",
      "status": "skip_too_late_to_enter",
      "seconds_left": 51.33273959159851,
      "min_entry_seconds_left": 90,
      "max_entry_seconds_left": 150
    },
    {
      "ts": "2026-09-18T04:09:10.952410Z",
      "slug": "btc-updown-5m-1789704300",
      "status": "skip_too_late_to_enter",
      "seconds_left": 49.04759383201599,
      "min_entry_seconds_left": 90,
      "max_entry_seconds_left": 150
    },
    {
      "ts": "2026-09-18T04:09:13.246758Z",
      "slug": "btc-updown-5m-1789704300",
      "status": "skip_too_late_to_enter",
      "seconds_left": 46.75324892997742,
      "min_entry_seconds_left": 90,
      "max_entry_seconds_left": 150
    },
    {
      "ts": "2026-09-18T04:09:15.538927Z",
      "slug": "btc-updown-5m-1789704300",
      "status": "skip_too_late_to_enter",
      "seconds_left": 44.46108150482178,
      "min_entry_seconds_left": 90,
      "max_entry_seconds_left": 150
    },
    {
      "ts": "2026-09-18T04:09:17.844979Z",
      "slug": "btc-updown-5m-1789704300",
      "status": "skip_too_late_to_enter",
      "seconds_left": 42.15502953529358,
      "min_entry_seconds_left": 90,
      "max_entry_seconds_left": 150
    },
    {
      "ts": "2026-09-18T04:09:20.136343Z",
      "slug": "btc-updown-5m-1789704300",
      "status": "skip_too_late_to_enter",
      "seconds_left": 39.86366319656372,
      "min_entry_seconds_left": 90,
      "max_entry_seconds_left": 150
    },
    {
      "ts": "2026-09-18T04:09:22.419457Z",
      "slug": "btc-updown-5m-1789704300",
      "status": "skip_too_late_to_enter",
      "seconds_left": 37.58055090904236,
      "min_entry_seconds_left": 90,
      "max_entry_seconds_left": 150
    },
    {
      "ts": "2026-09-18T04:09:27.761538Z",
      "slug": "btc-updown-5m-1789704300",
      "status": "skip_too_late_to_enter",
      "seconds_left": 32.23846888542175,
      "min_entry_seconds_left": 90,
      "max_entry_seconds_left": 150
    },
    {
      "ts": "2026-09-18T04:09:30.058907Z",
      "slug": "btc-updown-5m-1789704300",
      "status": "skip_too_late_to_enter",
      "seconds_left": 29.941100597381592,
      "min_entry_seconds_left": 90,
      "max_entry_seconds_left": 150
    },
    {
      "ts": "2026-09-18T04:09:32.342670Z",
      "slug": "btc-updown-5m-1789704300",
      "status": "skip_too_late_to_enter",
      "seconds_left": 27.65733790397644,
      "min_entry_seconds_left": 90,
      "max_entry_seconds_left": 150
    },
    {
      "ts": "2026-09-18T04:09:34.634336Z",
      "slug": "btc-updown-5m-1789704300",
      "status": "skip_too_late_to_enter",
      "seconds_left": 25.365671634674072,
      "min_entry_seconds_left": 90,
      "max_entry_seconds_left": 150
    },
    {
      "ts": "2026-09-18T04:09:36.935359Z",
      "slug": "btc-updown-5m-1789704300",
      "status": "skip_too_late_to_enter",
      "seconds_left": 23.06464982032776,
      "min_entry_seconds_left": 90,
      "max_entry_seconds_left": 150
    },
    {
      "ts": "2026-09-18T04:09:39.236495Z",
      "slug": "btc-updown-5m-1789704300",
      "status": "skip_too_late_to_enter",
      "seconds_left": 20.76351237297058,
      "min_entry_seconds_left": 90,
      "max_entry_seconds_left": 150
    },
    {
      "ts": "2026-09-18T04:09:41.515015Z",
      "slug": "btc-updown-5m-1789704300",
      "status": "skip_too_late_to_enter",
      "seconds_left": 18.484992265701294,
      "min_entry_seconds_left": 90,
      "max_entry_seconds_left": 150
    },
    {
      "ts": "2026-09-18T04:09:43.822452Z",
      "slug": "btc-updown-5m-1789704300",
      "status": "skip_too_late_to_enter",
      "seconds_left": 16.17755627632141,
      "min_entry_seconds_left": 90,
      "max_entry_seconds_left": 150
    },
    {
      "ts": "2026-09-18T04:09:46.119831Z",
      "slug": "btc-updown-5m-1789704300",
      "status": "skip_too_late_to_enter",
      "seconds_left": 13.880176305770874,
      "min_entry_seconds_left": 90,
      "max_entry_seconds_left": 150
    },
    {
      "ts": "2026-09-18T04:09:48.399050Z",
      "slug": "btc-updown-5m-1789704300",
      "status": "skip_too_late_to_enter",
      "seconds_left": 11.600959062576294,
      "min_entry_seconds_left": 90,
      "max_entry_seconds_left": 150
    },
    {
      "ts": "2026-09-18T04:09:50.678814Z",
      "slug": "btc-updown-5m-1789704300",
      "status": "skip_too_late_to_enter",
      "seconds_left": 9.32119107246399,
      "min_entry_seconds_left": 90,
      "max_entry_seconds_left": 150
    },
    {
      "ts": "2026-09-18T04:09:53.140725Z",
      "slug": "btc-updown-5m-1789704300",
      "status": "skip_too_late_to_enter",
      "seconds_left": 6.859282970428467,
      "min_entry_seconds_left": 90,
      "max_entry_seconds_left": 150
    },
    {
      "ts": "2026-09-18T04:09:55.528508Z",
      "status": "heartbeat_no_current_market"
    },
    {
      "ts": "2026-09-18T04:09:57.820880Z",
      "status": "heartbeat_no_current_market"
    },
    {
      "ts": "2026-09-18T04:10:00.114849Z",
      "status": "heartbeat_no_current_market"
    },
    {
      "ts": "2026-09-18T04:10:02.435594Z",
      "slug": "btc-updown-5m-1789704600",
      "status": "skip_too_early_to_enter",
      "seconds_left": 297.56441378593445,
      "min_entry_seconds_left": 90,
      "max_entry_seconds_left": 150
    },
    {
      "ts": "2026-09-18T04:10:04.762111Z",
      "slug": "btc-updown-5m-1789704600",
      "status": "skip_too_early_to_enter",
      "seconds_left": 295.2378969192505,
      "min_entry_seconds_left": 90,
      "max_entry_seconds_left": 150
    },
    {
      "ts": "2026-09-18T04:10:07.032690Z",
      "slug": "btc-updown-5m-1789704600",
      "status": "skip_too_early_to_enter",
      "seconds_left": 292.96731424331665,
      "min_entry_seconds_left": 90,
      "max_entry_seconds_left": 150
    },
    {
      "ts": "2026-09-18T04:10:09.312432Z",
      "slug": "btc-updown-5m-1789704600",
      "status": "skip_too_early_to_enter",
      "seconds_left": 290.68757700920105,
      "min_entry_seconds_left": 90,
      "max_entry_seconds_left": 150
    },
    {
      "ts": "2026-09-18T04:10:11.597999Z",
      "slug": "btc-updown-5m-1789704600",
      "status": "skip_too_early_to_enter",
      "seconds_left": 288.4020085334778,
      "min_entry_seconds_left": 90,
      "max_entry_seconds_left": 150
    },
    {
      "ts": "2026-09-18T04:10:18.255285Z",
      "slug": "btc-updown-5m-1789704600",
      "status": "skip_too_early_to_enter",
      "seconds_left": 281.74472308158875,
      "min_entry_seconds_left": 90,
      "max_entry_seconds_left": 150
    },
    {
      "ts": "2026-09-18T04:10:20.543068Z",
      "slug": "btc-updown-5m-1789704600",
      "status": "skip_too_early_to_enter",
      "seconds_left": 279.45693922042847,
      "min_entry_seconds_left": 90,
      "max_entry_seconds_left": 150
    },
    {
      "ts": "2026-09-18T04:10:22.834924Z",
      "slug": "btc-updown-5m-1789704600",
      "status": "skip_too_early_to_enter",
      "seconds_left": 277.1650836467743,
      "min_entry_seconds_left": 90,
      "max_entry_seconds_left": 150
    },
    {
      "ts": "2026-09-18T04:10:25.135551Z",
      "slug": "btc-updown-5m-1789704600",
      "status": "skip_too_early_to_enter",
      "seconds_left": 274.864458322525,
      "min_entry_seconds_left": 90,
      "max_entry_seconds_left": 150
    },
    {
      "ts": "2026-09-18T04:10:27.416229Z",
      "slug": "btc-updown-5m-1789704600",
      "status": "skip_too_early_to_enter",
      "seconds_left": 272.5837790966034,
      "min_entry_seconds_left": 90,
      "max_entry_seconds_left": 150
    },
    {
      "ts": "2026-09-18T04:10:29.717535Z",
      "slug": "btc-updown-5m-1789704600",
      "status": "skip_too_early_to_enter",
      "seconds_left": 270.28254222869873,
      "min_entry_seconds_left": 90,
      "max_entry_seconds_left": 150
    },
    {
      "ts": "2026-09-18T04:10:31.996642Z",
      "slug": "btc-updown-5m-1789704600",
      "status": "skip_too_early_to_enter",
      "seconds_left": 268.0033655166626,
      "min_entry_seconds_left": 90,
      "max_entry_seconds_left": 150
    },
    {
      "ts": "2026-09-18T04:10:34.295565Z",
      "slug": "btc-updown-5m-1789704600",
      "status": "skip_too_early_to_enter",
      "seconds_left": 265.704443693161,
      "min_entry_seconds_left": 90,
      "max_entry_seconds_left": 150
    },
    {
      "ts": "2026-09-18T04:10:36.582842Z",
      "slug": "btc-updown-5m-1789704600",
      "status": "skip_too_early_to_enter",
      "seconds_left": 263.41716623306274,
      "min_entry_seconds_left": 90,
      "max_entry_seconds_left": 150
    },
    {
      "ts": "2026-09-18T04:10:38.879855Z",
      "slug": "btc-updown-5m-1789704600",
      "status": "skip_too_early_to_enter",
      "seconds_left": 261.12014985084534,
      "min_entry_seconds_left": 90,
      "max_entry_seconds_left": 150
    },
    {
      "ts": "2026-09-18T04:10:41.170565Z",
      "slug": "btc-updown-5m-1789704600",
      "status": "skip_too_early_to_enter",
      "seconds_left": 258.8294413089752,
      "min_entry_seconds_left": 90,
      "max_entry_seconds_left": 150
    },
    {
      "ts": "2026-09-18T04:10:43.472984Z",
      "slug": "btc-updown-5m-1789704600",
      "status": "skip_too_early_to_enter",
      "seconds_left": 256.52702498435974,
      "min_entry_seconds_left": 90,
      "max_entry_seconds_left": 150
    },
    {
      "ts": "2026-09-18T04:10:45.753124Z",
      "slug": "btc-updown-5m-1789704600",
      "status": "skip_too_early_to_enter",
      "seconds_left": 254.24688339233398,
      "min_entry_seconds_left": 90,
      "max_entry_seconds_left": 150
    },
    {
      "ts": "2026-09-18T04:10:48.038739Z",
      "slug": "btc-updown-5m-1789704600",
      "status": "skip_too_early_to_enter",
      "seconds_left": 251.9612681865692,
      "min_entry_seconds_left": 90,
      "max_entry_seconds_left": 150
    },
    {
      "ts": "2026-09-18T04:10:50.323813Z",
      "slug": "btc-updown-5m-1789704600",
      "status": "skip_too_early_to_enter",
      "seconds_left": 249.67619514465332,
      "min_entry_seconds_left": 90,
      "max_entry_seconds_left": 150
    },
    {
      "ts": "2026-09-18T04:10:55.567122Z",
      "slug": "btc-updown-5m-1789704600",
      "status": "skip_too_early_to_enter",
      "seconds_left": 244.4328851699829,
      "min_entry_seconds_left": 90,
      "max_entry_seconds_left": 150
    },
    {
      "ts": "2026-09-18T04:10:57.836329Z",
      "slug": "btc-updown-5m-1789704600",
      "status": "skip_too_early_to_enter",
      "seconds_left": 242.16367721557617,
      "min_entry_seconds_left": 90,
      "max_entry_seconds_left": 150
    },
    {
      "ts": "2026-09-18T04:11:00.134213Z",
      "slug": "btc-updown-5m-1789704600",
      "status": "skip_too_early_to_enter",
      "seconds_left": 239.86579585075378,
      "min_entry_seconds_left": 90,
      "max_entry_seconds_left": 150
    },
    {
      "ts": "2026-09-18T04:11:02.414544Z",
      "slug": "btc-updown-5m-1789704600",
      "status": "skip_too_early_to_enter",
      "seconds_left": 237.58546352386475,
      "min_entry_seconds_left": 90,
      "max_entry_seconds_left": 150
    },
    {
      "ts": "2026-09-18T04:11:04.711965Z",
      "slug": "btc-updown-5m-1789704600",
      "status": "skip_too_early_to_enter",
      "seconds_left": 235.2880437374115,
      "min_entry_seconds_left": 90,
      "max_entry_seconds_left": 150
    },
    {
      "ts": "2026-09-18T04:11:07.005227Z",
      "slug": "btc-updown-5m-1789704600",
      "status": "skip_too_early_to_enter",
      "seconds_left": 232.99477744102478,
      "min_entry_seconds_left": 90,
      "max_entry_seconds_left": 150
    },
    {
      "ts": "2026-09-18T04:11:09.343862Z",
      "slug": "btc-updown-5m-1789704600",
      "status": "skip_too_early_to_enter",
      "seconds_left": 230.65614557266235,
      "min_entry_seconds_left": 90,
      "max_entry_seconds_left": 150
    },
    {
      "ts": "2026-09-18T04:11:11.638810Z",
      "slug": "btc-updown-5m-1789704600",
      "status": "skip_too_early_to_enter",
      "seconds_left": 228.3611981868744,
      "min_entry_seconds_left": 90,
      "max_entry_seconds_left": 150
    },
    {
      "ts": "2026-09-18T04:11:13.920349Z",
      "slug": "btc-updown-5m-1789704600",
      "status": "skip_too_early_to_enter",
      "seconds_left": 226.07965540885925,
      "min_entry_seconds_left": 90,
      "max_entry_seconds_left": 150
    },
    {
      "ts": "2026-09-18T04:11:16.212487Z",
      "slug": "btc-updown-5m-1789704600",
      "status": "skip_too_early_to_enter",
      "seconds_left": 223.78753232955933,
      "min_entry_seconds_left": 90,
      "max_entry_seconds_left": 150
    },
    {
      "ts": "2026-09-18T04:11:18.554915Z",
      "slug": "btc-updown-5m-1789704600",
      "status": "skip_too_early_to_enter",
      "seconds_left": 221.44508957862854,
      "min_entry_seconds_left": 90,
      "max_entry_seconds_left": 150
    },
    {
      "ts": "2026-09-18T04:11:20.841570Z",
      "slug": "btc-updown-5m-1789704600",
      "status": "skip_too_early_to_enter",
      "seconds_left": 219.15843868255615,
      "min_entry_seconds_left": 90,
      "max_entry_seconds_left": 150
    },
    {
      "ts": "2026-09-18T04:11:23.139534Z",
      "slug": "btc-updown-5m-1789704600",
      "status": "skip_too_early_to_enter",
      "seconds_left": 216.86047220230103,
      "min_entry_seconds_left": 90,
      "max_entry_seconds_left": 150
    },
    {
      "ts": "2026-09-18T04:11:25.421989Z",
      "slug": "btc-updown-5m-1789704600",
      "status": "skip_too_early_to_enter",
      "seconds_left": 214.57801961898804,
      "min_entry_seconds_left": 90,
      "max_entry_seconds_left": 150
    },
    {
      "ts": "2026-09-18T04:11:30.711375Z",
      "slug": "btc-updown-5m-1789704600",
      "status": "skip_too_early_to_enter",
      "seconds_left": 209.28863143920898,
      "min_entry_seconds_left": 90,
      "max_entry_seconds_left": 150
    },
    {
      "ts": "2026-09-18T04:11:33.007918Z",
      "slug": "btc-updown-5m-1789704600",
      "status": "skip_too_early_to_enter",
      "seconds_left": 206.99208974838257,
      "min_entry_seconds_left": 90,
      "max_entry_seconds_left": 150
    },
    {
      "ts": "2026-09-18T04:11:35.443383Z",
      "slug": "btc-updown-5m-1789704600",
      "status": "skip_too_early_to_enter",
      "seconds_left": 204.55662512779236,
      "min_entry_seconds_left": 90,
      "max_entry_seconds_left": 150
    },
    {
      "ts": "2026-09-18T04:11:37.735731Z",
      "slug": "btc-updown-5m-1789704600",
      "status": "skip_too_early_to_enter",
      "seconds_left": 202.2642776966095,
      "min_entry_seconds_left": 90,
      "max_entry_seconds_left": 150
    },
    {
      "ts": "2026-09-18T04:11:40.159077Z",
      "slug": "btc-updown-5m-1789704600",
      "status": "skip_too_early_to_enter",
      "seconds_left": 199.84093189239502,
      "min_entry_seconds_left": 90,
      "max_entry_seconds_left": 150
    },
    {
      "ts": "2026-09-18T04:11:42.474750Z",
      "slug": "btc-updown-5m-1789704600",
      "status": "skip_too_early_to_enter",
      "seconds_left": 197.5252571105957,
      "min_entry_seconds_left": 90,
      "max_entry_seconds_left": 150
    },
    {
      "ts": "2026-09-18T04:11:44.796794Z",
      "slug": "btc-updown-5m-1789704600",
      "status": "skip_too_early_to_enter",
      "seconds_left": 195.20321345329285,
      "min_entry_seconds_left": 90,
      "max_entry_seconds_left": 150
    },
    {
      "ts": "2026-09-18T04:11:47.091383Z",
      "slug": "btc-updown-5m-1789704600",
      "status": "skip_too_early_to_enter",
      "seconds_left": 192.90862560272217,
      "min_entry_seconds_left": 90,
      "max_entry_seconds_left": 150
    },
    {
      "ts": "2026-09-18T04:11:49.375410Z",
      "slug": "btc-updown-5m-1789704600",
      "status": "skip_too_early_to_enter",
      "seconds_left": 190.62459778785706,
      "min_entry_seconds_left": 90,
      "max_entry_seconds_left": 150
    },
    {
      "ts": "2026-09-18T04:11:51.652052Z",
      "slug": "btc-updown-5m-1789704600",
      "status": "skip_too_early_to_enter",
      "seconds_left": 188.34795546531677,
      "min_entry_seconds_left": 90,
      "max_entry_seconds_left": 150
    },
    {
      "ts": "2026-09-18T04:11:53.951485Z",
      "slug": "btc-updown-5m-1789704600",
      "status": "skip_too_early_to_enter",
      "seconds_left": 186.04852271080017,
      "min_entry_seconds_left": 90,
      "max_entry_seconds_left": 150
    },
    {
      "ts": "2026-09-18T04:11:56.253399Z",
      "slug": "btc-updown-5m-1789704600",
      "status": "skip_too_early_to_enter",
      "seconds_left": 183.74660778045654,
      "min_entry_seconds_left": 90,
      "max_entry_seconds_left": 150
    },
    {
      "ts": "2026-09-18T04:11:58.550374Z",
      "slug": "btc-updown-5m-1789704600",
      "status": "skip_too_early_to_enter",
      "seconds_left": 181.44963312149048,
      "min_entry_seconds_left": 90,
      "max_entry_seconds_left": 150
    },
    {
      "ts": "2026-09-18T04:12:00.852787Z",
      "slug": "btc-updown-5m-1789704600",
      "status": "skip_too_early_to_enter",
      "seconds_left": 179.1472201347351,
      "min_entry_seconds_left": 90,
      "max_entry_seconds_left": 150
    },
    {
      "ts": "2026-09-18T04:12:06.089813Z",
      "slug": "btc-updown-5m-1789704600",
      "status": "skip_too_early_to_enter",
      "seconds_left": 173.91019487380981,
      "min_entry_seconds_left": 90,
      "max_entry_seconds_left": 150
    },
    {
      "ts": "2026-09-18T04:12:08.429552Z",
      "slug": "btc-updown-5m-1789704600",
      "status": "skip_too_early_to_enter",
      "seconds_left": 171.57045578956604,
      "min_entry_seconds_left": 90,
      "max_entry_seconds_left": 150
    },
    {
      "ts": "2026-09-18T04:12:10.725047Z",
      "slug": "btc-updown-5m-1789704600",
      "status": "skip_too_early_to_enter",
      "seconds_left": 169.27496027946472,
      "min_entry_seconds_left": 90,
      "max_entry_seconds_left": 150
    },
    {
      "ts": "2026-09-18T04:12:13.012068Z",
      "slug": "btc-updown-5m-1789704600",
      "status": "skip_too_early_to_enter",
      "seconds_left": 166.98793935775757,
      "min_entry_seconds_left": 90,
      "max_entry_seconds_left": 150
    },
    {
      "ts": "2026-09-18T04:12:15.332116Z",
      "slug": "btc-updown-5m-1789704600",
      "status": "skip_too_early_to_enter",
      "seconds_left": 164.6678910255432,
      "min_entry_seconds_left": 90,
      "max_entry_seconds_left": 150
    },
    {
      "ts": "2026-09-18T04:12:17.664905Z",
      "slug": "btc-updown-5m-1789704600",
      "status": "skip_too_early_to_enter",
      "seconds_left": 162.33510398864746,
      "min_entry_seconds_left": 90,
      "max_entry_seconds_left": 150
    },
    {
      "ts": "2026-09-18T04:12:19.961704Z",
      "slug": "btc-updown-5m-1789704600",
      "status": "skip_too_early_to_enter",
      "seconds_left": 160.03830456733704,
      "min_entry_seconds_left": 90,
      "max_entry_seconds_left": 150
    },
    {
      "ts": "2026-09-18T04:12:22.350004Z",
      "slug": "btc-updown-5m-1789704600",
      "status": "skip_too_early_to_enter",
      "seconds_left": 157.65000414848328,
      "min_entry_seconds_left": 90,
      "max_entry_seconds_left": 150
    },
    {
      "ts": "2026-09-18T04:12:24.849415Z",
      "slug": "btc-updown-5m-1789704600",
      "status": "skip_too_early_to_enter",
      "seconds_left": 155.15059304237366,
      "min_entry_seconds_left": 90,
      "max_entry_seconds_left": 150
    },
    {
      "ts": "2026-09-18T04:12:27.203354Z",
      "slug": "btc-updown-5m-1789704600",
      "status": "skip_too_early_to_enter",
      "seconds_left": 152.7966547012329,
      "min_entry_seconds_left": 90,
      "max_entry_seconds_left": 150
    },
    {
      "ts": "2026-09-18T04:12:29.537939Z",
      "slug": "btc-updown-5m-1789704600",
      "status": "skip_too_early_to_enter",
      "seconds_left": 150.46206760406494,
      "min_entry_seconds_left": 90,
      "max_entry_seconds_left": 150
    },
    {
      "ts": "2026-09-18T04:12:33.071051Z",
      "slug": "btc-updown-5m-1789704600",
      "status": "heartbeat",
      "gamma_up": 0.505,
      "gamma_down": 0.495,
      "clob_up_ask": 0.94,
      "clob_down_ask": 0.07,
      "seconds_left": 148.10455060005188,
      "min_spread": 0.009999999999999898
    },
    {
      "ts": "2026-09-18T04:12:33.071087Z",
      "slug": "btc-updown-5m-1789704600",
      "status": "skip_ask_too_expensive",
      "threshold": 0.7,
      "max_ask": 0.85,
      "win_streak": 6,
      "clob_up_ask": 0.94,
      "clob_down_ask": 0.07,
      "seconds_left": 148.10455060005188,
      "trigger_price": 0.94
    },
    {
      "ts": "2026-09-18T04:12:36.002721Z",
      "slug": "btc-updown-5m-1789704600",
      "status": "heartbeat",
      "gamma_up": 0.505,
      "gamma_down": 0.495,
      "clob_up_ask": 0.94,
      "clob_down_ask": 0.07,
      "seconds_left": 144.624169588089,
      "min_spread": 0.009999999999999898
    },
    {
      "ts": "2026-09-18T04:12:36.002754Z",
      "slug": "btc-updown-5m-1789704600",
      "status": "skip_ask_too_expensive",
      "threshold": 0.7,
      "max_ask": 0.85,
      "win_streak": 6,
      "clob_up_ask": 0.94,
      "clob_down_ask": 0.07,
      "seconds_left": 144.624169588089,
      "trigger_price": 0.94
    },
    {
      "ts": "2026-09-18T04:12:41.868967Z",
      "slug": "btc-updown-5m-1789704600",
      "status": "heartbeat",
      "gamma_up": 0.505,
      "gamma_down": 0.495,
      "clob_up_ask": 0.94,
      "clob_down_ask": 0.09,
      "seconds_left": 138.74504566192627,
      "min_spread": 0.009999999999999898
    },
    {
      "ts": "2026-09-18T04:12:41.868994Z",
      "slug": "btc-updown-5m-1789704600",
      "status": "skip_ask_too_expensive",
      "threshold": 0.7,
      "max_ask": 0.85,
      "win_streak": 6,
      "clob_up_ask": 0.94,
      "clob_down_ask": 0.09,
      "seconds_left": 138.74504566192627,
      "trigger_price": 0.94
    },
    {
      "ts": "2026-09-18T04:12:44.776687Z",
      "slug": "btc-updown-5m-1789704600",
      "status": "heartbeat",
      "gamma_up": 0.505,
      "gamma_down": 0.495,
      "clob_up_ask": 0.92,
      "clob_down_ask": 0.09,
      "seconds_left": 135.830069065094,
      "min_spread": 0.009999999999999995
    },
    {
      "ts": "2026-09-18T04:12:44.776713Z",
      "slug": "btc-updown-5m-1789704600",
      "status": "skip_ask_too_expensive",
      "threshold": 0.7,
      "max_ask": 0.85,
      "win_streak": 6,
      "clob_up_ask": 0.92,
      "clob_down_ask": 0.09,
      "seconds_left": 135.830069065094,
      "trigger_price": 0.92
    },
    {
      "ts": "2026-09-18T04:12:47.733133Z",
      "slug": "btc-updown-5m-1789704600",
      "status": "heartbeat",
      "gamma_up": 0.505,
      "gamma_down": 0.495,
      "clob_up_ask": 0.9,
      "clob_down_ask": 0.11,
      "seconds_left": 132.86912202835083,
      "min_spread": 0.009999999999999995
    },
    {
      "ts": "2026-09-18T04:12:47.733164Z",
      "slug": "btc-updown-5m-1789704600",
      "status": "skip_ask_too_expensive",
      "threshold": 0.7,
      "max_ask": 0.85,
      "win_streak": 6,
      "clob_up_ask": 0.9,
      "clob_down_ask": 0.11,
      "seconds_left": 132.86912202835083,
      "trigger_price": 0.9
    },
    {
      "ts": "2026-09-18T04:12:50.766690Z",
      "slug": "btc-updown-5m-1789704600",
      "status": "heartbeat",
      "gamma_up": 0.505,
      "gamma_down": 0.495,
      "clob_up_ask": 0.92,
      "clob_down_ask": 0.1,
      "seconds_left": 129.89155864715576,
      "min_spread": 0.010000000000000009
    },
    {
      "ts": "2026-09-18T04:12:50.766718Z",
      "slug": "btc-updown-5m-1789704600",
      "status": "skip_ask_too_expensive",
      "threshold": 0.7,
      "max_ask": 0.85,
      "win_streak": 6,
      "clob_up_ask": 0.92,
      "clob_down_ask": 0.1,
      "seconds_left": 129.89155864715576,
      "trigger_price": 0.92
    },
    {
      "ts": "2026-09-18T04:12:53.673073Z",
      "slug": "btc-updown-5m-1789704600",
      "status": "heartbeat",
      "gamma_up": 0.505,
      "gamma_down": 0.495,
      "clob_up_ask": 0.85,
      "clob_down_ask": 0.14,
      "seconds_left": 126.93995809555054,
      "min_spread": 0.010000000000000009
    },
    {
      "ts": "2026-09-18T04:12:53.673098Z",
      "slug": "btc-updown-5m-1789704600",
      "status": "skip_ask_too_expensive",
      "threshold": 0.7,
      "max_ask": 0.85,
      "win_streak": 6,
      "clob_up_ask": 0.85,
      "clob_down_ask": 0.14,
      "seconds_left": 126.93995809555054,
      "trigger_price": 0.85
    },
    {
      "ts": "2026-09-18T04:12:56.593432Z",
      "slug": "btc-updown-5m-1789704600",
      "status": "heartbeat",
      "gamma_up": 0.505,
      "gamma_down": 0.495,
      "clob_up_ask": 0.9,
      "clob_down_ask": 0.11,
      "seconds_left": 124.02232074737549,
      "min_spread": 0.009999999999999995
    },
    {
      "ts": "2026-09-18T04:12:56.593458Z",
      "slug": "btc-updown-5m-1789704600",
      "status": "skip_ask_too_expensive",
      "threshold": 0.7,
      "max_ask": 0.85,
      "win_streak": 6,
      "clob_up_ask": 0.9,
      "clob_down_ask": 0.11,
      "seconds_left": 124.02232074737549,
      "trigger_price": 0.9
    },
    {
      "ts": "2026-09-18T04:12:59.495148Z",
      "slug": "btc-updown-5m-1789704600",
      "status": "heartbeat",
      "gamma_up": 0.505,
      "gamma_down": 0.495,
      "clob_up_ask": 0.92,
      "clob_down_ask": 0.08,
      "seconds_left": 121.11364340782166,
      "min_spread": 0.009999999999999995
    },
    {
      "ts": "2026-09-18T04:12:59.495178Z",
      "slug": "btc-updown-5m-1789704600",
      "status": "skip_ask_too_expensive",
      "threshold": 0.7,
      "max_ask": 0.85,
      "win_streak": 6,
      "clob_up_ask": 0.92,
      "clob_down_ask": 0.08,
      "seconds_left": 121.11364340782166,
      "trigger_price": 0.92
    },
    {
      "ts": "2026-09-18T04:13:02.386426Z",
      "slug": "btc-updown-5m-1789704600",
      "status": "heartbeat",
      "gamma_up": 0.505,
      "gamma_down": 0.495,
      "clob_up_ask": 0.94,
      "clob_down_ask": 0.07,
      "seconds_left": 118.21512198448181,
      "min_spread": 0.009999999999999898
    },
    {
      "ts": "2026-09-18T04:13:02.386457Z",
      "slug": "btc-updown-5m-1789704600",
      "status": "skip_ask_too_expensive",
      "threshold": 0.7,
      "max_ask": 0.85,
      "win_streak": 6,
      "clob_up_ask": 0.94,
      "clob_down_ask": 0.07,
      "seconds_left": 118.21512198448181,
      "trigger_price": 0.94
    },
    {
      "ts": "2026-09-18T04:13:05.455314Z",
      "slug": "btc-updown-5m-1789704600",
      "status": "heartbeat",
      "gamma_up": 0.505,
      "gamma_down": 0.495,
      "clob_up_ask": 0.97,
      "clob_down_ask": 0.04,
      "seconds_left": 115.25647354125977,
      "min_spread": 0.010000000000000002
    },
    {
      "ts": "2026-09-18T04:13:05.455343Z",
      "slug": "btc-updown-5m-1789704600",
      "status": "skip_ask_too_expensive",
      "threshold": 0.7,
      "max_ask": 0.85,
      "win_streak": 6,
      "clob_up_ask": 0.97,
      "clob_down_ask": 0.04,
      "seconds_left": 115.25647354125977,
      "trigger_price": 0.97
    },
    {
      "ts": "2026-09-18T04:13:08.371202Z",
      "slug": "btc-updown-5m-1789704600",
      "status": "heartbeat",
      "gamma_up": 0.505,
      "gamma_down": 0.495,
      "clob_up_ask": 0.97,
      "clob_down_ask": 0.04,
      "seconds_left": 112.25212025642395,
      "min_spread": 0.010000000000000002
    },
    {
      "ts": "2026-09-18T04:13:08.371229Z",
      "slug": "btc-updown-5m-1789704600",
      "status": "skip_ask_too_expensive",
      "threshold": 0.7,
      "max_ask": 0.85,
      "win_streak": 6,
      "clob_up_ask": 0.97,
      "clob_down_ask": 0.04,
      "seconds_left": 112.25212025642395,
      "trigger_price": 0.97
    },
    {
      "ts": "2026-09-18T04:13:11.273405Z",
      "slug": "btc-updown-5m-1789704600",
      "status": "heartbeat",
      "gamma_up": 0.505,
      "gamma_down": 0.495,
      "clob_up_ask": 0.98,
      "clob_down_ask": 0.03,
      "seconds_left": 109.33066987991333,
      "min_spread": 0.009999999999999998
    },
    {
      "ts": "2026-09-18T04:13:11.273644Z",
      "slug": "btc-updown-5m-1789704600",
      "status": "skip_ask_too_expensive",
      "threshold": 0.7,
      "max_ask": 0.85,
      "win_streak": 6,
      "clob_up_ask": 0.98,
      "clob_down_ask": 0.03,
      "seconds_left": 109.33066987991333,
      "trigger_price": 0.98
    },
    {
      "ts": "2026-09-18T04:13:17.100960Z",
      "slug": "btc-updown-5m-1789704600",
      "status": "heartbeat",
      "gamma_up": 0.505,
      "gamma_down": 0.495,
      "clob_up_ask": 0.98,
      "clob_down_ask": 0.03,
      "seconds_left": 103.49535298347473,
      "min_spread": 0.009999999999999998
    },
    {
      "ts": "2026-09-18T04:13:17.100985Z",
      "slug": "btc-updown-5m-1789704600",
      "status": "skip_ask_too_expensive",
      "threshold": 0.7,
      "max_ask": 0.85,
      "win_streak": 6,
      "clob_up_ask": 0.98,
      "clob_down_ask": 0.03,
      "seconds_left": 103.49535298347473,
      "trigger_price": 0.98
    },
    {
      "ts": "2026-09-18T04:13:20.025536Z",
      "slug": "btc-updown-5m-1789704600",
      "status": "heartbeat",
      "gamma_up": 0.505,
      "gamma_down": 0.495,
      "clob_up_ask": 0.98,
      "clob_down_ask": 0.03,
      "seconds_left": 100.58909773826599,
      "min_spread": 0.009999999999999998
    },
    {
      "ts": "2026-09-18T04:13:20.025566Z",
      "slug": "btc-updown-5m-1789704600",
      "status": "skip_ask_too_expensive",
      "threshold": 0.7,
      "max_ask": 0.85,
      "win_streak": 6,
      "clob_up_ask": 0.98,
      "clob_down_ask": 0.03,
      "seconds_left": 100.58909773826599,
      "trigger_price": 0.98
    },
    {
      "ts": "2026-09-18T04:13:22.904715Z",
      "slug": "btc-updown-5m-1789704600",
      "status": "heartbeat",
      "gamma_up": 0.505,
      "gamma_down": 0.495,
      "clob_up_ask": 0.99,
      "clob_down_ask": 0.02,
      "seconds_left": 97.68538188934326,
      "min_spread": 0.01
    },
    {
      "ts": "2026-09-18T04:13:22.904742Z",
      "slug": "btc-updown-5m-1789704600",
      "status": "skip_ask_too_expensive",
      "threshold": 0.7,
      "max_ask": 0.85,
      "win_streak": 6,
      "clob_up_ask": 0.99,
      "clob_down_ask": 0.02,
      "seconds_left": 97.68538188934326,
      "trigger_price": 0.99
    },
    {
      "ts": "2026-09-18T04:13:25.799975Z",
      "slug": "btc-updown-5m-1789704600",
      "status": "heartbeat",
      "gamma_up": 0.505,
      "gamma_down": 0.495,
      "clob_up_ask": 0.99,
      "clob_down_ask": 0.02,
      "seconds_left": 94.7987220287323,
      "min_spread": 0.01
    },
    {
      "ts": "2026-09-18T04:13:25.800011Z",
      "slug": "btc-updown-5m-1789704600",
      "status": "skip_ask_too_expensive",
      "threshold": 0.7,
      "max_ask": 0.85,
      "win_streak": 6,
      "clob_up_ask": 0.99,
      "clob_down_ask": 0.02,
      "seconds_left": 94.7987220287323,
      "trigger_price": 0.99
    },
    {
      "ts": "2026-09-18T04:13:28.811707Z",
      "slug": "btc-updown-5m-1789704600",
      "status": "heartbeat",
      "gamma_up": 0.505,
      "gamma_down": 0.495,
      "clob_up_ask": 0.99,
      "clob_down_ask": 0.02,
      "seconds_left": 91.88035249710083,
      "min_spread": 0.01
    },
    {
      "ts": "2026-09-18T04:13:28.811723Z",
      "slug": "btc-updown-5m-1789704600",
      "status": "skip_ask_too_expensive",
      "threshold": 0.7,
      "max_ask": 0.85,
      "win_streak": 6,
      "clob_up_ask": 0.99,
      "clob_down_ask": 0.02,
      "seconds_left": 91.88035249710083,
      "trigger_price": 0.99
    },
    {
      "ts": "2026-09-18T04:13:31.122490Z",
      "slug": "btc-updown-5m-1789704600",
      "status": "skip_too_late_to_enter",
      "seconds_left": 88.87751722335815,
      "min_entry_seconds_left": 90,
      "max_entry_seconds_left": 150
    },
    {
      "ts": "2026-09-18T04:13:33.545967Z",
      "slug": "btc-updown-5m-1789704600",
      "status": "skip_too_late_to_enter",
      "seconds_left": 86.45404124259949,
      "min_entry_seconds_left": 90,
      "max_entry_seconds_left": 150
    },
    {
      "ts": "2026-09-18T04:13:35.854216Z",
      "slug": "btc-updown-5m-1789704600",
      "status": "skip_too_late_to_enter",
      "seconds_left": 84.14579176902771,
      "min_entry_seconds_left": 90,
      "max_entry_seconds_left": 150
    },
    {
      "ts": "2026-09-18T04:13:38.150158Z",
      "slug": "btc-updown-5m-1789704600",
      "status": "skip_too_late_to_enter",
      "seconds_left": 81.84985017776489,
      "min_entry_seconds_left": 90,
      "max_entry_seconds_left": 150
    },
    {
      "ts": "2026-09-18T04:13:40.451935Z",
      "slug": "btc-updown-5m-1789704600",
      "status": "skip_too_late_to_enter",
      "seconds_left": 79.54807496070862,
      "min_entry_seconds_left": 90,
      "max_entry_seconds_left": 150
    },
    {
      "ts": "2026-09-18T04:13:42.757089Z",
      "slug": "btc-updown-5m-1789704600",
      "status": "skip_too_late_to_enter",
      "seconds_left": 77.24294972419739,
      "min_entry_seconds_left": 90,
      "max_entry_seconds_left": 150
    },
    {
      "ts": "2026-09-18T04:13:45.059994Z",
      "slug": "btc-updown-5m-1789704600",
      "status": "skip_too_late_to_enter",
      "seconds_left": 74.9400143623352,
      "min_entry_seconds_left": 90,
      "max_entry_seconds_left": 150
    },
    {
      "ts": "2026-09-18T04:13:47.371512Z",
      "slug": "btc-updown-5m-1789704600",
      "status": "skip_too_late_to_enter",
      "seconds_left": 72.62849569320679,
      "min_entry_seconds_left": 90,
      "max_entry_seconds_left": 150
    },
    {
      "ts": "2026-09-18T04:13:52.589491Z",
      "slug": "btc-updown-5m-1789704600",
      "status": "skip_too_late_to_enter",
      "seconds_left": 67.41051697731018,
      "min_entry_seconds_left": 90,
      "max_entry_seconds_left": 150
    },
    {
      "ts": "2026-09-18T04:13:54.887817Z",
      "slug": "btc-updown-5m-1789704600",
      "status": "skip_too_late_to_enter",
      "seconds_left": 65.11219048500061,
      "min_entry_seconds_left": 90,
      "max_entry_seconds_left": 150
    },
    {
      "ts": "2026-09-18T04:13:57.225387Z",
      "slug": "btc-updown-5m-1789704600",
      "status": "skip_too_late_to_enter",
      "seconds_left": 62.774616718292236,
      "min_entry_seconds_left": 90,
      "max_entry_seconds_left": 150
    },
    {
      "ts": "2026-09-18T04:13:59.511115Z",
      "slug": "btc-updown-5m-1789704600",
      "status": "skip_too_late_to_enter",
      "seconds_left": 60.488893270492554,
      "min_entry_seconds_left": 90,
      "max_entry_seconds_left": 150
    },
    {
      "ts": "2026-09-18T04:14:01.896811Z",
      "slug": "btc-updown-5m-1789704600",
      "status": "skip_too_late_to_enter",
      "seconds_left": 58.10319709777832,
      "min_entry_seconds_left": 90,
      "max_entry_seconds_left": 150
    },
    {
      "ts": "2026-09-18T04:14:04.200514Z",
      "slug": "btc-updown-5m-1789704600",
      "status": "skip_too_late_to_enter",
      "seconds_left": 55.799495458602905,
      "min_entry_seconds_left": 90,
      "max_entry_seconds_left": 150
    },
    {
      "ts": "2026-09-18T04:14:06.491582Z",
      "slug": "btc-updown-5m-1789704600",
      "status": "skip_too_late_to_enter",
      "seconds_left": 53.50842833518982,
      "min_entry_seconds_left": 90,
      "max_entry_seconds_left": 150
    },
    {
      "ts": "2026-09-18T04:14:08.880604Z",
      "slug": "btc-updown-5m-1789704600",
      "status": "skip_too_late_to_enter",
      "seconds_left": 51.11940383911133,
      "min_entry_seconds_left": 90,
      "max_entry_seconds_left": 150
    },
    {
      "ts": "2026-09-18T04:14:11.186763Z",
      "slug": "btc-updown-5m-1789704600",
      "status": "skip_too_late_to_enter",
      "seconds_left": 48.813244581222534,
      "min_entry_seconds_left": 90,
      "max_entry_seconds_left": 150
    },
    {
      "ts": "2026-09-18T04:14:13.466854Z",
      "slug": "btc-updown-5m-1789704600",
      "status": "skip_too_late_to_enter",
      "seconds_left": 46.533180475234985,
      "min_entry_seconds_left": 90,
      "max_entry_seconds_left": 150
    },
    {
      "ts": "2026-09-18T04:14:15.753320Z",
      "slug": "btc-updown-5m-1789704600",
      "status": "skip_too_late_to_enter",
      "seconds_left": 44.246689319610596,
      "min_entry_seconds_left": 90,
      "max_entry_seconds_left": 150
    },
    {
      "ts": "2026-09-18T04:14:18.134612Z",
      "slug": "btc-updown-5m-1789704600",
      "status": "skip_too_late_to_enter",
      "seconds_left": 41.86539649963379,
      "min_entry_seconds_left": 90,
      "max_entry_seconds_left": 150
    },
    {
      "ts": "2026-09-18T04:14:20.427420Z",
      "slug": "btc-updown-5m-1789704600",
      "status": "skip_too_late_to_enter",
      "seconds_left": 39.57258749008179,
      "min_entry_seconds_left": 90,
      "max_entry_seconds_left": 150
    },
    {
      "ts": "2026-09-18T04:14:22.725007Z",
      "slug": "btc-updown-5m-1789704600",
      "status": "skip_too_late_to_enter",
      "seconds_left": 37.27500104904175,
      "min_entry_seconds_left": 90,
      "max_entry_seconds_left": 150
    },
    {
      "ts": "2026-09-18T04:14:28.203891Z",
      "slug": "btc-updown-5m-1789704600",
      "status": "skip_too_late_to_enter",
      "seconds_left": 31.796117305755615,
      "min_entry_seconds_left": 90,
      "max_entry_seconds_left": 150
    },
    {
      "ts": "2026-09-18T04:14:30.516036Z",
      "slug": "btc-updown-5m-1789704600",
      "status": "skip_too_late_to_enter",
      "seconds_left": 29.48396897315979,
      "min_entry_seconds_left": 90,
      "max_entry_seconds_left": 150
    },
    {
      "ts": "2026-09-18T04:14:32.909533Z",
      "slug": "btc-updown-5m-1789704600",
      "status": "skip_too_late_to_enter",
      "seconds_left": 27.090471267700195,
      "min_entry_seconds_left": 90,
      "max_entry_seconds_left": 150
    },
    {
      "ts": "2026-09-18T04:14:35.216311Z",
      "slug": "btc-updown-5m-1789704600",
      "status": "skip_too_late_to_enter",
      "seconds_left": 24.78369665145874,
      "min_entry_seconds_left": 90,
      "max_entry_seconds_left": 150
    },
    {
      "ts": "2026-09-18T04:14:37.503599Z",
      "slug": "btc-updown-5m-1789704600",
      "status": "skip_too_late_to_enter",
      "seconds_left": 22.49640917778015,
      "min_entry_seconds_left": 90,
      "max_entry_seconds_left": 150
    },
    {
      "ts": "2026-09-18T04:14:39.892064Z",
      "slug": "btc-updown-5m-1789704600",
      "status": "skip_too_late_to_enter",
      "seconds_left": 20.107944011688232,
      "min_entry_seconds_left": 90,
      "max_entry_seconds_left": 150
    },
    {
      "ts": "2026-09-18T04:14:42.241857Z",
      "slug": "btc-updown-5m-1789704600",
      "status": "skip_too_late_to_enter",
      "seconds_left": 17.75815200805664,
      "min_entry_seconds_left": 90,
      "max_entry_seconds_left": 150
    },
    {
      "ts": "2026-09-18T04:14:44.587310Z",
      "slug": "btc-updown-5m-1789704600",
      "status": "skip_too_late_to_enter",
      "seconds_left": 15.412699460983276,
      "min_entry_seconds_left": 90,
      "max_entry_seconds_left": 150
    },
    {
      "ts": "2026-09-18T04:14:46.915488Z",
      "slug": "btc-updown-5m-1789704600",
      "status": "skip_too_late_to_enter",
      "seconds_left": 13.084521293640137,
      "min_entry_seconds_left": 90,
      "max_entry_seconds_left": 150
    },
    {
      "ts": "2026-09-18T04:14:49.308155Z",
      "slug": "btc-updown-5m-1789704600",
      "status": "skip_too_late_to_enter",
      "seconds_left": 10.691852331161499,
      "min_entry_seconds_left": 90,
      "max_entry_seconds_left": 150
    },
    {
      "ts": "2026-09-18T04:14:51.729222Z",
      "slug": "btc-updown-5m-1789704600",
      "status": "skip_too_late_to_enter",
      "seconds_left": 8.270787000656128,
      "min_entry_seconds_left": 90,
      "max_entry_seconds_left": 150
    },
    {
      "ts": "2026-09-18T04:14:54.181339Z",
      "slug": "btc-updown-5m-1789704600",
      "status": "skip_too_late_to_enter",
      "seconds_left": 5.818672180175781,
      "min_entry_seconds_left": 90,
      "max_entry_seconds_left": 150
    },
    {
      "ts": "2026-09-18T04:14:56.591100Z",
      "status": "heartbeat_no_current_market"
    },
    {
      "ts": "2026-09-18T04:15:01.955998Z",
      "status": "heartbeat_no_current_market"
    },
    {
      "ts": "2026-09-18T04:15:04.635395Z",
      "slug": "btc-updown-5m-1789704900",
      "status": "skip_too_early_to_enter",
      "seconds_left": 295.36461424827576,
      "min_entry_seconds_left": 90,
      "max_entry_seconds_left": 150
    },
    {
      "ts": "2026-09-18T04:15:07.099297Z",
      "slug": "btc-updown-5m-1789704900",
      "status": "skip_too_early_to_enter",
      "seconds_left": 292.90071272850037,
      "min_entry_seconds_left": 90,
      "max_entry_seconds_left": 150
    },
    {
      "ts": "2026-09-18T04:15:09.507294Z",
      "slug": "btc-updown-5m-1789704900",
      "status": "skip_too_early_to_enter",
      "seconds_left": 290.4927144050598,
      "min_entry_seconds_left": 90,
      "max_entry_seconds_left": 150
    },
    {
      "ts": "2026-09-18T04:15:11.973420Z",
      "slug": "btc-updown-5m-1789704900",
      "status": "skip_too_early_to_enter",
      "seconds_left": 288.0265874862671,
      "min_entry_seconds_left": 90,
      "max_entry_seconds_left": 150
    },
    {
      "ts": "2026-09-18T04:15:14.401246Z",
      "slug": "btc-updown-5m-1789704900",
      "status": "skip_too_early_to_enter",
      "seconds_left": 285.598760843277,
      "min_entry_seconds_left": 90,
      "max_entry_seconds_left": 150
    },
    {
      "ts": "2026-09-18T04:15:16.911222Z",
      "slug": "btc-updown-5m-1789704900",
      "status": "skip_too_early_to_enter",
      "seconds_left": 283.0887851715088,
      "min_entry_seconds_left": 90,
      "max_entry_seconds_left": 150
    },
    {
      "ts": "2026-09-18T04:15:19.289681Z",
      "slug": "btc-updown-5m-1789704900",
      "status": "skip_too_early_to_enter",
      "seconds_left": 280.7103271484375,
      "min_entry_seconds_left": 90,
      "max_entry_seconds_left": 150
    },
    {
      "ts": "2026-09-18T04:15:21.656949Z",
      "slug": "btc-updown-5m-1789704900",
      "status": "skip_too_early_to_enter",
      "seconds_left": 278.34305787086487,
      "min_entry_seconds_left": 90,
      "max_entry_seconds_left": 150
    },
    {
      "ts": "2026-09-18T04:15:24.047692Z",
      "slug": "btc-updown-5m-1789704900",
      "status": "skip_too_early_to_enter",
      "seconds_left": 275.95231533050537,
      "min_entry_seconds_left": 90,
      "max_entry_seconds_left": 150
    },
    {
      "ts": "2026-09-18T04:15:26.511829Z",
      "slug": "btc-updown-5m-1789704900",
      "status": "skip_too_early_to_enter",
      "seconds_left": 273.48817706108093,
      "min_entry_seconds_left": 90,
      "max_entry_seconds_left": 150
    },
    {
      "ts": "2026-09-18T04:15:28.934645Z",
      "slug": "btc-updown-5m-1789704900",
      "status": "skip_too_early_to_enter",
      "seconds_left": 271.0654327869415,
      "min_entry_seconds_left": 90,
      "max_entry_seconds_left": 150
    },
    {
      "ts": "2026-09-18T04:15:31.326816Z",
      "slug": "btc-updown-5m-1789704900",
      "status": "skip_too_early_to_enter",
      "seconds_left": 268.67319083213806,
      "min_entry_seconds_left": 90,
      "max_entry_seconds_left": 150
    },
    {
      "ts": "2026-09-18T04:15:33.787454Z",
      "slug": "btc-updown-5m-1789704900",
      "status": "skip_too_early_to_enter",
      "seconds_left": 266.2125539779663,
      "min_entry_seconds_left": 90,
      "max_entry_seconds_left": 150
    },
    {
      "ts": "2026-09-18T04:15:39.211675Z",
      "slug": "btc-updown-5m-1789704900",
      "status": "skip_too_early_to_enter",
      "seconds_left": 260.7883298397064,
      "min_entry_seconds_left": 90,
      "max_entry_seconds_left": 150
    },
    {
      "ts": "2026-09-18T04:15:41.495573Z",
      "slug": "btc-updown-5m-1789704900",
      "status": "skip_too_early_to_enter",
      "seconds_left": 258.50443410873413,
      "min_entry_seconds_left": 90,
      "max_entry_seconds_left": 150
    },
    {
      "ts": "2026-09-18T04:15:43.809235Z",
      "slug": "btc-updown-5m-1789704900",
      "status": "skip_too_early_to_enter",
      "seconds_left": 256.1908311843872,
      "min_entry_seconds_left": 90,
      "max_entry_seconds_left": 150
    },
    {
      "ts": "2026-09-18T04:15:46.123953Z",
      "slug": "btc-updown-5m-1789704900",
      "status": "skip_too_early_to_enter",
      "seconds_left": 253.87605500221252,
      "min_entry_seconds_left": 90,
      "max_entry_seconds_left": 150
    },
    {
      "ts": "2026-09-18T04:15:48.433566Z",
      "slug": "btc-updown-5m-1789704900",
      "status": "skip_too_early_to_enter",
      "seconds_left": 251.5664417743683,
      "min_entry_seconds_left": 90,
      "max_entry_seconds_left": 150
    },
    {
      "ts": "2026-09-18T04:15:50.750867Z",
      "slug": "btc-updown-5m-1789704900",
      "status": "skip_too_early_to_enter",
      "seconds_left": 249.2491409778595,
      "min_entry_seconds_left": 90,
      "max_entry_seconds_left": 150
    },
    {
      "ts": "2026-09-18T04:15:53.048069Z",
      "slug": "btc-updown-5m-1789704900",
      "status": "skip_too_early_to_enter",
      "seconds_left": 246.95193910598755,
      "min_entry_seconds_left": 90,
      "max_entry_seconds_left": 150
    },
    {
      "ts": "2026-09-18T04:15:55.338046Z",
      "slug": "btc-updown-5m-1789704900",
      "status": "skip_too_early_to_enter",
      "seconds_left": 244.66195821762085,
      "min_entry_seconds_left": 90,
      "max_entry_seconds_left": 150
    },
    {
      "ts": "2026-09-18T04:15:57.673061Z",
      "slug": "btc-updown-5m-1789704900",
      "status": "skip_too_early_to_enter",
      "seconds_left": 242.3269476890564,
      "min_entry_seconds_left": 90,
      "max_entry_seconds_left": 150
    },
    {
      "ts": "2026-09-18T04:15:59.966818Z",
      "slug": "btc-updown-5m-1789704900",
      "status": "skip_too_early_to_enter",
      "seconds_left": 240.03319025039673,
      "min_entry_seconds_left": 90,
      "max_entry_seconds_left": 150
    },
    {
      "ts": "2026-09-18T04:16:02.272853Z",
      "slug": "btc-updown-5m-1789704900",
      "status": "skip_too_early_to_enter",
      "seconds_left": 237.72715139389038,
      "min_entry_seconds_left": 90,
      "max_entry_seconds_left": 150
    },
    {
      "ts": "2026-09-18T04:16:04.566027Z",
      "slug": "btc-updown-5m-1789704900",
      "status": "skip_too_early_to_enter",
      "seconds_left": 235.4339780807495,
      "min_entry_seconds_left": 90,
      "max_entry_seconds_left": 150
    },
    {
      "ts": "2026-09-18T04:16:06.879227Z",
      "slug": "btc-updown-5m-1789704900",
      "status": "skip_too_early_to_enter",
      "seconds_left": 233.1207799911499,
      "min_entry_seconds_left": 90,
      "max_entry_seconds_left": 150
    },
    {
      "ts": "2026-09-18T04:16:09.203440Z",
      "slug": "btc-updown-5m-1789704900",
      "status": "skip_too_early_to_enter",
      "seconds_left": 230.79656648635864,
      "min_entry_seconds_left": 90,
      "max_entry_seconds_left": 150
    },
    {
      "ts": "2026-09-18T04:16:14.740826Z",
      "slug": "btc-updown-5m-1789704900",
      "status": "skip_too_early_to_enter",
      "seconds_left": 225.25917863845825,
      "min_entry_seconds_left": 90,
      "max_entry_seconds_left": 150
    },
    {
      "ts": "2026-09-18T04:16:17.018244Z",
      "slug": "btc-updown-5m-1789704900",
      "status": "skip_too_early_to_enter",
      "seconds_left": 222.9817600250244,
      "min_entry_seconds_left": 90,
      "max_entry_seconds_left": 150
    },
    {
      "ts": "2026-09-18T04:16:19.318317Z",
      "slug": "btc-updown-5m-1789704900",
      "status": "skip_too_early_to_enter",
      "seconds_left": 220.68169164657593,
      "min_entry_seconds_left": 90,
      "max_entry_seconds_left": 150
    },
    {
      "ts": "2026-09-18T04:16:21.628064Z",
      "slug": "btc-updown-5m-1789704900",
      "status": "skip_too_early_to_enter",
      "seconds_left": 218.37194538116455,
      "min_entry_seconds_left": 90,
      "max_entry_seconds_left": 150
    },
    {
      "ts": "2026-09-18T04:16:23.971394Z",
      "slug": "btc-updown-5m-1789704900",
      "status": "skip_too_early_to_enter",
      "seconds_left": 216.02861070632935,
      "min_entry_seconds_left": 90,
      "max_entry_seconds_left": 150
    },
    {
      "ts": "2026-09-18T04:16:26.297853Z",
      "slug": "btc-updown-5m-1789704900",
      "status": "skip_too_early_to_enter",
      "seconds_left": 213.7021565437317,
      "min_entry_seconds_left": 90,
      "max_entry_seconds_left": 150
    },
    {
      "ts": "2026-09-18T04:16:28.612418Z",
      "slug": "btc-updown-5m-1789704900",
      "status": "skip_too_early_to_enter",
      "seconds_left": 211.3875892162323,
      "min_entry_seconds_left": 90,
      "max_entry_seconds_left": 150
    },
    {
      "ts": "2026-09-18T04:16:30.901780Z",
      "slug": "btc-updown-5m-1789704900",
      "status": "skip_too_early_to_enter",
      "seconds_left": 209.09822916984558,
      "min_entry_seconds_left": 90,
      "max_entry_seconds_left": 150
    },
    {
      "ts": "2026-09-18T04:16:33.190131Z",
      "slug": "btc-updown-5m-1789704900",
      "status": "skip_too_early_to_enter",
      "seconds_left": 206.80987739562988,
      "min_entry_seconds_left": 90,
      "max_entry_seconds_left": 150
    },
    {
      "ts": "2026-09-18T04:16:35.579998Z",
      "slug": "btc-updown-5m-1789704900",
      "status": "skip_too_early_to_enter",
      "seconds_left": 204.42001104354858,
      "min_entry_seconds_left": 90,
      "max_entry_seconds_left": 150
    },
    {
      "ts": "2026-09-18T04:16:37.995837Z",
      "slug": "btc-updown-5m-1789704900",
      "status": "skip_too_early_to_enter",
      "seconds_left": 202.00416779518127,
      "min_entry_seconds_left": 90,
      "max_entry_seconds_left": 150
    },
    {
      "ts": "2026-09-18T04:16:40.293584Z",
      "slug": "btc-updown-5m-1789704900",
      "status": "skip_too_early_to_enter",
      "seconds_left": 199.70642352104187,
      "min_entry_seconds_left": 90,
      "max_entry_seconds_left": 150
    },
    {
      "ts": "2026-09-18T04:16:42.577629Z",
      "slug": "btc-updown-5m-1789704900",
      "status": "skip_too_early_to_enter",
      "seconds_left": 197.42237758636475,
      "min_entry_seconds_left": 90,
      "max_entry_seconds_left": 150
    },
    {
      "ts": "2026-09-18T04:16:44.998106Z",
      "slug": "btc-updown-5m-1789704900",
      "status": "skip_too_early_to_enter",
      "seconds_left": 195.00190138816833,
      "min_entry_seconds_left": 90,
      "max_entry_seconds_left": 150
    },
    {
      "ts": "2026-09-18T04:16:50.245408Z",
      "slug": "btc-updown-5m-1789704900",
      "status": "skip_too_early_to_enter",
      "seconds_left": 189.7546010017395,
      "min_entry_seconds_left": 90,
      "max_entry_seconds_left": 150
    },
    {
      "ts": "2026-09-18T04:16:52.538234Z",
      "slug": "btc-updown-5m-1789704900",
      "status": "skip_too_early_to_enter",
      "seconds_left": 187.4617736339569,
      "min_entry_seconds_left": 90,
      "max_entry_seconds_left": 150
    },
    {
      "ts": "2026-09-18T04:16:54.934620Z",
      "slug": "btc-updown-5m-1789704900",
      "status": "skip_too_early_to_enter",
      "seconds_left": 185.06539011001587,
      "min_entry_seconds_left": 90,
      "max_entry_seconds_left": 150
    },
    {
      "ts": "2026-09-18T04:16:57.263015Z",
      "slug": "btc-updown-5m-1789704900",
      "status": "skip_too_early_to_enter",
      "seconds_left": 182.73699235916138,
      "min_entry_seconds_left": 90,
      "max_entry_seconds_left": 150
    },
    {
      "ts": "2026-09-18T04:16:59.555392Z",
      "slug": "btc-updown-5m-1789704900",
      "status": "skip_too_early_to_enter",
      "seconds_left": 180.44461512565613,
      "min_entry_seconds_left": 90,
      "max_entry_seconds_left": 150
    },
    {
      "ts": "2026-09-18T04:17:01.865409Z",
      "slug": "btc-updown-5m-1789704900",
      "status": "skip_too_early_to_enter",
      "seconds_left": 178.13459539413452,
      "min_entry_seconds_left": 90,
      "max_entry_seconds_left": 150
    },
    {
      "ts": "2026-09-18T04:17:04.158547Z",
      "slug": "btc-updown-5m-1789704900",
      "status": "skip_too_early_to_enter",
      "seconds_left": 175.84145998954773,
      "min_entry_seconds_left": 90,
      "max_entry_seconds_left": 150
    },
    {
      "ts": "2026-09-18T04:17:06.440210Z",
      "slug": "btc-updown-5m-1789704900",
      "status": "skip_too_early_to_enter",
      "seconds_left": 173.55979895591736,
      "min_entry_seconds_left": 90,
      "max_entry_seconds_left": 150
    },
    {
      "ts": "2026-09-18T04:17:08.712010Z",
      "slug": "btc-updown-5m-1789704900",
      "status": "skip_too_early_to_enter",
      "seconds_left": 171.28799557685852,
      "min_entry_seconds_left": 90,
      "max_entry_seconds_left": 150
    },
    {
      "ts": "2026-09-18T04:17:10.996364Z",
      "slug": "btc-updown-5m-1789704900",
      "status": "skip_too_early_to_enter",
      "seconds_left": 169.00364303588867,
      "min_entry_seconds_left": 90,
      "max_entry_seconds_left": 150
    },
    {
      "ts": "2026-09-18T04:17:13.286896Z",
      "slug": "btc-updown-5m-1789704900",
      "status": "skip_too_early_to_enter",
      "seconds_left": 166.7131106853485,
      "min_entry_seconds_left": 90,
      "max_entry_seconds_left": 150
    },
    {
      "ts": "2026-09-18T04:17:15.696370Z",
      "slug": "btc-updown-5m-1789704900",
      "status": "skip_too_early_to_enter",
      "seconds_left": 164.30363821983337,
      "min_entry_seconds_left": 90,
      "max_entry_seconds_left": 150
    },
    {
      "ts": "2026-09-18T04:17:17.990735Z",
      "slug": "btc-updown-5m-1789704900",
      "status": "skip_too_early_to_enter",
      "seconds_left": 162.009272813797,
      "min_entry_seconds_left": 90,
      "max_entry_seconds_left": 150
    },
    {
      "ts": "2026-09-18T04:17:20.271172Z",
      "slug": "btc-updown-5m-1789704900",
      "status": "skip_too_early_to_enter",
      "seconds_left": 159.72883558273315,
      "min_entry_seconds_left": 90,
      "max_entry_seconds_left": 150
    },
    {
      "ts": "2026-09-18T04:17:25.525533Z",
      "slug": "btc-updown-5m-1789704900",
      "status": "skip_too_early_to_enter",
      "seconds_left": 154.4744749069214,
      "min_entry_seconds_left": 90,
      "max_entry_seconds_left": 150
    },
    {
      "ts": "2026-09-18T04:17:27.931488Z",
      "slug": "btc-updown-5m-1789704900",
      "status": "skip_too_early_to_enter",
      "seconds_left": 152.06851983070374,
      "min_entry_seconds_left": 90,
      "max_entry_seconds_left": 150
    },
    {
      "ts": "2026-09-18T04:17:30.992502Z",
      "slug": "btc-updown-5m-1789704900",
      "status": "heartbeat",
      "gamma_up": 0.505,
      "gamma_down": 0.495,
      "clob_up_ask": 0.57,
      "clob_down_ask": 0.42,
      "seconds_left": 149.77170038223267,
      "min_spread": 0.009999999999999898
    },
    {
      "ts": "2026-09-18T04:17:30.992527Z",
      "slug": "btc-updown-5m-1789704900",
      "status": "skip_price_below_threshold",
      "threshold": 0.7,
      "max_ask": 0.85,
      "win_streak": 6,
      "clob_up_ask": 0.57,
      "clob_down_ask": 0.42,
      "seconds_left": 149.77170038223267,
      "trigger_price": null
    },
    {
      "ts": "2026-09-18T04:17:33.999500Z",
      "slug": "btc-updown-5m-1789704900",
      "status": "heartbeat",
      "gamma_up": 0.505,
      "gamma_down": 0.495,
      "clob_up_ask": 0.53,
      "clob_down_ask": 0.48,
      "seconds_left": 146.72996759414673,
      "min_spread": 0.010000000000000009
    },
    {
      "ts": "2026-09-18T04:17:33.999523Z",
      "slug": "btc-updown-5m-1789704900",
      "status": "skip_price_below_threshold",
      "threshold": 0.7,
      "max_ask": 0.85,
      "win_streak": 6,
      "clob_up_ask": 0.53,
      "clob_down_ask": 0.48,
      "seconds_left": 146.72996759414673,
      "trigger_price": null
    },
    {
      "ts": "2026-09-18T04:17:37.087906Z",
      "slug": "btc-updown-5m-1789704900",
      "status": "heartbeat",
      "gamma_up": 0.505,
      "gamma_down": 0.495,
      "clob_up_ask": 0.52,
      "clob_down_ask": 0.41,
      "seconds_left": 143.712721824646,
      "min_spread": 0.009999999999999953
    },
    {
      "ts": "2026-09-18T04:17:37.087929Z",
      "slug": "btc-updown-5m-1789704900",
      "status": "skip_price_below_threshold",
      "threshold": 0.7,
      "max_ask": 0.85,
      "win_streak": 6,
      "clob_up_ask": 0.52,
      "clob_down_ask": 0.41,
      "seconds_left": 143.712721824646,
      "trigger_price": null
    },
    {
      "ts": "2026-09-18T04:17:40.046037Z",
      "slug": "btc-updown-5m-1789704900",
      "status": "heartbeat",
      "gamma_up": 0.505,
      "gamma_down": 0.495,
      "clob_up_ask": 0.63,
      "clob_down_ask": 0.38,
      "seconds_left": 140.57795763015747,
      "min_spread": 0.010000000000000009
    },
    {
      "ts": "2026-09-18T04:17:40.046066Z",
      "slug": "btc-updown-5m-1789704900",
      "status": "skip_price_below_threshold",
      "threshold": 0.7,
      "max_ask": 0.85,
      "win_streak": 6,
      "clob_up_ask": 0.63,
      "clob_down_ask": 0.38,
      "seconds_left": 140.57795763015747,
      "trigger_price": null
    },
    {
      "ts": "2026-09-18T04:17:42.938329Z",
      "slug": "btc-updown-5m-1789704900",
      "status": "heartbeat",
      "gamma_up": 0.505,
      "gamma_down": 0.495,
      "clob_up_ask": 0.61,
      "clob_down_ask": 0.4,
      "seconds_left": 137.66237211227417,
      "min_spread": 0.010000000000000009
    },
    {
      "ts": "2026-09-18T04:17:42.938355Z",
      "slug": "btc-updown-5m-1789704900",
      "status": "skip_price_below_threshold",
      "threshold": 0.7,
      "max_ask": 0.85,
      "win_streak": 6,
      "clob_up_ask": 0.61,
      "clob_down_ask": 0.4,
      "seconds_left": 137.66237211227417,
      "trigger_price": null
    },
    {
      "ts": "2026-09-18T04:17:45.806662Z",
      "slug": "btc-updown-5m-1789704900",
      "status": "heartbeat",
      "gamma_up": 0.505,
      "gamma_down": 0.495,
      "clob_up_ask": 0.62,
      "clob_down_ask": 0.39,
      "seconds_left": 134.77171730995178,
      "min_spread": 0.010000000000000009
    },
    {
      "ts": "2026-09-18T04:17:45.806691Z",
      "slug": "btc-updown-5m-1789704900",
      "status": "skip_price_below_threshold",
      "threshold": 0.7,
      "max_ask": 0.85,
      "win_streak": 6,
      "clob_up_ask": 0.62,
      "clob_down_ask": 0.39,
      "seconds_left": 134.77171730995178,
      "trigger_price": null
    },
    {
      "ts": "2026-09-18T04:17:48.724836Z",
      "slug": "btc-updown-5m-1789704900",
      "status": "heartbeat",
      "gamma_up": 0.505,
      "gamma_down": 0.495,
      "clob_up_ask": 0.62,
      "clob_down_ask": 0.39,
      "seconds_left": 131.88075137138367,
      "min_spread": 0.010000000000000009
    },
    {
      "ts": "2026-09-18T04:17:48.724851Z",
      "slug": "btc-updown-5m-1789704900",
      "status": "skip_price_below_threshold",
      "threshold": 0.7,
      "max_ask": 0.85,
      "win_streak": 6,
      "clob_up_ask": 0.62,
      "clob_down_ask": 0.39,
      "seconds_left": 131.88075137138367,
      "trigger_price": null
    },
    {
      "ts": "2026-09-18T04:17:51.749517Z",
      "slug": "btc-updown-5m-1789704900",
      "status": "heartbeat",
      "gamma_up": 0.505,
      "gamma_down": 0.495,
      "clob_up_ask": 0.69,
      "clob_down_ask": 0.32,
      "seconds_left": 128.8587429523468,
      "min_spread": 0.009999999999999898
    },
    {
      "ts": "2026-09-18T04:17:51.749540Z",
      "slug": "btc-updown-5m-1789704900",
      "status": "skip_price_below_threshold",
      "threshold": 0.7,
      "max_ask": 0.85,
      "win_streak": 6,
      "clob_up_ask": 0.69,
      "clob_down_ask": 0.32,
      "seconds_left": 128.8587429523468,
      "trigger_price": null
    },
    {
      "ts": "2026-09-18T04:17:54.834654Z",
      "slug": "btc-updown-5m-1789704900",
      "status": "heartbeat",
      "gamma_up": 0.505,
      "gamma_down": 0.495,
      "clob_up_ask": 0.71,
      "clob_down_ask": 0.29,
      "seconds_left": 125.95150136947632,
      "min_spread": 0.009999999999999953
    }
  ],
  "open_raw": "{\"mode\": \"open\", \"execute\": true, \"market_slug\": \"btc-updown-5m-1789704900\", \"force_side\": \"UP\", \"token_id\": \"5213615643991264206863671082675265752124698050817217848991947307133216966215\", \"entry_price\": 0.73, \"notional_usd\": 5.0, \"top_ask_notional_usd\": 535.6156, \"collateral_pusd\": 423.007541, \"order_post_result\": {\"errorMsg\": \"\", \"orderID\": \"0xd47312ef7bc917ea10514c138881d65e269fc091b541443ff0f54ac6986899a4\", \"takingAmount\": \"7.142856\", \"makingAmount\": \"4.999999\", \"status\": \"matched\", \"transactionsHashes\": [\"0xcbe1e6e3f3ad893932d4a2775a0bedaf983a7e9fc0fa0e9422ade72bb302ac65\"], \"success\": true}}\n\n[py_clob_client_v2] request error status=400 url=https://clob.polymarket.com/auth/api-key body={\"error\":\"Could not create api key\"}\n\n",
  "opened": {
    "opened_at": "2026-09-18T04:18:02.541579Z",
    "market_slug": "btc-updown-5m-1789704900",
    "market_end_iso": "2026-09-18T04:20:00Z",
    "side": "UP",
    "token_id": "5213615643991264206863671082675265752124698050817217848991947307133216966215",
    "entry_price": 0.73,
    "shares": 7.142856,
    "cost_usdc": 4.999999,
    "open_order_id": "0xd47312ef7bc917ea10514c138881d65e269fc091b541443ff0f54ac6986899a4",
    "open_tx": "0xcbe1e6e3f3ad893932d4a2775a0bedaf983a7e9fc0fa0e9422ade72bb302ac65"
  },
  "stop_loss_price": 0.5475,
  "last_side_price": 0.505,
  "last_clob_bid": 0.7,
  "last_check_at": "2026-09-18T04:18:03.256851Z",
  "close_debug": [
    {
      "ts": "2026-09-18T04:18:07.723388Z",
      "attempt": 1,
      "order_type": "FAK",
      "status": "matched",
      "close_skipped": ""
    }
  ],
  "close_raw": "{\"mode\": \"close\", \"execute\": true, \"market_slug\": \"btc-updown-5m-1789704900\", \"token_id\": \"5213615643991264206863671082675265752124698050817217848991947307133216966215\", \"requested_shares\": 7.142856, \"close_order_type\": \"FAK\", \"close_limit_price\": null, \"available_shares\": 7.142856, \"sell_shares\": 7.1428, \"order_post_result\": {\"errorMsg\": \"\", \"orderID\": \"0xd290c6d6fa9d94c230de31e95e2a884224b941e9b795917291fc798b594eed94\", \"takingAmount\": \"4.998\", \"makingAmount\": \"7.14\", \"status\": \"matched\", \"transactionsHashes\": [\"0xc13086924c5adf1c1b7bf3c67c118d3e339f1481e52ec4503c5f9af73bbcb854\"], \"success\": true}, \"close_skipped\": \"\"}\n\n[py_clob_client_v2] request error status=400 url=https://clob.polymarket.com/auth/api-key body={\"error\":\"Could not create api key\"}\n\n",
  "closed": {
    "close_reason": "stop_loss_25pct",
    "closed_at": "2026-09-18T04:18:07.723425Z",
    "close_success": true,
    "close_status": "matched",
    "close_order_id": "0xd290c6d6fa9d94c230de31e95e2a884224b941e9b795917291fc798b594eed94",
    "close_tx": "0xc13086924c5adf1c1b7bf3c67c118d3e339f1481e52ec4503c5f9af73bbcb854",
    "close_shares": 7.14,
    "close_usdc": 4.998,
    "close_skipped": ""
  },
  "realized_cashflow_pnl_usdc": -0.001999,
  "finished_at": "2026-09-18T04:18:07.723455Z",
  "result": "done"
}
[2026-09-18T04:18:07Z] session_end rc=0 sessions=1 stake_usd=5
journal_ok trades=199 md=/home/yukeen/polymarketbot/5min-btc-polymarket/data/live_trades.md json=/home/yukeen/polymarketbot/5min-btc-polymarket/data/live_trades.json
[2026-09-18T04:19:29Z] fills=2/10 sessions=1/36
[2026-09-18T04:19:49Z] cash=422.795602
[2026-09-18T04:19:57Z] session_begin sessions=1 fills=2 stake_usd=5
[py_clob_client_v2] request error status=400 url=https://clob.polymarket.com/auth/api-key body={"error":"Could not create api key"}

{
  "started_at": "2026-09-18T04:19:58.027605Z",
  "params": {
    "profile": "conservative",
    "threshold": 0.7,
    "stake_usd": 5.0,
    "stop_loss_pct": 0.25,
    "exit_before_sec": 20,
    "min_entry_seconds_left": 90,
    "max_entry_seconds_left": 150,
    "entry_timeout_min": 20,
    "poll_sec": 2.0,
    "max_ask": 0.85,
    "expensive_ask": 0.8,
    "expensive_after_wins": 3,
    "clob_cut_bid": 0.4,
    "close_retry_max": 30,
    "close_retry_delay_sec": 2.0,
    "no_gamma_sl": false,
    "execute": true,
    "win_streak": 0
  },
  "attempts": [
    {
      "ts": "2026-09-18T04:19:58.302225Z",
      "status": "heartbeat_no_current_market"
    },
    {
      "ts": "2026-09-18T04:20:00.600015Z",
      "slug": "btc-updown-5m-1789705200",
      "status": "skip_too_early_to_enter",
      "seconds_left": 299.3999948501587,
      "min_entry_seconds_left": 90,
      "max_entry_seconds_left": 150
    },
    {
      "ts": "2026-09-18T04:20:02.911406Z",
      "slug": "btc-updown-5m-1789705200",
      "status": "skip_too_early_to_enter",
      "seconds_left": 297.0886037349701,
      "min_entry_seconds_left": 90,
      "max_entry_seconds_left": 150
    },
    {
      "ts": "2026-09-18T04:20:05.285501Z",
      "slug": "btc-updown-5m-1789705200",
      "status": "skip_too_early_to_enter",
      "seconds_left": 294.71450757980347,
      "min_entry_seconds_left": 90,
      "max_entry_seconds_left": 150
    },
    {
      "ts": "2026-09-18T04:20:07.603130Z",
      "slug": "btc-updown-5m-1789705200",
      "status": "skip_too_early_to_enter",
      "seconds_left": 292.3968780040741,
      "min_entry_seconds_left": 90,
      "max_entry_seconds_left": 150
    },
    {
      "ts": "2026-09-18T04:20:09.917515Z",
      "slug": "btc-updown-5m-1789705200",
      "status": "skip_too_early_to_enter",
      "seconds_left": 290.08251905441284,
      "min_entry_seconds_left": 90,
      "max_entry_seconds_left": 150
    },
    {
      "ts": "2026-09-18T04:20:12.202528Z",
      "slug": "btc-updown-5m-1789705200",
      "status": "skip_too_early_to_enter",
      "seconds_left": 287.7974796295166,
      "min_entry_seconds_left": 90,
      "max_entry_seconds_left": 150
    },
    {
      "ts": "2026-09-18T04:20:14.486148Z",
      "slug": "btc-updown-5m-1789705200",
      "status": "skip_too_early_to_enter",
      "seconds_left": 285.51385951042175,
      "min_entry_seconds_left": 90,
      "max_entry_seconds_left": 150
    },
    {
      "ts": "2026-09-18T04:20:16.818582Z",
      "slug": "btc-updown-5m-1789705200",
      "status": "skip_too_early_to_enter",
      "seconds_left": 283.18142557144165,
      "min_entry_seconds_left": 90,
      "max_entry_seconds_left": 150
    },
    {
      "ts": "2026-09-18T04:20:22.031999Z",
      "slug": "btc-updown-5m-1789705200",
      "status": "skip_too_early_to_enter",
      "seconds_left": 277.9680082798004,
      "min_entry_seconds_left": 90,
      "max_entry_seconds_left": 150
    },
    {
      "ts": "2026-09-18T04:20:24.306325Z",
      "slug": "btc-updown-5m-1789705200",
      "status": "skip_too_early_to_enter",
      "seconds_left": 275.6936831474304,
      "min_entry_seconds_left": 90,
      "max_entry_seconds_left": 150
    },
    {
      "ts": "2026-09-18T04:20:26.592376Z",
      "slug": "btc-updown-5m-1789705200",
      "status": "skip_too_early_to_enter",
      "seconds_left": 273.4076313972473,
      "min_entry_seconds_left": 90,
      "max_entry_seconds_left": 150
    },
    {
      "ts": "2026-09-18T04:20:28.875314Z",
      "slug": "btc-updown-5m-1789705200",
      "status": "skip_too_early_to_enter",
      "seconds_left": 271.1246933937073,
      "min_entry_seconds_left": 90,
      "max_entry_seconds_left": 150
    },
    {
      "ts": "2026-09-18T04:20:31.161925Z",
      "slug": "btc-updown-5m-1789705200",
      "status": "skip_too_early_to_enter",
      "seconds_left": 268.8380823135376,
      "min_entry_seconds_left": 90,
      "max_entry_seconds_left": 150
    },
    {
      "ts": "2026-09-18T04:20:33.486650Z",
      "slug": "btc-updown-5m-1789705200",
      "status": "skip_too_early_to_enter",
      "seconds_left": 266.51335763931274,
      "min_entry_seconds_left": 90,
      "max_entry_seconds_left": 150
    },
    {
      "ts": "2026-09-18T04:20:35.755161Z",
      "slug": "btc-updown-5m-1789705200",
      "status": "skip_too_early_to_enter",
      "seconds_left": 264.2448456287384,
      "min_entry_seconds_left": 90,
      "max_entry_seconds_left": 150
    },
    {
      "ts": "2026-09-18T04:20:38.056761Z",
      "slug": "btc-updown-5m-1789705200",
      "status": "skip_too_early_to_enter",
      "seconds_left": 261.94324588775635,
      "min_entry_seconds_left": 90,
      "max_entry_seconds_left": 150
    },
    {
      "ts": "2026-09-18T04:20:40.343393Z",
      "slug": "btc-updown-5m-1789705200",
      "status": "skip_too_early_to_enter",
      "seconds_left": 259.6566152572632,
      "min_entry_seconds_left": 90,
      "max_entry_seconds_left": 150
    },
    {
      "ts": "2026-09-18T04:20:42.665858Z",
      "slug": "btc-updown-5m-1789705200",
      "status": "skip_too_early_to_enter",
      "seconds_left": 257.33414793014526,
      "min_entry_seconds_left": 90,
      "max_entry_seconds_left": 150
    },
    {
      "ts": "2026-09-18T04:20:45.046681Z",
      "slug": "btc-updown-5m-1789705200",
      "status": "skip_too_early_to_enter",
      "seconds_left": 254.95332551002502,
      "min_entry_seconds_left": 90,
      "max_entry_seconds_left": 150
    },
    {
      "ts": "2026-09-18T04:20:47.425306Z",
      "slug": "btc-updown-5m-1789705200",
      "status": "skip_too_early_to_enter",
      "seconds_left": 252.57470107078552,
      "min_entry_seconds_left": 90,
      "max_entry_seconds_left": 150
    },
    {
      "ts": "2026-09-18T04:20:49.774747Z",
      "slug": "btc-updown-5m-1789705200",
      "status": "skip_too_early_to_enter",
      "seconds_left": 250.22526001930237,
      "min_entry_seconds_left": 90,
      "max_entry_seconds_left": 150
    },
    {
      "ts": "2026-09-18T04:20:52.084909Z",
      "slug": "btc-updown-5m-1789705200",
      "status": "skip_too_early_to_enter",
      "seconds_left": 247.91509699821472,
      "min_entry_seconds_left": 90,
      "max_entry_seconds_left": 150
    },
    {
      "ts": "2026-09-18T04:20:57.325594Z",
      "slug": "btc-updown-5m-1789705200",
      "status": "skip_too_early_to_enter",
      "seconds_left": 242.67440962791443,
      "min_entry_seconds_left": 90,
      "max_entry_seconds_left": 150
    },
    {
      "ts": "2026-09-18T04:20:59.604111Z",
      "slug": "btc-updown-5m-1789705200",
      "status": "skip_too_early_to_enter",
      "seconds_left": 240.39589715003967,
      "min_entry_seconds_left": 90,
      "max_entry_seconds_left": 150
    },
    {
      "ts": "2026-09-18T04:21:01.874029Z",
      "slug": "btc-updown-5m-1789705200",
      "status": "skip_too_early_to_enter",
      "seconds_left": 238.1259765625,
      "min_entry_seconds_left": 90,
      "max_entry_seconds_left": 150
    },
    {
      "ts": "2026-09-18T04:21:04.199643Z",
      "slug": "btc-updown-5m-1789705200",
      "status": "skip_too_early_to_enter",
      "seconds_left": 235.8003635406494,
      "min_entry_seconds_left": 90,
      "max_entry_seconds_left": 150
    },
    {
      "ts": "2026-09-18T04:21:06.482455Z",
      "slug": "btc-updown-5m-1789705200",
      "status": "skip_too_early_to_enter",
      "seconds_left": 233.51755166053772,
      "min_entry_seconds_left": 90,
      "max_entry_seconds_left": 150
    },
    {
      "ts": "2026-09-18T04:21:08.781362Z",
      "slug": "btc-updown-5m-1789705200",
      "status": "skip_too_early_to_enter",
      "seconds_left": 231.21864438056946,
      "min_entry_seconds_left": 90,
      "max_entry_seconds_left": 150
    },
    {
      "ts": "2026-09-18T04:21:11.071027Z",
      "slug": "btc-updown-5m-1789705200",
      "status": "skip_too_early_to_enter",
      "seconds_left": 228.9289801120758,
      "min_entry_seconds_left": 90,
      "max_entry_seconds_left": 150
    },
    {
      "ts": "2026-09-18T04:21:13.378911Z",
      "slug": "btc-updown-5m-1789705200",
      "status": "skip_too_early_to_enter",
      "seconds_left": 226.621098279953,
      "min_entry_seconds_left": 90,
      "max_entry_seconds_left": 150
    },
    {
      "ts": "2026-09-18T04:21:15.669708Z",
      "slug": "btc-updown-5m-1789705200",
      "status": "skip_too_early_to_enter",
      "seconds_left": 224.3302993774414,
      "min_entry_seconds_left": 90,
      "max_entry_seconds_left": 150
    },
    {
      "ts": "2026-09-18T04:21:18.117871Z",
      "slug": "btc-updown-5m-1789705200",
      "status": "skip_too_early_to_enter",
      "seconds_left": 221.8821358680725,
      "min_entry_seconds_left": 90,
      "max_entry_seconds_left": 150
    },
    {
      "ts": "2026-09-18T04:21:20.430159Z",
      "slug": "btc-updown-5m-1789705200",
      "status": "skip_too_early_to_enter",
      "seconds_left": 219.56984782218933,
      "min_entry_seconds_left": 90,
      "max_entry_seconds_left": 150
    },
    {
      "ts": "2026-09-18T04:21:22.738173Z",
      "slug": "btc-updown-5m-1789705200",
      "status": "skip_too_early_to_enter",
      "seconds_left": 217.26183366775513,
      "min_entry_seconds_left": 90,
      "max_entry_seconds_left": 150
    },
    {
      "ts": "2026-09-18T04:21:25.062137Z",
      "slug": "btc-updown-5m-1789705200",
      "status": "skip_too_early_to_enter",
      "seconds_left": 214.93787002563477,
      "min_entry_seconds_left": 90,
      "max_entry_seconds_left": 150
    },
    {
      "ts": "2026-09-18T04:21:27.351107Z",
      "slug": "btc-updown-5m-1789705200",
      "status": "skip_too_early_to_enter",
      "seconds_left": 212.64890146255493,
      "min_entry_seconds_left": 90,
      "max_entry_seconds_left": 150
    },
    {
      "ts": "2026-09-18T04:21:32.601055Z",
      "slug": "btc-updown-5m-1789705200",
      "status": "skip_too_early_to_enter",
      "seconds_left": 207.39894890785217,
      "min_entry_seconds_left": 90,
      "max_entry_seconds_left": 150
    },
    {
      "ts": "2026-09-18T04:21:34.902871Z",
      "slug": "btc-updown-5m-1789705200",
      "status": "skip_too_early_to_enter",
      "seconds_left": 205.0971360206604,
      "min_entry_seconds_left": 90,
      "max_entry_seconds_left": 150
    },
    {
      "ts": "2026-09-18T04:21:37.189914Z",
      "slug": "btc-updown-5m-1789705200",
      "status": "skip_too_early_to_enter",
      "seconds_left": 202.8100938796997,
      "min_entry_seconds_left": 90,
      "max_entry_seconds_left": 150
    },
    {
      "ts": "2026-09-18T04:21:39.530186Z",
      "slug": "btc-updown-5m-1789705200",
      "status": "skip_too_early_to_enter",
      "seconds_left": 200.46982169151306,
      "min_entry_seconds_left": 90,
      "max_entry_seconds_left": 150
    },
    {
      "ts": "2026-09-18T04:21:41.931078Z",
      "slug": "btc-updown-5m-1789705200",
      "status": "skip_too_early_to_enter",
      "seconds_left": 198.06892681121826,
      "min_entry_seconds_left": 90,
      "max_entry_seconds_left": 150
    },
    {
      "ts": "2026-09-18T04:21:44.217469Z",
      "slug": "btc-updown-5m-1789705200",
      "status": "skip_too_early_to_enter",
      "seconds_left": 195.78253936767578,
      "min_entry_seconds_left": 90,
      "max_entry_seconds_left": 150
    },
    {
      "ts": "2026-09-18T04:21:46.495575Z",
      "slug": "btc-updown-5m-1789705200",
      "status": "skip_too_early_to_enter",
      "seconds_left": 193.50443291664124,
      "min_entry_seconds_left": 90,
      "max_entry_seconds_left": 150
    },
    {
      "ts": "2026-09-18T04:21:48.778436Z",
      "slug": "btc-updown-5m-1789705200",
      "status": "skip_too_early_to_enter",
      "seconds_left": 191.2215702533722,
      "min_entry_seconds_left": 90,
      "max_entry_seconds_left": 150
    },
    {
      "ts": "2026-09-18T04:21:51.064516Z",
      "slug": "btc-updown-5m-1789705200",
      "status": "skip_too_early_to_enter",
      "seconds_left": 188.93549180030823,
      "min_entry_seconds_left": 90,
      "max_entry_seconds_left": 150
    },
    {
      "ts": "2026-09-18T04:21:53.378529Z",
      "slug": "btc-updown-5m-1789705200",
      "status": "skip_too_early_to_enter",
      "seconds_left": 186.62147760391235,
      "min_entry_seconds_left": 90,
      "max_entry_seconds_left": 150
    },
    {
      "ts": "2026-09-18T04:21:55.698241Z",
      "slug": "btc-updown-5m-1789705200",
      "status": "skip_too_early_to_enter",
      "seconds_left": 184.30176639556885,
      "min_entry_seconds_left": 90,
      "max_entry_seconds_left": 150
    },
    {
      "ts": "2026-09-18T04:21:58.054847Z",
      "slug": "btc-updown-5m-1789705200",
      "status": "skip_too_early_to_enter",
      "seconds_left": 181.9451596736908,
      "min_entry_seconds_left": 90,
      "max_entry_seconds_left": 150
    },
    {
      "ts": "2026-09-18T04:22:00.345167Z",
      "slug": "btc-updown-5m-1789705200",
      "status": "skip_too_early_to_enter",
      "seconds_left": 179.65483951568604,
      "min_entry_seconds_left": 90,
      "max_entry_seconds_left": 150
    },
    {
      "ts": "2026-09-18T04:22:02.672554Z",
      "slug": "btc-updown-5m-1789705200",
      "status": "skip_too_early_to_enter",
      "seconds_left": 177.32745361328125,
      "min_entry_seconds_left": 90,
      "max_entry_seconds_left": 150
    },
    {
      "ts": "2026-09-18T04:22:07.956147Z",
      "slug": "btc-updown-5m-1789705200",
      "status": "skip_too_early_to_enter",
      "seconds_left": 172.04385924339294,
      "min_entry_seconds_left": 90,
      "max_entry_seconds_left": 150
    },
    {
      "ts": "2026-09-18T04:22:10.339041Z",
      "slug": "btc-updown-5m-1789705200",
      "status": "skip_too_early_to_enter",
      "seconds_left": 169.66096901893616,
      "min_entry_seconds_left": 90,
      "max_entry_seconds_left": 150
    },
    {
      "ts": "2026-09-18T04:22:12.681696Z",
      "slug": "btc-updown-5m-1789705200",
      "status": "skip_too_early_to_enter",
      "seconds_left": 167.31830763816833,
      "min_entry_seconds_left": 90,
      "max_entry_seconds_left": 150
    },
    {
      "ts": "2026-09-18T04:22:15.060431Z",
      "slug": "btc-updown-5m-1789705200",
      "status": "skip_too_early_to_enter",
      "seconds_left": 164.9395763874054,
      "min_entry_seconds_left": 90,
      "max_entry_seconds_left": 150
    },
    {
      "ts": "2026-09-18T04:22:33.349844Z",
      "slug": "btc-updown-5m-1789705200",
      "status": "heartbeat",
      "gamma_up": 0.505,
      "gamma_down": 0.495,
      "clob_up_ask": 0.24,
      "clob_down_ask": 0.77,
      "seconds_left": 147.66015672683716,
      "min_spread": 0.009999999999999981
    },
    {
      "ts": "2026-09-18T04:22:37.631928Z",
      "slug": "btc-updown-5m-1789705200",
      "status": "heartbeat",
      "gamma_up": 0.505,
      "gamma_down": 0.495,
      "clob_up_ask": 0.17,
      "clob_down_ask": 0.84,
      "seconds_left": 142.98635911941528,
      "min_spread": 0.010000000000000009
    }
  ],
  "last_open_try": "{\"mode\": \"open\", \"execute\": true, \"market_slug\": \"btc-updown-5m-1789705200\", \"force_side\": \"DOWN\", \"token_id\": \"12122561109068264551706398506828784134755980305426660522153662701698483673188\", \"entry_price\": 0.78, \"notional_usd\": 5.0, \"top_ask_notional_usd\": 13.033800000000001, \"skipped\": \"thin_top_ask\", \"order_post_result\": {\"success\": false, \"status\": \"skipped\", \"errorMsg\": \"thin_top_ask\"}}\n\n",
  "open_raw": "{\"mode\": \"open\", \"execute\": true, \"market_slug\": \"btc-updown-5m-1789705200\", \"force_side\": \"DOWN\", \"token_id\": \"12122561109068264551706398506828784134755980305426660522153662701698483673188\", \"entry_price\": 0.88, \"notional_usd\": 5.0, \"top_ask_notional_usd\": 40.216, \"collateral_pusd\": 422.795602, \"order_post_result\": {\"errorMsg\": \"\", \"orderID\": \"0x8b178f212f104c6b5db0cc2eb3ecdb5012ca8214290f48db0d0c814ca2e5335d\", \"takingAmount\": \"5.319133\", \"makingAmount\": \"4.999985\", \"status\": \"matched\", \"transactionsHashes\": [\"0xe90fb623f82ea28e4e76151db560a55d9eb4af48eddaffec8a69fc594fe21691\"], \"success\": true}}\n\n[py_clob_client_v2] request error status=400 url=https://clob.polymarket.com/auth/api-key body={\"error\":\"Could not create api key\"}\n\n",
  "opened": {
    "opened_at": "2026-09-18T04:22:45.327858Z",
    "market_slug": "btc-updown-5m-1789705200",
    "market_end_iso": "2026-09-18T04:25:00Z",
    "side": "DOWN",
    "token_id": "12122561109068264551706398506828784134755980305426660522153662701698483673188",
    "entry_price": 0.88,
    "shares": 5.319133,
    "cost_usdc": 4.999985,
    "open_order_id": "0x8b178f212f104c6b5db0cc2eb3ecdb5012ca8214290f48db0d0c814ca2e5335d",
    "open_tx": "0xe90fb623f82ea28e4e76151db560a55d9eb4af48eddaffec8a69fc594fe21691"
  },
  "stop_loss_price": 0.66,
  "last_side_price": 0.495,
  "last_clob_bid": 0.94,
  "last_check_at": "2026-09-18T04:22:46.071001Z",
  "close_debug": [
    {
      "ts": "2026-09-18T04:22:50.389549Z",
      "attempt": 1,
      "order_type": "FAK",
      "status": "matched",
      "close_skipped": ""
    }
  ],
  "close_raw": "{\"mode\": \"close\", \"execute\": true, \"market_slug\": \"btc-updown-5m-1789705200\", \"token_id\": \"12122561109068264551706398506828784134755980305426660522153662701698483673188\", \"requested_shares\": 5.319133, \"close_order_type\": \"FAK\", \"close_limit_price\": null, \"available_shares\": 5.319133, \"sell_shares\": 5.3191, \"order_post_result\": {\"errorMsg\": \"\", \"orderID\": \"0x29259f067e55282b71f6376ed5e4bd0fb3ed2ef87f753c7ecab260c30cfd67c7\", \"takingAmount\": \"5.0445\", \"makingAmount\": \"5.31\", \"status\": \"matched\", \"transactionsHashes\": [\"0x577e32b606f4498ce332ed40f68bbccc8d859625d7573478ac7cae966f5ce3a9\"], \"success\": true}, \"close_skipped\": \"\"}\n\n[py_clob_client_v2] request error status=400 url=https://clob.polymarket.com/auth/api-key body={\"error\":\"Could not create api key\"}\n\n",
  "closed": {
    "close_reason": "stop_loss_25pct",
    "closed_at": "2026-09-18T04:22:50.389578Z",
    "close_success": true,
    "close_status": "matched",
    "close_order_id": "0x29259f067e55282b71f6376ed5e4bd0fb3ed2ef87f753c7ecab260c30cfd67c7",
    "close_tx": "0x577e32b606f4498ce332ed40f68bbccc8d859625d7573478ac7cae966f5ce3a9",
    "close_shares": 5.31,
    "close_usdc": 5.0445,
    "close_skipped": ""
  },
  "realized_cashflow_pnl_usdc": 0.044515,
  "finished_at": "2026-09-18T04:22:50.389599Z",
  "result": "done"
}
[2026-09-18T04:22:50Z] session_end rc=0 sessions=2 stake_usd=5
journal_ok trades=200 md=/home/yukeen/polymarketbot/5min-btc-polymarket/data/live_trades.md json=/home/yukeen/polymarketbot/5min-btc-polymarket/data/live_trades.json
[2026-09-18T04:24:20Z] fills=3/10 sessions=2/36
[py_clob_client_v2] request error status=400 url=https://clob.polymarket.com/auth/api-key body={"error":"Could not create api key"}

[2026-09-18T04:24:40Z] cash=422.801477
[2026-09-18T04:24:48Z] session_begin sessions=2 fills=3 stake_usd=5
{
  "started_at": "2026-09-18T04:24:48.897849Z",
  "params": {
    "profile": "conservative",
    "threshold": 0.7,
    "stake_usd": 5.0,
    "stop_loss_pct": 0.25,
    "exit_before_sec": 20,
    "min_entry_seconds_left": 90,
    "max_entry_seconds_left": 150,
    "entry_timeout_min": 20,
    "poll_sec": 2.0,
    "max_ask": 0.85,
    "expensive_ask": 0.8,
    "expensive_after_wins": 3,
    "clob_cut_bid": 0.4,
    "close_retry_max": 30,
    "close_retry_delay_sec": 2.0,
    "no_gamma_sl": false,
    "execute": true,
    "win_streak": 0
  },
  "attempts": [
    {
      "ts": "2026-09-18T04:24:49.202700Z",
      "slug": "btc-updown-5m-1789705200",
      "status": "skip_too_late_to_enter",
      "seconds_left": 10.797343969345093,
      "min_entry_seconds_left": 90,
      "max_entry_seconds_left": 150
    },
    {
      "ts": "2026-09-18T04:24:51.705028Z",
      "slug": "btc-updown-5m-1789705200",
      "status": "skip_too_late_to_enter",
      "seconds_left": 8.294984340667725,
      "min_entry_seconds_left": 90,
      "max_entry_seconds_left": 150
    },
    {
      "ts": "2026-09-18T04:24:54.037295Z",
      "slug": "btc-updown-5m-1789705200",
      "status": "skip_too_late_to_enter",
      "seconds_left": 5.962713241577148,
      "min_entry_seconds_left": 90,
      "max_entry_seconds_left": 150
    },
    {
      "ts": "2026-09-18T04:24:56.493140Z",
      "status": "heartbeat_no_current_market"
    },
    {
      "ts": "2026-09-18T04:24:58.780985Z",
      "status": "heartbeat_no_current_market"
    },
    {
      "ts": "2026-09-18T04:25:01.086181Z",
      "slug": "btc-updown-5m-1789705500",
      "status": "skip_too_early_to_enter",
      "seconds_left": 298.9138255119324,
      "min_entry_seconds_left": 90,
      "max_entry_seconds_left": 150
    },
    {
      "ts": "2026-09-18T04:25:06.323046Z",
      "slug": "btc-updown-5m-1789705500",
      "status": "skip_too_early_to_enter",
      "seconds_left": 293.6769621372223,
      "min_entry_seconds_left": 90,
      "max_entry_seconds_left": 150
    },
    {
      "ts": "2026-09-18T04:25:08.614018Z",
      "slug": "btc-updown-5m-1789705500",
      "status": "skip_too_early_to_enter",
      "seconds_left": 291.38598799705505,
      "min_entry_seconds_left": 90,
      "max_entry_seconds_left": 150
    },
    {
      "ts": "2026-09-18T04:25:10.913334Z",
      "slug": "btc-updown-5m-1789705500",
      "status": "skip_too_early_to_enter",
      "seconds_left": 289.0866768360138,
      "min_entry_seconds_left": 90,
      "max_entry_seconds_left": 150
    },
    {
      "ts": "2026-09-18T04:25:13.233631Z",
      "slug": "btc-updown-5m-1789705500",
      "status": "skip_too_early_to_enter",
      "seconds_left": 286.76638102531433,
      "min_entry_seconds_left": 90,
      "max_entry_seconds_left": 150
    },
    {
      "ts": "2026-09-18T04:25:15.509233Z",
      "slug": "btc-updown-5m-1789705500",
      "status": "skip_too_early_to_enter",
      "seconds_left": 284.4907739162445,
      "min_entry_seconds_left": 90,
      "max_entry_seconds_left": 150
    },
    {
      "ts": "2026-09-18T04:25:17.800128Z",
      "slug": "btc-updown-5m-1789705500",
      "status": "skip_too_early_to_enter",
      "seconds_left": 282.19987630844116,
      "min_entry_seconds_left": 90,
      "max_entry_seconds_left": 150
    },
    {
      "ts": "2026-09-18T04:25:20.260383Z",
      "slug": "btc-updown-5m-1789705500",
      "status": "skip_too_early_to_enter",
      "seconds_left": 279.7396228313446,
      "min_entry_seconds_left": 90,
      "max_entry_seconds_left": 150
    },
    {
      "ts": "2026-09-18T04:25:22.568552Z",
      "slug": "btc-updown-5m-1789705500",
      "status": "skip_too_early_to_enter",
      "seconds_left": 277.43145513534546,
      "min_entry_seconds_left": 90,
      "max_entry_seconds_left": 150
    },
    {
      "ts": "2026-09-18T04:25:24.895269Z",
      "slug": "btc-updown-5m-1789705500",
      "status": "skip_too_early_to_enter",
      "seconds_left": 275.10473465919495,
      "min_entry_seconds_left": 90,
      "max_entry_seconds_left": 150
    },
    {
      "ts": "2026-09-18T04:25:27.189197Z",
      "slug": "btc-updown-5m-1789705500",
      "status": "skip_too_early_to_enter",
      "seconds_left": 272.8108105659485,
      "min_entry_seconds_left": 90,
      "max_entry_seconds_left": 150
    },
    {
      "ts": "2026-09-18T04:25:29.464674Z",
      "slug": "btc-updown-5m-1789705500",
      "status": "skip_too_early_to_enter",
      "seconds_left": 270.53533387184143,
      "min_entry_seconds_left": 90,
      "max_entry_seconds_left": 150
    },
    {
      "ts": "2026-09-18T04:25:31.754797Z",
      "slug": "btc-updown-5m-1789705500",
      "status": "skip_too_early_to_enter",
      "seconds_left": 268.2452108860016,
      "min_entry_seconds_left": 90,
      "max_entry_seconds_left": 150
    },
    {
      "ts": "2026-09-18T04:25:34.215023Z",
      "slug": "btc-updown-5m-1789705500",
      "status": "skip_too_early_to_enter",
      "seconds_left": 265.78498363494873,
      "min_entry_seconds_left": 90,
      "max_entry_seconds_left": 150
    },
    {
      "ts": "2026-09-18T04:25:36.813058Z",
      "slug": "btc-updown-5m-1789705500",
      "status": "skip_too_early_to_enter",
      "seconds_left": 263.18694949150085,
      "min_entry_seconds_left": 90,
      "max_entry_seconds_left": 150
    },
    {
      "ts": "2026-09-18T04:25:42.083833Z",
      "slug": "btc-updown-5m-1789705500",
      "status": "skip_too_early_to_enter",
      "seconds_left": 257.91617131233215,
      "min_entry_seconds_left": 90,
      "max_entry_seconds_left": 150
    },
    {
      "ts": "2026-09-18T04:25:44.384578Z",
      "slug": "btc-updown-5m-1789705500",
      "status": "skip_too_early_to_enter",
      "seconds_left": 255.61543035507202,
      "min_entry_seconds_left": 90,
      "max_entry_seconds_left": 150
    },
    {
      "ts": "2026-09-18T04:25:46.807891Z",
      "slug": "btc-updown-5m-1789705500",
      "status": "skip_too_early_to_enter",
      "seconds_left": 253.1921124458313,
      "min_entry_seconds_left": 90,
      "max_entry_seconds_left": 150
    },
    {
      "ts": "2026-09-18T04:25:49.197206Z",
      "slug": "btc-updown-5m-1789705500",
      "status": "skip_too_early_to_enter",
      "seconds_left": 250.8028016090393,
      "min_entry_seconds_left": 90,
      "max_entry_seconds_left": 150
    },
    {
      "ts": "2026-09-18T04:25:51.561886Z",
      "slug": "btc-updown-5m-1789705500",
      "status": "skip_too_early_to_enter",
      "seconds_left": 248.43812084197998,
      "min_entry_seconds_left": 90,
      "max_entry_seconds_left": 150
    },
    {
      "ts": "2026-09-18T04:25:53.851227Z",
      "slug": "btc-updown-5m-1789705500",
      "status": "skip_too_early_to_enter",
      "seconds_left": 246.14878010749817,
      "min_entry_seconds_left": 90,
      "max_entry_seconds_left": 150
    },
    {
      "ts": "2026-09-18T04:25:56.154756Z",
      "slug": "btc-updown-5m-1789705500",
      "status": "skip_too_early_to_enter",
      "seconds_left": 243.8452513217926,
      "min_entry_seconds_left": 90,
      "max_entry_seconds_left": 150
    },
    {
      "ts": "2026-09-18T04:25:58.465159Z",
      "slug": "btc-updown-5m-1789705500",
      "status": "skip_too_early_to_enter",
      "seconds_left": 241.53484916687012,
      "min_entry_seconds_left": 90,
      "max_entry_seconds_left": 150
    },
    {
      "ts": "2026-09-18T04:26:00.754374Z",
      "slug": "btc-updown-5m-1789705500",
      "status": "skip_too_early_to_enter",
      "seconds_left": 239.24563431739807,
      "min_entry_seconds_left": 90,
      "max_entry_seconds_left": 150
    },
    {
      "ts": "2026-09-18T04:26:03.067051Z",
      "slug": "btc-updown-5m-1789705500",
      "status": "skip_too_early_to_enter",
      "seconds_left": 236.93295645713806,
      "min_entry_seconds_left": 90,
      "max_entry_seconds_left": 150
    },
    {
      "ts": "2026-09-18T04:26:05.463026Z",
      "slug": "btc-updown-5m-1789705500",
      "status": "skip_too_early_to_enter",
      "seconds_left": 234.53698229789734,
      "min_entry_seconds_left": 90,
      "max_entry_seconds_left": 150
    },
    {
      "ts": "2026-09-18T04:26:07.767249Z",
      "slug": "btc-updown-5m-1789705500",
      "status": "skip_too_early_to_enter",
      "seconds_left": 232.23275876045227,
      "min_entry_seconds_left": 90,
      "max_entry_seconds_left": 150
    },
    {
      "ts": "2026-09-18T04:26:10.096918Z",
      "slug": "btc-updown-5m-1789705500",
      "status": "skip_too_early_to_enter",
      "seconds_left": 229.9030900001526,
      "min_entry_seconds_left": 90,
      "max_entry_seconds_left": 150
    },
    {
      "ts": "2026-09-18T04:26:12.421974Z",
      "slug": "btc-updown-5m-1789705500",
      "status": "skip_too_early_to_enter",
      "seconds_left": 227.57803082466125,
      "min_entry_seconds_left": 90,
      "max_entry_seconds_left": 150
    },
    {
      "ts": "2026-09-18T04:26:17.662573Z",
      "slug": "btc-updown-5m-1789705500",
      "status": "skip_too_early_to_enter",
      "seconds_left": 222.33743476867676,
      "min_entry_seconds_left": 90,
      "max_entry_seconds_left": 150
    },
    {
      "ts": "2026-09-18T04:26:19.962277Z",
      "slug": "btc-updown-5m-1789705500",
      "status": "skip_too_early_to_enter",
      "seconds_left": 220.03773140907288,
      "min_entry_seconds_left": 90,
      "max_entry_seconds_left": 150
    },
    {
      "ts": "2026-09-18T04:26:22.364298Z",
      "slug": "btc-updown-5m-1789705500",
      "status": "skip_too_early_to_enter",
      "seconds_left": 217.63571047782898,
      "min_entry_seconds_left": 90,
      "max_entry_seconds_left": 150
    },
    {
      "ts": "2026-09-18T04:26:24.667097Z",
      "slug": "btc-updown-5m-1789705500",
      "status": "skip_too_early_to_enter",
      "seconds_left": 215.3329095840454,
      "min_entry_seconds_left": 90,
      "max_entry_seconds_left": 150
    },
    {
      "ts": "2026-09-18T04:26:27.109043Z",
      "slug": "btc-updown-5m-1789705500",
      "status": "skip_too_early_to_enter",
      "seconds_left": 212.89096426963806,
      "min_entry_seconds_left": 90,
      "max_entry_seconds_left": 150
    },
    {
      "ts": "2026-09-18T04:26:29.414437Z",
      "slug": "btc-updown-5m-1789705500",
      "status": "skip_too_early_to_enter",
      "seconds_left": 210.58557105064392,
      "min_entry_seconds_left": 90,
      "max_entry_seconds_left": 150
    },
    {
      "ts": "2026-09-18T04:26:31.730695Z",
      "slug": "btc-updown-5m-1789705500",
      "status": "skip_too_early_to_enter",
      "seconds_left": 208.26931428909302,
      "min_entry_seconds_left": 90,
      "max_entry_seconds_left": 150
    },
    {
      "ts": "2026-09-18T04:26:34.600415Z",
      "slug": "btc-updown-5m-1789705500",
      "status": "skip_too_early_to_enter",
      "seconds_left": 205.39959144592285,
      "min_entry_seconds_left": 90,
      "max_entry_seconds_left": 150
    },
    {
      "ts": "2026-09-18T04:26:36.894720Z",
      "slug": "btc-updown-5m-1789705500",
      "status": "skip_too_early_to_enter",
      "seconds_left": 203.10528659820557,
      "min_entry_seconds_left": 90,
      "max_entry_seconds_left": 150
    },
    {
      "ts": "2026-09-18T04:26:39.186519Z",
      "slug": "btc-updown-5m-1789705500",
      "status": "skip_too_early_to_enter",
      "seconds_left": 200.81348872184753,
      "min_entry_seconds_left": 90,
      "max_entry_seconds_left": 150
    },
    {
      "ts": "2026-09-18T04:26:41.473726Z",
      "slug": "btc-updown-5m-1789705500",
      "status": "skip_too_early_to_enter",
      "seconds_left": 198.52628135681152,
      "min_entry_seconds_left": 90,
      "max_entry_seconds_left": 150
    },
    {
      "ts": "2026-09-18T04:26:43.853828Z",
      "slug": "btc-updown-5m-1789705500",
      "status": "skip_too_early_to_enter",
      "seconds_left": 196.14617896080017,
      "min_entry_seconds_left": 90,
      "max_entry_seconds_left": 150
    },
    {
      "ts": "2026-09-18T04:26:46.235958Z",
      "slug": "btc-updown-5m-1789705500",
      "status": "skip_too_early_to_enter",
      "seconds_left": 193.76404905319214,
      "min_entry_seconds_left": 90,
      "max_entry_seconds_left": 150
    },
    {
      "ts": "2026-09-18T04:26:51.601749Z",
      "slug": "btc-updown-5m-1789705500",
      "status": "skip_too_early_to_enter",
      "seconds_left": 188.39826130867004,
      "min_entry_seconds_left": 90,
      "max_entry_seconds_left": 150
    },
    {
      "ts": "2026-09-18T04:26:53.920442Z",
      "slug": "btc-updown-5m-1789705500",
      "status": "skip_too_early_to_enter",
      "seconds_left": 186.07956528663635,
      "min_entry_seconds_left": 90,
      "max_entry_seconds_left": 150
    },
    {
      "ts": "2026-09-18T04:26:56.199472Z",
      "slug": "btc-updown-5m-1789705500",
      "status": "skip_too_early_to_enter",
      "seconds_left": 183.80053448677063,
      "min_entry_seconds_left": 90,
      "max_entry_seconds_left": 150
    },
    {
      "ts": "2026-09-18T04:26:58.572145Z",
      "slug": "btc-updown-5m-1789705500",
      "status": "skip_too_early_to_enter",
      "seconds_left": 181.42785835266113,
      "min_entry_seconds_left": 90,
      "max_entry_seconds_left": 150
    },
    {
      "ts": "2026-09-18T04:27:00.890012Z",
      "slug": "btc-updown-5m-1789705500",
      "status": "skip_too_early_to_enter",
      "seconds_left": 179.1099956035614,
      "min_entry_seconds_left": 90,
      "max_entry_seconds_left": 150
    },
    {
      "ts": "2026-09-18T04:27:03.195412Z",
      "slug": "btc-updown-5m-1789705500",
      "status": "skip_too_early_to_enter",
      "seconds_left": 176.80459547042847,
      "min_entry_seconds_left": 90,
      "max_entry_seconds_left": 150
    },
    {
      "ts": "2026-09-18T04:27:05.525839Z",
      "slug": "btc-updown-5m-1789705500",
      "status": "skip_too_early_to_enter",
      "seconds_left": 174.47416806221008,
      "min_entry_seconds_left": 90,
      "max_entry_seconds_left": 150
    },
    {
      "ts": "2026-09-18T04:27:07.824679Z",
      "slug": "btc-updown-5m-1789705500",
      "status": "skip_too_early_to_enter",
      "seconds_left": 172.1753284931183,
      "min_entry_seconds_left": 90,
      "max_entry_seconds_left": 150
    },
    {
      "ts": "2026-09-18T04:27:10.130946Z",
      "slug": "btc-updown-5m-1789705500",
      "status": "skip_too_early_to_enter",
      "seconds_left": 169.86906147003174,
      "min_entry_seconds_left": 90,
      "max_entry_seconds_left": 150
    },
    {
      "ts": "2026-09-18T04:27:31.379711Z",
      "slug": "btc-updown-5m-1789705500",
      "status": "heartbeat",
      "gamma_up": 0.495,
      "gamma_down": 0.505,
      "clob_up_ask": 0.18,
      "clob_down_ask": 0.8,
      "seconds_left": 149.5335054397583,
      "min_spread": 0.009999999999999981
    }
  ],
  "open_raw": "{\"mode\": \"open\", \"execute\": true, \"market_slug\": \"btc-updown-5m-1789705500\", \"force_side\": \"DOWN\", \"token_id\": \"2828734797166344084211298042871568430573208598903364326821616239108087514235\", \"entry_price\": 0.77, \"notional_usd\": 5.0, \"top_ask_notional_usd\": 138.6, \"collateral_pusd\": 422.801477, \"order_post_result\": {\"errorMsg\": \"\", \"orderID\": \"0x389f1190ed0df5e2d991727908e0ac744734ceab558d7b0697169672e5fb3c2c\", \"takingAmount\": \"6.329114\", \"makingAmount\": \"5\", \"status\": \"matched\", \"transactionsHashes\": [\"0xe837435e7449f71ed9faea3b051e9c449d29eba0d987a58cb8b1d0eeb98e7ad0\"], \"success\": true}}\n\n[py_clob_client_v2] request error status=400 url=https://clob.polymarket.com/auth/api-key body={\"error\":\"Could not create api key\"}\n\n",
  "opened": {
    "opened_at": "2026-09-18T04:27:36.403931Z",
    "market_slug": "btc-updown-5m-1789705500",
    "market_end_iso": "2026-09-18T04:30:00Z",
    "side": "DOWN",
    "token_id": "2828734797166344084211298042871568430573208598903364326821616239108087514235",
    "entry_price": 0.77,
    "shares": 6.329114,
    "cost_usdc": 5.0,
    "open_order_id": "0x389f1190ed0df5e2d991727908e0ac744734ceab558d7b0697169672e5fb3c2c",
    "open_tx": "0xe837435e7449f71ed9faea3b051e9c449d29eba0d987a58cb8b1d0eeb98e7ad0"
  },
  "stop_loss_price": 0.5775,
  "last_side_price": 0.775,
  "last_clob_bid": 0.99,
  "last_check_at": "2026-09-18T04:29:38.644896Z",
  "closed": {
    "close_reason": "hold_to_settlement_winning_book",
    "closed_at": "2026-09-18T04:29:40.955548Z",
    "close_success": false,
    "close_status": "held",
    "close_order_id": null,
    "close_tx": null,
    "close_shares": 0.0,
    "close_usdc": 0.0,
    "close_skipped": "hold_to_settlement"
  },
  "realized_cashflow_pnl_usdc": null,
  "finished_at": "2026-09-18T04:29:40.955570Z",
  "result": "done"
}
[2026-09-18T04:29:41Z] session_end rc=0 sessions=3 stake_usd=5
journal_ok trades=201 md=/home/yukeen/polymarketbot/5min-btc-polymarket/data/live_trades.md json=/home/yukeen/polymarketbot/5min-btc-polymarket/data/live_trades.json
[2026-09-18T04:31:21Z] fills=4/10 sessions=3/36
[py_clob_client_v2] request error status=400 url=https://clob.polymarket.com/auth/api-key body={"error":"Could not create api key"}

[2026-09-18T04:31:40Z] cash=424.057091
[2026-09-18T04:31:48Z] session_begin sessions=3 fills=4 stake_usd=5
[py_clob_client_v2] request error status=400 url=https://clob.polymarket.com/auth/api-key body={"error":"Could not create api key"}

{
  "started_at": "2026-09-18T04:31:49.540222Z",
  "params": {
    "profile": "conservative",
    "threshold": 0.7,
    "stake_usd": 5.0,
    "stop_loss_pct": 0.25,
    "exit_before_sec": 20,
    "min_entry_seconds_left": 90,
    "max_entry_seconds_left": 150,
    "entry_timeout_min": 20,
    "poll_sec": 2.0,
    "max_ask": 0.85,
    "expensive_ask": 0.8,
    "expensive_after_wins": 3,
    "clob_cut_bid": 0.4,
    "close_retry_max": 30,
    "close_retry_delay_sec": 2.0,
    "no_gamma_sl": false,
    "execute": true,
    "win_streak": 1
  },
  "attempts": [
    {
      "ts": "2026-09-18T04:31:49.853173Z",
      "slug": "btc-updown-5m-1789705800",
      "status": "skip_too_early_to_enter",
      "seconds_left": 190.1468381881714,
      "min_entry_seconds_left": 90,
      "max_entry_seconds_left": 150
    },
    {
      "ts": "2026-09-18T04:31:52.162564Z",
      "slug": "btc-updown-5m-1789705800",
      "status": "skip_too_early_to_enter",
      "seconds_left": 187.83744072914124,
      "min_entry_seconds_left": 90,
      "max_entry_seconds_left": 150
    },
    {
      "ts": "2026-09-18T04:31:54.470870Z",
      "slug": "btc-updown-5m-1789705800",
      "status": "skip_too_early_to_enter",
      "seconds_left": 185.5291359424591,
      "min_entry_seconds_left": 90,
      "max_entry_seconds_left": 150
    },
    {
      "ts": "2026-09-18T04:31:56.796613Z",
      "slug": "btc-updown-5m-1789705800",
      "status": "skip_too_early_to_enter",
      "seconds_left": 183.20339488983154,
      "min_entry_seconds_left": 90,
      "max_entry_seconds_left": 150
    },
    {
      "ts": "2026-09-18T04:31:59.107386Z",
      "slug": "btc-updown-5m-1789705800",
      "status": "skip_too_early_to_enter",
      "seconds_left": 180.8926215171814,
      "min_entry_seconds_left": 90,
      "max_entry_seconds_left": 150
    },
    {
      "ts": "2026-09-18T04:32:01.365669Z",
      "slug": "btc-updown-5m-1789705800",
      "status": "skip_too_early_to_enter",
      "seconds_left": 178.63433504104614,
      "min_entry_seconds_left": 90,
      "max_entry_seconds_left": 150
    },
    {
      "ts": "2026-09-18T04:32:03.646390Z",
      "slug": "btc-updown-5m-1789705800",
      "status": "skip_too_early_to_enter",
      "seconds_left": 176.35361623764038,
      "min_entry_seconds_left": 90,
      "max_entry_seconds_left": 150
    },
    {
      "ts": "2026-09-18T04:32:05.923622Z",
      "slug": "btc-updown-5m-1789705800",
      "status": "skip_too_early_to_enter",
      "seconds_left": 174.07638573646545,
      "min_entry_seconds_left": 90,
      "max_entry_seconds_left": 150
    },
    {
      "ts": "2026-09-18T04:32:11.193145Z",
      "slug": "btc-updown-5m-1789705800",
      "status": "skip_too_early_to_enter",
      "seconds_left": 168.80686259269714,
      "min_entry_seconds_left": 90,
      "max_entry_seconds_left": 150
    },
    {
      "ts": "2026-09-18T04:32:13.497177Z",
      "slug": "btc-updown-5m-1789705800",
      "status": "skip_too_early_to_enter",
      "seconds_left": 166.50282955169678,
      "min_entry_seconds_left": 90,
      "max_entry_seconds_left": 150
    },
    {
      "ts": "2026-09-18T04:32:15.805445Z",
      "slug": "btc-updown-5m-1789705800",
      "status": "skip_too_early_to_enter",
      "seconds_left": 164.1945629119873,
      "min_entry_seconds_left": 90,
      "max_entry_seconds_left": 150
    },
    {
      "ts": "2026-09-18T04:32:18.125815Z",
      "slug": "btc-updown-5m-1789705800",
      "status": "skip_too_early_to_enter",
      "seconds_left": 161.874192237854,
      "min_entry_seconds_left": 90,
      "max_entry_seconds_left": 150
    },
    {
      "ts": "2026-09-18T04:32:20.445902Z",
      "slug": "btc-updown-5m-1789705800",
      "status": "skip_too_early_to_enter",
      "seconds_left": 159.5541055202484,
      "min_entry_seconds_left": 90,
      "max_entry_seconds_left": 150
    },
    {
      "ts": "2026-09-18T04:32:22.743692Z",
      "slug": "btc-updown-5m-1789705800",
      "status": "skip_too_early_to_enter",
      "seconds_left": 157.25631260871887,
      "min_entry_seconds_left": 90,
      "max_entry_seconds_left": 150
    },
    {
      "ts": "2026-09-18T04:32:25.103532Z",
      "slug": "btc-updown-5m-1789705800",
      "status": "skip_too_early_to_enter",
      "seconds_left": 154.8964762687683,
      "min_entry_seconds_left": 90,
      "max_entry_seconds_left": 150
    },
    {
      "ts": "2026-09-18T04:32:27.399122Z",
      "slug": "btc-updown-5m-1789705800",
      "status": "skip_too_early_to_enter",
      "seconds_left": 152.60088539123535,
      "min_entry_seconds_left": 90,
      "max_entry_seconds_left": 150
    },
    {
      "ts": "2026-09-18T04:32:29.686552Z",
      "slug": "btc-updown-5m-1789705800",
      "status": "skip_too_early_to_enter",
      "seconds_left": 150.31345629692078,
      "min_entry_seconds_left": 90,
      "max_entry_seconds_left": 150
    },
    {
      "ts": "2026-09-18T04:32:32.739278Z",
      "slug": "btc-updown-5m-1789705800",
      "status": "heartbeat",
      "gamma_up": 0.505,
      "gamma_down": 0.495,
      "clob_up_ask": 0.33,
      "clob_down_ask": 0.67,
      "seconds_left": 148.02224016189575,
      "min_spread": 0.010000000000000009
    },
    {
      "ts": "2026-09-18T04:32:32.739309Z",
      "slug": "btc-updown-5m-1789705800",
      "status": "skip_price_below_threshold",
      "threshold": 0.7,
      "max_ask": 0.85,
      "win_streak": 1,
      "clob_up_ask": 0.33,
      "clob_down_ask": 0.67,
      "seconds_left": 148.02224016189575,
      "trigger_price": null
    },
    {
      "ts": "2026-09-18T04:32:35.661949Z",
      "slug": "btc-updown-5m-1789705800",
      "status": "heartbeat",
      "gamma_up": 0.505,
      "gamma_down": 0.495,
      "clob_up_ask": 0.32,
      "clob_down_ask": 0.69,
      "seconds_left": 144.95575261116028,
      "min_spread": 0.009999999999999898
    },
    {
      "ts": "2026-09-18T04:32:35.661978Z",
      "slug": "btc-updown-5m-1789705800",
      "status": "skip_price_below_threshold",
      "threshold": 0.7,
      "max_ask": 0.85,
      "win_streak": 1,
      "clob_up_ask": 0.32,
      "clob_down_ask": 0.69,
      "seconds_left": 144.95575261116028,
      "trigger_price": null
    },
    {
      "ts": "2026-09-18T04:32:38.603839Z",
      "slug": "btc-updown-5m-1789705800",
      "status": "heartbeat",
      "gamma_up": 0.505,
      "gamma_down": 0.495,
      "clob_up_ask": 0.27,
      "clob_down_ask": 0.74,
      "seconds_left": 142.01560258865356,
      "min_spread": 0.010000000000000009
    }
  ],
  "open_raw": "{\"mode\": \"open\", \"execute\": true, \"market_slug\": \"btc-updown-5m-1789705800\", \"force_side\": \"DOWN\", \"token_id\": \"95387044146600713359224870585775601407882525981691496144271578909284932424327\", \"entry_price\": 0.77, \"notional_usd\": 5.0, \"top_ask_notional_usd\": 554.6156, \"collateral_pusd\": 424.057091, \"order_post_result\": {\"errorMsg\": \"\", \"orderID\": \"0x6b09351cf30900f251db01662aeb18eeec09c50fa01abc40a3001985611e70ce\", \"takingAmount\": \"6.849314\", \"makingAmount\": \"4.999999\", \"status\": \"matched\", \"transactionsHashes\": [\"0xb263aa58a701b029a651f89e7fd5cf85a0ab3aeb003b3921c5d5ccc9f6bc63fe\"], \"success\": true}}\n\n[py_clob_client_v2] request error status=400 url=https://clob.polymarket.com/auth/api-key body={\"error\":\"Could not create api key\"}\n\n",
  "opened": {
    "opened_at": "2026-09-18T04:32:46.324101Z",
    "market_slug": "btc-updown-5m-1789705800",
    "market_end_iso": "2026-09-18T04:35:00Z",
    "side": "DOWN",
    "token_id": "95387044146600713359224870585775601407882525981691496144271578909284932424327",
    "entry_price": 0.77,
    "shares": 6.849314,
    "cost_usdc": 4.999999,
    "open_order_id": "0x6b09351cf30900f251db01662aeb18eeec09c50fa01abc40a3001985611e70ce",
    "open_tx": "0xb263aa58a701b029a651f89e7fd5cf85a0ab3aeb003b3921c5d5ccc9f6bc63fe"
  },
  "stop_loss_price": 0.5775,
  "last_side_price": 0.495,
  "last_clob_bid": 0.76,
  "last_check_at": "2026-09-18T04:32:47.066481Z",
  "close_debug": [
    {
      "ts": "2026-09-18T04:32:51.570706Z",
      "attempt": 1,
      "order_type": "FAK",
      "status": "matched",
      "close_skipped": ""
    }
  ],
  "close_raw": "{\"mode\": \"close\", \"execute\": true, \"market_slug\": \"btc-updown-5m-1789705800\", \"token_id\": \"95387044146600713359224870585775601407882525981691496144271578909284932424327\", \"requested_shares\": 6.849314, \"close_order_type\": \"FAK\", \"close_limit_price\": null, \"available_shares\": 6.849314, \"sell_shares\": 6.8493, \"order_post_result\": {\"errorMsg\": \"\", \"orderID\": \"0x9045fa9ba1a86582406e7013ac695cdb53c5398cc645a8663154a7bd75e0cc76\", \"takingAmount\": \"5.3352\", \"makingAmount\": \"6.84\", \"status\": \"matched\", \"transactionsHashes\": [\"0x0a02de3c0aa76384321b6094803b4bc252b0b7a03a9f2a6c96cd449b380fff2c\"], \"success\": true}, \"close_skipped\": \"\"}\n\n[py_clob_client_v2] request error status=400 url=https://clob.polymarket.com/auth/api-key body={\"error\":\"Could not create api key\"}\n\n",
  "closed": {
    "close_reason": "stop_loss_25pct",
    "closed_at": "2026-09-18T04:32:51.570723Z",
    "close_success": true,
    "close_status": "matched",
    "close_order_id": "0x9045fa9ba1a86582406e7013ac695cdb53c5398cc645a8663154a7bd75e0cc76",
    "close_tx": "0x0a02de3c0aa76384321b6094803b4bc252b0b7a03a9f2a6c96cd449b380fff2c",
    "close_shares": 6.84,
    "close_usdc": 5.3352,
    "close_skipped": ""
  },
  "realized_cashflow_pnl_usdc": 0.335201,
  "finished_at": "2026-09-18T04:32:51.570734Z",
  "result": "done"
}
[2026-09-18T04:32:51Z] session_end rc=0 sessions=4 stake_usd=5
journal_ok trades=202 md=/home/yukeen/polymarketbot/5min-btc-polymarket/data/live_trades.md json=/home/yukeen/polymarketbot/5min-btc-polymarket/data/live_trades.json
[2026-09-18T04:34:04Z] fills=5/10 sessions=4/36
[py_clob_client_v2] request error status=400 url=https://clob.polymarket.com/auth/api-key body={"error":"Could not create api key"}

[2026-09-18T04:34:21Z] cash=424.215642
[2026-09-18T04:34:32Z] session_begin sessions=4 fills=5 stake_usd=5
[py_clob_client_v2] request error status=400 url=https://clob.polymarket.com/auth/api-key body={"error":"Could not create api key"}

{
  "started_at": "2026-09-18T04:34:32.803643Z",
  "params": {
    "profile": "conservative",
    "threshold": 0.7,
    "stake_usd": 5.0,
    "stop_loss_pct": 0.25,
    "exit_before_sec": 20,
    "min_entry_seconds_left": 90,
    "max_entry_seconds_left": 150,
    "entry_timeout_min": 20,
    "poll_sec": 2.0,
    "max_ask": 0.85,
    "expensive_ask": 0.8,
    "expensive_after_wins": 3,
    "clob_cut_bid": 0.4,
    "close_retry_max": 30,
    "close_retry_delay_sec": 2.0,
    "no_gamma_sl": false,
    "execute": true,
    "win_streak": 2
  },
  "attempts": [
    {
      "ts": "2026-09-18T04:34:33.082192Z",
      "slug": "btc-updown-5m-1789705800",
      "status": "skip_too_late_to_enter",
      "seconds_left": 26.917816400527954,
      "min_entry_seconds_left": 90,
      "max_entry_seconds_left": 150
    },
    {
      "ts": "2026-09-18T04:34:35.359662Z",
      "slug": "btc-updown-5m-1789705800",
      "status": "skip_too_late_to_enter",
      "seconds_left": 24.640345096588135,
      "min_entry_seconds_left": 90,
      "max_entry_seconds_left": 150
    },
    {
      "ts": "2026-09-18T04:34:37.684466Z",
      "slug": "btc-updown-5m-1789705800",
      "status": "skip_too_late_to_enter",
      "seconds_left": 22.315542221069336,
      "min_entry_seconds_left": 90,
      "max_entry_seconds_left": 150
    },
    {
      "ts": "2026-09-18T04:34:39.961514Z",
      "slug": "btc-updown-5m-1789705800",
      "status": "skip_too_late_to_enter",
      "seconds_left": 20.038493156433105,
      "min_entry_seconds_left": 90,
      "max_entry_seconds_left": 150
    },
    {
      "ts": "2026-09-18T04:34:42.245094Z",
      "slug": "btc-updown-5m-1789705800",
      "status": "skip_too_late_to_enter",
      "seconds_left": 17.754918098449707,
      "min_entry_seconds_left": 90,
      "max_entry_seconds_left": 150
    },
    {
      "ts": "2026-09-18T04:34:44.522243Z",
      "slug": "btc-updown-5m-1789705800",
      "status": "skip_too_late_to_enter",
      "seconds_left": 15.477765560150146,
      "min_entry_seconds_left": 90,
      "max_entry_seconds_left": 150
    },
    {
      "ts": "2026-09-18T04:34:46.788791Z",
      "slug": "btc-updown-5m-1789705800",
      "status": "skip_too_late_to_enter",
      "seconds_left": 13.211215734481812,
      "min_entry_seconds_left": 90,
      "max_entry_seconds_left": 150
    },
    {
      "ts": "2026-09-18T04:34:49.063713Z",
      "slug": "btc-updown-5m-1789705800",
      "status": "skip_too_late_to_enter",
      "seconds_left": 10.936291694641113,
      "min_entry_seconds_left": 90,
      "max_entry_seconds_left": 150
    },
    {
      "ts": "2026-09-18T04:34:51.342503Z",
      "slug": "btc-updown-5m-1789705800",
      "status": "skip_too_late_to_enter",
      "seconds_left": 8.657506704330444,
      "min_entry_seconds_left": 90,
      "max_entry_seconds_left": 150
    },
    {
      "ts": "2026-09-18T04:34:53.660635Z",
      "slug": "btc-updown-5m-1789705800",
      "status": "skip_too_late_to_enter",
      "seconds_left": 6.339372634887695,
      "min_entry_seconds_left": 90,
      "max_entry_seconds_left": 150
    },
    {
      "ts": "2026-09-18T04:34:55.939112Z",
      "status": "heartbeat_no_current_market"
    },
    {
      "ts": "2026-09-18T04:34:58.217539Z",
      "status": "heartbeat_no_current_market"
    },
    {
      "ts": "2026-09-18T04:35:00.521529Z",
      "slug": "btc-updown-5m-1789706100",
      "status": "skip_too_early_to_enter",
      "seconds_left": 299.478476524353,
      "min_entry_seconds_left": 90,
      "max_entry_seconds_left": 150
    },
    {
      "ts": "2026-09-18T04:35:03.008696Z",
      "slug": "btc-updown-5m-1789706100",
      "status": "skip_too_early_to_enter",
      "seconds_left": 296.9913580417633,
      "min_entry_seconds_left": 90,
      "max_entry_seconds_left": 150
    },
    {
      "ts": "2026-09-18T04:35:08.259984Z",
      "slug": "btc-updown-5m-1789706100",
      "status": "skip_too_early_to_enter",
      "seconds_left": 291.7400255203247,
      "min_entry_seconds_left": 90,
      "max_entry_seconds_left": 150
    },
    {
      "ts": "2026-09-18T04:35:10.675502Z",
      "slug": "btc-updown-5m-1789706100",
      "status": "skip_too_early_to_enter",
      "seconds_left": 289.32450795173645,
      "min_entry_seconds_left": 90,
      "max_entry_seconds_left": 150
    },
    {
      "ts": "2026-09-18T04:35:13.078419Z",
      "slug": "btc-updown-5m-1789706100",
      "status": "skip_too_early_to_enter",
      "seconds_left": 286.9215865135193,
      "min_entry_seconds_left": 90,
      "max_entry_seconds_left": 150
    },
    {
      "ts": "2026-09-18T04:35:15.382985Z",
      "slug": "btc-updown-5m-1789706100",
      "status": "skip_too_early_to_enter",
      "seconds_left": 284.6170196533203,
      "min_entry_seconds_left": 90,
      "max_entry_seconds_left": 150
    },
    {
      "ts": "2026-09-18T04:35:17.681852Z",
      "slug": "btc-updown-5m-1789706100",
      "status": "skip_too_early_to_enter",
      "seconds_left": 282.3181552886963,
      "min_entry_seconds_left": 90,
      "max_entry_seconds_left": 150
    },
    {
      "ts": "2026-09-18T04:35:19.971572Z",
      "slug": "btc-updown-5m-1789706100",
      "status": "skip_too_early_to_enter",
      "seconds_left": 280.0284492969513,
      "min_entry_seconds_left": 90,
      "max_entry_seconds_left": 150
    },
    {
      "ts": "2026-09-18T04:35:22.246139Z",
      "slug": "btc-updown-5m-1789706100",
      "status": "skip_too_early_to_enter",
      "seconds_left": 277.7538652420044,
      "min_entry_seconds_left": 90,
      "max_entry_seconds_left": 150
    },
    {
      "ts": "2026-09-18T04:35:24.696002Z",
      "slug": "btc-updown-5m-1789706100",
      "status": "skip_too_early_to_enter",
      "seconds_left": 275.30400562286377,
      "min_entry_seconds_left": 90,
      "max_entry_seconds_left": 150
    },
    {
      "ts": "2026-09-18T04:35:26.985779Z",
      "slug": "btc-updown-5m-1789706100",
      "status": "skip_too_early_to_enter",
      "seconds_left": 273.0142254829407,
      "min_entry_seconds_left": 90,
      "max_entry_seconds_left": 150
    },
    {
      "ts": "2026-09-18T04:35:29.280557Z",
      "slug": "btc-updown-5m-1789706100",
      "status": "skip_too_early_to_enter",
      "seconds_left": 270.71945214271545,
      "min_entry_seconds_left": 90,
      "max_entry_seconds_left": 150
    },
    {
      "ts": "2026-09-18T04:35:31.645790Z",
      "slug": "btc-updown-5m-1789706100",
      "status": "skip_too_early_to_enter",
      "seconds_left": 268.35421800613403,
      "min_entry_seconds_left": 90,
      "max_entry_seconds_left": 150
    },
    {
      "ts": "2026-09-18T04:35:33.940765Z",
      "slug": "btc-updown-5m-1789706100",
      "status": "skip_too_early_to_enter",
      "seconds_left": 266.05924463272095,
      "min_entry_seconds_left": 90,
      "max_entry_seconds_left": 150
    },
    {
      "ts": "2026-09-18T04:35:36.250653Z",
      "slug": "btc-updown-5m-1789706100",
      "status": "skip_too_early_to_enter",
      "seconds_left": 263.7493553161621,
      "min_entry_seconds_left": 90,
      "max_entry_seconds_left": 150
    },
    {
      "ts": "2026-09-18T04:35:38.561455Z",
      "slug": "btc-updown-5m-1789706100",
      "status": "skip_too_early_to_enter",
      "seconds_left": 261.4385528564453,
      "min_entry_seconds_left": 90,
      "max_entry_seconds_left": 150
    },
    {
      "ts": "2026-09-18T04:35:43.802033Z",
      "slug": "btc-updown-5m-1789706100",
      "status": "skip_too_early_to_enter",
      "seconds_left": 256.19797348976135,
      "min_entry_seconds_left": 90,
      "max_entry_seconds_left": 150
    },
    {
      "ts": "2026-09-18T04:35:46.083828Z",
      "slug": "btc-updown-5m-1789706100",
      "status": "skip_too_early_to_enter",
      "seconds_left": 253.91617703437805,
      "min_entry_seconds_left": 90,
      "max_entry_seconds_left": 150
    },
    {
      "ts": "2026-09-18T04:35:48.434859Z",
      "slug": "btc-updown-5m-1789706100",
      "status": "skip_too_early_to_enter",
      "seconds_left": 251.5651454925537,
      "min_entry_seconds_left": 90,
      "max_entry_seconds_left": 150
    },
    {
      "ts": "2026-09-18T04:35:50.842830Z",
      "slug": "btc-updown-5m-1789706100",
      "status": "skip_too_early_to_enter",
      "seconds_left": 249.15717458724976,
      "min_entry_seconds_left": 90,
      "max_entry_seconds_left": 150
    },
    {
      "ts": "2026-09-18T04:35:53.127175Z",
      "slug": "btc-updown-5m-1789706100",
      "status": "skip_too_early_to_enter",
      "seconds_left": 246.8728301525116,
      "min_entry_seconds_left": 90,
      "max_entry_seconds_left": 150
    },
    {
      "ts": "2026-09-18T04:35:55.554302Z",
      "slug": "btc-updown-5m-1789706100",
      "status": "skip_too_early_to_enter",
      "seconds_left": 244.44570660591125,
      "min_entry_seconds_left": 90,
      "max_entry_seconds_left": 150
    },
    {
      "ts": "2026-09-18T04:35:57.939821Z",
      "slug": "btc-updown-5m-1789706100",
      "status": "skip_too_early_to_enter",
      "seconds_left": 242.0601863861084,
      "min_entry_seconds_left": 90,
      "max_entry_seconds_left": 150
    },
    {
      "ts": "2026-09-18T04:36:00.245005Z",
      "slug": "btc-updown-5m-1789706100",
      "status": "skip_too_early_to_enter",
      "seconds_left": 239.7550027370453,
      "min_entry_seconds_left": 90,
      "max_entry_seconds_left": 150
    },
    {
      "ts": "2026-09-18T04:36:02.575047Z",
      "slug": "btc-updown-5m-1789706100",
      "status": "skip_too_early_to_enter",
      "seconds_left": 237.42496132850647,
      "min_entry_seconds_left": 90,
      "max_entry_seconds_left": 150
    },
    {
      "ts": "2026-09-18T04:36:04.879282Z",
      "slug": "btc-updown-5m-1789706100",
      "status": "skip_too_early_to_enter",
      "seconds_left": 235.12072658538818,
      "min_entry_seconds_left": 90,
      "max_entry_seconds_left": 150
    },
    {
      "ts": "2026-09-18T04:36:07.179396Z",
      "slug": "btc-updown-5m-1789706100",
      "status": "skip_too_early_to_enter",
      "seconds_left": 232.82066178321838,
      "min_entry_seconds_left": 90,
      "max_entry_seconds_left": 150
    },
    {
      "ts": "2026-09-18T04:36:09.487694Z",
      "slug": "btc-updown-5m-1789706100",
      "status": "skip_too_early_to_enter",
      "seconds_left": 230.51231026649475,
      "min_entry_seconds_left": 90,
      "max_entry_seconds_left": 150
    },
    {
      "ts": "2026-09-18T04:36:11.799154Z",
      "slug": "btc-updown-5m-1789706100",
      "status": "skip_too_early_to_enter",
      "seconds_left": 228.20085430145264,
      "min_entry_seconds_left": 90,
      "max_entry_seconds_left": 150
    },
    {
      "ts": "2026-09-18T04:36:14.118077Z",
      "slug": "btc-updown-5m-1789706100",
      "status": "skip_too_early_to_enter",
      "seconds_left": 225.88193035125732,
      "min_entry_seconds_left": 90,
      "max_entry_seconds_left": 150
    },
    {
      "ts": "2026-09-18T04:36:19.433711Z",
      "slug": "btc-updown-5m-1789706100",
      "status": "skip_too_early_to_enter",
      "seconds_left": 220.56629753112793,
      "min_entry_seconds_left": 90,
      "max_entry_seconds_left": 150
    },
    {
      "ts": "2026-09-18T04:36:21.774375Z",
      "slug": "btc-updown-5m-1789706100",
      "status": "skip_too_early_to_enter",
      "seconds_left": 218.22563338279724,
      "min_entry_seconds_left": 90,
      "max_entry_seconds_left": 150
    },
    {
      "ts": "2026-09-18T04:36:24.083457Z",
      "slug": "btc-updown-5m-1789706100",
      "status": "skip_too_early_to_enter",
      "seconds_left": 215.9165482521057,
      "min_entry_seconds_left": 90,
      "max_entry_seconds_left": 150
    },
    {
      "ts": "2026-09-18T04:36:26.365052Z",
      "slug": "btc-updown-5m-1789706100",
      "status": "skip_too_early_to_enter",
      "seconds_left": 213.63495588302612,
      "min_entry_seconds_left": 90,
      "max_entry_seconds_left": 150
    },
    {
      "ts": "2026-09-18T04:36:28.761142Z",
      "slug": "btc-updown-5m-1789706100",
      "status": "skip_too_early_to_enter",
      "seconds_left": 211.23886370658875,
      "min_entry_seconds_left": 90,
      "max_entry_seconds_left": 150
    },
    {
      "ts": "2026-09-18T04:36:31.067093Z",
      "slug": "btc-updown-5m-1789706100",
      "status": "skip_too_early_to_enter",
      "seconds_left": 208.93291187286377,
      "min_entry_seconds_left": 90,
      "max_entry_seconds_left": 150
    },
    {
      "ts": "2026-09-18T04:36:33.356139Z",
      "slug": "btc-updown-5m-1789706100",
      "status": "skip_too_early_to_enter",
      "seconds_left": 206.64387106895447,
      "min_entry_seconds_left": 90,
      "max_entry_seconds_left": 150
    },
    {
      "ts": "2026-09-18T04:36:35.663498Z",
      "slug": "btc-updown-5m-1789706100",
      "status": "skip_too_early_to_enter",
      "seconds_left": 204.33651185035706,
      "min_entry_seconds_left": 90,
      "max_entry_seconds_left": 150
    },
    {
      "ts": "2026-09-18T04:36:37.970423Z",
      "slug": "btc-updown-5m-1789706100",
      "status": "skip_too_early_to_enter",
      "seconds_left": 202.02958416938782,
      "min_entry_seconds_left": 90,
      "max_entry_seconds_left": 150
    },
    {
      "ts": "2026-09-18T04:36:40.260554Z",
      "slug": "btc-updown-5m-1789706100",
      "status": "skip_too_early_to_enter",
      "seconds_left": 199.73945379257202,
      "min_entry_seconds_left": 90,
      "max_entry_seconds_left": 150
    },
    {
      "ts": "2026-09-18T04:36:42.548416Z",
      "slug": "btc-updown-5m-1789706100",
      "status": "skip_too_early_to_enter",
      "seconds_left": 197.45159268379211,
      "min_entry_seconds_left": 90,
      "max_entry_seconds_left": 150
    },
    {
      "ts": "2026-09-18T04:36:44.869123Z",
      "slug": "btc-updown-5m-1789706100",
      "status": "skip_too_early_to_enter",
      "seconds_left": 195.1308844089508,
      "min_entry_seconds_left": 90,
      "max_entry_seconds_left": 150
    },
    {
      "ts": "2026-09-18T04:36:47.158882Z",
      "slug": "btc-updown-5m-1789706100",
      "status": "skip_too_early_to_enter",
      "seconds_left": 192.84112572669983,
      "min_entry_seconds_left": 90,
      "max_entry_seconds_left": 150
    },
    {
      "ts": "2026-09-18T04:36:49.457301Z",
      "slug": "btc-updown-5m-1789706100",
      "status": "skip_too_early_to_enter",
      "seconds_left": 190.5427062511444,
      "min_entry_seconds_left": 90,
      "max_entry_seconds_left": 150
    },
    {
      "ts": "2026-09-18T04:36:54.671776Z",
      "slug": "btc-updown-5m-1789706100",
      "status": "skip_too_early_to_enter",
      "seconds_left": 185.3282287120819,
      "min_entry_seconds_left": 90,
      "max_entry_seconds_left": 150
    },
    {
      "ts": "2026-09-18T04:36:56.942951Z",
      "slug": "btc-updown-5m-1789706100",
      "status": "skip_too_early_to_enter",
      "seconds_left": 183.05706143379211,
      "min_entry_seconds_left": 90,
      "max_entry_seconds_left": 150
    },
    {
      "ts": "2026-09-18T04:36:59.260439Z",
      "slug": "btc-updown-5m-1789706100",
      "status": "skip_too_early_to_enter",
      "seconds_left": 180.73958468437195,
      "min_entry_seconds_left": 90,
      "max_entry_seconds_left": 150
    },
    {
      "ts": "2026-09-18T04:37:01.533163Z",
      "slug": "btc-updown-5m-1789706100",
      "status": "skip_too_early_to_enter",
      "seconds_left": 178.46684312820435,
      "min_entry_seconds_left": 90,
      "max_entry_seconds_left": 150
    },
    {
      "ts": "2026-09-18T04:37:03.940088Z",
      "slug": "btc-updown-5m-1789706100",
      "status": "skip_too_early_to_enter",
      "seconds_left": 176.0599184036255,
      "min_entry_seconds_left": 90,
      "max_entry_seconds_left": 150
    },
    {
      "ts": "2026-09-18T04:37:06.232725Z",
      "slug": "btc-updown-5m-1789706100",
      "status": "skip_too_early_to_enter",
      "seconds_left": 173.76728296279907,
      "min_entry_seconds_left": 90,
      "max_entry_seconds_left": 150
    },
    {
      "ts": "2026-09-18T04:37:08.494828Z",
      "slug": "btc-updown-5m-1789706100",
      "status": "skip_too_early_to_enter",
      "seconds_left": 171.50517654418945,
      "min_entry_seconds_left": 90,
      "max_entry_seconds_left": 150
    },
    {
      "ts": "2026-09-18T04:37:10.776233Z",
      "slug": "btc-updown-5m-1789706100",
      "status": "skip_too_early_to_enter",
      "seconds_left": 169.22377395629883,
      "min_entry_seconds_left": 90,
      "max_entry_seconds_left": 150
    },
    {
      "ts": "2026-09-18T04:37:13.126758Z",
      "slug": "btc-updown-5m-1789706100",
      "status": "skip_too_early_to_enter",
      "seconds_left": 166.87325024604797,
      "min_entry_seconds_left": 90,
      "max_entry_seconds_left": 150
    },
    {
      "ts": "2026-09-18T04:37:15.412876Z",
      "slug": "btc-updown-5m-1789706100",
      "status": "skip_too_early_to_enter",
      "seconds_left": 164.58713364601135,
      "min_entry_seconds_left": 90,
      "max_entry_seconds_left": 150
    },
    {
      "ts": "2026-09-18T04:37:17.749793Z",
      "slug": "btc-updown-5m-1789706100",
      "status": "skip_too_early_to_enter",
      "seconds_left": 162.2502145767212,
      "min_entry_seconds_left": 90,
      "max_entry_seconds_left": 150
    },
    {
      "ts": "2026-09-18T04:37:20.064791Z",
      "slug": "btc-updown-5m-1789706100",
      "status": "skip_too_early_to_enter",
      "seconds_left": 159.93521761894226,
      "min_entry_seconds_left": 90,
      "max_entry_seconds_left": 150
    },
    {
      "ts": "2026-09-18T04:37:22.375050Z",
      "slug": "btc-updown-5m-1789706100",
      "status": "skip_too_early_to_enter",
      "seconds_left": 157.62495875358582,
      "min_entry_seconds_left": 90,
      "max_entry_seconds_left": 150
    },
    {
      "ts": "2026-09-18T04:37:24.676085Z",
      "slug": "btc-updown-5m-1789706100",
      "status": "skip_too_early_to_enter",
      "seconds_left": 155.32392263412476,
      "min_entry_seconds_left": 90,
      "max_entry_seconds_left": 150
    },
    {
      "ts": "2026-09-18T04:37:29.920571Z",
      "slug": "btc-updown-5m-1789706100",
      "status": "skip_too_early_to_enter",
      "seconds_left": 150.07943606376648,
      "min_entry_seconds_left": 90,
      "max_entry_seconds_left": 150
    },
    {
      "ts": "2026-09-18T04:37:33.177872Z",
      "slug": "btc-updown-5m-1789706100",
      "status": "heartbeat",
      "gamma_up": 0.505,
      "gamma_down": 0.495,
      "clob_up_ask": 0.99,
      "clob_down_ask": 0.02,
      "seconds_left": 147.7651093006134,
      "min_spread": 0.01
    },
    {
      "ts": "2026-09-18T04:37:33.177940Z",
      "slug": "btc-updown-5m-1789706100",
      "status": "skip_ask_too_expensive",
      "threshold": 0.7,
      "max_ask": 0.85,
      "win_streak": 2,
      "clob_up_ask": 0.99,
      "clob_down_ask": 0.02,
      "seconds_left": 147.7651093006134,
      "trigger_price": 0.99
    },
    {
      "ts": "2026-09-18T04:37:36.129174Z",
      "slug": "btc-updown-5m-1789706100",
      "status": "heartbeat",
      "gamma_up": 0.505,
      "gamma_down": 0.495,
      "clob_up_ask": 0.99,
      "clob_down_ask": 0.02,
      "seconds_left": 144.5032765865326,
      "min_spread": 0.01
    },
    {
      "ts": "2026-09-18T04:37:36.129207Z",
      "slug": "btc-updown-5m-1789706100",
      "status": "skip_ask_too_expensive",
      "threshold": 0.7,
      "max_ask": 0.85,
      "win_streak": 2,
      "clob_up_ask": 0.99,
      "clob_down_ask": 0.02,
      "seconds_left": 144.5032765865326,
      "trigger_price": 0.99
    },
    {
      "ts": "2026-09-18T04:37:39.017965Z",
      "slug": "btc-updown-5m-1789706100",
      "status": "heartbeat",
      "gamma_up": 0.505,
      "gamma_down": 0.495,
      "clob_up_ask": 0.99,
      "clob_down_ask": 0.02,
      "seconds_left": 141.56935000419617,
      "min_spread": 0.01
    },
    {
      "ts": "2026-09-18T04:37:39.017995Z",
      "slug": "btc-updown-5m-1789706100",
      "status": "skip_ask_too_expensive",
      "threshold": 0.7,
      "max_ask": 0.85,
      "win_streak": 2,
      "clob_up_ask": 0.99,
      "clob_down_ask": 0.02,
      "seconds_left": 141.56935000419617,
      "trigger_price": 0.99
    },
    {
      "ts": "2026-09-18T04:37:41.938217Z",
      "slug": "btc-updown-5m-1789706100",
      "status": "heartbeat",
      "gamma_up": 0.505,
      "gamma_down": 0.495,
      "clob_up_ask": 0.99,
      "clob_down_ask": 0.02,
      "seconds_left": 138.6687798500061,
      "min_spread": 0.01
    },
    {
      "ts": "2026-09-18T04:37:41.938256Z",
      "slug": "btc-updown-5m-1789706100",
      "status": "skip_ask_too_expensive",
      "threshold": 0.7,
      "max_ask": 0.85,
      "win_streak": 2,
      "clob_up_ask": 0.99,
      "clob_down_ask": 0.02,
      "seconds_left": 138.6687798500061,
      "trigger_price": 0.99
    },
    {
      "ts": "2026-09-18T04:37:44.819759Z",
      "slug": "btc-updown-5m-1789706100",
      "status": "heartbeat",
      "gamma_up": 0.505,
      "gamma_down": 0.495,
      "clob_up_ask": 0.99,
      "clob_down_ask": 0.02,
      "seconds_left": 135.77311325073242,
      "min_spread": 0.01
    },
    {
      "ts": "2026-09-18T04:37:44.819779Z",
      "slug": "btc-updown-5m-1789706100",
      "status": "skip_ask_too_expensive",
      "threshold": 0.7,
      "max_ask": 0.85,
      "win_streak": 2,
      "clob_up_ask": 0.99,
      "clob_down_ask": 0.02,
      "seconds_left": 135.77311325073242,
      "trigger_price": 0.99
    },
    {
      "ts": "2026-09-18T04:37:47.769982Z",
      "slug": "btc-updown-5m-1789706100",
      "status": "heartbeat",
      "gamma_up": 0.505,
      "gamma_down": 0.495,
      "clob_up_ask": 0.99,
      "clob_down_ask": 0.02,
      "seconds_left": 132.87904405593872,
      "min_spread": 0.01
    },
    {
      "ts": "2026-09-18T04:37:47.769999Z",
      "slug": "btc-updown-5m-1789706100",
      "status": "skip_ask_too_expensive",
      "threshold": 0.7,
      "max_ask": 0.85,
      "win_streak": 2,
      "clob_up_ask": 0.99,
      "clob_down_ask": 0.02,
      "seconds_left": 132.87904405593872,
      "trigger_price": 0.99
    },
    {
      "ts": "2026-09-18T04:37:50.698101Z",
      "slug": "btc-updown-5m-1789706100",
      "status": "heartbeat",
      "gamma_up": 0.505,
      "gamma_down": 0.495,
      "clob_up_ask": 0.99,
      "clob_down_ask": 0.02,
      "seconds_left": 129.9190149307251,
      "min_spread": 0.01
    },
    {
      "ts": "2026-09-18T04:37:50.698128Z",
      "slug": "btc-updown-5m-1789706100",
      "status": "skip_ask_too_expensive",
      "threshold": 0.7,
      "max_ask": 0.85,
      "win_streak": 2,
      "clob_up_ask": 0.99,
      "clob_down_ask": 0.02,
      "seconds_left": 129.9190149307251,
      "trigger_price": 0.99
    },
    {
      "ts": "2026-09-18T04:37:53.594319Z",
      "slug": "btc-updown-5m-1789706100",
      "status": "heartbeat",
      "gamma_up": 0.505,
      "gamma_down": 0.495,
      "clob_up_ask": 0.99,
      "clob_down_ask": 0.02,
      "seconds_left": 127.02754378318787,
      "min_spread": 0.01
    },
    {
      "ts": "2026-09-18T04:37:53.594382Z",
      "slug": "btc-updown-5m-1789706100",
      "status": "skip_ask_too_expensive",
      "threshold": 0.7,
      "max_ask": 0.85,
      "win_streak": 2,
      "clob_up_ask": 0.99,
      "clob_down_ask": 0.02,
      "seconds_left": 127.02754378318787,
      "trigger_price": 0.99
    },
    {
      "ts": "2026-09-18T04:37:56.739865Z",
      "slug": "btc-updown-5m-1789706100",
      "status": "heartbeat",
      "gamma_up": 0.505,
      "gamma_down": 0.495,
      "clob_up_ask": 0.99,
      "clob_down_ask": 0.02,
      "seconds_left": 123.87416219711304,
      "min_spread": 0.01
    },
    {
      "ts": "2026-09-18T04:37:56.739885Z",
      "slug": "btc-updown-5m-1789706100",
      "status": "skip_ask_too_expensive",
      "threshold": 0.7,
      "max_ask": 0.85,
      "win_streak": 2,
      "clob_up_ask": 0.99,
      "clob_down_ask": 0.02,
      "seconds_left": 123.87416219711304,
      "trigger_price": 0.99
    },
    {
      "ts": "2026-09-18T04:37:59.828113Z",
      "slug": "btc-updown-5m-1789706100",
      "status": "heartbeat",
      "gamma_up": 0.505,
      "gamma_down": 0.495,
      "clob_up_ask": 0.99,
      "clob_down_ask": 0.02,
      "seconds_left": 120.93566679954529,
      "min_spread": 0.01
    },
    {
      "ts": "2026-09-18T04:37:59.828135Z",
      "slug": "btc-updown-5m-1789706100",
      "status": "skip_ask_too_expensive",
      "threshold": 0.7,
      "max_ask": 0.85,
      "win_streak": 2,
      "clob_up_ask": 0.99,
      "clob_down_ask": 0.02,
      "seconds_left": 120.93566679954529,
      "trigger_price": 0.99
    },
    {
      "ts": "2026-09-18T04:38:05.718007Z",
      "slug": "btc-updown-5m-1789706100",
      "status": "heartbeat",
      "gamma_up": 0.505,
      "gamma_down": 0.495,
      "clob_up_ask": 0.99,
      "clob_down_ask": 0.02,
      "seconds_left": 114.89419651031494,
      "min_spread": 0.01
    },
    {
      "ts": "2026-09-18T04:38:05.718024Z",
      "slug": "btc-updown-5m-1789706100",
      "status": "skip_ask_too_expensive",
      "threshold": 0.7,
      "max_ask": 0.85,
      "win_streak": 2,
      "clob_up_ask": 0.99,
      "clob_down_ask": 0.02,
      "seconds_left": 114.89419651031494,
      "trigger_price": 0.99
    },
    {
      "ts": "2026-09-18T04:38:22.728476Z",
      "status": "heartbeat_no_current_market"
    },
    {
      "ts": "2026-09-18T04:38:26.026596Z",
      "slug": "btc-updown-5m-1789706100",
      "status": "heartbeat",
      "gamma_up": 0.505,
      "gamma_down": 0.495,
      "clob_up_ask": null,
      "clob_down_ask": 0.01,
      "seconds_left": 94.97415328025818,
      "min_spread": null
    },
    {
      "ts": "2026-09-18T04:38:26.026621Z",
      "slug": "btc-updown-5m-1789706100",
      "status": "skip_price_below_threshold",
      "threshold": 0.7,
      "max_ask": 0.85,
      "win_streak": 2,
      "clob_up_ask": null,
      "clob_down_ask": 0.01,
      "seconds_left": 94.97415328025818,
      "trigger_price": null
    },
    {
      "ts": "2026-09-18T04:38:29.096976Z",
      "slug": "btc-updown-5m-1789706100",
      "status": "heartbeat",
      "gamma_up": 0.505,
      "gamma_down": 0.495,
      "clob_up_ask": null,
      "clob_down_ask": 0.01,
      "seconds_left": 91.67094779014587,
      "min_spread": null
    },
    {
      "ts": "2026-09-18T04:38:29.097000Z",
      "slug": "btc-updown-5m-1789706100",
      "status": "skip_price_below_threshold",
      "threshold": 0.7,
      "max_ask": 0.85,
      "win_streak": 2,
      "clob_up_ask": null,
      "clob_down_ask": 0.01,
      "seconds_left": 91.67094779014587,
      "trigger_price": null
    },
    {
      "ts": "2026-09-18T04:38:31.391011Z",
      "slug": "btc-updown-5m-1789706100",
      "status": "skip_too_late_to_enter",
      "seconds_left": 88.60899686813354,
      "min_entry_seconds_left": 90,
      "max_entry_seconds_left": 150
    },
    {
      "ts": "2026-09-18T04:38:33.699067Z",
      "slug": "btc-updown-5m-1789706100",
      "status": "skip_too_late_to_enter",
      "seconds_left": 86.30094051361084,
      "min_entry_seconds_left": 90,
      "max_entry_seconds_left": 150
    },
    {
      "ts": "2026-09-18T04:38:36.009993Z",
      "slug": "btc-updown-5m-1789706100",
      "status": "skip_too_late_to_enter",
      "seconds_left": 83.99001598358154,
      "min_entry_seconds_left": 90,
      "max_entry_seconds_left": 150
    },
    {
      "ts": "2026-09-18T04:38:41.232037Z",
      "slug": "btc-updown-5m-1789706100",
      "status": "skip_too_late_to_enter",
      "seconds_left": 78.76797246932983,
      "min_entry_seconds_left": 90,
      "max_entry_seconds_left": 150
    },
    {
      "ts": "2026-09-18T04:38:43.522218Z",
      "slug": "btc-updown-5m-1789706100",
      "status": "skip_too_late_to_enter",
      "seconds_left": 76.47779178619385,
      "min_entry_seconds_left": 90,
      "max_entry_seconds_left": 150
    },
    {
      "ts": "2026-09-18T04:38:45.868753Z",
      "slug": "btc-updown-5m-1789706100",
      "status": "skip_too_late_to_enter",
      "seconds_left": 74.1312563419342,
      "min_entry_seconds_left": 90,
      "max_entry_seconds_left": 150
    },
    {
      "ts": "2026-09-18T04:38:48.307123Z",
      "slug": "btc-updown-5m-1789706100",
      "status": "skip_too_late_to_enter",
      "seconds_left": 71.69288730621338,
      "min_entry_seconds_left": 90,
      "max_entry_seconds_left": 150
    },
    {
      "ts": "2026-09-18T04:38:50.620664Z",
      "slug": "btc-updown-5m-1789706100",
      "status": "skip_too_late_to_enter",
      "seconds_left": 69.37934470176697,
      "min_entry_seconds_left": 90,
      "max_entry_seconds_left": 150
    },
    {
      "ts": "2026-09-18T04:38:52.926591Z",
      "slug": "btc-updown-5m-1789706100",
      "status": "skip_too_late_to_enter",
      "seconds_left": 67.07341814041138,
      "min_entry_seconds_left": 90,
      "max_entry_seconds_left": 150
    },
    {
      "ts": "2026-09-18T04:38:55.195091Z",
      "slug": "btc-updown-5m-1789706100",
      "status": "skip_too_late_to_enter",
      "seconds_left": 64.80491805076599,
      "min_entry_seconds_left": 90,
      "max_entry_seconds_left": 150
    },
    {
      "ts": "2026-09-18T04:38:57.519771Z",
      "slug": "btc-updown-5m-1789706100",
      "status": "skip_too_late_to_enter",
      "seconds_left": 62.48023986816406,
      "min_entry_seconds_left": 90,
      "max_entry_seconds_left": 150
    },
    {
      "ts": "2026-09-18T04:38:59.807905Z",
      "slug": "btc-updown-5m-1789706100",
      "status": "skip_too_late_to_enter",
      "seconds_left": 60.192100286483765,
      "min_entry_seconds_left": 90,
      "max_entry_seconds_left": 150
    },
    {
      "ts": "2026-09-18T04:39:02.088330Z",
      "slug": "btc-updown-5m-1789706100",
      "status": "skip_too_late_to_enter",
      "seconds_left": 57.9116792678833,
      "min_entry_seconds_left": 90,
      "max_entry_seconds_left": 150
    },
    {
      "ts": "2026-09-18T04:39:04.398668Z",
      "slug": "btc-updown-5m-1789706100",
      "status": "skip_too_late_to_enter",
      "seconds_left": 55.601338624954224,
      "min_entry_seconds_left": 90,
      "max_entry_seconds_left": 150
    },
    {
      "ts": "2026-09-18T04:39:06.718845Z",
      "slug": "btc-updown-5m-1789706100",
      "status": "skip_too_late_to_enter",
      "seconds_left": 53.28116202354431,
      "min_entry_seconds_left": 90,
      "max_entry_seconds_left": 150
    },
    {
      "ts": "2026-09-18T04:39:08.988753Z",
      "slug": "btc-updown-5m-1789706100",
      "status": "skip_too_late_to_enter",
      "seconds_left": 51.011253356933594,
      "min_entry_seconds_left": 90,
      "max_entry_seconds_left": 150
    },
    {
      "ts": "2026-09-18T04:39:11.293245Z",
      "slug": "btc-updown-5m-1789706100",
      "status": "skip_too_late_to_enter",
      "seconds_left": 48.70676112174988,
      "min_entry_seconds_left": 90,
      "max_entry_seconds_left": 150
    },
    {
      "ts": "2026-09-18T04:39:16.643677Z",
      "slug": "btc-updown-5m-1789706100",
      "status": "skip_too_late_to_enter",
      "seconds_left": 43.356332778930664,
      "min_entry_seconds_left": 90,
      "max_entry_seconds_left": 150
    },
    {
      "ts": "2026-09-18T04:39:18.940949Z",
      "slug": "btc-updown-5m-1789706100",
      "status": "skip_too_late_to_enter",
      "seconds_left": 41.05905866622925,
      "min_entry_seconds_left": 90,
      "max_entry_seconds_left": 150
    },
    {
      "ts": "2026-09-18T04:39:21.245608Z",
      "slug": "btc-updown-5m-1789706100",
      "status": "skip_too_late_to_enter",
      "seconds_left": 38.75439763069153,
      "min_entry_seconds_left": 90,
      "max_entry_seconds_left": 150
    },
    {
      "ts": "2026-09-18T04:39:23.595235Z",
      "slug": "btc-updown-5m-1789706100",
      "status": "skip_too_late_to_enter",
      "seconds_left": 36.404770374298096,
      "min_entry_seconds_left": 90,
      "max_entry_seconds_left": 150
    },
    {
      "ts": "2026-09-18T04:39:25.906426Z",
      "slug": "btc-updown-5m-1789706100",
      "status": "skip_too_late_to_enter",
      "seconds_left": 34.09358239173889,
      "min_entry_seconds_left": 90,
      "max_entry_seconds_left": 150
    },
    {
      "ts": "2026-09-18T04:39:28.216511Z",
      "slug": "btc-updown-5m-1789706100",
      "status": "skip_too_late_to_enter",
      "seconds_left": 31.7834951877594,
      "min_entry_seconds_left": 90,
      "max_entry_seconds_left": 150
    },
    {
      "ts": "2026-09-18T04:39:30.520354Z",
      "slug": "btc-updown-5m-1789706100",
      "status": "skip_too_late_to_enter",
      "seconds_left": 29.479654550552368,
      "min_entry_seconds_left": 90,
      "max_entry_seconds_left": 150
    },
    {
      "ts": "2026-09-18T04:39:32.850228Z",
      "slug": "btc-updown-5m-1789706100",
      "status": "skip_too_late_to_enter",
      "seconds_left": 27.149780750274658,
      "min_entry_seconds_left": 90,
      "max_entry_seconds_left": 150
    },
    {
      "ts": "2026-09-18T04:39:35.205804Z",
      "slug": "btc-updown-5m-1789706100",
      "status": "skip_too_late_to_enter",
      "seconds_left": 24.794204473495483,
      "min_entry_seconds_left": 90,
      "max_entry_seconds_left": 150
    },
    {
      "ts": "2026-09-18T04:39:37.501954Z",
      "slug": "btc-updown-5m-1789706100",
      "status": "skip_too_late_to_enter",
      "seconds_left": 22.498053550720215,
      "min_entry_seconds_left": 90,
      "max_entry_seconds_left": 150
    },
    {
      "ts": "2026-09-18T04:39:39.795369Z",
      "slug": "btc-updown-5m-1789706100",
      "status": "skip_too_late_to_enter",
      "seconds_left": 20.204641103744507,
      "min_entry_seconds_left": 90,
      "max_entry_seconds_left": 150
    },
    {
      "ts": "2026-09-18T04:39:42.262459Z",
      "slug": "btc-updown-5m-1789706100",
      "status": "skip_too_late_to_enter",
      "seconds_left": 17.73754906654358,
      "min_entry_seconds_left": 90,
      "max_entry_seconds_left": 150
    },
    {
      "ts": "2026-09-18T04:39:44.549311Z",
      "slug": "btc-updown-5m-1789706100",
      "status": "skip_too_late_to_enter",
      "seconds_left": 15.450697422027588,
      "min_entry_seconds_left": 90,
      "max_entry_seconds_left": 150
    },
    {
      "ts": "2026-09-18T04:39:46.869448Z",
      "slug": "btc-updown-5m-1789706100",
      "status": "skip_too_late_to_enter",
      "seconds_left": 13.130561351776123,
      "min_entry_seconds_left": 90,
      "max_entry_seconds_left": 150
    },
    {
      "ts": "2026-09-18T04:39:52.783467Z",
      "slug": "btc-updown-5m-1789706100",
      "status": "skip_too_late_to_enter",
      "seconds_left": 7.216541528701782,
      "min_entry_seconds_left": 90,
      "max_entry_seconds_left": 150
    },
    {
      "ts": "2026-09-18T04:39:55.067681Z",
      "status": "heartbeat_no_current_market"
    },
    {
      "ts": "2026-09-18T04:39:57.371590Z",
      "status": "heartbeat_no_current_market"
    },
    {
      "ts": "2026-09-18T04:39:59.695641Z",
      "status": "heartbeat_no_current_market"
    },
    {
      "ts": "2026-09-18T04:40:02.071892Z",
      "slug": "btc-updown-5m-1789706400",
      "status": "skip_too_early_to_enter",
      "seconds_left": 297.9281151294708,
      "min_entry_seconds_left": 90,
      "max_entry_seconds_left": 150
    },
    {
      "ts": "2026-09-18T04:40:04.350376Z",
      "slug": "btc-updown-5m-1789706400",
      "status": "skip_too_early_to_enter",
      "seconds_left": 295.6496322154999,
      "min_entry_seconds_left": 90,
      "max_entry_seconds_left": 150
    },
    {
      "ts": "2026-09-18T04:40:06.635077Z",
      "slug": "btc-updown-5m-1789706400",
      "status": "skip_too_early_to_enter",
      "seconds_left": 293.36493158340454,
      "min_entry_seconds_left": 90,
      "max_entry_seconds_left": 150
    },
    {
      "ts": "2026-09-18T04:40:08.949996Z",
      "slug": "btc-updown-5m-1789706400",
      "status": "skip_too_early_to_enter",
      "seconds_left": 291.050012588501,
      "min_entry_seconds_left": 90,
      "max_entry_seconds_left": 150
    },
    {
      "ts": "2026-09-18T04:40:11.245947Z",
      "slug": "btc-updown-5m-1789706400",
      "status": "skip_too_early_to_enter",
      "seconds_left": 288.7540612220764,
      "min_entry_seconds_left": 90,
      "max_entry_seconds_left": 150
    },
    {
      "ts": "2026-09-18T04:40:13.546973Z",
      "slug": "btc-updown-5m-1789706400",
      "status": "skip_too_early_to_enter",
      "seconds_left": 286.45303106307983,
      "min_entry_seconds_left": 90,
      "max_entry_seconds_left": 150
    },
    {
      "ts": "2026-09-18T04:40:15.848554Z",
      "slug": "btc-updown-5m-1789706400",
      "status": "skip_too_early_to_enter",
      "seconds_left": 284.15145111083984,
      "min_entry_seconds_left": 90,
      "max_entry_seconds_left": 150
    },
    {
      "ts": "2026-09-18T04:40:18.164869Z",
      "slug": "btc-updown-5m-1789706400",
      "status": "skip_too_early_to_enter",
      "seconds_left": 281.83513927459717,
      "min_entry_seconds_left": 90,
      "max_entry_seconds_left": 150
    },
    {
      "ts": "2026-09-18T04:40:20.452568Z",
      "slug": "btc-updown-5m-1789706400",
      "status": "skip_too_early_to_enter",
      "seconds_left": 279.54744124412537,
      "min_entry_seconds_left": 90,
      "max_entry_seconds_left": 150
    },
    {
      "ts": "2026-09-18T04:40:22.950752Z",
      "slug": "btc-updown-5m-1789706400",
      "status": "skip_too_early_to_enter",
      "seconds_left": 277.0492558479309,
      "min_entry_seconds_left": 90,
      "max_entry_seconds_left": 150
    },
    {
      "ts": "2026-09-18T04:40:28.890876Z",
      "slug": "btc-updown-5m-1789706400",
      "status": "skip_too_early_to_enter",
      "seconds_left": 271.10912919044495,
      "min_entry_seconds_left": 90,
      "max_entry_seconds_left": 150
    },
    {
      "ts": "2026-09-18T04:40:31.185315Z",
      "slug": "btc-updown-5m-1789706400",
      "status": "skip_too_early_to_enter",
      "seconds_left": 268.81469345092773,
      "min_entry_seconds_left": 90,
      "max_entry_seconds_left": 150
    },
    {
      "ts": "2026-09-18T04:40:33.455949Z",
      "slug": "btc-updown-5m-1789706400",
      "status": "skip_too_early_to_enter",
      "seconds_left": 266.5440573692322,
      "min_entry_seconds_left": 90,
      "max_entry_seconds_left": 150
    },
    {
      "ts": "2026-09-18T04:40:35.740002Z",
      "slug": "btc-updown-5m-1789706400",
      "status": "skip_too_early_to_enter",
      "seconds_left": 264.26000356674194,
      "min_entry_seconds_left": 90,
      "max_entry_seconds_left": 150
    },
    {
      "ts": "2026-09-18T04:40:38.027922Z",
      "slug": "btc-updown-5m-1789706400",
      "status": "skip_too_early_to_enter",
      "seconds_left": 261.9720847606659,
      "min_entry_seconds_left": 90,
      "max_entry_seconds_left": 150
    },
    {
      "ts": "2026-09-18T04:40:40.315181Z",
      "slug": "btc-updown-5m-1789706400",
      "status": "skip_too_early_to_enter",
      "seconds_left": 259.6848289966583,
      "min_entry_seconds_left": 90,
      "max_entry_seconds_left": 150
    },
    {
      "ts": "2026-09-18T04:40:42.792864Z",
      "slug": "btc-updown-5m-1789706400",
      "status": "skip_too_early_to_enter",
      "seconds_left": 257.20714044570923,
      "min_entry_seconds_left": 90,
      "max_entry_seconds_left": 150
    },
    {
      "ts": "2026-09-18T04:40:45.423518Z",
      "slug": "btc-updown-5m-1789706400",
      "status": "skip_too_early_to_enter",
      "seconds_left": 254.5764877796173,
      "min_entry_seconds_left": 90,
      "max_entry_seconds_left": 150
    },
    {
      "ts": "2026-09-18T04:40:47.906537Z",
      "slug": "btc-updown-5m-1789706400",
      "status": "skip_too_early_to_enter",
      "seconds_left": 252.09347295761108,
      "min_entry_seconds_left": 90,
      "max_entry_seconds_left": 150
    },
    {
      "ts": "2026-09-18T04:40:50.183045Z",
      "slug": "btc-updown-5m-1789706400",
      "status": "skip_too_early_to_enter",
      "seconds_left": 249.8169629573822,
      "min_entry_seconds_left": 90,
      "max_entry_seconds_left": 150
    },
    {
      "ts": "2026-09-18T04:40:52.471863Z",
      "slug": "btc-updown-5m-1789706400",
      "status": "skip_too_early_to_enter",
      "seconds_left": 247.52814531326294,
      "min_entry_seconds_left": 90,
      "max_entry_seconds_left": 150
    },
    {
      "ts": "2026-09-18T04:40:54.770646Z",
      "slug": "btc-updown-5m-1789706400",
      "status": "skip_too_early_to_enter",
      "seconds_left": 245.22936177253723,
      "min_entry_seconds_left": 90,
      "max_entry_seconds_left": 150
    },
    {
      "ts": "2026-09-18T04:40:57.079182Z",
      "slug": "btc-updown-5m-1789706400",
      "status": "skip_too_early_to_enter",
      "seconds_left": 242.92082500457764,
      "min_entry_seconds_left": 90,
      "max_entry_seconds_left": 150
    },
    {
      "ts": "2026-09-18T04:40:59.351028Z",
      "slug": "btc-updown-5m-1789706400",
      "status": "skip_too_early_to_enter",
      "seconds_left": 240.64897632598877,
      "min_entry_seconds_left": 90,
      "max_entry_seconds_left": 150
    },
    {
      "ts": "2026-09-18T04:41:05.261819Z",
      "slug": "btc-updown-5m-1789706400",
      "status": "skip_too_early_to_enter",
      "seconds_left": 234.738187789917,
      "min_entry_seconds_left": 90,
      "max_entry_seconds_left": 150
    },
    {
      "ts": "2026-09-18T04:41:07.641273Z",
      "slug": "btc-updown-5m-1789706400",
      "status": "skip_too_early_to_enter",
      "seconds_left": 232.35873222351074,
      "min_entry_seconds_left": 90,
      "max_entry_seconds_left": 150
    },
    {
      "ts": "2026-09-18T04:41:09.953675Z",
      "slug": "btc-updown-5m-1789706400",
      "status": "skip_too_early_to_enter",
      "seconds_left": 230.04633212089539,
      "min_entry_seconds_left": 90,
      "max_entry_seconds_left": 150
    },
    {
      "ts": "2026-09-18T04:41:12.259325Z",
      "slug": "btc-updown-5m-1789706400",
      "status": "skip_too_early_to_enter",
      "seconds_left": 227.7406826019287,
      "min_entry_seconds_left": 90,
      "max_entry_seconds_left": 150
    },
    {
      "ts": "2026-09-18T04:41:14.574418Z",
      "slug": "btc-updown-5m-1789706400",
      "status": "skip_too_early_to_enter",
      "seconds_left": 225.42558884620667,
      "min_entry_seconds_left": 90,
      "max_entry_seconds_left": 150
    },
    {
      "ts": "2026-09-18T04:41:16.830746Z",
      "slug": "btc-updown-5m-1789706400",
      "status": "skip_too_early_to_enter",
      "seconds_left": 223.1692614555359,
      "min_entry_seconds_left": 90,
      "max_entry_seconds_left": 150
    },
    {
      "ts": "2026-09-18T04:41:19.126142Z",
      "slug": "btc-updown-5m-1789706400",
      "status": "skip_too_early_to_enter",
      "seconds_left": 220.87386631965637,
      "min_entry_seconds_left": 90,
      "max_entry_seconds_left": 150
    },
    {
      "ts": "2026-09-18T04:41:21.418301Z",
      "slug": "btc-updown-5m-1789706400",
      "status": "skip_too_early_to_enter",
      "seconds_left": 218.581707239151,
      "min_entry_seconds_left": 90,
      "max_entry_seconds_left": 150
    },
    {
      "ts": "2026-09-18T04:41:23.706493Z",
      "slug": "btc-updown-5m-1789706400",
      "status": "skip_too_early_to_enter",
      "seconds_left": 216.2935152053833,
      "min_entry_seconds_left": 90,
      "max_entry_seconds_left": 150
    },
    {
      "ts": "2026-09-18T04:41:26.015505Z",
      "slug": "btc-updown-5m-1789706400",
      "status": "skip_too_early_to_enter",
      "seconds_left": 213.98450183868408,
      "min_entry_seconds_left": 90,
      "max_entry_seconds_left": 150
    },
    {
      "ts": "2026-09-18T04:41:28.487897Z",
      "slug": "btc-updown-5m-1789706400",
      "status": "skip_too_early_to_enter",
      "seconds_left": 211.5121111869812,
      "min_entry_seconds_left": 90,
      "max_entry_seconds_left": 150
    },
    {
      "ts": "2026-09-18T04:41:30.785762Z",
      "slug": "btc-updown-5m-1789706400",
      "status": "skip_too_early_to_enter",
      "seconds_left": 209.21424412727356,
      "min_entry_seconds_left": 90,
      "max_entry_seconds_left": 150
    },
    {
      "ts": "2026-09-18T04:41:33.088828Z",
      "slug": "btc-updown-5m-1789706400",
      "status": "skip_too_early_to_enter",
      "seconds_left": 206.91118001937866,
      "min_entry_seconds_left": 90,
      "max_entry_seconds_left": 150
    },
    {
      "ts": "2026-09-18T04:41:35.381784Z",
      "slug": "btc-updown-5m-1789706400",
      "status": "skip_too_early_to_enter",
      "seconds_left": 204.6182246208191,
      "min_entry_seconds_left": 90,
      "max_entry_seconds_left": 150
    },
    {
      "ts": "2026-09-18T04:41:41.313979Z",
      "slug": "btc-updown-5m-1789706400",
      "status": "skip_too_early_to_enter",
      "seconds_left": 198.68602848052979,
      "min_entry_seconds_left": 90,
      "max_entry_seconds_left": 150
    },
    {
      "ts": "2026-09-18T04:41:43.605539Z",
      "slug": "btc-updown-5m-1789706400",
      "status": "skip_too_early_to_enter",
      "seconds_left": 196.39446473121643,
      "min_entry_seconds_left": 90,
      "max_entry_seconds_left": 150
    },
    {
      "ts": "2026-09-18T04:41:45.888898Z",
      "slug": "btc-updown-5m-1789706400",
      "status": "skip_too_early_to_enter",
      "seconds_left": 194.1111102104187,
      "min_entry_seconds_left": 90,
      "max_entry_seconds_left": 150
    },
    {
      "ts": "2026-09-18T04:41:48.329164Z",
      "slug": "btc-updown-5m-1789706400",
      "status": "skip_too_early_to_enter",
      "seconds_left": 191.67084336280823,
      "min_entry_seconds_left": 90,
      "max_entry_seconds_left": 150
    },
    {
      "ts": "2026-09-18T04:41:50.639567Z",
      "slug": "btc-updown-5m-1789706400",
      "status": "skip_too_early_to_enter",
      "seconds_left": 189.3604428768158,
      "min_entry_seconds_left": 90,
      "max_entry_seconds_left": 150
    },
    {
      "ts": "2026-09-18T04:41:52.938136Z",
      "slug": "btc-updown-5m-1789706400",
      "status": "skip_too_early_to_enter",
      "seconds_left": 187.06188201904297,
      "min_entry_seconds_left": 90,
      "max_entry_seconds_left": 150
    },
    {
      "ts": "2026-09-18T04:41:55.224868Z",
      "slug": "btc-updown-5m-1789706400",
      "status": "skip_too_early_to_enter",
      "seconds_left": 184.77513933181763,
      "min_entry_seconds_left": 90,
      "max_entry_seconds_left": 150
    },
    {
      "ts": "2026-09-18T04:41:57.524345Z",
      "slug": "btc-updown-5m-1789706400",
      "status": "skip_too_early_to_enter",
      "seconds_left": 182.4756636619568,
      "min_entry_seconds_left": 90,
      "max_entry_seconds_left": 150
    },
    {
      "ts": "2026-09-18T04:41:59.817093Z",
      "slug": "btc-updown-5m-1789706400",
      "status": "skip_too_early_to_enter",
      "seconds_left": 180.18291401863098,
      "min_entry_seconds_left": 90,
      "max_entry_seconds_left": 150
    },
    {
      "ts": "2026-09-18T04:42:02.268101Z",
      "slug": "btc-updown-5m-1789706400",
      "status": "skip_too_early_to_enter",
      "seconds_left": 177.73190569877625,
      "min_entry_seconds_left": 90,
      "max_entry_seconds_left": 150
    },
    {
      "ts": "2026-09-18T04:42:04.682760Z",
      "slug": "btc-updown-5m-1789706400",
      "status": "skip_too_early_to_enter",
      "seconds_left": 175.31724619865417,
      "min_entry_seconds_left": 90,
      "max_entry_seconds_left": 150
    },
    {
      "ts": "2026-09-18T04:42:06.961603Z",
      "slug": "btc-updown-5m-1789706400",
      "status": "skip_too_early_to_enter",
      "seconds_left": 173.03840327262878,
      "min_entry_seconds_left": 90,
      "max_entry_seconds_left": 150
    },
    {
      "ts": "2026-09-18T04:42:22.585869Z",
      "status": "heartbeat_no_current_market"
    },
    {
      "ts": "2026-09-18T04:42:24.880697Z",
      "slug": "btc-updown-5m-1789706400",
      "status": "skip_too_early_to_enter",
      "seconds_left": 155.11931109428406,
      "min_entry_seconds_left": 90,
      "max_entry_seconds_left": 150
    },
    {
      "ts": "2026-09-18T04:42:27.228271Z",
      "slug": "btc-updown-5m-1789706400",
      "status": "skip_too_early_to_enter",
      "seconds_left": 152.77173686027527,
      "min_entry_seconds_left": 90,
      "max_entry_seconds_left": 150
    },
    {
      "ts": "2026-09-18T04:42:29.541325Z",
      "slug": "btc-updown-5m-1789706400",
      "status": "skip_too_early_to_enter",
      "seconds_left": 150.4586787223816,
      "min_entry_seconds_left": 90,
      "max_entry_seconds_left": 150
    },
    {
      "ts": "2026-09-18T04:42:32.805059Z",
      "slug": "btc-updown-5m-1789706400",
      "status": "heartbeat",
      "gamma_up": 0.505,
      "gamma_down": 0.495,
      "clob_up_ask": 0.15,
      "clob_down_ask": 0.86,
      "seconds_left": 148.1077389717102,
      "min_spread": 0.009999999999999981
    },
    {
      "ts": "2026-09-18T04:42:32.805091Z",
      "slug": "btc-updown-5m-1789706400",
      "status": "skip_ask_too_expensive",
      "threshold": 0.7,
      "max_ask": 0.85,
      "win_streak": 2,
      "clob_up_ask": 0.15,
      "clob_down_ask": 0.86,
      "seconds_left": 148.1077389717102,
      "trigger_price": 0.86
    },
    {
      "ts": "2026-09-18T04:42:35.725348Z",
      "slug": "btc-updown-5m-1789706400",
      "status": "heartbeat",
      "gamma_up": 0.505,
      "gamma_down": 0.495,
      "clob_up_ask": 0.16,
      "clob_down_ask": 0.85,
      "seconds_left": 144.86833024024963,
      "min_spread": 0.010000000000000009
    },
    {
      "ts": "2026-09-18T04:42:35.725376Z",
      "slug": "btc-updown-5m-1789706400",
      "status": "skip_ask_too_expensive",
      "threshold": 0.7,
      "max_ask": 0.85,
      "win_streak": 2,
      "clob_up_ask": 0.16,
      "clob_down_ask": 0.85,
      "seconds_left": 144.86833024024963,
      "trigger_price": 0.85
    },
    {
      "ts": "2026-09-18T04:42:38.730000Z",
      "slug": "btc-updown-5m-1789706400",
      "status": "heartbeat",
      "gamma_up": 0.505,
      "gamma_down": 0.495,
      "clob_up_ask": 0.19,
      "clob_down_ask": 0.82,
      "seconds_left": 141.93421697616577,
      "min_spread": 0.009999999999999898
    }
  ],
  "open_raw": "{\"mode\": \"open\", \"execute\": true, \"market_slug\": \"btc-updown-5m-1789706400\", \"force_side\": \"DOWN\", \"token_id\": \"17166974675867393318792066191167933781262686406700601558933326835196938742881\", \"entry_price\": 0.82, \"notional_usd\": 5.0, \"top_ask_notional_usd\": 246.9102, \"collateral_pusd\": 424.215642, \"order_post_result\": {\"errorMsg\": \"\", \"orderID\": \"0x1e771e67ce69a3be543f28f227ea3828db9c193b99163c45fc7f0f2aae617923\", \"takingAmount\": \"6.410257\", \"makingAmount\": \"5\", \"status\": \"matched\", \"transactionsHashes\": [\"0x1a76782523c775c6d85e7a160b5afb4795af5ac8592ea6f61c3ca7508992b4e2\"], \"success\": true}}\n\n[py_clob_client_v2] request error status=400 url=https://clob.polymarket.com/auth/api-key body={\"error\":\"Could not create api key\"}\n\n",
  "opened": {
    "opened_at": "2026-09-18T04:42:43.348487Z",
    "market_slug": "btc-updown-5m-1789706400",
    "market_end_iso": "2026-09-18T04:45:00Z",
    "side": "DOWN",
    "token_id": "17166974675867393318792066191167933781262686406700601558933326835196938742881",
    "entry_price": 0.82,
    "shares": 6.410257,
    "cost_usdc": 5.0,
    "open_order_id": "0x1e771e67ce69a3be543f28f227ea3828db9c193b99163c45fc7f0f2aae617923",
    "open_tx": "0x1a76782523c775c6d85e7a160b5afb4795af5ac8592ea6f61c3ca7508992b4e2"
  },
  "stop_loss_price": 0.615,
  "last_side_price": 0.495,
  "last_clob_bid": 0.77,
  "last_check_at": "2026-09-18T04:42:43.938029Z",
  "close_debug": [
    {
      "ts": "2026-09-18T04:42:48.436388Z",
      "attempt": 1,
      "order_type": "FAK",
      "status": "matched",
      "close_skipped": ""
    }
  ],
  "close_raw": "{\"mode\": \"close\", \"execute\": true, \"market_slug\": \"btc-updown-5m-1789706400\", \"token_id\": \"17166974675867393318792066191167933781262686406700601558933326835196938742881\", \"requested_shares\": 6.410257, \"close_order_type\": \"FAK\", \"close_limit_price\": null, \"available_shares\": 6.410257, \"sell_shares\": 6.4102, \"order_post_result\": {\"errorMsg\": \"\", \"orderID\": \"0x13a2a8df21df10f46ced57b9557cd4de238122de196d597e9cf75c176e8635b1\", \"takingAmount\": \"4.6793\", \"makingAmount\": \"6.41\", \"status\": \"matched\", \"transactionsHashes\": [\"0x55840339b9956e6754be99bb26ddf1e6bf38d64c448f1d58d9c6b5abeaeb82a7\"], \"success\": true}, \"close_skipped\": \"\"}\n\n[py_clob_client_v2] request error status=400 url=https://clob.polymarket.com/auth/api-key body={\"error\":\"Could not create api key\"}\n\n",
  "closed": {
    "close_reason": "stop_loss_25pct",
    "closed_at": "2026-09-18T04:42:48.436456Z",
    "close_success": true,
    "close_status": "matched",
    "close_order_id": "0x13a2a8df21df10f46ced57b9557cd4de238122de196d597e9cf75c176e8635b1",
    "close_tx": "0x55840339b9956e6754be99bb26ddf1e6bf38d64c448f1d58d9c6b5abeaeb82a7",
    "close_shares": 6.41,
    "close_usdc": 4.6793,
    "close_skipped": ""
  },
  "realized_cashflow_pnl_usdc": -0.3207,
  "finished_at": "2026-09-18T04:42:48.436478Z",
  "result": "done"
}
[2026-09-18T04:42:48Z] session_end rc=0 sessions=5 stake_usd=5
journal_ok trades=203 md=/home/yukeen/polymarketbot/5min-btc-polymarket/data/live_trades.md json=/home/yukeen/polymarketbot/5min-btc-polymarket/data/live_trades.json
[2026-09-18T04:44:48Z] fills=6/10 sessions=5/36
[py_clob_client_v2] request error status=400 url=https://clob.polymarket.com/auth/api-key body={"error":"Could not create api key"}

[2026-09-18T04:45:05Z] cash=423.729512
[2026-09-18T04:45:17Z] session_begin sessions=5 fills=6 stake_usd=5
