[py_clob_client_v2] request error status=400 url=https://clob.polymarket.com/auth/api-key body={"error":"Could not create api key"}

[py_clob_client_v2] request error status=400 url=https://clob.polymarket.com/auth/api-key body={"error":"Could not create api key"}

request error status=400 url=https://clob.polymarket.com/auth/api-key body={"error":"Could not create api key"}

{
  "started_at": "2026-09-18T01:59:25.866470Z",
  "params": {
    "profile": "conservative",
    "threshold": 0.7,
    "stake_usd": 5.0,
    "stop_loss_pct": 0.25,
    "exit_before_sec": 20,
    "min_entry_seconds_left": 90,
    "max_entry_seconds_left": 150,
    "entry_timeout_min": 20,
    "poll_sec": 2.0,
    "max_ask": 0.85,
    "expensive_ask": 0.8,
    "expensive_after_wins": 3,
    "clob_cut_bid": 0.4,
    "close_retry_max": 30,
    "close_retry_delay_sec": 2.0,
    "execute": true,
    "win_streak": 0
  },
  "attempts": [
    {
      "ts": "2026-09-18T01:59:26.193505Z",
      "slug": "btc-updown-5m-1789696500",
      "status": "skip_too_late_to_enter",
      "seconds_left": 33.80650496482849,
      "min_entry_seconds_left": 90,
      "max_entry_seconds_left": 150
    },
    {
      "ts": "2026-09-18T01:59:28.519462Z",
      "slug": "btc-updown-5m-1789696500",
      "status": "skip_too_late_to_enter",
      "seconds_left": 31.48054838180542,
      "min_entry_seconds_left": 90,
      "max_entry_seconds_left": 150
    },
    {
      "ts": "2026-09-18T01:59:31.110786Z",
      "slug": "btc-updown-5m-1789696500",
      "status": "skip_too_late_to_enter",
      "seconds_left": 28.889219760894775,
      "min_entry_seconds_left": 90,
      "max_entry_seconds_left": 150
    },
    {
      "ts": "2026-09-18T01:59:33.392059Z",
      "slug": "btc-updown-5m-1789696500",
      "status": "skip_too_late_to_enter",
      "seconds_left": 26.607945442199707,
      "min_entry_seconds_left": 90,
      "max_entry_seconds_left": 150
    },
    {
      "ts": "2026-09-18T01:59:35.725528Z",
      "slug": "btc-updown-5m-1789696500",
      "status": "skip_too_late_to_enter",
      "seconds_left": 24.274478673934937,
      "min_entry_seconds_left": 90,
      "max_entry_seconds_left": 150
    },
    {
      "ts": "2026-09-18T01:59:38.031276Z",
      "slug": "btc-updown-5m-1789696500",
      "status": "skip_too_late_to_enter",
      "seconds_left": 21.968727111816406,
      "min_entry_seconds_left": 90,
      "max_entry_seconds_left": 150
    },
    {
      "ts": "2026-09-18T01:59:40.322261Z",
      "slug": "btc-updown-5m-1789696500",
      "status": "skip_too_late_to_enter",
      "seconds_left": 19.67774534225464,
      "min_entry_seconds_left": 90,
      "max_entry_seconds_left": 150
    },
    {
      "ts": "2026-09-18T01:59:45.352725Z",
      "slug": "btc-updown-5m-1789696500",
      "status": "skip_too_late_to_enter",
      "seconds_left": 14.647281646728516,
      "min_entry_seconds_left": 90,
      "max_entry_seconds_left": 150
    },
    {
      "ts": "2026-09-18T01:59:47.650967Z",
      "slug": "btc-updown-5m-1789696500",
      "status": "skip_too_late_to_enter",
      "seconds_left": 12.349039316177368,
      "min_entry_seconds_left": 90,
      "max_entry_seconds_left": 150
    },
    {
      "ts": "2026-09-18T01:59:50.016784Z",
      "slug": "btc-updown-5m-1789696500",
      "status": "skip_too_late_to_enter",
      "seconds_left": 9.98322057723999,
      "min_entry_seconds_left": 90,
      "max_entry_seconds_left": 150
    },
    {
      "ts": "2026-09-18T01:59:52.363275Z",
      "slug": "btc-updown-5m-1789696500",
      "status": "skip_too_late_to_enter",
      "seconds_left": 7.636734247207642,
      "min_entry_seconds_left": 90,
      "max_entry_seconds_left": 150
    },
    {
      "ts": "2026-09-18T01:59:54.631211Z",
      "slug": "btc-updown-5m-1789696500",
      "status": "skip_too_late_to_enter",
      "seconds_left": 5.368795156478882,
      "min_entry_seconds_left": 90,
      "max_entry_seconds_left": 150
    },
    {
      "ts": "2026-09-18T01:59:56.911591Z",
      "status": "heartbeat_no_current_market"
    },
    {
      "ts": "2026-09-18T01:59:59.220472Z",
      "status": "heartbeat_no_current_market"
    },
    {
      "ts": "2026-09-18T02:00:01.566966Z",
      "slug": "btc-updown-5m-1789696800",
      "status": "skip_too_early_to_enter",
      "seconds_left": 298.43303990364075,
      "min_entry_seconds_left": 90,
      "max_entry_seconds_left": 150
    },
    {
      "ts": "2026-09-18T02:00:03.961862Z",
      "slug": "btc-updown-5m-1789696800",
      "status": "skip_too_early_to_enter",
      "seconds_left": 296.0381758213043,
      "min_entry_seconds_left": 90,
      "max_entry_seconds_left": 150
    },
    {
      "ts": "2026-09-18T02:00:06.290874Z",
      "slug": "btc-updown-5m-1789696800",
      "status": "skip_too_early_to_enter",
      "seconds_left": 293.7091314792633,
      "min_entry_seconds_left": 90,
      "max_entry_seconds_left": 150
    },
    {
      "ts": "2026-09-18T02:00:08.563071Z",
      "slug": "btc-updown-5m-1789696800",
      "status": "skip_too_early_to_enter",
      "seconds_left": 291.4369342327118,
      "min_entry_seconds_left": 90,
      "max_entry_seconds_left": 150
    },
    {
      "ts": "2026-09-18T02:00:11.022156Z",
      "slug": "btc-updown-5m-1789696800",
      "status": "skip_too_early_to_enter",
      "seconds_left": 288.9778516292572,
      "min_entry_seconds_left": 90,
      "max_entry_seconds_left": 150
    },
    {
      "ts": "2026-09-18T02:00:13.355142Z",
      "slug": "btc-updown-5m-1789696800",
      "status": "skip_too_early_to_enter",
      "seconds_left": 286.644864320755,
      "min_entry_seconds_left": 90,
      "max_entry_seconds_left": 150
    },
    {
      "ts": "2026-09-18T02:00:15.707071Z",
      "slug": "btc-updown-5m-1789696800",
      "status": "skip_too_early_to_enter",
      "seconds_left": 284.2929356098175,
      "min_entry_seconds_left": 90,
      "max_entry_seconds_left": 150
    },
    {
      "ts": "2026-09-18T02:00:21.101971Z",
      "slug": "btc-updown-5m-1789696800",
      "status": "skip_too_early_to_enter",
      "seconds_left": 278.8980360031128,
      "min_entry_seconds_left": 90,
      "max_entry_seconds_left": 150
    },
    {
      "ts": "2026-09-18T02:00:23.422644Z",
      "slug": "btc-updown-5m-1789696800",
      "status": "skip_too_early_to_enter",
      "seconds_left": 276.57736325263977,
      "min_entry_seconds_left": 90,
      "max_entry_seconds_left": 150
    },
    {
      "ts": "2026-09-18T02:00:25.797340Z",
      "slug": "btc-updown-5m-1789696800",
      "status": "skip_too_early_to_enter",
      "seconds_left": 274.2026643753052,
      "min_entry_seconds_left": 90,
      "max_entry_seconds_left": 150
    },
    {
      "ts": "2026-09-18T02:00:28.117571Z",
      "slug": "btc-updown-5m-1789696800",
      "status": "skip_too_early_to_enter",
      "seconds_left": 271.88243532180786,
      "min_entry_seconds_left": 90,
      "max_entry_seconds_left": 150
    },
    {
      "ts": "2026-09-18T02:00:30.406455Z",
      "slug": "btc-updown-5m-1789696800",
      "status": "skip_too_early_to_enter",
      "seconds_left": 269.59355211257935,
      "min_entry_seconds_left": 90,
      "max_entry_seconds_left": 150
    },
    {
      "ts": "2026-09-18T02:00:32.738293Z",
      "slug": "btc-updown-5m-1789696800",
      "status": "skip_too_early_to_enter",
      "seconds_left": 267.2617139816284,
      "min_entry_seconds_left": 90,
      "max_entry_seconds_left": 150
    },
    {
      "ts": "2026-09-18T02:00:35.036659Z",
      "slug": "btc-updown-5m-1789696800",
      "status": "skip_too_early_to_enter",
      "seconds_left": 264.9633467197418,
      "min_entry_seconds_left": 90,
      "max_entry_seconds_left": 150
    },
    {
      "ts": "2026-09-18T02:00:37.353881Z",
      "slug": "btc-updown-5m-1789696800",
      "status": "skip_too_early_to_enter",
      "seconds_left": 262.6461260318756,
      "min_entry_seconds_left": 90,
      "max_entry_seconds_left": 150
    },
    {
      "ts": "2026-09-18T02:00:39.653372Z",
      "slug": "btc-updown-5m-1789696800",
      "status": "skip_too_early_to_enter",
      "seconds_left": 260.3466341495514,
      "min_entry_seconds_left": 90,
      "max_entry_seconds_left": 150
    },
    {
      "ts": "2026-09-18T02:00:41.960930Z",
      "slug": "btc-updown-5m-1789696800",
      "status": "skip_too_early_to_enter",
      "seconds_left": 258.03907585144043,
      "min_entry_seconds_left": 90,
      "max_entry_seconds_left": 150
    },
    {
      "ts": "2026-09-18T02:00:44.251355Z",
      "slug": "btc-updown-5m-1789696800",
      "status": "skip_too_early_to_enter",
      "seconds_left": 255.74865102767944,
      "min_entry_seconds_left": 90,
      "max_entry_seconds_left": 150
    },
    {
      "ts": "2026-09-18T02:00:46.599020Z",
      "slug": "btc-updown-5m-1789696800",
      "status": "skip_too_early_to_enter",
      "seconds_left": 253.40098357200623,
      "min_entry_seconds_left": 90,
      "max_entry_seconds_left": 150
    },
    {
      "ts": "2026-09-18T02:00:48.901844Z",
      "slug": "btc-updown-5m-1789696800",
      "status": "skip_too_early_to_enter",
      "seconds_left": 251.09816455841064,
      "min_entry_seconds_left": 90,
      "max_entry_seconds_left": 150
    },
    {
      "ts": "2026-09-18T02:00:51.220978Z",
      "slug": "btc-updown-5m-1789696800",
      "status": "skip_too_early_to_enter",
      "seconds_left": 248.77902841567993,
      "min_entry_seconds_left": 90,
      "max_entry_seconds_left": 150
    },
    {
      "ts": "2026-09-18T02:00:56.478525Z",
      "slug": "btc-updown-5m-1789696800",
      "status": "skip_too_early_to_enter",
      "seconds_left": 243.52148294448853,
      "min_entry_seconds_left": 90,
      "max_entry_seconds_left": 150
    },
    {
      "ts": "2026-09-18T02:00:58.789855Z",
      "slug": "btc-updown-5m-1789696800",
      "status": "skip_too_early_to_enter",
      "seconds_left": 241.21015238761902,
      "min_entry_seconds_left": 90,
      "max_entry_seconds_left": 150
    },
    {
      "ts": "2026-09-18T02:01:01.084906Z",
      "slug": "btc-updown-5m-1789696800",
      "status": "skip_too_early_to_enter",
      "seconds_left": 238.915100812912,
      "min_entry_seconds_left": 90,
      "max_entry_seconds_left": 150
    },
    {
      "ts": "2026-09-18T02:01:03.369068Z",
      "slug": "btc-updown-5m-1789696800",
      "status": "skip_too_early_to_enter",
      "seconds_left": 236.63093948364258,
      "min_entry_seconds_left": 90,
      "max_entry_seconds_left": 150
    },
    {
      "ts": "2026-09-18T02:01:05.673219Z",
      "slug": "btc-updown-5m-1789696800",
      "status": "skip_too_early_to_enter",
      "seconds_left": 234.32678866386414,
      "min_entry_seconds_left": 90,
      "max_entry_seconds_left": 150
    },
    {
      "ts": "2026-09-18T02:01:08.031214Z",
      "slug": "btc-updown-5m-1789696800",
      "status": "skip_too_early_to_enter",
      "seconds_left": 231.96879291534424,
      "min_entry_seconds_left": 90,
      "max_entry_seconds_left": 150
    },
    {
      "ts": "2026-09-18T02:01:10.322705Z",
      "slug": "btc-updown-5m-1789696800",
      "status": "skip_too_early_to_enter",
      "seconds_left": 229.67730164527893,
      "min_entry_seconds_left": 90,
      "max_entry_seconds_left": 150
    },
    {
      "ts": "2026-09-18T02:01:12.632748Z",
      "slug": "btc-updown-5m-1789696800",
      "status": "skip_too_early_to_enter",
      "seconds_left": 227.36725687980652,
      "min_entry_seconds_left": 90,
      "max_entry_seconds_left": 150
    },
    {
      "ts": "2026-09-18T02:01:14.925373Z",
      "slug": "btc-updown-5m-1789696800",
      "status": "skip_too_early_to_enter",
      "seconds_left": 225.07463431358337,
      "min_entry_seconds_left": 90,
      "max_entry_seconds_left": 150
    },
    {
      "ts": "2026-09-18T02:01:17.243767Z",
      "slug": "btc-updown-5m-1789696800",
      "status": "skip_too_early_to_enter",
      "seconds_left": 222.75626158714294,
      "min_entry_seconds_left": 90,
      "max_entry_seconds_left": 150
    },
    {
      "ts": "2026-09-18T02:01:19.537942Z",
      "slug": "btc-updown-5m-1789696800",
      "status": "skip_too_early_to_enter",
      "seconds_left": 220.46206426620483,
      "min_entry_seconds_left": 90,
      "max_entry_seconds_left": 150
    },
    {
      "ts": "2026-09-18T02:01:21.834956Z",
      "slug": "btc-updown-5m-1789696800",
      "status": "skip_too_early_to_enter",
      "seconds_left": 218.16505360603333,
      "min_entry_seconds_left": 90,
      "max_entry_seconds_left": 150
    },
    {
      "ts": "2026-09-18T02:01:24.146527Z",
      "slug": "btc-updown-5m-1789696800",
      "status": "skip_too_early_to_enter",
      "seconds_left": 215.85348081588745,
      "min_entry_seconds_left": 90,
      "max_entry_seconds_left": 150
    },
    {
      "ts": "2026-09-18T02:01:26.460685Z",
      "slug": "btc-updown-5m-1789696800",
      "status": "skip_too_early_to_enter",
      "seconds_left": 213.53932213783264,
      "min_entry_seconds_left": 90,
      "max_entry_seconds_left": 150
    },
    {
      "ts": "2026-09-18T02:01:31.803417Z",
      "slug": "btc-updown-5m-1789696800",
      "status": "skip_too_early_to_enter",
      "seconds_left": 208.19658780097961,
      "min_entry_seconds_left": 90,
      "max_entry_seconds_left": 150
    },
    {
      "ts": "2026-09-18T02:01:34.615837Z",
      "slug": "btc-updown-5m-1789696800",
      "status": "skip_too_early_to_enter",
      "seconds_left": 205.38416981697083,
      "min_entry_seconds_left": 90,
      "max_entry_seconds_left": 150
    },
    {
      "ts": "2026-09-18T02:01:37.242739Z",
      "slug": "btc-updown-5m-1789696800",
      "status": "skip_too_early_to_enter",
      "seconds_left": 202.75726747512817,
      "min_entry_seconds_left": 90,
      "max_entry_seconds_left": 150
    },
    {
      "ts": "2026-09-18T02:01:39.632083Z",
      "slug": "btc-updown-5m-1789696800",
      "status": "skip_too_early_to_enter",
      "seconds_left": 200.36792302131653,
      "min_entry_seconds_left": 90,
      "max_entry_seconds_left": 150
    },
    {
      "ts": "2026-09-18T02:01:41.917238Z",
      "slug": "btc-updown-5m-1789696800",
      "status": "skip_too_early_to_enter",
      "seconds_left": 198.08277201652527,
      "min_entry_seconds_left": 90,
      "max_entry_seconds_left": 150
    },
    {
      "ts": "2026-09-18T02:01:44.214641Z",
      "slug": "btc-updown-5m-1789696800",
      "status": "skip_too_early_to_enter",
      "seconds_left": 195.7853672504425,
      "min_entry_seconds_left": 90,
      "max_entry_seconds_left": 150
    },
    {
      "ts": "2026-09-18T02:01:46.578697Z",
      "slug": "btc-updown-5m-1789696800",
      "status": "skip_too_early_to_enter",
      "seconds_left": 193.42130613327026,
      "min_entry_seconds_left": 90,
      "max_entry_seconds_left": 150
    },
    {
      "ts": "2026-09-18T02:02:06.918271Z",
      "slug": "btc-updown-5m-1789696800",
      "status": "skip_too_early_to_enter",
      "seconds_left": 173.08173727989197,
      "min_entry_seconds_left": 90,
      "max_entry_seconds_left": 150
    },
    {
      "ts": "2026-09-18T02:02:09.201623Z",
      "slug": "btc-updown-5m-1789696800",
      "status": "skip_too_early_to_enter",
      "seconds_left": 170.79838347434998,
      "min_entry_seconds_left": 90,
      "max_entry_seconds_left": 150
    },
    {
      "ts": "2026-09-18T02:02:11.479526Z",
      "slug": "btc-updown-5m-1789696800",
      "status": "skip_too_early_to_enter",
      "seconds_left": 168.5204815864563,
      "min_entry_seconds_left": 90,
      "max_entry_seconds_left": 150
    },
    {
      "ts": "2026-09-18T02:02:13.821028Z",
      "slug": "btc-updown-5m-1789696800",
      "status": "skip_too_early_to_enter",
      "seconds_left": 166.17897820472717,
      "min_entry_seconds_left": 90,
      "max_entry_seconds_left": 150
    },
    {
      "ts": "2026-09-18T02:02:16.113124Z",
      "slug": "btc-updown-5m-1789696800",
      "status": "skip_too_early_to_enter",
      "seconds_left": 163.88688254356384,
      "min_entry_seconds_left": 90,
      "max_entry_seconds_left": 150
    },
    {
      "ts": "2026-09-18T02:02:18.402415Z",
      "slug": "btc-updown-5m-1789696800",
      "status": "skip_too_early_to_enter",
      "seconds_left": 161.5975935459137,
      "min_entry_seconds_left": 90,
      "max_entry_seconds_left": 150
    },
    {
      "ts": "2026-09-18T02:02:20.691494Z",
      "slug": "btc-updown-5m-1789696800",
      "status": "skip_too_early_to_enter",
      "seconds_left": 159.30851435661316,
      "min_entry_seconds_left": 90,
      "max_entry_seconds_left": 150
    },
    {
      "ts": "2026-09-18T02:02:22.989926Z",
      "slug": "btc-updown-5m-1789696800",
      "status": "skip_too_early_to_enter",
      "seconds_left": 157.01008105278015,
      "min_entry_seconds_left": 90,
      "max_entry_seconds_left": 150
    },
    {
      "ts": "2026-09-18T02:02:25.285682Z",
      "slug": "btc-updown-5m-1789696800",
      "status": "skip_too_early_to_enter",
      "seconds_left": 154.7143247127533,
      "min_entry_seconds_left": 90,
      "max_entry_seconds_left": 150
    },
    {
      "ts": "2026-09-18T02:02:27.587369Z",
      "slug": "btc-updown-5m-1789696800",
      "status": "skip_too_early_to_enter",
      "seconds_left": 152.41263818740845,
      "min_entry_seconds_left": 90,
      "max_entry_seconds_left": 150
    },
    {
      "ts": "2026-09-18T02:02:29.882405Z",
      "slug": "btc-updown-5m-1789696800",
      "status": "skip_too_early_to_enter",
      "seconds_left": 150.11760139465332,
      "min_entry_seconds_left": 90,
      "max_entry_seconds_left": 150
    },
    {
      "ts": "2026-09-18T02:02:33.034384Z",
      "slug": "btc-updown-5m-1789696800",
      "status": "heartbeat",
      "gamma_up": 0.495,
      "gamma_down": 0.505,
      "clob_up_ask": 0.8,
      "clob_down_ask": 0.2,
      "seconds_left": 147.8289086818695,
      "min_spread": 0.010000000000000009
    },
    {
      "ts": "2026-09-18T02:02:43.808518Z",
      "slug": "btc-updown-5m-1789696800",
      "status": "heartbeat",
      "gamma_up": 0.495,
      "gamma_down": 0.505,
      "clob_up_ask": 0.88,
      "clob_down_ask": 0.13,
      "seconds_left": 137.04418969154358,
      "min_spread": 0.010000000000000009
    },
    {
      "ts": "2026-09-18T02:02:43.808552Z",
      "slug": "btc-updown-5m-1789696800",
      "status": "skip_ask_too_expensive",
      "threshold": 0.7,
      "max_ask": 0.85,
      "win_streak": 0,
      "clob_up_ask": 0.88,
      "clob_down_ask": 0.13,
      "seconds_left": 137.04418969154358,
      "trigger_price": 0.88
    },
    {
      "ts": "2026-09-18T02:02:46.700564Z",
      "slug": "btc-updown-5m-1789696800",
      "status": "heartbeat",
      "gamma_up": 0.495,
      "gamma_down": 0.505,
      "clob_up_ask": 0.93,
      "clob_down_ask": 0.08,
      "seconds_left": 133.91132068634033,
      "min_spread": 0.009999999999999995
    },
    {
      "ts": "2026-09-18T02:02:46.700594Z",
      "slug": "btc-updown-5m-1789696800",
      "status": "skip_ask_too_expensive",
      "threshold": 0.7,
      "max_ask": 0.85,
      "win_streak": 0,
      "clob_up_ask": 0.93,
      "clob_down_ask": 0.08,
      "seconds_left": 133.91132068634033,
      "trigger_price": 0.93
    },
    {
      "ts": "2026-09-18T02:02:49.647827Z",
      "slug": "btc-updown-5m-1789696800",
      "status": "heartbeat",
      "gamma_up": 0.495,
      "gamma_down": 0.505,
      "clob_up_ask": 0.92,
      "clob_down_ask": 0.09,
      "seconds_left": 130.99337077140808,
      "min_spread": 0.009999999999999995
    },
    {
      "ts": "2026-09-18T02:02:49.647855Z",
      "slug": "btc-updown-5m-1789696800",
      "status": "skip_ask_too_expensive",
      "threshold": 0.7,
      "max_ask": 0.85,
      "win_streak": 0,
      "clob_up_ask": 0.92,
      "clob_down_ask": 0.09,
      "seconds_left": 130.99337077140808,
      "trigger_price": 0.92
    },
    {
      "ts": "2026-09-18T02:02:52.640886Z",
      "slug": "btc-updown-5m-1789696800",
      "status": "heartbeat",
      "gamma_up": 0.495,
      "gamma_down": 0.505,
      "clob_up_ask": 0.9,
      "clob_down_ask": 0.14,
      "seconds_left": 128.03314089775085,
      "min_spread": 0.010000000000000009
    },
    {
      "ts": "2026-09-18T02:02:52.640915Z",
      "slug": "btc-updown-5m-1789696800",
      "status": "skip_ask_too_expensive",
      "threshold": 0.7,
      "max_ask": 0.85,
      "win_streak": 0,
      "clob_up_ask": 0.9,
      "clob_down_ask": 0.14,
      "seconds_left": 128.03314089775085,
      "trigger_price": 0.9
    },
    {
      "ts": "2026-09-18T02:02:55.593830Z",
      "slug": "btc-updown-5m-1789696800",
      "status": "heartbeat",
      "gamma_up": 0.495,
      "gamma_down": 0.505,
      "clob_up_ask": 0.89,
      "clob_down_ask": 0.12,
      "seconds_left": 125.03816246986389,
      "min_spread": 0.009999999999999995
    },
    {
      "ts": "2026-09-18T02:02:55.593860Z",
      "slug": "btc-updown-5m-1789696800",
      "status": "skip_ask_too_expensive",
      "threshold": 0.7,
      "max_ask": 0.85,
      "win_streak": 0,
      "clob_up_ask": 0.89,
      "clob_down_ask": 0.12,
      "seconds_left": 125.03816246986389,
      "trigger_price": 0.89
    },
    {
      "ts": "2026-09-18T02:02:58.555848Z",
      "slug": "btc-updown-5m-1789696800",
      "status": "heartbeat",
      "gamma_up": 0.495,
      "gamma_down": 0.505,
      "clob_up_ask": 0.92,
      "clob_down_ask": 0.09,
      "seconds_left": 122.0570821762085,
      "min_spread": 0.009999999999999995
    },
    {
      "ts": "2026-09-18T02:02:58.555879Z",
      "slug": "btc-updown-5m-1789696800",
      "status": "skip_ask_too_expensive",
      "threshold": 0.7,
      "max_ask": 0.85,
      "win_streak": 0,
      "clob_up_ask": 0.92,
      "clob_down_ask": 0.09,
      "seconds_left": 122.0570821762085,
      "trigger_price": 0.92
    },
    {
      "ts": "2026-09-18T02:03:01.558606Z",
      "slug": "btc-updown-5m-1789696800",
      "status": "heartbeat",
      "gamma_up": 0.495,
      "gamma_down": 0.505,
      "clob_up_ask": 0.95,
      "clob_down_ask": 0.06,
      "seconds_left": 119.03239417076111,
      "min_spread": 0.009999999999999995
    },
    {
      "ts": "2026-09-18T02:03:01.558647Z",
      "slug": "btc-updown-5m-1789696800",
      "status": "skip_ask_too_expensive",
      "threshold": 0.7,
      "max_ask": 0.85,
      "win_streak": 0,
      "clob_up_ask": 0.95,
      "clob_down_ask": 0.06,
      "seconds_left": 119.03239417076111,
      "trigger_price": 0.95
    },
    {
      "ts": "2026-09-18T02:03:04.457981Z",
      "slug": "btc-updown-5m-1789696800",
      "status": "heartbeat",
      "gamma_up": 0.495,
      "gamma_down": 0.505,
      "clob_up_ask": 0.95,
      "clob_down_ask": 0.06,
      "seconds_left": 116.15910458564758,
      "min_spread": 0.009999999999999995
    },
    {
      "ts": "2026-09-18T02:03:04.458007Z",
      "slug": "btc-updown-5m-1789696800",
      "status": "skip_ask_too_expensive",
      "threshold": 0.7,
      "max_ask": 0.85,
      "win_streak": 0,
      "clob_up_ask": 0.95,
      "clob_down_ask": 0.06,
      "seconds_left": 116.15910458564758,
      "trigger_price": 0.95
    },
    {
      "ts": "2026-09-18T02:03:07.476397Z",
      "slug": "btc-updown-5m-1789696800",
      "status": "heartbeat",
      "gamma_up": 0.495,
      "gamma_down": 0.505,
      "clob_up_ask": 0.96,
      "clob_down_ask": 0.05,
      "seconds_left": 113.13929414749146,
      "min_spread": 0.010000000000000002
    },
    {
      "ts": "2026-09-18T02:03:07.476426Z",
      "slug": "btc-updown-5m-1789696800",
      "status": "skip_ask_too_expensive",
      "threshold": 0.7,
      "max_ask": 0.85,
      "win_streak": 0,
      "clob_up_ask": 0.96,
      "clob_down_ask": 0.05,
      "seconds_left": 113.13929414749146,
      "trigger_price": 0.96
    },
    {
      "ts": "2026-09-18T02:03:10.399521Z",
      "slug": "btc-updown-5m-1789696800",
      "status": "heartbeat",
      "gamma_up": 0.495,
      "gamma_down": 0.505,
      "clob_up_ask": 0.98,
      "clob_down_ask": 0.03,
      "seconds_left": 110.21764421463013,
      "min_spread": 0.009999999999999998
    },
    {
      "ts": "2026-09-18T02:03:10.399547Z",
      "slug": "btc-updown-5m-1789696800",
      "status": "skip_ask_too_expensive",
      "threshold": 0.7,
      "max_ask": 0.85,
      "win_streak": 0,
      "clob_up_ask": 0.98,
      "clob_down_ask": 0.03,
      "seconds_left": 110.21764421463013,
      "trigger_price": 0.98
    },
    {
      "ts": "2026-09-18T02:03:13.293866Z",
      "slug": "btc-updown-5m-1789696800",
      "status": "heartbeat",
      "gamma_up": 0.495,
      "gamma_down": 0.505,
      "clob_up_ask": 0.98,
      "clob_down_ask": 0.03,
      "seconds_left": 107.30807518959045,
      "min_spread": 0.009999999999999998
    },
    {
      "ts": "2026-09-18T02:03:13.293882Z",
      "slug": "btc-updown-5m-1789696800",
      "status": "skip_ask_too_expensive",
      "threshold": 0.7,
      "max_ask": 0.85,
      "win_streak": 0,
      "clob_up_ask": 0.98,
      "clob_down_ask": 0.03,
      "seconds_left": 107.30807518959045,
      "trigger_price": 0.98
    },
    {
      "ts": "2026-09-18T02:03:19.168307Z",
      "slug": "btc-updown-5m-1789696800",
      "status": "heartbeat",
      "gamma_up": 0.495,
      "gamma_down": 0.505,
      "clob_up_ask": 0.42,
      "clob_down_ask": 0.57,
      "seconds_left": 101.44995331764221,
      "min_spread": 0.009999999999999898
    },
    {
      "ts": "2026-09-18T02:03:19.168335Z",
      "slug": "btc-updown-5m-1789696800",
      "status": "skip_price_below_threshold",
      "threshold": 0.7,
      "max_ask": 0.85,
      "win_streak": 0,
      "clob_up_ask": 0.42,
      "clob_down_ask": 0.57,
      "seconds_left": 101.44995331764221,
      "trigger_price": null
    },
    {
      "ts": "2026-09-18T02:03:22.189034Z",
      "slug": "btc-updown-5m-1789696800",
      "status": "heartbeat",
      "gamma_up": 0.495,
      "gamma_down": 0.505,
      "clob_up_ask": 0.56,
      "clob_down_ask": 0.44,
      "seconds_left": 98.49280762672424,
      "min_spread": 0.010000000000000009
    },
    {
      "ts": "2026-09-18T02:03:22.189050Z",
      "slug": "btc-updown-5m-1789696800",
      "status": "skip_price_below_threshold",
      "threshold": 0.7,
      "max_ask": 0.85,
      "win_streak": 0,
      "clob_up_ask": 0.56,
      "clob_down_ask": 0.44,
      "seconds_left": 98.49280762672424,
      "trigger_price": null
    },
    {
      "ts": "2026-09-18T02:03:25.131670Z",
      "slug": "btc-updown-5m-1789696800",
      "status": "heartbeat",
      "gamma_up": 0.495,
      "gamma_down": 0.505,
      "clob_up_ask": 0.52,
      "clob_down_ask": 0.51,
      "seconds_left": 95.49609303474426,
      "min_spread": 0.010000000000000009
    },
    {
      "ts": "2026-09-18T02:03:25.131700Z",
      "slug": "btc-updown-5m-1789696800",
      "status": "skip_price_below_threshold",
      "threshold": 0.7,
      "max_ask": 0.85,
      "win_streak": 0,
      "clob_up_ask": 0.52,
      "clob_down_ask": 0.51,
      "seconds_left": 95.49609303474426,
      "trigger_price": null
    },
    {
      "ts": "2026-09-18T02:03:28.043362Z",
      "slug": "btc-updown-5m-1789696800",
      "status": "heartbeat",
      "gamma_up": 0.495,
      "gamma_down": 0.505,
      "clob_up_ask": 0.35,
      "clob_down_ask": 0.66,
      "seconds_left": 92.5702452659607,
      "min_spread": 0.009999999999999953
    },
    {
      "ts": "2026-09-18T02:03:28.043387Z",
      "slug": "btc-updown-5m-1789696800",
      "status": "skip_price_below_threshold",
      "threshold": 0.7,
      "max_ask": 0.85,
      "win_streak": 0,
      "clob_up_ask": 0.35,
      "clob_down_ask": 0.66,
      "seconds_left": 92.5702452659607,
      "trigger_price": null
    },
    {
      "ts": "2026-09-18T02:03:30.394163Z",
      "slug": "btc-updown-5m-1789696800",
      "status": "skip_too_late_to_enter",
      "seconds_left": 89.60584211349487,
      "min_entry_seconds_left": 90,
      "max_entry_seconds_left": 150
    },
    {
      "ts": "2026-09-18T02:03:32.687300Z",
      "slug": "btc-updown-5m-1789696800",
      "status": "skip_too_late_to_enter",
      "seconds_left": 87.31270742416382,
      "min_entry_seconds_left": 90,
      "max_entry_seconds_left": 150
    },
    {
      "ts": "2026-09-18T02:03:34.979212Z",
      "slug": "btc-updown-5m-1789696800",
      "status": "skip_too_late_to_enter",
      "seconds_left": 85.02079558372498,
      "min_entry_seconds_left": 90,
      "max_entry_seconds_left": 150
    },
    {
      "ts": "2026-09-18T02:03:37.268260Z",
      "slug": "btc-updown-5m-1789696800",
      "status": "skip_too_late_to_enter",
      "seconds_left": 82.7317476272583,
      "min_entry_seconds_left": 90,
      "max_entry_seconds_left": 150
    },
    {
      "ts": "2026-09-18T02:03:39.566384Z",
      "slug": "btc-updown-5m-1789696800",
      "status": "skip_too_late_to_enter",
      "seconds_left": 80.43362426757812,
      "min_entry_seconds_left": 90,
      "max_entry_seconds_left": 150
    },
    {
      "ts": "2026-09-18T02:03:41.857624Z",
      "slug": "btc-updown-5m-1789696800",
      "status": "skip_too_late_to_enter",
      "seconds_left": 78.1423830986023,
      "min_entry_seconds_left": 90,
      "max_entry_seconds_left": 150
    },
    {
      "ts": "2026-09-18T02:03:44.158160Z",
      "slug": "btc-updown-5m-1789696800",
      "status": "skip_too_late_to_enter",
      "seconds_left": 75.84184789657593,
      "min_entry_seconds_left": 90,
      "max_entry_seconds_left": 150
    },
    {
      "ts": "2026-09-18T02:03:46.449130Z",
      "slug": "btc-updown-5m-1789696800",
      "status": "skip_too_late_to_enter",
      "seconds_left": 73.55087685585022,
      "min_entry_seconds_left": 90,
      "max_entry_seconds_left": 150
    },
    {
      "ts": "2026-09-18T02:03:48.735276Z",
      "slug": "btc-updown-5m-1789696800",
      "status": "skip_too_late_to_enter",
      "seconds_left": 71.26473045349121,
      "min_entry_seconds_left": 90,
      "max_entry_seconds_left": 150
    },
    {
      "ts": "2026-09-18T02:03:53.962927Z",
      "slug": "btc-updown-5m-1789696800",
      "status": "skip_too_late_to_enter",
      "seconds_left": 66.03707718849182,
      "min_entry_seconds_left": 90,
      "max_entry_seconds_left": 150
    },
    {
      "ts": "2026-09-18T02:03:56.255454Z",
      "slug": "btc-updown-5m-1789696800",
      "status": "skip_too_late_to_enter",
      "seconds_left": 63.74455142021179,
      "min_entry_seconds_left": 90,
      "max_entry_seconds_left": 150
    },
    {
      "ts": "2026-09-18T02:03:58.544182Z",
      "slug": "btc-updown-5m-1789696800",
      "status": "skip_too_late_to_enter",
      "seconds_left": 61.455824851989746,
      "min_entry_seconds_left": 90,
      "max_entry_seconds_left": 150
    },
    {
      "ts": "2026-09-18T02:04:00.828996Z",
      "slug": "btc-updown-5m-1789696800",
      "status": "skip_too_late_to_enter",
      "seconds_left": 59.17101073265076,
      "min_entry_seconds_left": 90,
      "max_entry_seconds_left": 150
    },
    {
      "ts": "2026-09-18T02:04:03.117191Z",
      "slug": "btc-updown-5m-1789696800",
      "status": "skip_too_late_to_enter",
      "seconds_left": 56.882816314697266,
      "min_entry_seconds_left": 90,
      "max_entry_seconds_left": 150
    },
    {
      "ts": "2026-09-18T02:04:05.413856Z",
      "slug": "btc-updown-5m-1789696800",
      "status": "skip_too_late_to_enter",
      "seconds_left": 54.58614778518677,
      "min_entry_seconds_left": 90,
      "max_entry_seconds_left": 150
    },
    {
      "ts": "2026-09-18T02:04:07.697851Z",
      "slug": "btc-updown-5m-1789696800",
      "status": "skip_too_late_to_enter",
      "seconds_left": 52.30215644836426,
      "min_entry_seconds_left": 90,
      "max_entry_seconds_left": 150
    },
    {
      "ts": "2026-09-18T02:04:09.983582Z",
      "slug": "btc-updown-5m-1789696800",
      "status": "skip_too_late_to_enter",
      "seconds_left": 50.01642465591431,
      "min_entry_seconds_left": 90,
      "max_entry_seconds_left": 150
    },
    {
      "ts": "2026-09-18T02:04:12.292433Z",
      "slug": "btc-updown-5m-1789696800",
      "status": "skip_too_late_to_enter",
      "seconds_left": 47.707573652267456,
      "min_entry_seconds_left": 90,
      "max_entry_seconds_left": 150
    },
    {
      "ts": "2026-09-18T02:04:14.644833Z",
      "slug": "btc-updown-5m-1789696800",
      "status": "skip_too_late_to_enter",
      "seconds_left": 45.35517358779907,
      "min_entry_seconds_left": 90,
      "max_entry_seconds_left": 150
    },
    {
      "ts": "2026-09-18T02:04:16.929952Z",
      "slug": "btc-updown-5m-1789696800",
      "status": "skip_too_late_to_enter",
      "seconds_left": 43.07005548477173,
      "min_entry_seconds_left": 90,
      "max_entry_seconds_left": 150
    },
    {
      "ts": "2026-09-18T02:04:19.225897Z",
      "slug": "btc-updown-5m-1789696800",
      "status": "skip_too_late_to_enter",
      "seconds_left": 40.774109840393066,
      "min_entry_seconds_left": 90,
      "max_entry_seconds_left": 150
    },
    {
      "ts": "2026-09-18T02:04:21.512489Z",
      "slug": "btc-updown-5m-1789696800",
      "status": "skip_too_late_to_enter",
      "seconds_left": 38.487515926361084,
      "min_entry_seconds_left": 90,
      "max_entry_seconds_left": 150
    },
    {
      "ts": "2026-09-18T02:04:23.788517Z",
      "slug": "btc-updown-5m-1789696800",
      "status": "skip_too_late_to_enter",
      "seconds_left": 36.211490631103516,
      "min_entry_seconds_left": 90,
      "max_entry_seconds_left": 150
    },
    {
      "ts": "2026-09-18T02:04:29.032494Z",
      "slug": "btc-updown-5m-1789696800",
      "status": "skip_too_late_to_enter",
      "seconds_left": 30.967514038085938,
      "min_entry_seconds_left": 90,
      "max_entry_seconds_left": 150
    },
    {
      "ts": "2026-09-18T02:04:31.359112Z",
      "slug": "btc-updown-5m-1789696800",
      "status": "skip_too_late_to_enter",
      "seconds_left": 28.640892267227173,
      "min_entry_seconds_left": 90,
      "max_entry_seconds_left": 150
    },
    {
      "ts": "2026-09-18T02:04:33.624984Z",
      "slug": "btc-updown-5m-1789696800",
      "status": "skip_too_late_to_enter",
      "seconds_left": 26.375019073486328,
      "min_entry_seconds_left": 90,
      "max_entry_seconds_left": 150
    },
    {
      "ts": "2026-09-18T02:04:35.911176Z",
      "slug": "btc-updown-5m-1789696800",
      "status": "skip_too_late_to_enter",
      "seconds_left": 24.088833808898926,
      "min_entry_seconds_left": 90,
      "max_entry_seconds_left": 150
    },
    {
      "ts": "2026-09-18T02:04:38.189041Z",
      "slug": "btc-updown-5m-1789696800",
      "status": "skip_too_late_to_enter",
      "seconds_left": 21.81096625328064,
      "min_entry_seconds_left": 90,
      "max_entry_seconds_left": 150
    },
    {
      "ts": "2026-09-18T02:04:40.490296Z",
      "slug": "btc-updown-5m-1789696800",
      "status": "skip_too_late_to_enter",
      "seconds_left": 19.509711980819702,
      "min_entry_seconds_left": 90,
      "max_entry_seconds_left": 150
    },
    {
      "ts": "2026-09-18T02:04:42.783465Z",
      "slug": "btc-updown-5m-1789696800",
      "status": "skip_too_late_to_enter",
      "seconds_left": 17.216542959213257,
      "min_entry_seconds_left": 90,
      "max_entry_seconds_left": 150
    },
    {
      "ts": "2026-09-18T02:04:45.064684Z",
      "slug": "btc-updown-5m-1789696800",
      "status": "skip_too_late_to_enter",
      "seconds_left": 14.935323476791382,
      "min_entry_seconds_left": 90,
      "max_entry_seconds_left": 150
    },
    {
      "ts": "2026-09-18T02:04:47.449142Z",
      "slug": "btc-updown-5m-1789696800",
      "status": "skip_too_late_to_enter",
      "seconds_left": 12.55086898803711,
      "min_entry_seconds_left": 90,
      "max_entry_seconds_left": 150
    },
    {
      "ts": "2026-09-18T02:04:49.739376Z",
      "slug": "btc-updown-5m-1789696800",
      "status": "skip_too_late_to_enter",
      "seconds_left": 10.26063084602356,
      "min_entry_seconds_left": 90,
      "max_entry_seconds_left": 150
    },
    {
      "ts": "2026-09-18T02:04:52.033276Z",
      "slug": "btc-updown-5m-1789696800",
      "status": "skip_too_late_to_enter",
      "seconds_left": 7.966731786727905,
      "min_entry_seconds_left": 90,
      "max_entry_seconds_left": 150
    },
    {
      "ts": "2026-09-18T02:04:54.310468Z",
      "slug": "btc-updown-5m-1789696800",
      "status": "skip_too_late_to_enter",
      "seconds_left": 5.689539432525635,
      "min_entry_seconds_left": 90,
      "max_entry_seconds_left": 150
    },
    {
      "ts": "2026-09-18T02:04:56.608958Z",
      "status": "heartbeat_no_current_market"
    },
    {
      "ts": "2026-09-18T02:04:58.880854Z",
      "status": "heartbeat_no_current_market"
    },
    {
      "ts": "2026-09-18T02:05:04.108593Z",
      "slug": "btc-updown-5m-1789697100",
      "status": "skip_too_early_to_enter",
      "seconds_left": 295.89141607284546,
      "min_entry_seconds_left": 90,
      "max_entry_seconds_left": 150
    },
    {
      "ts": "2026-09-18T02:05:06.387989Z",
      "slug": "btc-updown-5m-1789697100",
      "status": "skip_too_early_to_enter",
      "seconds_left": 293.6120173931122,
      "min_entry_seconds_left": 90,
      "max_entry_seconds_left": 150
    },
    {
      "ts": "2026-09-18T02:05:08.682346Z",
      "slug": "btc-updown-5m-1789697100",
      "status": "skip_too_early_to_enter",
      "seconds_left": 291.3176624774933,
      "min_entry_seconds_left": 90,
      "max_entry_seconds_left": 150
    },
    {
      "ts": "2026-09-18T02:05:11.007091Z",
      "slug": "btc-updown-5m-1789697100",
      "status": "skip_too_early_to_enter",
      "seconds_left": 288.9929168224335,
      "min_entry_seconds_left": 90,
      "max_entry_seconds_left": 150
    },
    {
      "ts": "2026-09-18T02:05:13.293987Z",
      "slug": "btc-updown-5m-1789697100",
      "status": "skip_too_early_to_enter",
      "seconds_left": 286.7060203552246,
      "min_entry_seconds_left": 90,
      "max_entry_seconds_left": 150
    },
    {
      "ts": "2026-09-18T02:05:15.575824Z",
      "slug": "btc-updown-5m-1789697100",
      "status": "skip_too_early_to_enter",
      "seconds_left": 284.4241831302643,
      "min_entry_seconds_left": 90,
      "max_entry_seconds_left": 150
    },
    {
      "ts": "2026-09-18T02:05:17.880632Z",
      "slug": "btc-updown-5m-1789697100",
      "status": "skip_too_early_to_enter",
      "seconds_left": 282.1193721294403,
      "min_entry_seconds_left": 90,
      "max_entry_seconds_left": 150
    },
    {
      "ts": "2026-09-18T02:05:20.392559Z",
      "slug": "btc-updown-5m-1789697100",
      "status": "skip_too_early_to_enter",
      "seconds_left": 279.60744738578796,
      "min_entry_seconds_left": 90,
      "max_entry_seconds_left": 150
    },
    {
      "ts": "2026-09-18T02:05:22.690474Z",
      "slug": "btc-updown-5m-1789697100",
      "status": "skip_too_early_to_enter",
      "seconds_left": 277.3095324039459,
      "min_entry_seconds_left": 90,
      "max_entry_seconds_left": 150
    },
    {
      "ts": "2026-09-18T02:05:24.983005Z",
      "slug": "btc-updown-5m-1789697100",
      "status": "skip_too_early_to_enter",
      "seconds_left": 275.01700234413147,
      "min_entry_seconds_left": 90,
      "max_entry_seconds_left": 150
    },
    {
      "ts": "2026-09-18T02:05:27.286044Z",
      "slug": "btc-updown-5m-1789697100",
      "status": "skip_too_early_to_enter",
      "seconds_left": 272.7139627933502,
      "min_entry_seconds_left": 90,
      "max_entry_seconds_left": 150
    },
    {
      "ts": "2026-09-18T02:05:29.613812Z",
      "slug": "btc-updown-5m-1789697100",
      "status": "skip_too_early_to_enter",
      "seconds_left": 270.386194229126,
      "min_entry_seconds_left": 90,
      "max_entry_seconds_left": 150
    },
    {
      "ts": "2026-09-18T02:05:31.902431Z",
      "slug": "btc-updown-5m-1789697100",
      "status": "skip_too_early_to_enter",
      "seconds_left": 268.0975728034973,
      "min_entry_seconds_left": 90,
      "max_entry_seconds_left": 150
    },
    {
      "ts": "2026-09-18T02:05:34.188514Z",
      "slug": "btc-updown-5m-1789697100",
      "status": "skip_too_early_to_enter",
      "seconds_left": 265.8114905357361,
      "min_entry_seconds_left": 90,
      "max_entry_seconds_left": 150
    },
    {
      "ts": "2026-09-18T02:05:39.437073Z",
      "slug": "btc-updown-5m-1789697100",
      "status": "skip_too_early_to_enter",
      "seconds_left": 260.56293201446533,
      "min_entry_seconds_left": 90,
      "max_entry_seconds_left": 150
    },
    {
      "ts": "2026-09-18T02:05:41.725678Z",
      "slug": "btc-updown-5m-1789697100",
      "status": "skip_too_early_to_enter",
      "seconds_left": 258.27432656288147,
      "min_entry_seconds_left": 90,
      "max_entry_seconds_left": 150
    },
    {
      "ts": "2026-09-18T02:05:44.007473Z",
      "slug": "btc-updown-5m-1789697100",
      "status": "skip_too_early_to_enter",
      "seconds_left": 255.9925353527069,
      "min_entry_seconds_left": 90,
      "max_entry_seconds_left": 150
    },
    {
      "ts": "2026-09-18T02:05:46.293793Z",
      "slug": "btc-updown-5m-1789697100",
      "status": "skip_too_early_to_enter",
      "seconds_left": 253.70621180534363,
      "min_entry_seconds_left": 90,
      "max_entry_seconds_left": 150
    },
    {
      "ts": "2026-09-18T02:05:48.564929Z",
      "slug": "btc-updown-5m-1789697100",
      "status": "skip_too_early_to_enter",
      "seconds_left": 251.43507528305054,
      "min_entry_seconds_left": 90,
      "max_entry_seconds_left": 150
    },
    {
      "ts": "2026-09-18T02:05:50.853860Z",
      "slug": "btc-updown-5m-1789697100",
      "status": "skip_too_early_to_enter",
      "seconds_left": 249.14614486694336,
      "min_entry_seconds_left": 90,
      "max_entry_seconds_left": 150
    },
    {
      "ts": "2026-09-18T02:05:53.124387Z",
      "slug": "btc-updown-5m-1789697100",
      "status": "skip_too_early_to_enter",
      "seconds_left": 246.8756182193756,
      "min_entry_seconds_left": 90,
      "max_entry_seconds_left": 150
    },
    {
      "ts": "2026-09-18T02:05:55.428795Z",
      "slug": "btc-updown-5m-1789697100",
      "status": "skip_too_early_to_enter",
      "seconds_left": 244.5712113380432,
      "min_entry_seconds_left": 90,
      "max_entry_seconds_left": 150
    },
    {
      "ts": "2026-09-18T02:05:57.743796Z",
      "slug": "btc-updown-5m-1789697100",
      "status": "skip_too_early_to_enter",
      "seconds_left": 242.2562108039856,
      "min_entry_seconds_left": 90,
      "max_entry_seconds_left": 150
    },
    {
      "ts": "2026-09-18T02:06:00.040532Z",
      "slug": "btc-updown-5m-1789697100",
      "status": "skip_too_early_to_enter",
      "seconds_left": 239.95947313308716,
      "min_entry_seconds_left": 90,
      "max_entry_seconds_left": 150
    },
    {
      "ts": "2026-09-18T02:06:02.337344Z",
      "slug": "btc-updown-5m-1789697100",
      "status": "skip_too_early_to_enter",
      "seconds_left": 237.66266202926636,
      "min_entry_seconds_left": 90,
      "max_entry_seconds_left": 150
    },
    {
      "ts": "2026-09-18T02:06:04.605524Z",
      "slug": "btc-updown-5m-1789697100",
      "status": "skip_too_early_to_enter",
      "seconds_left": 235.39451789855957,
      "min_entry_seconds_left": 90,
      "max_entry_seconds_left": 150
    },
    {
      "ts": "2026-09-18T02:06:06.884523Z",
      "slug": "btc-updown-5m-1789697100",
      "status": "skip_too_early_to_enter",
      "seconds_left": 233.11548376083374,
      "min_entry_seconds_left": 90,
      "max_entry_seconds_left": 150
    },
    {
      "ts": "2026-09-18T02:06:09.187984Z",
      "slug": "btc-updown-5m-1789697100",
      "status": "skip_too_early_to_enter",
      "seconds_left": 230.81202220916748,
      "min_entry_seconds_left": 90,
      "max_entry_seconds_left": 150
    },
    {
      "ts": "2026-09-18T02:06:14.435890Z",
      "slug": "btc-updown-5m-1789697100",
      "status": "skip_too_early_to_enter",
      "seconds_left": 225.56411719322205,
      "min_entry_seconds_left": 90,
      "max_entry_seconds_left": 150
    },
    {
      "ts": "2026-09-18T02:06:16.717712Z",
      "slug": "btc-updown-5m-1789697100",
      "status": "skip_too_early_to_enter",
      "seconds_left": 223.28229188919067,
      "min_entry_seconds_left": 90,
      "max_entry_seconds_left": 150
    },
    {
      "ts": "2026-09-18T02:06:18.996551Z",
      "slug": "btc-updown-5m-1789697100",
      "status": "skip_too_early_to_enter",
      "seconds_left": 221.00345516204834,
      "min_entry_seconds_left": 90,
      "max_entry_seconds_left": 150
    },
    {
      "ts": "2026-09-18T02:06:21.299661Z",
      "slug": "btc-updown-5m-1789697100",
      "status": "skip_too_early_to_enter",
      "seconds_left": 218.7003448009491,
      "min_entry_seconds_left": 90,
      "max_entry_seconds_left": 150
    },
    {
      "ts": "2026-09-18T02:06:23.586353Z",
      "slug": "btc-updown-5m-1789697100",
      "status": "skip_too_early_to_enter",
      "seconds_left": 216.41365504264832,
      "min_entry_seconds_left": 90,
      "max_entry_seconds_left": 150
    },
    {
      "ts": "2026-09-18T02:06:25.910718Z",
      "slug": "btc-updown-5m-1789697100",
      "status": "skip_too_early_to_enter",
      "seconds_left": 214.08928894996643,
      "min_entry_seconds_left": 90,
      "max_entry_seconds_left": 150
    },
    {
      "ts": "2026-09-18T02:06:28.230069Z",
      "slug": "btc-updown-5m-1789697100",
      "status": "skip_too_early_to_enter",
      "seconds_left": 211.76993703842163,
      "min_entry_seconds_left": 90,
      "max_entry_seconds_left": 150
    },
    {
      "ts": "2026-09-18T02:06:30.580142Z",
      "slug": "btc-updown-5m-1789697100",
      "status": "skip_too_early_to_enter",
      "seconds_left": 209.4198648929596,
      "min_entry_seconds_left": 90,
      "max_entry_seconds_left": 150
    },
    {
      "ts": "2026-09-18T02:06:33.159235Z",
      "slug": "btc-updown-5m-1789697100",
      "status": "skip_too_early_to_enter",
      "seconds_left": 206.84077262878418,
      "min_entry_seconds_left": 90,
      "max_entry_seconds_left": 150
    },
    {
      "ts": "2026-09-18T02:06:35.664207Z",
      "slug": "btc-updown-5m-1789697100",
      "status": "skip_too_early_to_enter",
      "seconds_left": 204.3357994556427,
      "min_entry_seconds_left": 90,
      "max_entry_seconds_left": 150
    },
    {
      "ts": "2026-09-18T02:06:38.095956Z",
      "slug": "btc-updown-5m-1789697100",
      "status": "skip_too_early_to_enter",
      "seconds_left": 201.90405082702637,
      "min_entry_seconds_left": 90,
      "max_entry_seconds_left": 150
    },
    {
      "ts": "2026-09-18T02:06:40.556591Z",
      "slug": "btc-updown-5m-1789697100",
      "status": "skip_too_early_to_enter",
      "seconds_left": 199.44341611862183,
      "min_entry_seconds_left": 90,
      "max_entry_seconds_left": 150
    },
    {
      "ts": "2026-09-18T02:06:43.010782Z",
      "slug": "btc-updown-5m-1789697100",
      "status": "skip_too_early_to_enter",
      "seconds_left": 196.9892246723175,
      "min_entry_seconds_left": 90,
      "max_entry_seconds_left": 150
    },
    {
      "ts": "2026-09-18T02:06:45.282616Z",
      "slug": "btc-updown-5m-1789697100",
      "status": "skip_too_early_to_enter",
      "seconds_left": 194.7173912525177,
      "min_entry_seconds_left": 90,
      "max_entry_seconds_left": 150
    },
    {
      "ts": "2026-09-18T02:06:50.528018Z",
      "slug": "btc-updown-5m-1789697100",
      "status": "skip_too_early_to_enter",
      "seconds_left": 189.4719853401184,
      "min_entry_seconds_left": 90,
      "max_entry_seconds_left": 150
    },
    {
      "ts": "2026-09-18T02:06:52.809178Z",
      "slug": "btc-updown-5m-1789697100",
      "status": "skip_too_early_to_enter",
      "seconds_left": 187.19082641601562,
      "min_entry_seconds_left": 90,
      "max_entry_seconds_left": 150
    },
    {
      "ts": "2026-09-18T02:06:55.084279Z",
      "slug": "btc-updown-5m-1789697100",
      "status": "skip_too_early_to_enter",
      "seconds_left": 184.9157247543335,
      "min_entry_seconds_left": 90,
      "max_entry_seconds_left": 150
    },
    {
      "ts": "2026-09-18T02:06:57.404272Z",
      "slug": "btc-updown-5m-1789697100",
      "status": "skip_too_early_to_enter",
      "seconds_left": 182.59573578834534,
      "min_entry_seconds_left": 90,
      "max_entry_seconds_left": 150
    },
    {
      "ts": "2026-09-18T02:06:59.759923Z",
      "slug": "btc-updown-5m-1789697100",
      "status": "skip_too_early_to_enter",
      "seconds_left": 180.24008417129517,
      "min_entry_seconds_left": 90,
      "max_entry_seconds_left": 150
    },
    {
      "ts": "2026-09-18T02:07:02.169606Z",
      "slug": "btc-updown-5m-1789697100",
      "status": "skip_too_early_to_enter",
      "seconds_left": 177.8303999900818,
      "min_entry_seconds_left": 90,
      "max_entry_seconds_left": 150
    },
    {
      "ts": "2026-09-18T02:07:04.463964Z",
      "slug": "btc-updown-5m-1789697100",
      "status": "skip_too_early_to_enter",
      "seconds_left": 175.53604531288147,
      "min_entry_seconds_left": 90,
      "max_entry_seconds_left": 150
    },
    {
      "ts": "2026-09-18T02:07:06.891874Z",
      "slug": "btc-updown-5m-1789697100",
      "status": "skip_too_early_to_enter",
      "seconds_left": 173.1081326007843,
      "min_entry_seconds_left": 90,
      "max_entry_seconds_left": 150
    },
    {
      "ts": "2026-09-18T02:07:09.214940Z",
      "slug": "btc-updown-5m-1789697100",
      "status": "skip_too_early_to_enter",
      "seconds_left": 170.78506684303284,
      "min_entry_seconds_left": 90,
      "max_entry_seconds_left": 150
    },
    {
      "ts": "2026-09-18T02:07:11.523204Z",
      "slug": "btc-updown-5m-1789697100",
      "status": "skip_too_early_to_enter",
      "seconds_left": 168.47679996490479,
      "min_entry_seconds_left": 90,
      "max_entry_seconds_left": 150
    },
    {
      "ts": "2026-09-18T02:07:13.877627Z",
      "slug": "btc-updown-5m-1789697100",
      "status": "skip_too_early_to_enter",
      "seconds_left": 166.12237930297852,
      "min_entry_seconds_left": 90,
      "max_entry_seconds_left": 150
    },
    {
      "ts": "2026-09-18T02:07:16.186637Z",
      "slug": "btc-updown-5m-1789697100",
      "status": "skip_too_early_to_enter",
      "seconds_left": 163.81336975097656,
      "min_entry_seconds_left": 90,
      "max_entry_seconds_left": 150
    },
    {
      "ts": "2026-09-18T02:07:18.474181Z",
      "slug": "btc-updown-5m-1789697100",
      "status": "skip_too_early_to_enter",
      "seconds_left": 161.52582573890686,
      "min_entry_seconds_left": 90,
      "max_entry_seconds_left": 150
    },
    {
      "ts": "2026-09-18T02:07:20.952888Z",
      "slug": "btc-updown-5m-1789697100",
      "status": "skip_too_early_to_enter",
      "seconds_left": 159.0471167564392,
      "min_entry_seconds_left": 90,
      "max_entry_seconds_left": 150
    },
    {
      "ts": "2026-09-18T02:07:26.311690Z",
      "slug": "btc-updown-5m-1789697100",
      "status": "skip_too_early_to_enter",
      "seconds_left": 153.68831276893616,
      "min_entry_seconds_left": 90,
      "max_entry_seconds_left": 150
    },
    {
      "ts": "2026-09-18T02:07:28.665069Z",
      "slug": "btc-updown-5m-1789697100",
      "status": "skip_too_early_to_enter",
      "seconds_left": 151.33493566513062,
      "min_entry_seconds_left": 90,
      "max_entry_seconds_left": 150
    },
    {
      "ts": "2026-09-18T02:07:31.877507Z",
      "slug": "btc-updown-5m-1789697100",
      "status": "heartbeat",
      "gamma_up": 0.465,
      "gamma_down": 0.535,
      "clob_up_ask": 0.28,
      "clob_down_ask": 0.73,
      "seconds_left": 149.03284311294556,
      "min_spread": 0.010000000000000009
    }
  ],
  "last_open_try": "{\"error\": \"PolyApiException[status_code=400, error_message={'error': 'no orders found to match with FAK order. FAK orders are partially filled or killed if no match is found.', 'orderID': '0x2ea072da3894240010192ad9c57b6a8b358bacc436b3620972afe4a936e40b08'}]\", \"order_post_result\": {\"success\": false, \"status\": \"error\", \"errorMsg\": \"PolyApiException[status_code=400, error_message={'error': 'no orders found to match with FAK order. FAK orders are partially filled or killed if no match is found.', 'orderID': '0x2ea072da3894240010192ad9c57b6a8b358bacc436b3620972afe4a936e40b08'}]\"}, \"close_skipped\": \"\"}\n\n[py_clob_client_v2] request error status=400 url=https://clob.polymarket.com/auth/api-key body={\"error\":\"Could not create api key\"}\n\n[py_clob_client_v2] request error status=400 url=https://clob.polymarket.com/order body={\"error\":\"no orders found to match with FAK order. FAK orders are partially filled or killed if no match is found.\",\"orderID\":\"0x2ea072da3894240010192ad9c57b6a8b358bacc436b3620972afe4a936e40b08\"}\n",
  "open_raw": "{\"mode\": \"open\", \"execute\": true, \"market_slug\": \"btc-updown-5m-1789697100\", \"force_side\": \"DOWN\", \"token_id\": \"5327414581654849531033643396458496202604103140944727245461358164854881771194\", \"entry_price\": 0.73, \"notional_usd\": 5.0, \"top_ask_notional_usd\": 241.6957, \"collateral_pusd\": 423.499626, \"order_post_result\": {\"errorMsg\": \"\", \"orderID\": \"0x2a6d02e29971f5584542e6849b1d10958d64528394a68c2b7d9af84b298c87e1\", \"takingAmount\": \"6.756757\", \"makingAmount\": \"5\", \"status\": \"matched\", \"transactionsHashes\": [\"0xe01c794df85c7573446688cccef40a9a117c810995cc0386888de13faf10d16e\"], \"success\": true}}\n\n[py_clob_client_v2] request error status=400 url=https://clob.polymarket.com/auth/api-key body={\"error\":\"Could not create api key\"}\n\n",
  "opened": {
    "opened_at": "2026-09-18T02:07:36.713166Z",
    "market_slug": "btc-updown-5m-1789697100",
    "market_end_iso": "2026-09-18T02:10:00Z",
    "side": "DOWN",
    "token_id": "5327414581654849531033643396458496202604103140944727245461358164854881771194",
    "entry_price": 0.73,
    "shares": 6.756757,
    "cost_usdc": 5.0,
    "open_order_id": "0x2a6d02e29971f5584542e6849b1d10958d64528394a68c2b7d9af84b298c87e1",
    "open_tx": "0xe01c794df85c7573446688cccef40a9a117c810995cc0386888de13faf10d16e"
  },
  "stop_loss_price": 0.5475,
  "last_side_price": 0.535,
  "last_clob_bid": 0.73,
  "last_check_at": "2026-09-18T02:07:37.538394Z",
  "close_debug": [
    {
      "ts": "2026-09-18T02:07:42.711046Z",
      "attempt": 1,
      "order_type": "FAK",
      "status": "matched",
      "close_skipped": ""
    }
  ],
  "close_raw": "{\"mode\": \"close\", \"execute\": true, \"market_slug\": \"btc-updown-5m-1789697100\", \"token_id\": \"5327414581654849531033643396458496202604103140944727245461358164854881771194\", \"requested_shares\": 6.756757, \"close_order_type\": \"FAK\", \"close_limit_price\": null, \"available_shares\": 6.756757, \"sell_shares\": 6.7567, \"order_post_result\": {\"errorMsg\": \"\", \"orderID\": \"0xb7f80cf2e1aed2d2a3c87181a07574c3c6cbcedc7c5466a5847564b802e28d54\", \"takingAmount\": \"4.9275\", \"makingAmount\": \"6.75\", \"status\": \"matched\", \"transactionsHashes\": [\"0x1c58cbcbe22853f2befac1a802576f2885c222a66102a58e57b4dcfb2b78992a\"], \"success\": true}, \"close_skipped\": \"\"}\n\n[py_clob_client_v2] request error status=400 url=https://clob.polymarket.com/auth/api-key body={\"error\":\"Could not create api key\"}\n\n",
  "closed": {
    "close_reason": "stop_loss_25pct",
    "closed_at": "2026-09-18T02:07:42.711079Z",
    "close_success": true,
    "close_status": "matched",
    "close_order_id": "0xb7f80cf2e1aed2d2a3c87181a07574c3c6cbcedc7c5466a5847564b802e28d54",
    "close_tx": "0x1c58cbcbe22853f2befac1a802576f2885c222a66102a58e57b4dcfb2b78992a",
    "close_shares": 6.75,
    "close_usdc": 4.9275,
    "close_skipped": ""
  },
  "realized_cashflow_pnl_usdc": -0.0725,
  "finished_at": "2026-09-18T02:07:42.711103Z",
  "result": "done"
}
[2026-09-18T02:07:42Z] session_end rc=0 sessions=1 stake_usd=5
journal_ok trades=188 md=/home/yukeen/polymarketbot/5min-btc-polymarket/data/live_trades.md json=/home/yukeen/polymarketbot/5min-btc-polymarket/data/live_trades.json
[2026-09-18T02:09:16Z] fills=1/10 sessions=1/36
[2026-09-18T02:09:33Z] cash=423.243006
[2026-09-18T02:09:41Z] session_begin sessions=1 fills=1 stake_usd=5
[py_clob_client_v2] request error status=400 url=https://clob.polymarket.com/auth/api-key body={"error":"Could not create api key"}

{
  "started_at": "2026-09-18T02:09:42.151093Z",
  "params": {
    "profile": "conservative",
    "threshold": 0.7,
    "stake_usd": 5.0,
    "stop_loss_pct": 0.25,
    "exit_before_sec": 20,
    "min_entry_seconds_left": 90,
    "max_entry_seconds_left": 150,
    "entry_timeout_min": 20,
    "poll_sec": 2.0,
    "max_ask": 0.85,
    "expensive_ask": 0.8,
    "expensive_after_wins": 3,
    "clob_cut_bid": 0.4,
    "close_retry_max": 30,
    "close_retry_delay_sec": 2.0,
    "execute": true,
    "win_streak": 0
  },
  "attempts": [
    {
      "ts": "2026-09-18T02:09:42.612041Z",
      "slug": "btc-updown-5m-1789697100",
      "status": "skip_too_late_to_enter",
      "seconds_left": 17.38797116279602,
      "min_entry_seconds_left": 90,
      "max_entry_seconds_left": 150
    },
    {
      "ts": "2026-09-18T02:09:47.863077Z",
      "slug": "btc-updown-5m-1789697100",
      "status": "skip_too_late_to_enter",
      "seconds_left": 12.136934757232666,
      "min_entry_seconds_left": 90,
      "max_entry_seconds_left": 150
    },
    {
      "ts": "2026-09-18T02:09:50.199217Z",
      "slug": "btc-updown-5m-1789697100",
      "status": "skip_too_late_to_enter",
      "seconds_left": 9.800787687301636,
      "min_entry_seconds_left": 90,
      "max_entry_seconds_left": 150
    },
    {
      "ts": "2026-09-18T02:09:52.488478Z",
      "slug": "btc-updown-5m-1789697100",
      "status": "skip_too_late_to_enter",
      "seconds_left": 7.511531352996826,
      "min_entry_seconds_left": 90,
      "max_entry_seconds_left": 150
    },
    {
      "ts": "2026-09-18T02:09:54.816763Z",
      "slug": "btc-updown-5m-1789697100",
      "status": "skip_too_late_to_enter",
      "seconds_left": 5.183243751525879,
      "min_entry_seconds_left": 90,
      "max_entry_seconds_left": 150
    },
    {
      "ts": "2026-09-18T02:09:57.102728Z",
      "status": "heartbeat_no_current_market"
    },
    {
      "ts": "2026-09-18T02:09:59.390419Z",
      "status": "heartbeat_no_current_market"
    },
    {
      "ts": "2026-09-18T02:10:01.694317Z",
      "slug": "btc-updown-5m-1789697400",
      "status": "skip_too_early_to_enter",
      "seconds_left": 298.30569076538086,
      "min_entry_seconds_left": 90,
      "max_entry_seconds_left": 150
    },
    {
      "ts": "2026-09-18T02:10:03.987821Z",
      "slug": "btc-updown-5m-1789697400",
      "status": "skip_too_early_to_enter",
      "seconds_left": 296.0121867656708,
      "min_entry_seconds_left": 90,
      "max_entry_seconds_left": 150
    },
    {
      "ts": "2026-09-18T02:10:06.277229Z",
      "slug": "btc-updown-5m-1789697400",
      "status": "skip_too_early_to_enter",
      "seconds_left": 293.722779750824,
      "min_entry_seconds_left": 90,
      "max_entry_seconds_left": 150
    },
    {
      "ts": "2026-09-18T02:10:08.633550Z",
      "slug": "btc-updown-5m-1789697400",
      "status": "skip_too_early_to_enter",
      "seconds_left": 291.3664584159851,
      "min_entry_seconds_left": 90,
      "max_entry_seconds_left": 150
    },
    {
      "ts": "2026-09-18T02:10:10.914740Z",
      "slug": "btc-updown-5m-1789697400",
      "status": "skip_too_early_to_enter",
      "seconds_left": 289.0852642059326,
      "min_entry_seconds_left": 90,
      "max_entry_seconds_left": 150
    },
    {
      "ts": "2026-09-18T02:10:13.215355Z",
      "slug": "btc-updown-5m-1789697400",
      "status": "skip_too_early_to_enter",
      "seconds_left": 286.78465366363525,
      "min_entry_seconds_left": 90,
      "max_entry_seconds_left": 150
    },
    {
      "ts": "2026-09-18T02:10:15.509615Z",
      "slug": "btc-updown-5m-1789697400",
      "status": "skip_too_early_to_enter",
      "seconds_left": 284.49039220809937,
      "min_entry_seconds_left": 90,
      "max_entry_seconds_left": 150
    },
    {
      "ts": "2026-09-18T02:10:17.860472Z",
      "slug": "btc-updown-5m-1789697400",
      "status": "skip_too_early_to_enter",
      "seconds_left": 282.1395363807678,
      "min_entry_seconds_left": 90,
      "max_entry_seconds_left": 150
    },
    {
      "ts": "2026-09-18T02:10:23.097523Z",
      "slug": "btc-updown-5m-1789697400",
      "status": "skip_too_early_to_enter",
      "seconds_left": 276.9024832248688,
      "min_entry_seconds_left": 90,
      "max_entry_seconds_left": 150
    },
    {
      "ts": "2026-09-18T02:10:25.386151Z",
      "slug": "btc-updown-5m-1789697400",
      "status": "skip_too_early_to_enter",
      "seconds_left": 274.6138560771942,
      "min_entry_seconds_left": 90,
      "max_entry_seconds_left": 150
    },
    {
      "ts": "2026-09-18T02:10:27.680314Z",
      "slug": "btc-updown-5m-1789697400",
      "status": "skip_too_early_to_enter",
      "seconds_left": 272.3196933269501,
      "min_entry_seconds_left": 90,
      "max_entry_seconds_left": 150
    },
    {
      "ts": "2026-09-18T02:10:30.127686Z",
      "slug": "btc-updown-5m-1789697400",
      "status": "skip_too_early_to_enter",
      "seconds_left": 269.8723211288452,
      "min_entry_seconds_left": 90,
      "max_entry_seconds_left": 150
    },
    {
      "ts": "2026-09-18T02:10:32.405339Z",
      "slug": "btc-updown-5m-1789697400",
      "status": "skip_too_early_to_enter",
      "seconds_left": 267.5946683883667,
      "min_entry_seconds_left": 90,
      "max_entry_seconds_left": 150
    },
    {
      "ts": "2026-09-18T02:10:34.707203Z",
      "slug": "btc-updown-5m-1789697400",
      "status": "skip_too_early_to_enter",
      "seconds_left": 265.29280495643616,
      "min_entry_seconds_left": 90,
      "max_entry_seconds_left": 150
    },
    {
      "ts": "2026-09-18T02:10:36.998790Z",
      "slug": "btc-updown-5m-1789697400",
      "status": "skip_too_early_to_enter",
      "seconds_left": 263.00121808052063,
      "min_entry_seconds_left": 90,
      "max_entry_seconds_left": 150
    },
    {
      "ts": "2026-09-18T02:10:39.311374Z",
      "slug": "btc-updown-5m-1789697400",
      "status": "skip_too_early_to_enter",
      "seconds_left": 260.6886339187622,
      "min_entry_seconds_left": 90,
      "max_entry_seconds_left": 150
    },
    {
      "ts": "2026-09-18T02:10:41.593442Z",
      "slug": "btc-updown-5m-1789697400",
      "status": "skip_too_early_to_enter",
      "seconds_left": 258.40656208992004,
      "min_entry_seconds_left": 90,
      "max_entry_seconds_left": 150
    },
    {
      "ts": "2026-09-18T02:10:43.884181Z",
      "slug": "btc-updown-5m-1789697400",
      "status": "skip_too_early_to_enter",
      "seconds_left": 256.11582612991333,
      "min_entry_seconds_left": 90,
      "max_entry_seconds_left": 150
    },
    {
      "ts": "2026-09-18T02:10:46.196135Z",
      "slug": "btc-updown-5m-1789697400",
      "status": "skip_too_early_to_enter",
      "seconds_left": 253.80387330055237,
      "min_entry_seconds_left": 90,
      "max_entry_seconds_left": 150
    },
    {
      "ts": "2026-09-18T02:10:48.479470Z",
      "slug": "btc-updown-5m-1789697400",
      "status": "skip_too_early_to_enter",
      "seconds_left": 251.52053785324097,
      "min_entry_seconds_left": 90,
      "max_entry_seconds_left": 150
    },
    {
      "ts": "2026-09-18T02:10:50.763746Z",
      "slug": "btc-updown-5m-1789697400",
      "status": "skip_too_early_to_enter",
      "seconds_left": 249.23626136779785,
      "min_entry_seconds_left": 90,
      "max_entry_seconds_left": 150
    },
    {
      "ts": "2026-09-18T02:10:53.058336Z",
      "slug": "btc-updown-5m-1789697400",
      "status": "skip_too_early_to_enter",
      "seconds_left": 246.94166803359985,
      "min_entry_seconds_left": 90,
      "max_entry_seconds_left": 150
    },
    {
      "ts": "2026-09-18T02:10:58.336611Z",
      "slug": "btc-updown-5m-1789697400",
      "status": "skip_too_early_to_enter",
      "seconds_left": 241.66339588165283,
      "min_entry_seconds_left": 90,
      "max_entry_seconds_left": 150
    },
    {
      "ts": "2026-09-18T02:11:00.645598Z",
      "slug": "btc-updown-5m-1789697400",
      "status": "skip_too_early_to_enter",
      "seconds_left": 239.35440683364868,
      "min_entry_seconds_left": 90,
      "max_entry_seconds_left": 150
    },
    {
      "ts": "2026-09-18T02:11:02.937608Z",
      "slug": "btc-updown-5m-1789697400",
      "status": "skip_too_early_to_enter",
      "seconds_left": 237.06239581108093,
      "min_entry_seconds_left": 90,
      "max_entry_seconds_left": 150
    },
    {
      "ts": "2026-09-18T02:11:05.273487Z",
      "slug": "btc-updown-5m-1789697400",
      "status": "skip_too_early_to_enter",
      "seconds_left": 234.72651886940002,
      "min_entry_seconds_left": 90,
      "max_entry_seconds_left": 150
    },
    {
      "ts": "2026-09-18T02:11:07.565575Z",
      "slug": "btc-updown-5m-1789697400",
      "status": "skip_too_early_to_enter",
      "seconds_left": 232.43443298339844,
      "min_entry_seconds_left": 90,
      "max_entry_seconds_left": 150
    },
    {
      "ts": "2026-09-18T02:11:09.926204Z",
      "slug": "btc-updown-5m-1789697400",
      "status": "skip_too_early_to_enter",
      "seconds_left": 230.07380270957947,
      "min_entry_seconds_left": 90,
      "max_entry_seconds_left": 150
    },
    {
      "ts": "2026-09-18T02:11:12.240073Z",
      "slug": "btc-updown-5m-1789697400",
      "status": "skip_too_early_to_enter",
      "seconds_left": 227.7599320411682,
      "min_entry_seconds_left": 90,
      "max_entry_seconds_left": 150
    },
    {
      "ts": "2026-09-18T02:11:14.532171Z",
      "slug": "btc-updown-5m-1789697400",
      "status": "skip_too_early_to_enter",
      "seconds_left": 225.467835187912,
      "min_entry_seconds_left": 90,
      "max_entry_seconds_left": 150
    },
    {
      "ts": "2026-09-18T02:11:16.809036Z",
      "slug": "btc-updown-5m-1789697400",
      "status": "skip_too_early_to_enter",
      "seconds_left": 223.19097232818604,
      "min_entry_seconds_left": 90,
      "max_entry_seconds_left": 150
    },
    {
      "ts": "2026-09-18T02:11:19.093286Z",
      "slug": "btc-updown-5m-1789697400",
      "status": "skip_too_early_to_enter",
      "seconds_left": 220.90672302246094,
      "min_entry_seconds_left": 90,
      "max_entry_seconds_left": 150
    },
    {
      "ts": "2026-09-18T02:11:21.416308Z",
      "slug": "btc-updown-5m-1789697400",
      "status": "skip_too_early_to_enter",
      "seconds_left": 218.58369970321655,
      "min_entry_seconds_left": 90,
      "max_entry_seconds_left": 150
    },
    {
      "ts": "2026-09-18T02:11:23.740404Z",
      "slug": "btc-updown-5m-1789697400",
      "status": "skip_too_early_to_enter",
      "seconds_left": 216.25959992408752,
      "min_entry_seconds_left": 90,
      "max_entry_seconds_left": 150
    },
    {
      "ts": "2026-09-18T02:11:26.090835Z",
      "slug": "btc-updown-5m-1789697400",
      "status": "skip_too_early_to_enter",
      "seconds_left": 213.90917420387268,
      "min_entry_seconds_left": 90,
      "max_entry_seconds_left": 150
    },
    {
      "ts": "2026-09-18T02:11:28.384665Z",
      "slug": "btc-updown-5m-1789697400",
      "status": "skip_too_early_to_enter",
      "seconds_left": 211.61533880233765,
      "min_entry_seconds_left": 90,
      "max_entry_seconds_left": 150
    },
    {
      "ts": "2026-09-18T02:11:33.632785Z",
      "slug": "btc-updown-5m-1789697400",
      "status": "skip_too_early_to_enter",
      "seconds_left": 206.3672227859497,
      "min_entry_seconds_left": 90,
      "max_entry_seconds_left": 150
    },
    {
      "ts": "2026-09-18T02:11:35.912772Z",
      "slug": "btc-updown-5m-1789697400",
      "status": "skip_too_early_to_enter",
      "seconds_left": 204.08723163604736,
      "min_entry_seconds_left": 90,
      "max_entry_seconds_left": 150
    },
    {
      "ts": "2026-09-18T02:11:38.192383Z",
      "slug": "btc-updown-5m-1789697400",
      "status": "skip_too_early_to_enter",
      "seconds_left": 201.8076229095459,
      "min_entry_seconds_left": 90,
      "max_entry_seconds_left": 150
    },
    {
      "ts": "2026-09-18T02:11:40.495937Z",
      "slug": "btc-updown-5m-1789697400",
      "status": "skip_too_early_to_enter",
      "seconds_left": 199.50407004356384,
      "min_entry_seconds_left": 90,
      "max_entry_seconds_left": 150
    },
    {
      "ts": "2026-09-18T02:11:42.785334Z",
      "slug": "btc-updown-5m-1789697400",
      "status": "skip_too_early_to_enter",
      "seconds_left": 197.21467423439026,
      "min_entry_seconds_left": 90,
      "max_entry_seconds_left": 150
    },
    {
      "ts": "2026-09-18T02:11:45.080473Z",
      "slug": "btc-updown-5m-1789697400",
      "status": "skip_too_early_to_enter",
      "seconds_left": 194.91953372955322,
      "min_entry_seconds_left": 90,
      "max_entry_seconds_left": 150
    },
    {
      "ts": "2026-09-18T02:11:47.448798Z",
      "slug": "btc-updown-5m-1789697400",
      "status": "skip_too_early_to_enter",
      "seconds_left": 192.55120611190796,
      "min_entry_seconds_left": 90,
      "max_entry_seconds_left": 150
    },
    {
      "ts": "2026-09-18T02:11:49.862023Z",
      "slug": "btc-updown-5m-1789697400",
      "status": "skip_too_early_to_enter",
      "seconds_left": 190.13798475265503,
      "min_entry_seconds_left": 90,
      "max_entry_seconds_left": 150
    },
    {
      "ts": "2026-09-18T02:11:52.173095Z",
      "slug": "btc-updown-5m-1789697400",
      "status": "skip_too_early_to_enter",
      "seconds_left": 187.82690906524658,
      "min_entry_seconds_left": 90,
      "max_entry_seconds_left": 150
    },
    {
      "ts": "2026-09-18T02:11:54.473516Z",
      "slug": "btc-updown-5m-1789697400",
      "status": "skip_too_early_to_enter",
      "seconds_left": 185.5264925956726,
      "min_entry_seconds_left": 90,
      "max_entry_seconds_left": 150
    },
    {
      "ts": "2026-09-18T02:11:56.845054Z",
      "slug": "btc-updown-5m-1789697400",
      "status": "skip_too_early_to_enter",
      "seconds_left": 183.15495467185974,
      "min_entry_seconds_left": 90,
      "max_entry_seconds_left": 150
    },
    {
      "ts": "2026-09-18T02:11:59.132512Z",
      "slug": "btc-updown-5m-1789697400",
      "status": "skip_too_early_to_enter",
      "seconds_left": 180.86749362945557,
      "min_entry_seconds_left": 90,
      "max_entry_seconds_left": 150
    },
    {
      "ts": "2026-09-18T02:12:01.430548Z",
      "slug": "btc-updown-5m-1789697400",
      "status": "skip_too_early_to_enter",
      "seconds_left": 178.5694603919983,
      "min_entry_seconds_left": 90,
      "max_entry_seconds_left": 150
    },
    {
      "ts": "2026-09-18T02:12:03.718436Z",
      "slug": "btc-updown-5m-1789697400",
      "status": "skip_too_early_to_enter",
      "seconds_left": 176.28157019615173,
      "min_entry_seconds_left": 90,
      "max_entry_seconds_left": 150
    },
    {
      "ts": "2026-09-18T02:12:08.947351Z",
      "slug": "btc-updown-5m-1789697400",
      "status": "skip_too_early_to_enter",
      "seconds_left": 171.052659034729,
      "min_entry_seconds_left": 90,
      "max_entry_seconds_left": 150
    },
    {
      "ts": "2026-09-18T02:12:11.225983Z",
      "slug": "btc-updown-5m-1789697400",
      "status": "skip_too_early_to_enter",
      "seconds_left": 168.77402210235596,
      "min_entry_seconds_left": 90,
      "max_entry_seconds_left": 150
    },
    {
      "ts": "2026-09-18T02:12:13.490220Z",
      "slug": "btc-updown-5m-1789697400",
      "status": "skip_too_early_to_enter",
      "seconds_left": 166.50978779792786,
      "min_entry_seconds_left": 90,
      "max_entry_seconds_left": 150
    },
    {
      "ts": "2026-09-18T02:12:15.840953Z",
      "slug": "btc-updown-5m-1789697400",
      "status": "skip_too_early_to_enter",
      "seconds_left": 164.1590554714203,
      "min_entry_seconds_left": 90,
      "max_entry_seconds_left": 150
    },
    {
      "ts": "2026-09-18T02:12:18.150112Z",
      "slug": "btc-updown-5m-1789697400",
      "status": "skip_too_early_to_enter",
      "seconds_left": 161.84989595413208,
      "min_entry_seconds_left": 90,
      "max_entry_seconds_left": 150
    },
    {
      "ts": "2026-09-18T02:12:20.442707Z",
      "slug": "btc-updown-5m-1789697400",
      "status": "skip_too_early_to_enter",
      "seconds_left": 159.55730032920837,
      "min_entry_seconds_left": 90,
      "max_entry_seconds_left": 150
    },
    {
      "ts": "2026-09-18T02:12:22.755425Z",
      "slug": "btc-updown-5m-1789697400",
      "status": "skip_too_early_to_enter",
      "seconds_left": 157.24458026885986,
      "min_entry_seconds_left": 90,
      "max_entry_seconds_left": 150
    },
    {
      "ts": "2026-09-18T02:12:25.045754Z",
      "slug": "btc-updown-5m-1789697400",
      "status": "skip_too_early_to_enter",
      "seconds_left": 154.95425367355347,
      "min_entry_seconds_left": 90,
      "max_entry_seconds_left": 150
    },
    {
      "ts": "2026-09-18T02:12:27.342263Z",
      "slug": "btc-updown-5m-1789697400",
      "status": "skip_too_early_to_enter",
      "seconds_left": 152.65774536132812,
      "min_entry_seconds_left": 90,
      "max_entry_seconds_left": 150
    },
    {
      "ts": "2026-09-18T02:12:29.630045Z",
      "slug": "btc-updown-5m-1789697400",
      "status": "skip_too_early_to_enter",
      "seconds_left": 150.36996173858643,
      "min_entry_seconds_left": 90,
      "max_entry_seconds_left": 150
    },
    {
      "ts": "2026-09-18T02:12:32.785022Z",
      "slug": "btc-updown-5m-1789697400",
      "status": "heartbeat",
      "gamma_up": 0.425,
      "gamma_down": 0.575,
      "clob_up_ask": 0.97,
      "clob_down_ask": 0.04,
      "seconds_left": 148.08766627311707,
      "min_spread": 0.010000000000000002
    },
    {
      "ts": "2026-09-18T02:12:32.785062Z",
      "slug": "btc-updown-5m-1789697400",
      "status": "skip_ask_too_expensive",
      "threshold": 0.7,
      "max_ask": 0.85,
      "win_streak": 0,
      "clob_up_ask": 0.97,
      "clob_down_ask": 0.04,
      "seconds_left": 148.08766627311707,
      "trigger_price": 0.97
    },
    {
      "ts": "2026-09-18T02:12:35.698323Z",
      "slug": "btc-updown-5m-1789697400",
      "status": "heartbeat",
      "gamma_up": 0.425,
      "gamma_down": 0.575,
      "clob_up_ask": 0.98,
      "clob_down_ask": 0.03,
      "seconds_left": 144.92597150802612,
      "min_spread": 0.009999999999999998
    },
    {
      "ts": "2026-09-18T02:12:35.698358Z",
      "slug": "btc-updown-5m-1789697400",
      "status": "skip_ask_too_expensive",
      "threshold": 0.7,
      "max_ask": 0.85,
      "win_streak": 0,
      "clob_up_ask": 0.98,
      "clob_down_ask": 0.03,
      "seconds_left": 144.92597150802612,
      "trigger_price": 0.98
    },
    {
      "ts": "2026-09-18T02:12:38.719428Z",
      "slug": "btc-updown-5m-1789697400",
      "status": "heartbeat",
      "gamma_up": 0.425,
      "gamma_down": 0.575,
      "clob_up_ask": 0.98,
      "clob_down_ask": 0.03,
      "seconds_left": 141.90580034255981,
      "min_spread": 0.009999999999999998
    },
    {
      "ts": "2026-09-18T02:12:38.719464Z",
      "slug": "btc-updown-5m-1789697400",
      "status": "skip_ask_too_expensive",
      "threshold": 0.7,
      "max_ask": 0.85,
      "win_streak": 0,
      "clob_up_ask": 0.98,
      "clob_down_ask": 0.03,
      "seconds_left": 141.90580034255981,
      "trigger_price": 0.98
    },
    {
      "ts": "2026-09-18T02:12:44.569174Z",
      "slug": "btc-updown-5m-1789697400",
      "status": "heartbeat",
      "gamma_up": 0.425,
      "gamma_down": 0.575,
      "clob_up_ask": 0.98,
      "clob_down_ask": 0.03,
      "seconds_left": 136.03081703186035,
      "min_spread": 0.009999999999999998
    },
    {
      "ts": "2026-09-18T02:12:44.569201Z",
      "slug": "btc-updown-5m-1789697400",
      "status": "skip_ask_too_expensive",
      "threshold": 0.7,
      "max_ask": 0.85,
      "win_streak": 0,
      "clob_up_ask": 0.98,
      "clob_down_ask": 0.03,
      "seconds_left": 136.03081703186035,
      "trigger_price": 0.98
    },
    {
      "ts": "2026-09-18T02:12:47.506021Z",
      "slug": "btc-updown-5m-1789697400",
      "status": "heartbeat",
      "gamma_up": 0.425,
      "gamma_down": 0.575,
      "clob_up_ask": 0.98,
      "clob_down_ask": 0.03,
      "seconds_left": 133.14761877059937,
      "min_spread": 0.009999999999999998
    },
    {
      "ts": "2026-09-18T02:12:47.506054Z",
      "slug": "btc-updown-5m-1789697400",
      "status": "skip_ask_too_expensive",
      "threshold": 0.7,
      "max_ask": 0.85,
      "win_streak": 0,
      "clob_up_ask": 0.98,
      "clob_down_ask": 0.03,
      "seconds_left": 133.14761877059937,
      "trigger_price": 0.98
    },
    {
      "ts": "2026-09-18T02:12:50.419778Z",
      "slug": "btc-updown-5m-1789697400",
      "status": "heartbeat",
      "gamma_up": 0.425,
      "gamma_down": 0.575,
      "clob_up_ask": 0.98,
      "clob_down_ask": 0.03,
      "seconds_left": 130.1763916015625,
      "min_spread": 0.009999999999999998
    },
    {
      "ts": "2026-09-18T02:12:50.419809Z",
      "slug": "btc-updown-5m-1789697400",
      "status": "skip_ask_too_expensive",
      "threshold": 0.7,
      "max_ask": 0.85,
      "win_streak": 0,
      "clob_up_ask": 0.98,
      "clob_down_ask": 0.03,
      "seconds_left": 130.1763916015625,
      "trigger_price": 0.98
    },
    {
      "ts": "2026-09-18T02:12:53.370541Z",
      "slug": "btc-updown-5m-1789697400",
      "status": "heartbeat",
      "gamma_up": 0.425,
      "gamma_down": 0.575,
      "clob_up_ask": 0.98,
      "clob_down_ask": 0.03,
      "seconds_left": 127.2533221244812,
      "min_spread": 0.009999999999999998
    },
    {
      "ts": "2026-09-18T02:12:53.370576Z",
      "slug": "btc-updown-5m-1789697400",
      "status": "skip_ask_too_expensive",
      "threshold": 0.7,
      "max_ask": 0.85,
      "win_streak": 0,
      "clob_up_ask": 0.98,
      "clob_down_ask": 0.03,
      "seconds_left": 127.2533221244812,
      "trigger_price": 0.98
    },
    {
      "ts": "2026-09-18T02:12:56.278582Z",
      "slug": "btc-updown-5m-1789697400",
      "status": "heartbeat",
      "gamma_up": 0.425,
      "gamma_down": 0.575,
      "clob_up_ask": 0.99,
      "clob_down_ask": 0.02,
      "seconds_left": 124.32838034629822,
      "min_spread": 0.01
    },
    {
      "ts": "2026-09-18T02:12:56.278608Z",
      "slug": "btc-updown-5m-1789697400",
      "status": "skip_ask_too_expensive",
      "threshold": 0.7,
      "max_ask": 0.85,
      "win_streak": 0,
      "clob_up_ask": 0.99,
      "clob_down_ask": 0.02,
      "seconds_left": 124.32838034629822,
      "trigger_price": 0.99
    },
    {
      "ts": "2026-09-18T02:12:59.146251Z",
      "slug": "btc-updown-5m-1789697400",
      "status": "heartbeat",
      "gamma_up": 0.425,
      "gamma_down": 0.575,
      "clob_up_ask": 0.99,
      "clob_down_ask": 0.02,
      "seconds_left": 121.44061398506165,
      "min_spread": 0.01
    },
    {
      "ts": "2026-09-18T02:12:59.146281Z",
      "slug": "btc-updown-5m-1789697400",
      "status": "skip_ask_too_expensive",
      "threshold": 0.7,
      "max_ask": 0.85,
      "win_streak": 0,
      "clob_up_ask": 0.99,
      "clob_down_ask": 0.02,
      "seconds_left": 121.44061398506165,
      "trigger_price": 0.99
    },
    {
      "ts": "2026-09-18T02:13:02.026510Z",
      "slug": "btc-updown-5m-1789697400",
      "status": "heartbeat",
      "gamma_up": 0.425,
      "gamma_down": 0.575,
      "clob_up_ask": 0.99,
      "clob_down_ask": 0.02,
      "seconds_left": 118.58496403694153,
      "min_spread": 0.01
    },
    {
      "ts": "2026-09-18T02:13:02.026544Z",
      "slug": "btc-updown-5m-1789697400",
      "status": "skip_ask_too_expensive",
      "threshold": 0.7,
      "max_ask": 0.85,
      "win_streak": 0,
      "clob_up_ask": 0.99,
      "clob_down_ask": 0.02,
      "seconds_left": 118.58496403694153,
      "trigger_price": 0.99
    },
    {
      "ts": "2026-09-18T02:13:04.961680Z",
      "slug": "btc-updown-5m-1789697400",
      "status": "heartbeat",
      "gamma_up": 0.425,
      "gamma_down": 0.575,
      "clob_up_ask": null,
      "clob_down_ask": 0.01,
      "seconds_left": 115.64468026161194,
      "min_spread": null
    },
    {
      "ts": "2026-09-18T02:13:04.961706Z",
      "slug": "btc-updown-5m-1789697400",
      "status": "skip_price_below_threshold",
      "threshold": 0.7,
      "max_ask": 0.85,
      "win_streak": 0,
      "clob_up_ask": null,
      "clob_down_ask": 0.01,
      "seconds_left": 115.64468026161194,
      "trigger_price": null
    },
    {
      "ts": "2026-09-18T02:13:07.847550Z",
      "slug": "btc-updown-5m-1789697400",
      "status": "heartbeat",
      "gamma_up": 0.425,
      "gamma_down": 0.575,
      "clob_up_ask": null,
      "clob_down_ask": 0.01,
      "seconds_left": 112.74634575843811,
      "min_spread": null
    },
    {
      "ts": "2026-09-18T02:13:07.847578Z",
      "slug": "btc-updown-5m-1789697400",
      "status": "skip_price_below_threshold",
      "threshold": 0.7,
      "max_ask": 0.85,
      "win_streak": 0,
      "clob_up_ask": null,
      "clob_down_ask": 0.01,
      "seconds_left": 112.74634575843811,
      "trigger_price": null
    },
    {
      "ts": "2026-09-18T02:13:10.738907Z",
      "slug": "btc-updown-5m-1789697400",
      "status": "heartbeat",
      "gamma_up": 0.425,
      "gamma_down": 0.575,
      "clob_up_ask": null,
      "clob_down_ask": 0.01,
      "seconds_left": 109.8818724155426,
      "min_spread": null
    },
    {
      "ts": "2026-09-18T02:13:10.738921Z",
      "slug": "btc-updown-5m-1789697400",
      "status": "skip_price_below_threshold",
      "threshold": 0.7,
      "max_ask": 0.85,
      "win_streak": 0,
      "clob_up_ask": null,
      "clob_down_ask": 0.01,
      "seconds_left": 109.8818724155426,
      "trigger_price": null
    },
    {
      "ts": "2026-09-18T02:13:13.632935Z",
      "slug": "btc-updown-5m-1789697400",
      "status": "heartbeat",
      "gamma_up": 0.425,
      "gamma_down": 0.575,
      "clob_up_ask": null,
      "clob_down_ask": 0.01,
      "seconds_left": 106.97746729850769,
      "min_spread": null
    },
    {
      "ts": "2026-09-18T02:13:13.632959Z",
      "slug": "btc-updown-5m-1789697400",
      "status": "skip_price_below_threshold",
      "threshold": 0.7,
      "max_ask": 0.85,
      "win_streak": 0,
      "clob_up_ask": null,
      "clob_down_ask": 0.01,
      "seconds_left": 106.97746729850769,
      "trigger_price": null
    },
    {
      "ts": "2026-09-18T02:13:19.469859Z",
      "slug": "btc-updown-5m-1789697400",
      "status": "heartbeat",
      "gamma_up": 0.425,
      "gamma_down": 0.575,
      "clob_up_ask": null,
      "clob_down_ask": 0.01,
      "seconds_left": 104.08318901062012,
      "min_spread": null
    },
    {
      "ts": "2026-09-18T02:13:19.469879Z",
      "slug": "btc-updown-5m-1789697400",
      "status": "skip_price_below_threshold",
      "threshold": 0.7,
      "max_ask": 0.85,
      "win_streak": 0,
      "clob_up_ask": null,
      "clob_down_ask": 0.01,
      "seconds_left": 104.08318901062012,
      "trigger_price": null
    },
    {
      "ts": "2026-09-18T02:13:22.525115Z",
      "slug": "btc-updown-5m-1789697400",
      "status": "heartbeat",
      "gamma_up": 0.425,
      "gamma_down": 0.575,
      "clob_up_ask": null,
      "clob_down_ask": 0.01,
      "seconds_left": 98.09018874168396,
      "min_spread": null
    },
    {
      "ts": "2026-09-18T02:13:22.525141Z",
      "slug": "btc-updown-5m-1789697400",
      "status": "skip_price_below_threshold",
      "threshold": 0.7,
      "max_ask": 0.85,
      "win_streak": 0,
      "clob_up_ask": null,
      "clob_down_ask": 0.01,
      "seconds_left": 98.09018874168396,
      "trigger_price": null
    },
    {
      "ts": "2026-09-18T02:13:25.550022Z",
      "slug": "btc-updown-5m-1789697400",
      "status": "heartbeat",
      "gamma_up": 0.425,
      "gamma_down": 0.575,
      "clob_up_ask": null,
      "clob_down_ask": 0.01,
      "seconds_left": 95.05378794670105,
      "min_spread": null
    },
    {
      "ts": "2026-09-18T02:13:25.550037Z",
      "slug": "btc-updown-5m-1789697400",
      "status": "skip_price_below_threshold",
      "threshold": 0.7,
      "max_ask": 0.85,
      "win_streak": 0,
      "clob_up_ask": null,
      "clob_down_ask": 0.01,
      "seconds_left": 95.05378794670105,
      "trigger_price": null
    },
    {
      "ts": "2026-09-18T02:13:28.480905Z",
      "slug": "btc-updown-5m-1789697400",
      "status": "heartbeat",
      "gamma_up": 0.425,
      "gamma_down": 0.575,
      "clob_up_ask": null,
      "clob_down_ask": 0.01,
      "seconds_left": 92.12533044815063,
      "min_spread": null
    },
    {
      "ts": "2026-09-18T02:13:28.480922Z",
      "slug": "btc-updown-5m-1789697400",
      "status": "skip_price_below_threshold",
      "threshold": 0.7,
      "max_ask": 0.85,
      "win_streak": 0,
      "clob_up_ask": null,
      "clob_down_ask": 0.01,
      "seconds_left": 92.12533044815063,
      "trigger_price": null
    },
    {
      "ts": "2026-09-18T02:13:30.839566Z",
      "slug": "btc-updown-5m-1789697400",
      "status": "skip_too_late_to_enter",
      "seconds_left": 89.16043853759766,
      "min_entry_seconds_left": 90,
      "max_entry_seconds_left": 150
    },
    {
      "ts": "2026-09-18T02:13:33.189914Z",
      "slug": "btc-updown-5m-1789697400",
      "status": "skip_too_late_to_enter",
      "seconds_left": 86.81009006500244,
      "min_entry_seconds_left": 90,
      "max_entry_seconds_left": 150
    },
    {
      "ts": "2026-09-18T02:13:35.462941Z",
      "slug": "btc-updown-5m-1789697400",
      "status": "skip_too_late_to_enter",
      "seconds_left": 84.53706312179565,
      "min_entry_seconds_left": 90,
      "max_entry_seconds_left": 150
    },
    {
      "ts": "2026-09-18T02:13:37.746725Z",
      "slug": "btc-updown-5m-1789697400",
      "status": "skip_too_late_to_enter",
      "seconds_left": 82.25328254699707,
      "min_entry_seconds_left": 90,
      "max_entry_seconds_left": 150
    },
    {
      "ts": "2026-09-18T02:13:40.017960Z",
      "slug": "btc-updown-5m-1789697400",
      "status": "skip_too_late_to_enter",
      "seconds_left": 79.98204374313354,
      "min_entry_seconds_left": 90,
      "max_entry_seconds_left": 150
    },
    {
      "ts": "2026-09-18T02:13:42.298187Z",
      "slug": "btc-updown-5m-1789697400",
      "status": "skip_too_late_to_enter",
      "seconds_left": 77.70181679725647,
      "min_entry_seconds_left": 90,
      "max_entry_seconds_left": 150
    },
    {
      "ts": "2026-09-18T02:13:44.593641Z",
      "slug": "btc-updown-5m-1789697400",
      "status": "skip_too_late_to_enter",
      "seconds_left": 75.4063663482666,
      "min_entry_seconds_left": 90,
      "max_entry_seconds_left": 150
    },
    {
      "ts": "2026-09-18T02:13:46.911903Z",
      "slug": "btc-updown-5m-1789697400",
      "status": "skip_too_late_to_enter",
      "seconds_left": 73.08810186386108,
      "min_entry_seconds_left": 90,
      "max_entry_seconds_left": 150
    },
    {
      "ts": "2026-09-18T02:13:49.207591Z",
      "slug": "btc-updown-5m-1789697400",
      "status": "skip_too_late_to_enter",
      "seconds_left": 70.79241681098938,
      "min_entry_seconds_left": 90,
      "max_entry_seconds_left": 150
    },
    {
      "ts": "2026-09-18T02:13:51.492434Z",
      "slug": "btc-updown-5m-1789697400",
      "status": "skip_too_late_to_enter",
      "seconds_left": 68.50757336616516,
      "min_entry_seconds_left": 90,
      "max_entry_seconds_left": 150
    },
    {
      "ts": "2026-09-18T02:13:56.735334Z",
      "slug": "btc-updown-5m-1789697400",
      "status": "skip_too_late_to_enter",
      "seconds_left": 63.26467251777649,
      "min_entry_seconds_left": 90,
      "max_entry_seconds_left": 150
    },
    {
      "ts": "2026-09-18T02:13:59.048284Z",
      "slug": "btc-updown-5m-1789697400",
      "status": "skip_too_late_to_enter",
      "seconds_left": 60.951725244522095,
      "min_entry_seconds_left": 90,
      "max_entry_seconds_left": 150
    },
    {
      "ts": "2026-09-18T02:14:01.590459Z",
      "slug": "btc-updown-5m-1789697400",
      "status": "skip_too_late_to_enter",
      "seconds_left": 58.40954923629761,
      "min_entry_seconds_left": 90,
      "max_entry_seconds_left": 150
    },
    {
      "ts": "2026-09-18T02:14:04.034794Z",
      "slug": "btc-updown-5m-1789697400",
      "status": "skip_too_late_to_enter",
      "seconds_left": 55.9652144908905,
      "min_entry_seconds_left": 90,
      "max_entry_seconds_left": 150
    },
    {
      "ts": "2026-09-18T02:14:06.379101Z",
      "slug": "btc-updown-5m-1789697400",
      "status": "skip_too_late_to_enter",
      "seconds_left": 53.62090587615967,
      "min_entry_seconds_left": 90,
      "max_entry_seconds_left": 150
    },
    {
      "ts": "2026-09-18T02:14:09.194736Z",
      "slug": "btc-updown-5m-1789697400",
      "status": "skip_too_late_to_enter",
      "seconds_left": 50.80527138710022,
      "min_entry_seconds_left": 90,
      "max_entry_seconds_left": 150
    },
    {
      "ts": "2026-09-18T02:14:11.467260Z",
      "slug": "btc-updown-5m-1789697400",
      "status": "skip_too_late_to_enter",
      "seconds_left": 48.532748222351074,
      "min_entry_seconds_left": 90,
      "max_entry_seconds_left": 150
    },
    {
      "ts": "2026-09-18T02:14:13.754353Z",
      "slug": "btc-updown-5m-1789697400",
      "status": "skip_too_late_to_enter",
      "seconds_left": 46.245654821395874,
      "min_entry_seconds_left": 90,
      "max_entry_seconds_left": 150
    },
    {
      "ts": "2026-09-18T02:14:16.030511Z",
      "slug": "btc-updown-5m-1789697400",
      "status": "skip_too_late_to_enter",
      "seconds_left": 43.96949291229248,
      "min_entry_seconds_left": 90,
      "max_entry_seconds_left": 150
    },
    {
      "ts": "2026-09-18T02:14:18.319134Z",
      "slug": "btc-updown-5m-1789697400",
      "status": "skip_too_late_to_enter",
      "seconds_left": 41.68087315559387,
      "min_entry_seconds_left": 90,
      "max_entry_seconds_left": 150
    },
    {
      "ts": "2026-09-18T02:14:20.654917Z",
      "slug": "btc-updown-5m-1789697400",
      "status": "skip_too_late_to_enter",
      "seconds_left": 39.34509038925171,
      "min_entry_seconds_left": 90,
      "max_entry_seconds_left": 150
    },
    {
      "ts": "2026-09-18T02:14:22.957528Z",
      "slug": "btc-updown-5m-1789697400",
      "status": "skip_too_late_to_enter",
      "seconds_left": 37.042479515075684,
      "min_entry_seconds_left": 90,
      "max_entry_seconds_left": 150
    },
    {
      "ts": "2026-09-18T02:14:25.275888Z",
      "slug": "btc-updown-5m-1789697400",
      "status": "skip_too_late_to_enter",
      "seconds_left": 34.724119663238525,
      "min_entry_seconds_left": 90,
      "max_entry_seconds_left": 150
    },
    {
      "ts": "2026-09-18T02:14:30.525338Z",
      "slug": "btc-updown-5m-1789697400",
      "status": "skip_too_late_to_enter",
      "seconds_left": 29.474668502807617,
      "min_entry_seconds_left": 90,
      "max_entry_seconds_left": 150
    },
    {
      "ts": "2026-09-18T02:14:32.814972Z",
      "slug": "btc-updown-5m-1789697400",
      "status": "skip_too_late_to_enter",
      "seconds_left": 27.18503499031067,
      "min_entry_seconds_left": 90,
      "max_entry_seconds_left": 150
    },
    {
      "ts": "2026-09-18T02:14:35.100060Z",
      "slug": "btc-updown-5m-1789697400",
      "status": "skip_too_late_to_enter",
      "seconds_left": 24.899948358535767,
      "min_entry_seconds_left": 90,
      "max_entry_seconds_left": 150
    },
    {
      "ts": "2026-09-18T02:14:37.408034Z",
      "slug": "btc-updown-5m-1789697400",
      "status": "skip_too_late_to_enter",
      "seconds_left": 22.59197473526001,
      "min_entry_seconds_left": 90,
      "max_entry_seconds_left": 150
    },
    {
      "ts": "2026-09-18T02:14:39.888491Z",
      "slug": "btc-updown-5m-1789697400",
      "status": "skip_too_late_to_enter",
      "seconds_left": 20.11151647567749,
      "min_entry_seconds_left": 90,
      "max_entry_seconds_left": 150
    },
    {
      "ts": "2026-09-18T02:14:42.203645Z",
      "slug": "btc-updown-5m-1789697400",
      "status": "skip_too_late_to_enter",
      "seconds_left": 17.79636240005493,
      "min_entry_seconds_left": 90,
      "max_entry_seconds_left": 150
    },
    {
      "ts": "2026-09-18T02:14:44.484707Z",
      "slug": "btc-updown-5m-1789697400",
      "status": "skip_too_late_to_enter",
      "seconds_left": 15.51530122756958,
      "min_entry_seconds_left": 90,
      "max_entry_seconds_left": 150
    },
    {
      "ts": "2026-09-18T02:14:46.773051Z",
      "slug": "btc-updown-5m-1789697400",
      "status": "skip_too_late_to_enter",
      "seconds_left": 13.226959466934204,
      "min_entry_seconds_left": 90,
      "max_entry_seconds_left": 150
    },
    {
      "ts": "2026-09-18T02:14:49.063793Z",
      "slug": "btc-updown-5m-1789697400",
      "status": "skip_too_late_to_enter",
      "seconds_left": 10.936214685440063,
      "min_entry_seconds_left": 90,
      "max_entry_seconds_left": 150
    },
    {
      "ts": "2026-09-18T02:14:51.616463Z",
      "slug": "btc-updown-5m-1789697400",
      "status": "skip_too_late_to_enter",
      "seconds_left": 8.383540153503418,
      "min_entry_seconds_left": 90,
      "max_entry_seconds_left": 150
    },
    {
      "ts": "2026-09-18T02:14:53.913198Z",
      "slug": "btc-updown-5m-1789697400",
      "status": "skip_too_late_to_enter",
      "seconds_left": 6.086810111999512,
      "min_entry_seconds_left": 90,
      "max_entry_seconds_left": 150
    },
    {
      "ts": "2026-09-18T02:14:56.204242Z",
      "status": "heartbeat_no_current_market"
    },
    {
      "ts": "2026-09-18T02:14:58.492610Z",
      "status": "heartbeat_no_current_market"
    },
    {
      "ts": "2026-09-18T02:15:00.790100Z",
      "slug": "btc-updown-5m-1789697700",
      "status": "skip_too_early_to_enter",
      "seconds_left": 299.2099084854126,
      "min_entry_seconds_left": 90,
      "max_entry_seconds_left": 150
    },
    {
      "ts": "2026-09-18T02:15:06.048359Z",
      "slug": "btc-updown-5m-1789697700",
      "status": "skip_too_early_to_enter",
      "seconds_left": 293.9516475200653,
      "min_entry_seconds_left": 90,
      "max_entry_seconds_left": 150
    },
    {
      "ts": "2026-09-18T02:15:08.342008Z",
      "slug": "btc-updown-5m-1789697700",
      "status": "skip_too_early_to_enter",
      "seconds_left": 291.65799713134766,
      "min_entry_seconds_left": 90,
      "max_entry_seconds_left": 150
    },
    {
      "ts": "2026-09-18T02:15:10.647602Z",
      "slug": "btc-updown-5m-1789697700",
      "status": "skip_too_early_to_enter",
      "seconds_left": 289.3524053096771,
      "min_entry_seconds_left": 90,
      "max_entry_seconds_left": 150
    },
    {
      "ts": "2026-09-18T02:15:12.925951Z",
      "slug": "btc-updown-5m-1789697700",
      "status": "skip_too_early_to_enter",
      "seconds_left": 287.0740547180176,
      "min_entry_seconds_left": 90,
      "max_entry_seconds_left": 150
    },
    {
      "ts": "2026-09-18T02:15:15.218799Z",
      "slug": "btc-updown-5m-1789697700",
      "status": "skip_too_early_to_enter",
      "seconds_left": 284.78120851516724,
      "min_entry_seconds_left": 90,
      "max_entry_seconds_left": 150
    },
    {
      "ts": "2026-09-18T02:15:17.524686Z",
      "slug": "btc-updown-5m-1789697700",
      "status": "skip_too_early_to_enter",
      "seconds_left": 282.4753227233887,
      "min_entry_seconds_left": 90,
      "max_entry_seconds_left": 150
    },
    {
      "ts": "2026-09-18T02:15:19.844817Z",
      "slug": "btc-updown-5m-1789697700",
      "status": "skip_too_early_to_enter",
      "seconds_left": 280.1551904678345,
      "min_entry_seconds_left": 90,
      "max_entry_seconds_left": 150
    },
    {
      "ts": "2026-09-18T02:15:22.138267Z",
      "slug": "btc-updown-5m-1789697700",
      "status": "skip_too_early_to_enter",
      "seconds_left": 277.8617398738861,
      "min_entry_seconds_left": 90,
      "max_entry_seconds_left": 150
    },
    {
      "ts": "2026-09-18T02:15:24.462418Z",
      "slug": "btc-updown-5m-1789697700",
      "status": "skip_too_early_to_enter",
      "seconds_left": 275.53761887550354,
      "min_entry_seconds_left": 90,
      "max_entry_seconds_left": 150
    },
    {
      "ts": "2026-09-18T02:15:26.750567Z",
      "slug": "btc-updown-5m-1789697700",
      "status": "skip_too_early_to_enter",
      "seconds_left": 273.2494406700134,
      "min_entry_seconds_left": 90,
      "max_entry_seconds_left": 150
    },
    {
      "ts": "2026-09-18T02:15:29.119478Z",
      "slug": "btc-updown-5m-1789697700",
      "status": "skip_too_early_to_enter",
      "seconds_left": 270.8805296421051,
      "min_entry_seconds_left": 90,
      "max_entry_seconds_left": 150
    },
    {
      "ts": "2026-09-18T02:15:31.450493Z",
      "slug": "btc-updown-5m-1789697700",
      "status": "skip_too_early_to_enter",
      "seconds_left": 268.54951643943787,
      "min_entry_seconds_left": 90,
      "max_entry_seconds_left": 150
    },
    {
      "ts": "2026-09-18T02:15:33.732953Z",
      "slug": "btc-updown-5m-1789697700",
      "status": "skip_too_early_to_enter",
      "seconds_left": 266.2670543193817,
      "min_entry_seconds_left": 90,
      "max_entry_seconds_left": 150
    },
    {
      "ts": "2026-09-18T02:15:36.022082Z",
      "slug": "btc-updown-5m-1789697700",
      "status": "skip_too_early_to_enter",
      "seconds_left": 263.977924823761,
      "min_entry_seconds_left": 90,
      "max_entry_seconds_left": 150
    },
    {
      "ts": "2026-09-18T02:15:41.285013Z",
      "slug": "btc-updown-5m-1789697700",
      "status": "skip_too_early_to_enter",
      "seconds_left": 258.71500730514526,
      "min_entry_seconds_left": 90,
      "max_entry_seconds_left": 150
    },
    {
      "ts": "2026-09-18T02:15:43.609561Z",
      "slug": "btc-updown-5m-1789697700",
      "status": "skip_too_early_to_enter",
      "seconds_left": 256.39044713974,
      "min_entry_seconds_left": 90,
      "max_entry_seconds_left": 150
    },
    {
      "ts": "2026-09-18T02:15:45.919407Z",
      "slug": "btc-updown-5m-1789697700",
      "status": "skip_too_early_to_enter",
      "seconds_left": 254.08060145378113,
      "min_entry_seconds_left": 90,
      "max_entry_seconds_left": 150
    },
    {
      "ts": "2026-09-18T02:15:48.337152Z",
      "slug": "btc-updown-5m-1789697700",
      "status": "skip_too_early_to_enter",
      "seconds_left": 251.66285514831543,
      "min_entry_seconds_left": 90,
      "max_entry_seconds_left": 150
    },
    {
      "ts": "2026-09-18T02:15:50.615584Z",
      "slug": "btc-updown-5m-1789697700",
      "status": "skip_too_early_to_enter",
      "seconds_left": 249.38442063331604,
      "min_entry_seconds_left": 90,
      "max_entry_seconds_left": 150
    },
    {
      "ts": "2026-09-18T02:15:52.917047Z",
      "slug": "btc-updown-5m-1789697700",
      "status": "skip_too_early_to_enter",
      "seconds_left": 247.0829577445984,
      "min_entry_seconds_left": 90,
      "max_entry_seconds_left": 150
    },
    {
      "ts": "2026-09-18T02:15:55.220180Z",
      "slug": "btc-updown-5m-1789697700",
      "status": "skip_too_early_to_enter",
      "seconds_left": 244.77982687950134,
      "min_entry_seconds_left": 90,
      "max_entry_seconds_left": 150
    },
    {
      "ts": "2026-09-18T02:15:57.498396Z",
      "slug": "btc-updown-5m-1789697700",
      "status": "skip_too_early_to_enter",
      "seconds_left": 242.50161147117615,
      "min_entry_seconds_left": 90,
      "max_entry_seconds_left": 150
    },
    {
      "ts": "2026-09-18T02:15:59.813249Z",
      "slug": "btc-updown-5m-1789697700",
      "status": "skip_too_early_to_enter",
      "seconds_left": 240.18676042556763,
      "min_entry_seconds_left": 90,
      "max_entry_seconds_left": 150
    },
    {
      "ts": "2026-09-18T02:16:02.103247Z",
      "slug": "btc-updown-5m-1789697700",
      "status": "skip_too_early_to_enter",
      "seconds_left": 237.89676141738892,
      "min_entry_seconds_left": 90,
      "max_entry_seconds_left": 150
    },
    {
      "ts": "2026-09-18T02:16:04.510656Z",
      "slug": "btc-updown-5m-1789697700",
      "status": "skip_too_early_to_enter",
      "seconds_left": 235.4893515110016,
      "min_entry_seconds_left": 90,
      "max_entry_seconds_left": 150
    },
    {
      "ts": "2026-09-18T02:16:06.792141Z",
      "slug": "btc-updown-5m-1789697700",
      "status": "skip_too_early_to_enter",
      "seconds_left": 233.20786714553833,
      "min_entry_seconds_left": 90,
      "max_entry_seconds_left": 150
    },
    {
      "ts": "2026-09-18T02:16:09.077732Z",
      "slug": "btc-updown-5m-1789697700",
      "status": "skip_too_early_to_enter",
      "seconds_left": 230.92227458953857,
      "min_entry_seconds_left": 90,
      "max_entry_seconds_left": 150
    },
    {
      "ts": "2026-09-18T02:16:11.371093Z",
      "slug": "btc-updown-5m-1789697700",
      "status": "skip_too_early_to_enter",
      "seconds_left": 228.6289141178131,
      "min_entry_seconds_left": 90,
      "max_entry_seconds_left": 150
    },
    {
      "ts": "2026-09-18T02:16:16.619542Z",
      "slug": "btc-updown-5m-1789697700",
      "status": "skip_too_early_to_enter",
      "seconds_left": 223.3804633617401,
      "min_entry_seconds_left": 90,
      "max_entry_seconds_left": 150
    },
    {
      "ts": "2026-09-18T02:16:18.921549Z",
      "slug": "btc-updown-5m-1789697700",
      "status": "skip_too_early_to_enter",
      "seconds_left": 221.07845902442932,
      "min_entry_seconds_left": 90,
      "max_entry_seconds_left": 150
    },
    {
      "ts": "2026-09-18T02:16:21.236671Z",
      "slug": "btc-updown-5m-1789697700",
      "status": "skip_too_early_to_enter",
      "seconds_left": 218.76333737373352,
      "min_entry_seconds_left": 90,
      "max_entry_seconds_left": 150
    },
    {
      "ts": "2026-09-18T02:16:23.919795Z",
      "slug": "btc-updown-5m-1789697700",
      "status": "skip_too_early_to_enter",
      "seconds_left": 216.08021521568298,
      "min_entry_seconds_left": 90,
      "max_entry_seconds_left": 150
    },
    {
      "ts": "2026-09-18T02:16:26.221677Z",
      "slug": "btc-updown-5m-1789697700",
      "status": "skip_too_early_to_enter",
      "seconds_left": 213.77832865715027,
      "min_entry_seconds_left": 90,
      "max_entry_seconds_left": 150
    },
    {
      "ts": "2026-09-18T02:16:28.511662Z",
      "slug": "btc-updown-5m-1789697700",
      "status": "skip_too_early_to_enter",
      "seconds_left": 211.48834443092346,
      "min_entry_seconds_left": 90,
      "max_entry_seconds_left": 150
    },
    {
      "ts": "2026-09-18T02:16:30.789420Z",
      "slug": "btc-updown-5m-1789697700",
      "status": "skip_too_early_to_enter",
      "seconds_left": 209.21058702468872,
      "min_entry_seconds_left": 90,
      "max_entry_seconds_left": 150
    },
    {
      "ts": "2026-09-18T02:16:33.088765Z",
      "slug": "btc-updown-5m-1789697700",
      "status": "skip_too_early_to_enter",
      "seconds_left": 206.91124320030212,
      "min_entry_seconds_left": 90,
      "max_entry_seconds_left": 150
    },
    {
      "ts": "2026-09-18T02:16:35.396946Z",
      "slug": "btc-updown-5m-1789697700",
      "status": "skip_too_early_to_enter",
      "seconds_left": 204.6030614376068,
      "min_entry_seconds_left": 90,
      "max_entry_seconds_left": 150
    },
    {
      "ts": "2026-09-18T02:16:37.758605Z",
      "slug": "btc-updown-5m-1789697700",
      "status": "skip_too_early_to_enter",
      "seconds_left": 202.24140048027039,
      "min_entry_seconds_left": 90,
      "max_entry_seconds_left": 150
    },
    {
      "ts": "2026-09-18T02:16:40.037781Z",
      "slug": "btc-updown-5m-1789697700",
      "status": "skip_too_early_to_enter",
      "seconds_left": 199.9622287750244,
      "min_entry_seconds_left": 90,
      "max_entry_seconds_left": 150
    },
    {
      "ts": "2026-09-18T02:16:42.321659Z",
      "slug": "btc-updown-5m-1789697700",
      "status": "skip_too_early_to_enter",
      "seconds_left": 197.6783483028412,
      "min_entry_seconds_left": 90,
      "max_entry_seconds_left": 150
    },
    {
      "ts": "2026-09-18T02:16:44.705198Z",
      "slug": "btc-updown-5m-1789697700",
      "status": "skip_too_early_to_enter",
      "seconds_left": 195.29480934143066,
      "min_entry_seconds_left": 90,
      "max_entry_seconds_left": 150
    },
    {
      "ts": "2026-09-18T02:16:47.015772Z",
      "slug": "btc-updown-5m-1789697700",
      "status": "skip_too_early_to_enter",
      "seconds_left": 192.9842345714569,
      "min_entry_seconds_left": 90,
      "max_entry_seconds_left": 150
    },
    {
      "ts": "2026-09-18T02:16:52.254318Z",
      "slug": "btc-updown-5m-1789697700",
      "status": "skip_too_early_to_enter",
      "seconds_left": 187.74569416046143,
      "min_entry_seconds_left": 90,
      "max_entry_seconds_left": 150
    },
    {
      "ts": "2026-09-18T02:16:54.532867Z",
      "slug": "btc-updown-5m-1789697700",
      "status": "skip_too_early_to_enter",
      "seconds_left": 185.4671368598938,
      "min_entry_seconds_left": 90,
      "max_entry_seconds_left": 150
    },
    {
      "ts": "2026-09-18T02:16:56.807307Z",
      "slug": "btc-updown-5m-1789697700",
      "status": "skip_too_early_to_enter",
      "seconds_left": 183.1926999092102,
      "min_entry_seconds_left": 90,
      "max_entry_seconds_left": 150
    },
    {
      "ts": "2026-09-18T02:16:59.088787Z",
      "slug": "btc-updown-5m-1789697700",
      "status": "skip_too_early_to_enter",
      "seconds_left": 180.91122102737427,
      "min_entry_seconds_left": 90,
      "max_entry_seconds_left": 150
    },
    {
      "ts": "2026-09-18T02:17:01.386668Z",
      "slug": "btc-updown-5m-1789697700",
      "status": "skip_too_early_to_enter",
      "seconds_left": 178.61334013938904,
      "min_entry_seconds_left": 90,
      "max_entry_seconds_left": 150
    },
    {
      "ts": "2026-09-18T02:17:03.687984Z",
      "slug": "btc-updown-5m-1789697700",
      "status": "skip_too_early_to_enter",
      "seconds_left": 176.312020778656,
      "min_entry_seconds_left": 90,
      "max_entry_seconds_left": 150
    },
    {
      "ts": "2026-09-18T02:17:05.995975Z",
      "slug": "btc-updown-5m-1789697700",
      "status": "skip_too_early_to_enter",
      "seconds_left": 174.00403237342834,
      "min_entry_seconds_left": 90,
      "max_entry_seconds_left": 150
    },
    {
      "ts": "2026-09-18T02:17:08.304180Z",
      "slug": "btc-updown-5m-1789697700",
      "status": "skip_too_early_to_enter",
      "seconds_left": 171.6958293914795,
      "min_entry_seconds_left": 90,
      "max_entry_seconds_left": 150
    },
    {
      "ts": "2026-09-18T02:17:10.611751Z",
      "slug": "btc-updown-5m-1789697700",
      "status": "skip_too_early_to_enter",
      "seconds_left": 169.38825726509094,
      "min_entry_seconds_left": 90,
      "max_entry_seconds_left": 150
    },
    {
      "ts": "2026-09-18T02:17:12.893873Z",
      "slug": "btc-updown-5m-1789697700",
      "status": "skip_too_early_to_enter",
      "seconds_left": 167.10613441467285,
      "min_entry_seconds_left": 90,
      "max_entry_seconds_left": 150
    },
    {
      "ts": "2026-09-18T02:17:15.180689Z",
      "slug": "btc-updown-5m-1789697700",
      "status": "skip_too_early_to_enter",
      "seconds_left": 164.81932139396667,
      "min_entry_seconds_left": 90,
      "max_entry_seconds_left": 150
    },
    {
      "ts": "2026-09-18T02:17:17.479723Z",
      "slug": "btc-updown-5m-1789697700",
      "status": "skip_too_early_to_enter",
      "seconds_left": 162.52028465270996,
      "min_entry_seconds_left": 90,
      "max_entry_seconds_left": 150
    },
    {
      "ts": "2026-09-18T02:17:19.759657Z",
      "slug": "btc-updown-5m-1789697700",
      "status": "skip_too_early_to_enter",
      "seconds_left": 160.24035096168518,
      "min_entry_seconds_left": 90,
      "max_entry_seconds_left": 150
    },
    {
      "ts": "2026-09-18T02:17:22.059284Z",
      "slug": "btc-updown-5m-1789697700",
      "status": "skip_too_early_to_enter",
      "seconds_left": 157.9407250881195,
      "min_entry_seconds_left": 90,
      "max_entry_seconds_left": 150
    },
    {
      "ts": "2026-09-18T02:17:27.318063Z",
      "slug": "btc-updown-5m-1789697700",
      "status": "skip_too_early_to_enter",
      "seconds_left": 152.6819450855255,
      "min_entry_seconds_left": 90,
      "max_entry_seconds_left": 150
    },
    {
      "ts": "2026-09-18T02:17:29.602498Z",
      "slug": "btc-updown-5m-1789697700",
      "status": "skip_too_early_to_enter",
      "seconds_left": 150.39750814437866,
      "min_entry_seconds_left": 90,
      "max_entry_seconds_left": 150
    },
    {
      "ts": "2026-09-18T02:17:32.779875Z",
      "slug": "btc-updown-5m-1789697700",
      "status": "heartbeat",
      "gamma_up": 0.435,
      "gamma_down": 0.565,
      "clob_up_ask": 0.81,
      "clob_down_ask": 0.2,
      "seconds_left": 148.1027090549469,
      "min_spread": 0.010000000000000009
    }
  ],
  "open_raw": "{\"mode\": \"open\", \"execute\": true, \"market_slug\": \"btc-updown-5m-1789697700\", \"force_side\": \"UP\", \"token_id\": \"109936153464432310465367338560655715476779330730134796901827435022068142799616\", \"entry_price\": 0.81, \"notional_usd\": 5.0, \"top_ask_notional_usd\": 246.9204, \"collateral_pusd\": 423.243006, \"order_post_result\": {\"errorMsg\": \"\", \"orderID\": \"0x5f1cbb5f1a7fb1e7f59438519fc6f80822bbf581c68cf004f13657f063cfcfbf\", \"takingAmount\": \"6.25\", \"makingAmount\": \"5\", \"status\": \"matched\", \"transactionsHashes\": [\"0xa0d08757dfe64a067b35b4da5f1b3edc0432d2b303fb1afd581e9b427c7e79af\"], \"success\": true}}\n\n[py_clob_client_v2] request error status=400 url=https://clob.polymarket.com/auth/api-key body={\"error\":\"Could not create api key\"}\n\n",
  "opened": {
    "opened_at": "2026-09-18T02:17:37.683938Z",
    "market_slug": "btc-updown-5m-1789697700",
    "market_end_iso": "2026-09-18T02:20:00Z",
    "side": "UP",
    "token_id": "109936153464432310465367338560655715476779330730134796901827435022068142799616",
    "entry_price": 0.81,
    "shares": 6.25,
    "cost_usdc": 5.0,
    "open_order_id": "0x5f1cbb5f1a7fb1e7f59438519fc6f80822bbf581c68cf004f13657f063cfcfbf",
    "open_tx": "0xa0d08757dfe64a067b35b4da5f1b3edc0432d2b303fb1afd581e9b427c7e79af"
  },
  "stop_loss_price": 0.6075,
  "last_side_price": 0.435,
  "last_clob_bid": 0.79,
  "last_check_at": "2026-09-18T02:17:38.401464Z",
  "close_debug": [
    {
      "ts": "2026-09-18T02:17:43.086632Z",
      "attempt": 1,
      "order_type": "FAK",
      "status": "error",
      "close_skipped": ""
    },
    {
      "ts": "2026-09-18T02:17:46.580601Z",
      "attempt": 1,
      "order_type": "GTC",
      "status": "",
      "close_skipped": "",
      "limit_price": 0.79
    },
    {
      "ts": "2026-09-18T02:17:51.025998Z",
      "attempt": 2,
      "order_type": "FAK",
      "status": "skipped",
      "close_skipped": "zero_effective_shares"
    },
    {
      "ts": "2026-09-18T02:17:54.992406Z",
      "attempt": 3,
      "order_type": "FAK",
      "status": "skipped",
      "close_skipped": "zero_effective_shares"
    },
    {
      "ts": "2026-09-18T02:17:59.261935Z",
      "attempt": 4,
      "order_type": "FAK",
      "status": "skipped",
      "close_skipped": "zero_effective_shares"
    },
    {
      "ts": "2026-09-18T02:18:06.271124Z",
      "attempt": 5,
      "order_type": "FAK",
      "status": "skipped",
      "close_skipped": "zero_effective_shares"
    },
    {
      "ts": "2026-09-18T02:18:10.495022Z",
      "attempt": 6,
      "order_type": "FAK",
      "status": "skipped",
      "close_skipped": "zero_effective_shares"
    },
    {
      "ts": "2026-09-18T02:18:14.404741Z",
      "attempt": 7,
      "order_type": "FAK",
      "status": "skipped",
      "close_skipped": "zero_effective_shares"
    },
    {
      "ts": "2026-09-18T02:18:18.616415Z",
      "attempt": 8,
      "order_type": "FAK",
      "status": "skipped",
      "close_skipped": "zero_effective_shares"
    },
    {
      "ts": "2026-09-18T02:18:22.668075Z",
      "attempt": 9,
      "order_type": "FAK",
      "status": "skipped",
      "close_skipped": "zero_effective_shares"
    },
    {
      "ts": "2026-09-18T02:18:27.087046Z",
      "attempt": 10,
      "order_type": "FAK",
      "status": "skipped",
      "close_skipped": "zero_effective_shares"
    },
    {
      "ts": "2026-09-18T02:18:31.087532Z",
      "attempt": 11,
      "order_type": "FAK",
      "status": "skipped",
      "close_skipped": "zero_effective_shares"
    },
    {
      "ts": "2026-09-18T02:18:38.476678Z",
      "attempt": 12,
      "order_type": "FAK",
      "status": "skipped",
      "close_skipped": "zero_effective_shares"
    },
    {
      "ts": "2026-09-18T02:18:42.554060Z",
      "attempt": 13,
      "order_type": "FAK",
      "status": "skipped",
      "close_skipped": "zero_effective_shares"
    },
    {
      "ts": "2026-09-18T02:18:46.941513Z",
      "attempt": 14,
      "order_type": "FAK",
      "status": "skipped",
      "close_skipped": "zero_effective_shares"
    },
    {
      "ts": "2026-09-18T02:18:50.830745Z",
      "attempt": 15,
      "order_type": "FAK",
      "status": "skipped",
      "close_skipped": "zero_effective_shares"
    },
    {
      "ts": "2026-09-18T02:18:55.369130Z",
      "attempt": 16,
      "order_type": "FAK",
      "status": "skipped",
      "close_skipped": "zero_effective_shares"
    },
    {
      "ts": "2026-09-18T02:19:00.210963Z",
      "attempt": 17,
      "order_type": "FAK",
      "status": "skipped",
      "close_skipped": "zero_effective_shares"
    },
    {
      "ts": "2026-09-18T02:19:05.385622Z",
      "attempt": 18,
      "order_type": "FAK",
      "status": "skipped",
      "close_skipped": "zero_effective_shares"
    },
    {
      "ts": "2026-09-18T02:19:09.381280Z",
      "attempt": 19,
      "order_type": "FAK",
      "status": "skipped",
      "close_skipped": "zero_effective_shares"
    },
    {
      "ts": "2026-09-18T02:19:17.124154Z",
      "attempt": 20,
      "order_type": "FAK",
      "status": "skipped",
      "close_skipped": "zero_effective_shares"
    },
    {
      "ts": "2026-09-18T02:19:21.131515Z",
      "attempt": 21,
      "order_type": "FAK",
      "status": "skipped",
      "close_skipped": "zero_effective_shares"
    },
    {
      "ts": "2026-09-18T02:19:25.473733Z",
      "attempt": 22,
      "order_type": "FAK",
      "status": "skipped",
      "close_skipped": "zero_effective_shares"
    },
    {
      "ts": "2026-09-18T02:19:29.753406Z",
      "attempt": 23,
      "order_type": "FAK",
      "status": "skipped",
      "close_skipped": "zero_effective_shares"
    },
    {
      "ts": "2026-09-18T02:19:34.019841Z",
      "attempt": 24,
      "order_type": "FAK",
      "status": "skipped",
      "close_skipped": "zero_effective_shares"
    },
    {
      "ts": "2026-09-18T02:19:38.105969Z",
      "attempt": 25,
      "order_type": "FAK",
      "status": "skipped",
      "close_skipped": "zero_effective_shares"
    },
    {
      "ts": "2026-09-18T02:19:42.669016Z",
      "attempt": 26,
      "order_type": "FAK",
      "status": "skipped",
      "close_skipped": "zero_effective_shares"
    },
    {
      "ts": "2026-09-18T02:19:49.822102Z",
      "attempt": 27,
      "order_type": "FAK",
      "status": "skipped",
      "close_skipped": "zero_effective_shares"
    },
    {
      "ts": "2026-09-18T02:19:54.184895Z",
      "attempt": 28,
      "order_type": "FAK",
      "status": "skipped",
      "close_skipped": "zero_effective_shares"
    },
    {
      "ts": "2026-09-18T02:19:58.292420Z",
      "attempt": 29,
      "order_type": "FAK",
      "status": "skipped",
      "close_skipped": "zero_effective_shares"
    },
    {
      "ts": "2026-09-18T02:20:02.622603Z",
      "attempt": 30,
      "order_type": "FAK",
      "status": "skipped",
      "close_skipped": "zero_effective_shares"
    }
  ],
  "close_fallback": {
    "type": "GTC_LIMIT",
    "price": 0.79
  },
  "close_raw": "{\"mode\": \"close\", \"execute\": true, \"market_slug\": \"btc-updown-5m-1789697700\", \"token_id\": \"109936153464432310465367338560655715476779330730134796901827435022068142799616\", \"requested_shares\": 6.25, \"close_order_type\": \"FAK\", \"close_limit_price\": null, \"available_shares\": 0.0, \"sell_shares\": 6.25, \"close_skipped\": \"zero_effective_shares\", \"order_post_result\": {\"success\": false, \"status\": \"skipped\"}}\n\n[py_clob_client_v2] request error status=400 url=https://clob.polymarket.com/auth/api-key body={\"error\":\"Could not create api key\"}\n\n",
  "closed": {
    "close_reason": "stop_loss_25pct",
    "closed_at": "2026-09-18T02:20:04.622716Z",
    "close_success": false,
    "close_status": "skipped",
    "close_order_id": null,
    "close_tx": null,
    "close_shares": 0.0,
    "close_usdc": 0.0,
    "close_skipped": "zero_effective_shares"
  },
  "realized_cashflow_pnl_usdc": null,
  "finished_at": "2026-09-18T02:20:04.622761Z",
  "result": "done"
}
[2026-09-18T02:20:04Z] session_end rc=0 sessions=2 stake_usd=5
journal_ok trades=189 md=/home/yukeen/polymarketbot/5min-btc-polymarket/data/live_trades.md json=/home/yukeen/polymarketbot/5min-btc-polymarket/data/live_trades.json
[2026-09-18T02:21:43Z] fills=2/10 sessions=2/36
[py_clob_client_v2] request error status=400 url=https://clob.polymarket.com/auth/api-key body={"error":"Could not create api key"}

[2026-09-18T02:22:00Z] cash=423.168176
[2026-09-18T02:22:11Z] session_begin sessions=2 fills=2 stake_usd=5
[py_clob_client_v2] request error status=400 url=https://clob.polymarket.com/auth/api-key body={"error":"Could not create api key"}

{
  "started_at": "2026-09-18T02:22:11.899399Z",
  "params": {
    "profile": "conservative",
    "threshold": 0.7,
    "stake_usd": 5.0,
    "stop_loss_pct": 0.25,
    "exit_before_sec": 20,
    "min_entry_seconds_left": 90,
    "max_entry_seconds_left": 150,
    "entry_timeout_min": 20,
    "poll_sec": 2.0,
    "max_ask": 0.85,
    "expensive_ask": 0.8,
    "expensive_after_wins": 3,
    "clob_cut_bid": 0.4,
    "close_retry_max": 30,
    "close_retry_delay_sec": 2.0,
    "execute": true,
    "win_streak": 0
  },
  "attempts": [
    {
      "ts": "2026-09-18T02:22:12.224167Z",
      "slug": "btc-updown-5m-1789698000",
      "status": "skip_too_early_to_enter",
      "seconds_left": 167.77584147453308,
      "min_entry_seconds_left": 90,
      "max_entry_seconds_left": 150
    },
    {
      "ts": "2026-09-18T02:22:14.512627Z",
      "slug": "btc-updown-5m-1789698000",
      "status": "skip_too_early_to_enter",
      "seconds_left": 165.48738360404968,
      "min_entry_seconds_left": 90,
      "max_entry_seconds_left": 150
    },
    {
      "ts": "2026-09-18T02:22:16.810305Z",
      "slug": "btc-updown-5m-1789698000",
      "status": "skip_too_early_to_enter",
      "seconds_left": 163.1897110939026,
      "min_entry_seconds_left": 90,
      "max_entry_seconds_left": 150
    },
    {
      "ts": "2026-09-18T02:22:19.243098Z",
      "slug": "btc-updown-5m-1789698000",
      "status": "skip_too_early_to_enter",
      "seconds_left": 160.75690960884094,
      "min_entry_seconds_left": 90,
      "max_entry_seconds_left": 150
    },
    {
      "ts": "2026-09-18T02:22:21.554104Z",
      "slug": "btc-updown-5m-1789698000",
      "status": "skip_too_early_to_enter",
      "seconds_left": 158.4459044933319,
      "min_entry_seconds_left": 90,
      "max_entry_seconds_left": 150
    },
    {
      "ts": "2026-09-18T02:22:23.860805Z",
      "slug": "btc-updown-5m-1789698000",
      "status": "skip_too_early_to_enter",
      "seconds_left": 156.1392023563385,
      "min_entry_seconds_left": 90,
      "max_entry_seconds_left": 150
    },
    {
      "ts": "2026-09-18T02:22:26.333470Z",
      "slug": "btc-updown-5m-1789698000",
      "status": "skip_too_early_to_enter",
      "seconds_left": 153.66653776168823,
      "min_entry_seconds_left": 90,
      "max_entry_seconds_left": 150
    },
    {
      "ts": "2026-09-18T02:22:28.623704Z",
      "slug": "btc-updown-5m-1789698000",
      "status": "skip_too_early_to_enter",
      "seconds_left": 151.37630248069763,
      "min_entry_seconds_left": 90,
      "max_entry_seconds_left": 150
    },
    {
      "ts": "2026-09-18T02:22:31.642010Z",
      "slug": "btc-updown-5m-1789698000",
      "status": "heartbeat",
      "gamma_up": 0.365,
      "gamma_down": 0.635,
      "clob_up_ask": 0.69,
      "clob_down_ask": 0.32,
      "seconds_left": 149.1039412021637,
      "min_spread": 0.009999999999999898
    },
    {
      "ts": "2026-09-18T02:22:31.642039Z",
      "slug": "btc-updown-5m-1789698000",
      "status": "skip_price_below_threshold",
      "threshold": 0.7,
      "max_ask": 0.85,
      "win_streak": 0,
      "clob_up_ask": 0.69,
      "clob_down_ask": 0.32,
      "seconds_left": 149.1039412021637,
      "trigger_price": null
    },
    {
      "ts": "2026-09-18T02:22:34.635561Z",
      "slug": "btc-updown-5m-1789698000",
      "status": "heartbeat",
      "gamma_up": 0.365,
      "gamma_down": 0.635,
      "clob_up_ask": 0.72,
      "clob_down_ask": 0.29,
      "seconds_left": 145.98047399520874,
      "min_spread": 0.009999999999999953
    }
  ],
  "open_raw": "{\"mode\": \"open\", \"execute\": true, \"market_slug\": \"btc-updown-5m-1789698000\", \"force_side\": \"UP\", \"token_id\": \"4790427006705923950006714152012047784096917256153031327871712176467905296201\", \"entry_price\": 0.73, \"notional_usd\": 5.0, \"top_ask_notional_usd\": 365.5548, \"collateral_pusd\": 423.168176, \"order_post_result\": {\"errorMsg\": \"\", \"orderID\": \"0x59c789ac4977249f2867a6063134f9ee60abfdb50da2cadb366d57797fd0dda8\", \"takingAmount\": \"6.756757\", \"makingAmount\": \"5\", \"status\": \"matched\", \"transactionsHashes\": [\"0x72fa14720a10baae60bb3cd8c64ac24826c89f7eb7246016f13dd31ed7aa21b5\"], \"success\": true}}\n\n[py_clob_client_v2] request error status=400 url=https://clob.polymarket.com/auth/api-key body={\"error\":\"Could not create api key\"}\n\n",
  "opened": {
    "opened_at": "2026-09-18T02:22:39.451722Z",
    "market_slug": "btc-updown-5m-1789698000",
    "market_end_iso": "2026-09-18T02:25:00Z",
    "side": "UP",
    "token_id": "4790427006705923950006714152012047784096917256153031327871712176467905296201",
    "entry_price": 0.73,
    "shares": 6.756757,
    "cost_usdc": 5.0,
    "open_order_id": "0x59c789ac4977249f2867a6063134f9ee60abfdb50da2cadb366d57797fd0dda8",
    "open_tx": "0x72fa14720a10baae60bb3cd8c64ac24826c89f7eb7246016f13dd31ed7aa21b5"
  },
  "stop_loss_price": 0.5475,
  "last_side_price": 0.365,
  "last_clob_bid": 0.72,
  "last_check_at": "2026-09-18T02:22:40.145159Z",
  "close_debug": [
    {
      "ts": "2026-09-18T02:22:47.550005Z",
      "attempt": 1,
      "order_type": "FAK",
      "status": "error",
      "close_skipped": ""
    },
    {
      "ts": "2026-09-18T02:22:51.175095Z",
      "attempt": 1,
      "order_type": "GTC",
      "status": "",
      "close_skipped": "",
      "limit_price": 0.73
    },
    {
      "ts": "2026-09-18T02:22:54.843456Z",
      "attempt": 2,
      "order_type": "FAK",
      "status": "skipped",
      "close_skipped": "zero_effective_shares"
    },
    {
      "ts": "2026-09-18T02:22:58.491408Z",
      "attempt": 3,
      "order_type": "FAK",
      "status": "skipped",
      "close_skipped": "zero_effective_shares"
    },
    {
      "ts": "2026-09-18T02:23:02.166376Z",
      "attempt": 4,
      "order_type": "FAK",
      "status": "skipped",
      "close_skipped": "zero_effective_shares"
    },
    {
      "ts": "2026-09-18T02:23:05.769486Z",
      "attempt": 5,
      "order_type": "FAK",
      "status": "skipped",
      "close_skipped": "zero_effective_shares"
    },
    {
      "ts": "2026-09-18T02:23:09.465387Z",
      "attempt": 6,
      "order_type": "FAK",
      "status": "skipped",
      "close_skipped": "zero_effective_shares"
    },
    {
      "ts": "2026-09-18T02:23:13.020764Z",
      "attempt": 7,
      "order_type": "FAK",
      "status": "skipped",
      "close_skipped": "zero_effective_shares"
    },
    {
      "ts": "2026-09-18T02:23:16.612219Z",
      "attempt": 8,
      "order_type": "FAK",
      "status": "skipped",
      "close_skipped": "zero_effective_shares"
    },
    {
      "ts": "2026-09-18T02:23:23.213714Z",
      "attempt": 9,
      "order_type": "FAK",
      "status": "skipped",
      "close_skipped": "zero_effective_shares"
    },
    {
      "ts": "2026-09-18T02:23:26.814872Z",
      "attempt": 10,
      "order_type": "FAK",
      "status": "skipped",
      "close_skipped": "zero_effective_shares"
    },
    {
      "ts": "2026-09-18T02:23:30.436503Z",
      "attempt": 11,
      "order_type": "FAK",
      "status": "skipped",
      "close_skipped": "zero_effective_shares"
    },
    {
      "ts": "2026-09-18T02:23:34.082156Z",
      "attempt": 12,
      "order_type": "FAK",
      "status": "skipped",
      "close_skipped": "zero_effective_shares"
    },
    {
      "ts": "2026-09-18T02:23:37.669828Z",
      "attempt": 13,
      "order_type": "FAK",
      "status": "skipped",
      "close_skipped": "zero_effective_shares"
    },
    {
      "ts": "2026-09-18T02:23:41.350981Z",
      "attempt": 14,
      "order_type": "FAK",
      "status": "skipped",
      "close_skipped": "zero_effective_shares"
    },
    {
      "ts": "2026-09-18T02:23:45.029938Z",
      "attempt": 15,
      "order_type": "FAK",
      "status": "skipped",
      "close_skipped": "zero_effective_shares"
    },
    {
      "ts": "2026-09-18T02:23:48.714121Z",
      "attempt": 16,
      "order_type": "FAK",
      "status": "skipped",
      "close_skipped": "zero_effective_shares"
    },
    {
      "ts": "2026-09-18T02:23:52.318119Z",
      "attempt": 17,
      "order_type": "FAK",
      "status": "skipped",
      "close_skipped": "zero_effective_shares"
    },
    {
      "ts": "2026-09-18T02:23:58.902634Z",
      "attempt": 18,
      "order_type": "FAK",
      "status": "skipped",
      "close_skipped": "zero_effective_shares"
    },
    {
      "ts": "2026-09-18T02:24:02.609415Z",
      "attempt": 19,
      "order_type": "FAK",
      "status": "skipped",
      "close_skipped": "zero_effective_shares"
    },
    {
      "ts": "2026-09-18T02:24:06.213676Z",
      "attempt": 20,
      "order_type": "FAK",
      "status": "skipped",
      "close_skipped": "zero_effective_shares"
    },
    {
      "ts": "2026-09-18T02:24:09.864551Z",
      "attempt": 21,
      "order_type": "FAK",
      "status": "skipped",
      "close_skipped": "zero_effective_shares"
    },
    {
      "ts": "2026-09-18T02:24:13.565388Z",
      "attempt": 22,
      "order_type": "FAK",
      "status": "skipped",
      "close_skipped": "zero_effective_shares"
    },
    {
      "ts": "2026-09-18T02:24:17.169649Z",
      "attempt": 23,
      "order_type": "FAK",
      "status": "skipped",
      "close_skipped": "zero_effective_shares"
    },
    {
      "ts": "2026-09-18T02:24:20.842636Z",
      "attempt": 24,
      "order_type": "FAK",
      "status": "skipped",
      "close_skipped": "zero_effective_shares"
    },
    {
      "ts": "2026-09-18T02:24:24.414950Z",
      "attempt": 25,
      "order_type": "FAK",
      "status": "skipped",
      "close_skipped": "zero_effective_shares"
    },
    {
      "ts": "2026-09-18T02:24:28.014697Z",
      "attempt": 26,
      "order_type": "FAK",
      "status": "skipped",
      "close_skipped": "zero_effective_shares"
    },
    {
      "ts": "2026-09-18T02:24:34.655279Z",
      "attempt": 27,
      "order_type": "FAK",
      "status": "skipped",
      "close_skipped": "zero_effective_shares"
    },
    {
      "ts": "2026-09-18T02:24:38.342567Z",
      "attempt": 28,
      "order_type": "FAK",
      "status": "skipped",
      "close_skipped": "zero_effective_shares"
    },
    {
      "ts": "2026-09-18T02:24:41.964013Z",
      "attempt": 29,
      "order_type": "FAK",
      "status": "skipped",
      "close_skipped": "zero_effective_shares"
    },
    {
      "ts": "2026-09-18T02:24:45.619400Z",
      "attempt": 30,
      "order_type": "FAK",
      "status": "skipped",
      "close_skipped": "zero_effective_shares"
    }
  ],
  "close_fallback": {
    "type": "GTC_LIMIT",
    "price": 0.73
  },
  "close_raw": "{\"mode\": \"close\", \"execute\": true, \"market_slug\": \"btc-updown-5m-1789698000\", \"token_id\": \"4790427006705923950006714152012047784096917256153031327871712176467905296201\", \"requested_shares\": 6.756757, \"close_order_type\": \"FAK\", \"close_limit_price\": null, \"available_shares\": 0.006757, \"sell_shares\": 0.0067, \"close_skipped\": \"zero_effective_shares\", \"order_post_result\": {\"success\": false, \"status\": \"skipped\"}}\n\n[py_clob_client_v2] request error status=400 url=https://clob.polymarket.com/auth/api-key body={\"error\":\"Could not create api key\"}\n\n",
  "closed": {
    "close_reason": "stop_loss_25pct",
    "closed_at": "2026-09-18T02:24:47.619627Z",
    "close_success": false,
    "close_status": "skipped",
    "close_order_id": null,
    "close_tx": null,
    "close_shares": 0.0,
    "close_usdc": 0.0,
    "close_skipped": "zero_effective_shares"
  },
  "realized_cashflow_pnl_usdc": null,
  "finished_at": "2026-09-18T02:24:47.619686Z",
  "result": "done"
}
[2026-09-18T02:24:47Z] session_end rc=0 sessions=3 stake_usd=5
journal_ok trades=190 md=/home/yukeen/polymarketbot/5min-btc-polymarket/data/live_trades.md json=/home/yukeen/polymarketbot/5min-btc-polymarket/data/live_trades.json
[2026-09-18T02:26:28Z] fills=3/10 sessions=3/36
[py_clob_client_v2] request error status=400 url=https://clob.polymarket.com/auth/api-key body={"error":"Could not create api key"}

[2026-09-18T02:26:46Z] cash=423.051086
[2026-09-18T02:26:56Z] session_begin sessions=3 fills=3 stake_usd=5
[py_clob_client_v2] request error status=400 url=https://clob.polymarket.com/auth/api-key body={"error":"Could not create api key"}

{
  "started_at": "2026-09-18T02:26:57.483787Z",
  "params": {
    "profile": "conservative",
    "threshold": 0.7,
    "stake_usd": 5.0,
    "stop_loss_pct": 0.25,
    "exit_before_sec": 20,
    "min_entry_seconds_left": 90,
    "max_entry_seconds_left": 150,
    "entry_timeout_min": 20,
    "poll_sec": 2.0,
    "max_ask": 0.85,
    "expensive_ask": 0.8,
    "expensive_after_wins": 3,
    "clob_cut_bid": 0.4,
    "close_retry_max": 30,
    "close_retry_delay_sec": 2.0,
    "execute": true,
    "win_streak": 1
  },
  "attempts": [
    {
      "ts": "2026-09-18T02:26:57.775214Z",
      "slug": "btc-updown-5m-1789698300",
      "status": "skip_too_early_to_enter",
      "seconds_left": 182.22479724884033,
      "min_entry_seconds_left": 90,
      "max_entry_seconds_left": 150
    },
    {
      "ts": "2026-09-18T02:27:00.107493Z",
      "slug": "btc-updown-5m-1789698300",
      "status": "skip_too_early_to_enter",
      "seconds_left": 179.89251446723938,
      "min_entry_seconds_left": 90,
      "max_entry_seconds_left": 150
    },
    {
      "ts": "2026-09-18T02:27:02.417422Z",
      "slug": "btc-updown-5m-1789698300",
      "status": "skip_too_early_to_enter",
      "seconds_left": 177.58258390426636,
      "min_entry_seconds_left": 90,
      "max_entry_seconds_left": 150
    },
    {
      "ts": "2026-09-18T02:27:04.701610Z",
      "slug": "btc-updown-5m-1789698300",
      "status": "skip_too_early_to_enter",
      "seconds_left": 175.2983968257904,
      "min_entry_seconds_left": 90,
      "max_entry_seconds_left": 150
    },
    {
      "ts": "2026-09-18T02:27:06.981825Z",
      "slug": "btc-updown-5m-1789698300",
      "status": "skip_too_early_to_enter",
      "seconds_left": 173.0181782245636,
      "min_entry_seconds_left": 90,
      "max_entry_seconds_left": 150
    },
    {
      "ts": "2026-09-18T02:27:09.347013Z",
      "slug": "btc-updown-5m-1789698300",
      "status": "skip_too_early_to_enter",
      "seconds_left": 170.6529974937439,
      "min_entry_seconds_left": 90,
      "max_entry_seconds_left": 150
    },
    {
      "ts": "2026-09-18T02:27:11.630355Z",
      "slug": "btc-updown-5m-1789698300",
      "status": "skip_too_early_to_enter",
      "seconds_left": 168.36965250968933,
      "min_entry_seconds_left": 90,
      "max_entry_seconds_left": 150
    },
    {
      "ts": "2026-09-18T02:27:13.920315Z",
      "slug": "btc-updown-5m-1789698300",
      "status": "skip_too_early_to_enter",
      "seconds_left": 166.07968950271606,
      "min_entry_seconds_left": 90,
      "max_entry_seconds_left": 150
    },
    {
      "ts": "2026-09-18T02:27:16.212618Z",
      "slug": "btc-updown-5m-1789698300",
      "status": "skip_too_early_to_enter",
      "seconds_left": 163.78738641738892,
      "min_entry_seconds_left": 90,
      "max_entry_seconds_left": 150
    },
    {
      "ts": "2026-09-18T02:27:18.678127Z",
      "slug": "btc-updown-5m-1789698300",
      "status": "skip_too_early_to_enter",
      "seconds_left": 161.3218801021576,
      "min_entry_seconds_left": 90,
      "max_entry_seconds_left": 150
    },
    {
      "ts": "2026-09-18T02:27:20.986825Z",
      "slug": "btc-updown-5m-1789698300",
      "status": "skip_too_early_to_enter",
      "seconds_left": 159.0131814479828,
      "min_entry_seconds_left": 90,
      "max_entry_seconds_left": 150
    },
    {
      "ts": "2026-09-18T02:27:23.278097Z",
      "slug": "btc-updown-5m-1789698300",
      "status": "skip_too_early_to_enter",
      "seconds_left": 156.7219090461731,
      "min_entry_seconds_left": 90,
      "max_entry_seconds_left": 150
    },
    {
      "ts": "2026-09-18T02:27:25.565389Z",
      "slug": "btc-updown-5m-1789698300",
      "status": "skip_too_early_to_enter",
      "seconds_left": 154.43461561203003,
      "min_entry_seconds_left": 90,
      "max_entry_seconds_left": 150
    },
    {
      "ts": "2026-09-18T02:27:31.556782Z",
      "slug": "btc-updown-5m-1789698300",
      "status": "heartbeat",
      "gamma_up": 0.485,
      "gamma_down": 0.515,
      "clob_up_ask": 0.93,
      "clob_down_ask": 0.08,
      "seconds_left": 149.16487503051758,
      "min_spread": 0.009999999999999995
    },
    {
      "ts": "2026-09-18T02:27:31.556817Z",
      "slug": "btc-updown-5m-1789698300",
      "status": "skip_ask_too_expensive",
      "threshold": 0.7,
      "max_ask": 0.85,
      "win_streak": 1,
      "clob_up_ask": 0.93,
      "clob_down_ask": 0.08,
      "seconds_left": 149.16487503051758,
      "trigger_price": 0.93
    },
    {
      "ts": "2026-09-18T02:27:34.430242Z",
      "slug": "btc-updown-5m-1789698300",
      "status": "heartbeat",
      "gamma_up": 0.485,
      "gamma_down": 0.515,
      "clob_up_ask": 0.95,
      "clob_down_ask": 0.06,
      "seconds_left": 146.16125655174255,
      "min_spread": 0.009999999999999995
    },
    {
      "ts": "2026-09-18T02:27:34.430278Z",
      "slug": "btc-updown-5m-1789698300",
      "status": "skip_ask_too_expensive",
      "threshold": 0.7,
      "max_ask": 0.85,
      "win_streak": 1,
      "clob_up_ask": 0.95,
      "clob_down_ask": 0.06,
      "seconds_left": 146.16125655174255,
      "trigger_price": 0.95
    },
    {
      "ts": "2026-09-18T02:27:37.317118Z",
      "slug": "btc-updown-5m-1789698300",
      "status": "heartbeat",
      "gamma_up": 0.485,
      "gamma_down": 0.515,
      "clob_up_ask": 0.95,
      "clob_down_ask": 0.06,
      "seconds_left": 143.27380442619324,
      "min_spread": 0.009999999999999995
    },
    {
      "ts": "2026-09-18T02:27:37.317146Z",
      "slug": "btc-updown-5m-1789698300",
      "status": "skip_ask_too_expensive",
      "threshold": 0.7,
      "max_ask": 0.85,
      "win_streak": 1,
      "clob_up_ask": 0.95,
      "clob_down_ask": 0.06,
      "seconds_left": 143.27380442619324,
      "trigger_price": 0.95
    },
    {
      "ts": "2026-09-18T02:27:40.288752Z",
      "slug": "btc-updown-5m-1789698300",
      "status": "heartbeat",
      "gamma_up": 0.485,
      "gamma_down": 0.515,
      "clob_up_ask": 0.96,
      "clob_down_ask": 0.05,
      "seconds_left": 140.31010484695435,
      "min_spread": 0.010000000000000002
    },
    {
      "ts": "2026-09-18T02:27:40.288788Z",
      "slug": "btc-updown-5m-1789698300",
      "status": "skip_ask_too_expensive",
      "threshold": 0.7,
      "max_ask": 0.85,
      "win_streak": 1,
      "clob_up_ask": 0.96,
      "clob_down_ask": 0.05,
      "seconds_left": 140.31010484695435,
      "trigger_price": 0.96
    },
    {
      "ts": "2026-09-18T02:27:43.250227Z",
      "slug": "btc-updown-5m-1789698300",
      "status": "heartbeat",
      "gamma_up": 0.485,
      "gamma_down": 0.515,
      "clob_up_ask": 0.97,
      "clob_down_ask": 0.04,
      "seconds_left": 137.3522822856903,
      "min_spread": 0.010000000000000002
    },
    {
      "ts": "2026-09-18T02:27:43.250254Z",
      "slug": "btc-updown-5m-1789698300",
      "status": "skip_ask_too_expensive",
      "threshold": 0.7,
      "max_ask": 0.85,
      "win_streak": 1,
      "clob_up_ask": 0.97,
      "clob_down_ask": 0.04,
      "seconds_left": 137.3522822856903,
      "trigger_price": 0.97
    },
    {
      "ts": "2026-09-18T02:27:46.240802Z",
      "slug": "btc-updown-5m-1789698300",
      "status": "heartbeat",
      "gamma_up": 0.485,
      "gamma_down": 0.515,
      "clob_up_ask": 0.97,
      "clob_down_ask": 0.04,
      "seconds_left": 134.35220432281494,
      "min_spread": 0.010000000000000002
    },
    {
      "ts": "2026-09-18T02:27:46.240835Z",
      "slug": "btc-updown-5m-1789698300",
      "status": "skip_ask_too_expensive",
      "threshold": 0.7,
      "max_ask": 0.85,
      "win_streak": 1,
      "clob_up_ask": 0.97,
      "clob_down_ask": 0.04,
      "seconds_left": 134.35220432281494,
      "trigger_price": 0.97
    },
    {
      "ts": "2026-09-18T02:27:49.263883Z",
      "slug": "btc-updown-5m-1789698300",
      "status": "heartbeat",
      "gamma_up": 0.485,
      "gamma_down": 0.515,
      "clob_up_ask": 0.97,
      "clob_down_ask": 0.04,
      "seconds_left": 131.34919118881226,
      "min_spread": 0.010000000000000002
    },
    {
      "ts": "2026-09-18T02:27:49.263913Z",
      "slug": "btc-updown-5m-1789698300",
      "status": "skip_ask_too_expensive",
      "threshold": 0.7,
      "max_ask": 0.85,
      "win_streak": 1,
      "clob_up_ask": 0.97,
      "clob_down_ask": 0.04,
      "seconds_left": 131.34919118881226,
      "trigger_price": 0.97
    },
    {
      "ts": "2026-09-18T02:27:52.289592Z",
      "slug": "btc-updown-5m-1789698300",
      "status": "heartbeat",
      "gamma_up": 0.485,
      "gamma_down": 0.515,
      "clob_up_ask": null,
      "clob_down_ask": 0.01,
      "seconds_left": 128.32116103172302,
      "min_spread": null
    },
    {
      "ts": "2026-09-18T02:27:52.289618Z",
      "slug": "btc-updown-5m-1789698300",
      "status": "skip_price_below_threshold",
      "threshold": 0.7,
      "max_ask": 0.85,
      "win_streak": 1,
      "clob_up_ask": null,
      "clob_down_ask": 0.01,
      "seconds_left": 128.32116103172302,
      "trigger_price": null
    },
    {
      "ts": "2026-09-18T02:27:55.174080Z",
      "slug": "btc-updown-5m-1789698300",
      "status": "heartbeat",
      "gamma_up": 0.485,
      "gamma_down": 0.515,
      "clob_up_ask": null,
      "clob_down_ask": 0.01,
      "seconds_left": 125.42132353782654,
      "min_spread": null
    },
    {
      "ts": "2026-09-18T02:27:55.174096Z",
      "slug": "btc-updown-5m-1789698300",
      "status": "skip_price_below_threshold",
      "threshold": 0.7,
      "max_ask": 0.85,
      "win_streak": 1,
      "clob_up_ask": null,
      "clob_down_ask": 0.01,
      "seconds_left": 125.42132353782654,
      "trigger_price": null
    },
    {
      "ts": "2026-09-18T02:27:58.065134Z",
      "slug": "btc-updown-5m-1789698300",
      "status": "heartbeat",
      "gamma_up": 0.485,
      "gamma_down": 0.515,
      "clob_up_ask": null,
      "clob_down_ask": 0.01,
      "seconds_left": 122.54724931716919,
      "min_spread": null
    },
    {
      "ts": "2026-09-18T02:27:58.065157Z",
      "slug": "btc-updown-5m-1789698300",
      "status": "skip_price_below_threshold",
      "threshold": 0.7,
      "max_ask": 0.85,
      "win_streak": 1,
      "clob_up_ask": null,
      "clob_down_ask": 0.01,
      "seconds_left": 122.54724931716919,
      "trigger_price": null
    },
    {
      "ts": "2026-09-18T02:28:00.968058Z",
      "slug": "btc-updown-5m-1789698300",
      "status": "heartbeat",
      "gamma_up": 0.485,
      "gamma_down": 0.515,
      "clob_up_ask": null,
      "clob_down_ask": 0.01,
      "seconds_left": 119.65474510192871,
      "min_spread": null
    },
    {
      "ts": "2026-09-18T02:28:00.968078Z",
      "slug": "btc-updown-5m-1789698300",
      "status": "skip_price_below_threshold",
      "threshold": 0.7,
      "max_ask": 0.85,
      "win_streak": 1,
      "clob_up_ask": null,
      "clob_down_ask": 0.01,
      "seconds_left": 119.65474510192871,
      "trigger_price": null
    },
    {
      "ts": "2026-09-18T02:28:06.886259Z",
      "slug": "btc-updown-5m-1789698300",
      "status": "heartbeat",
      "gamma_up": 0.485,
      "gamma_down": 0.515,
      "clob_up_ask": null,
      "clob_down_ask": 0.01,
      "seconds_left": 113.7192862033844,
      "min_spread": null
    },
    {
      "ts": "2026-09-18T02:28:06.886273Z",
      "slug": "btc-updown-5m-1789698300",
      "status": "skip_price_below_threshold",
      "threshold": 0.7,
      "max_ask": 0.85,
      "win_streak": 1,
      "clob_up_ask": null,
      "clob_down_ask": 0.01,
      "seconds_left": 113.7192862033844,
      "trigger_price": null
    },
    {
      "ts": "2026-09-18T02:28:09.753940Z",
      "slug": "btc-updown-5m-1789698300",
      "status": "heartbeat",
      "gamma_up": 0.485,
      "gamma_down": 0.515,
      "clob_up_ask": null,
      "clob_down_ask": 0.01,
      "seconds_left": 110.83384275436401,
      "min_spread": null
    },
    {
      "ts": "2026-09-18T02:28:09.753954Z",
      "slug": "btc-updown-5m-1789698300",
      "status": "skip_price_below_threshold",
      "threshold": 0.7,
      "max_ask": 0.85,
      "win_streak": 1,
      "clob_up_ask": null,
      "clob_down_ask": 0.01,
      "seconds_left": 110.83384275436401,
      "trigger_price": null
    },
    {
      "ts": "2026-09-18T02:28:12.666192Z",
      "slug": "btc-updown-5m-1789698300",
      "status": "heartbeat",
      "gamma_up": 0.485,
      "gamma_down": 0.515,
      "clob_up_ask": null,
      "clob_down_ask": 0.01,
      "seconds_left": 107.93079447746277,
      "min_spread": null
    },
    {
      "ts": "2026-09-18T02:28:12.666207Z",
      "slug": "btc-updown-5m-1789698300",
      "status": "skip_price_below_threshold",
      "threshold": 0.7,
      "max_ask": 0.85,
      "win_streak": 1,
      "clob_up_ask": null,
      "clob_down_ask": 0.01,
      "seconds_left": 107.93079447746277,
      "trigger_price": null
    },
    {
      "ts": "2026-09-18T02:28:15.572181Z",
      "slug": "btc-updown-5m-1789698300",
      "status": "heartbeat",
      "gamma_up": 0.485,
      "gamma_down": 0.515,
      "clob_up_ask": null,
      "clob_down_ask": 0.01,
      "seconds_left": 105.00130724906921,
      "min_spread": null
    },
    {
      "ts": "2026-09-18T02:28:15.572210Z",
      "slug": "btc-updown-5m-1789698300",
      "status": "skip_price_below_threshold",
      "threshold": 0.7,
      "max_ask": 0.85,
      "win_streak": 1,
      "clob_up_ask": null,
      "clob_down_ask": 0.01,
      "seconds_left": 105.00130724906921,
      "trigger_price": null
    },
    {
      "ts": "2026-09-18T02:28:18.469526Z",
      "slug": "btc-updown-5m-1789698300",
      "status": "heartbeat",
      "gamma_up": 0.485,
      "gamma_down": 0.515,
      "clob_up_ask": null,
      "clob_down_ask": 0.01,
      "seconds_left": 102.12900829315186,
      "min_spread": null
    },
    {
      "ts": "2026-09-18T02:28:18.469552Z",
      "slug": "btc-updown-5m-1789698300",
      "status": "skip_price_below_threshold",
      "threshold": 0.7,
      "max_ask": 0.85,
      "win_streak": 1,
      "clob_up_ask": null,
      "clob_down_ask": 0.01,
      "seconds_left": 102.12900829315186,
      "trigger_price": null
    },
    {
      "ts": "2026-09-18T02:28:21.436563Z",
      "slug": "btc-updown-5m-1789698300",
      "status": "heartbeat",
      "gamma_up": 0.485,
      "gamma_down": 0.515,
      "clob_up_ask": null,
      "clob_down_ask": 0.01,
      "seconds_left": 99.20645141601562,
      "min_spread": null
    },
    {
      "ts": "2026-09-18T02:28:21.436578Z",
      "slug": "btc-updown-5m-1789698300",
      "status": "skip_price_below_threshold",
      "threshold": 0.7,
      "max_ask": 0.85,
      "win_streak": 1,
      "clob_up_ask": null,
      "clob_down_ask": 0.01,
      "seconds_left": 99.20645141601562,
      "trigger_price": null
    },
    {
      "ts": "2026-09-18T02:28:24.475554Z",
      "slug": "btc-updown-5m-1789698300",
      "status": "heartbeat",
      "gamma_up": 0.485,
      "gamma_down": 0.515,
      "clob_up_ask": null,
      "clob_down_ask": 0.01,
      "seconds_left": 96.22509002685547,
      "min_spread": null
    },
    {
      "ts": "2026-09-18T02:28:24.475568Z",
      "slug": "btc-updown-5m-1789698300",
      "status": "skip_price_below_threshold",
      "threshold": 0.7,
      "max_ask": 0.85,
      "win_streak": 1,
      "clob_up_ask": null,
      "clob_down_ask": 0.01,
      "seconds_left": 96.22509002685547,
      "trigger_price": null
    },
    {
      "ts": "2026-09-18T02:28:27.426300Z",
      "slug": "btc-updown-5m-1789698300",
      "status": "heartbeat",
      "gamma_up": 0.485,
      "gamma_down": 0.515,
      "clob_up_ask": null,
      "clob_down_ask": 0.01,
      "seconds_left": 93.19910478591919,
      "min_spread": null
    },
    {
      "ts": "2026-09-18T02:28:27.426326Z",
      "slug": "btc-updown-5m-1789698300",
      "status": "skip_price_below_threshold",
      "threshold": 0.7,
      "max_ask": 0.85,
      "win_streak": 1,
      "clob_up_ask": null,
      "clob_down_ask": 0.01,
      "seconds_left": 93.19910478591919,
      "trigger_price": null
    },
    {
      "ts": "2026-09-18T02:28:30.394092Z",
      "slug": "btc-updown-5m-1789698300",
      "status": "heartbeat",
      "gamma_up": 0.485,
      "gamma_down": 0.515,
      "clob_up_ask": null,
      "clob_down_ask": 0.01,
      "seconds_left": 90.2503776550293,
      "min_spread": null
    },
    {
      "ts": "2026-09-18T02:28:30.394119Z",
      "slug": "btc-updown-5m-1789698300",
      "status": "skip_price_below_threshold",
      "threshold": 0.7,
      "max_ask": 0.85,
      "win_streak": 1,
      "clob_up_ask": null,
      "clob_down_ask": 0.01,
      "seconds_left": 90.2503776550293,
      "trigger_price": null
    },
    {
      "ts": "2026-09-18T02:28:32.685293Z",
      "slug": "btc-updown-5m-1789698300",
      "status": "skip_too_late_to_enter",
      "seconds_left": 87.31475687026978,
      "min_entry_seconds_left": 90,
      "max_entry_seconds_left": 150
    },
    {
      "ts": "2026-09-18T02:28:35.018048Z",
      "slug": "btc-updown-5m-1789698300",
      "status": "skip_too_late_to_enter",
      "seconds_left": 84.9819598197937,
      "min_entry_seconds_left": 90,
      "max_entry_seconds_left": 150
    },
    {
      "ts": "2026-09-18T02:28:37.355085Z",
      "slug": "btc-updown-5m-1789698300",
      "status": "skip_too_late_to_enter",
      "seconds_left": 82.64492344856262,
      "min_entry_seconds_left": 90,
      "max_entry_seconds_left": 150
    },
    {
      "ts": "2026-09-18T02:28:42.577561Z",
      "slug": "btc-updown-5m-1789698300",
      "status": "skip_too_late_to_enter",
      "seconds_left": 77.42245745658875,
      "min_entry_seconds_left": 90,
      "max_entry_seconds_left": 150
    },
    {
      "ts": "2026-09-18T02:28:44.935543Z",
      "slug": "btc-updown-5m-1789698300",
      "status": "skip_too_late_to_enter",
      "seconds_left": 75.06446242332458,
      "min_entry_seconds_left": 90,
      "max_entry_seconds_left": 150
    },
    {
      "ts": "2026-09-18T02:28:47.358776Z",
      "slug": "btc-updown-5m-1789698300",
      "status": "skip_too_late_to_enter",
      "seconds_left": 72.64123201370239,
      "min_entry_seconds_left": 90,
      "max_entry_seconds_left": 150
    },
    {
      "ts": "2026-09-18T02:28:49.638327Z",
      "slug": "btc-updown-5m-1789698300",
      "status": "skip_too_late_to_enter",
      "seconds_left": 70.36168003082275,
      "min_entry_seconds_left": 90,
      "max_entry_seconds_left": 150
    },
    {
      "ts": "2026-09-18T02:28:51.957882Z",
      "slug": "btc-updown-5m-1789698300",
      "status": "skip_too_late_to_enter",
      "seconds_left": 68.04212975502014,
      "min_entry_seconds_left": 90,
      "max_entry_seconds_left": 150
    },
    {
      "ts": "2026-09-18T02:28:54.257320Z",
      "slug": "btc-updown-5m-1789698300",
      "status": "skip_too_late_to_enter",
      "seconds_left": 65.74268817901611,
      "min_entry_seconds_left": 90,
      "max_entry_seconds_left": 150
    },
    {
      "ts": "2026-09-18T02:28:56.553961Z",
      "slug": "btc-updown-5m-1789698300",
      "status": "skip_too_late_to_enter",
      "seconds_left": 63.446043252944946,
      "min_entry_seconds_left": 90,
      "max_entry_seconds_left": 150
    },
    {
      "ts": "2026-09-18T02:28:58.828360Z",
      "slug": "btc-updown-5m-1789698300",
      "status": "skip_too_late_to_enter",
      "seconds_left": 61.17164850234985,
      "min_entry_seconds_left": 90,
      "max_entry_seconds_left": 150
    },
    {
      "ts": "2026-09-18T02:29:01.282805Z",
      "slug": "btc-updown-5m-1789698300",
      "status": "skip_too_late_to_enter",
      "seconds_left": 58.71720218658447,
      "min_entry_seconds_left": 90,
      "max_entry_seconds_left": 150
    },
    {
      "ts": "2026-09-18T02:29:03.564602Z",
      "slug": "btc-updown-5m-1789698300",
      "status": "skip_too_late_to_enter",
      "seconds_left": 56.435405254364014,
      "min_entry_seconds_left": 90,
      "max_entry_seconds_left": 150
    },
    {
      "ts": "2026-09-18T02:29:05.872611Z",
      "slug": "btc-updown-5m-1789698300",
      "status": "skip_too_late_to_enter",
      "seconds_left": 54.12739586830139,
      "min_entry_seconds_left": 90,
      "max_entry_seconds_left": 150
    },
    {
      "ts": "2026-09-18T02:29:08.201395Z",
      "slug": "btc-updown-5m-1789698300",
      "status": "skip_too_late_to_enter",
      "seconds_left": 51.7986114025116,
      "min_entry_seconds_left": 90,
      "max_entry_seconds_left": 150
    },
    {
      "ts": "2026-09-18T02:29:10.528884Z",
      "slug": "btc-updown-5m-1789698300",
      "status": "skip_too_late_to_enter",
      "seconds_left": 49.47112321853638,
      "min_entry_seconds_left": 90,
      "max_entry_seconds_left": 150
    },
    {
      "ts": "2026-09-18T02:29:12.834450Z",
      "slug": "btc-updown-5m-1789698300",
      "status": "skip_too_late_to_enter",
      "seconds_left": 47.16555666923523,
      "min_entry_seconds_left": 90,
      "max_entry_seconds_left": 150
    },
    {
      "ts": "2026-09-18T02:29:18.125545Z",
      "slug": "btc-updown-5m-1789698300",
      "status": "skip_too_late_to_enter",
      "seconds_left": 41.87446141242981,
      "min_entry_seconds_left": 90,
      "max_entry_seconds_left": 150
    },
    {
      "ts": "2026-09-18T02:29:20.412666Z",
      "slug": "btc-updown-5m-1789698300",
      "status": "skip_too_late_to_enter",
      "seconds_left": 39.58734130859375,
      "min_entry_seconds_left": 90,
      "max_entry_seconds_left": 150
    },
    {
      "ts": "2026-09-18T02:29:22.703044Z",
      "slug": "btc-updown-5m-1789698300",
      "status": "skip_too_late_to_enter",
      "seconds_left": 37.29696321487427,
      "min_entry_seconds_left": 90,
      "max_entry_seconds_left": 150
    },
    {
      "ts": "2026-09-18T02:29:25.014084Z",
      "slug": "btc-updown-5m-1789698300",
      "status": "skip_too_late_to_enter",
      "seconds_left": 34.98592281341553,
      "min_entry_seconds_left": 90,
      "max_entry_seconds_left": 150
    },
    {
      "ts": "2026-09-18T02:29:27.294667Z",
      "slug": "btc-updown-5m-1789698300",
      "status": "skip_too_late_to_enter",
      "seconds_left": 32.70534110069275,
      "min_entry_seconds_left": 90,
      "max_entry_seconds_left": 150
    },
    {
      "ts": "2026-09-18T02:29:29.588030Z",
      "slug": "btc-updown-5m-1789698300",
      "status": "skip_too_late_to_enter",
      "seconds_left": 30.411977291107178,
      "min_entry_seconds_left": 90,
      "max_entry_seconds_left": 150
    },
    {
      "ts": "2026-09-18T02:29:31.879383Z",
      "slug": "btc-updown-5m-1789698300",
      "status": "skip_too_late_to_enter",
      "seconds_left": 28.120624780654907,
      "min_entry_seconds_left": 90,
      "max_entry_seconds_left": 150
    },
    {
      "ts": "2026-09-18T02:29:34.162798Z",
      "slug": "btc-updown-5m-1789698300",
      "status": "skip_too_late_to_enter",
      "seconds_left": 25.837209939956665,
      "min_entry_seconds_left": 90,
      "max_entry_seconds_left": 150
    },
    {
      "ts": "2026-09-18T02:29:36.467219Z",
      "slug": "btc-updown-5m-1789698300",
      "status": "skip_too_late_to_enter",
      "seconds_left": 23.532785654067993,
      "min_entry_seconds_left": 90,
      "max_entry_seconds_left": 150
    },
    {
      "ts": "2026-09-18T02:29:38.804350Z",
      "slug": "btc-updown-5m-1789698300",
      "status": "skip_too_late_to_enter",
      "seconds_left": 21.19565773010254,
      "min_entry_seconds_left": 90,
      "max_entry_seconds_left": 150
    },
    {
      "ts": "2026-09-18T02:29:41.187731Z",
      "slug": "btc-updown-5m-1789698300",
      "status": "skip_too_late_to_enter",
      "seconds_left": 18.812278747558594,
      "min_entry_seconds_left": 90,
      "max_entry_seconds_left": 150
    },
    {
      "ts": "2026-09-18T02:29:43.497700Z",
      "slug": "btc-updown-5m-1789698300",
      "status": "skip_too_late_to_enter",
      "seconds_left": 16.502307891845703,
      "min_entry_seconds_left": 90,
      "max_entry_seconds_left": 150
    },
    {
      "ts": "2026-09-18T02:29:46.042702Z",
      "slug": "btc-updown-5m-1789698300",
      "status": "skip_too_late_to_enter",
      "seconds_left": 13.957305192947388,
      "min_entry_seconds_left": 90,
      "max_entry_seconds_left": 150
    },
    {
      "ts": "2026-09-18T02:29:48.351958Z",
      "slug": "btc-updown-5m-1789698300",
      "status": "skip_too_late_to_enter",
      "seconds_left": 11.648049592971802,
      "min_entry_seconds_left": 90,
      "max_entry_seconds_left": 150
    },
    {
      "ts": "2026-09-18T02:29:53.657828Z",
      "slug": "btc-updown-5m-1789698300",
      "status": "skip_too_late_to_enter",
      "seconds_left": 6.342179536819458,
      "min_entry_seconds_left": 90,
      "max_entry_seconds_left": 150
    },
    {
      "ts": "2026-09-18T02:29:55.991061Z",
      "status": "heartbeat_no_current_market"
    },
    {
      "ts": "2026-09-18T02:29:58.273295Z",
      "status": "heartbeat_no_current_market"
    },
    {
      "ts": "2026-09-18T02:30:00.570383Z",
      "slug": "btc-updown-5m-1789698600",
      "status": "skip_too_early_to_enter",
      "seconds_left": 299.42962408065796,
      "min_entry_seconds_left": 90,
      "max_entry_seconds_left": 150
    },
    {
      "ts": "2026-09-18T02:30:02.874658Z",
      "slug": "btc-updown-5m-1789698600",
      "status": "skip_too_early_to_enter",
      "seconds_left": 297.12534523010254,
      "min_entry_seconds_left": 90,
      "max_entry_seconds_left": 150
    },
    {
      "ts": "2026-09-18T02:30:05.165645Z",
      "slug": "btc-updown-5m-1789698600",
      "status": "skip_too_early_to_enter",
      "seconds_left": 294.8343620300293,
      "min_entry_seconds_left": 90,
      "max_entry_seconds_left": 150
    },
    {
      "ts": "2026-09-18T02:30:07.441237Z",
      "slug": "btc-updown-5m-1789698600",
      "status": "skip_too_early_to_enter",
      "seconds_left": 292.5587704181671,
      "min_entry_seconds_left": 90,
      "max_entry_seconds_left": 150
    },
    {
      "ts": "2026-09-18T02:30:09.745864Z",
      "slug": "btc-updown-5m-1789698600",
      "status": "skip_too_early_to_enter",
      "seconds_left": 290.25414419174194,
      "min_entry_seconds_left": 90,
      "max_entry_seconds_left": 150
    },
    {
      "ts": "2026-09-18T02:30:12.026052Z",
      "slug": "btc-updown-5m-1789698600",
      "status": "skip_too_early_to_enter",
      "seconds_left": 287.97395420074463,
      "min_entry_seconds_left": 90,
      "max_entry_seconds_left": 150
    },
    {
      "ts": "2026-09-18T02:30:14.314369Z",
      "slug": "btc-updown-5m-1789698600",
      "status": "skip_too_early_to_enter",
      "seconds_left": 285.68563532829285,
      "min_entry_seconds_left": 90,
      "max_entry_seconds_left": 150
    },
    {
      "ts": "2026-09-18T02:30:16.687583Z",
      "slug": "btc-updown-5m-1789698600",
      "status": "skip_too_early_to_enter",
      "seconds_left": 283.3124237060547,
      "min_entry_seconds_left": 90,
      "max_entry_seconds_left": 150
    },
    {
      "ts": "2026-09-18T02:30:19.228780Z",
      "slug": "btc-updown-5m-1789698600",
      "status": "skip_too_early_to_enter",
      "seconds_left": 280.771226644516,
      "min_entry_seconds_left": 90,
      "max_entry_seconds_left": 150
    },
    {
      "ts": "2026-09-18T02:30:21.533962Z",
      "slug": "btc-updown-5m-1789698600",
      "status": "skip_too_early_to_enter",
      "seconds_left": 278.46604442596436,
      "min_entry_seconds_left": 90,
      "max_entry_seconds_left": 150
    },
    {
      "ts": "2026-09-18T02:30:23.827577Z",
      "slug": "btc-updown-5m-1789698600",
      "status": "skip_too_early_to_enter",
      "seconds_left": 276.17242980003357,
      "min_entry_seconds_left": 90,
      "max_entry_seconds_left": 150
    },
    {
      "ts": "2026-09-18T02:30:29.048535Z",
      "slug": "btc-updown-5m-1789698600",
      "status": "skip_too_early_to_enter",
      "seconds_left": 270.95147347450256,
      "min_entry_seconds_left": 90,
      "max_entry_seconds_left": 150
    },
    {
      "ts": "2026-09-18T02:30:31.406020Z",
      "slug": "btc-updown-5m-1789698600",
      "status": "skip_too_early_to_enter",
      "seconds_left": 268.5939872264862,
      "min_entry_seconds_left": 90,
      "max_entry_seconds_left": 150
    },
    {
      "ts": "2026-09-18T02:30:33.709829Z",
      "slug": "btc-updown-5m-1789698600",
      "status": "skip_too_early_to_enter",
      "seconds_left": 266.29017424583435,
      "min_entry_seconds_left": 90,
      "max_entry_seconds_left": 150
    },
    {
      "ts": "2026-09-18T02:30:36.011029Z",
      "slug": "btc-updown-5m-1789698600",
      "status": "skip_too_early_to_enter",
      "seconds_left": 263.98897886276245,
      "min_entry_seconds_left": 90,
      "max_entry_seconds_left": 150
    },
    {
      "ts": "2026-09-18T02:30:38.437928Z",
      "slug": "btc-updown-5m-1789698600",
      "status": "skip_too_early_to_enter",
      "seconds_left": 261.5620801448822,
      "min_entry_seconds_left": 90,
      "max_entry_seconds_left": 150
    },
    {
      "ts": "2026-09-18T02:30:40.722584Z",
      "slug": "btc-updown-5m-1789698600",
      "status": "skip_too_early_to_enter",
      "seconds_left": 259.2774238586426,
      "min_entry_seconds_left": 90,
      "max_entry_seconds_left": 150
    },
    {
      "ts": "2026-09-18T02:30:42.993844Z",
      "slug": "btc-updown-5m-1789698600",
      "status": "skip_too_early_to_enter",
      "seconds_left": 257.0061628818512,
      "min_entry_seconds_left": 90,
      "max_entry_seconds_left": 150
    },
    {
      "ts": "2026-09-18T02:30:45.278072Z",
      "slug": "btc-updown-5m-1789698600",
      "status": "skip_too_early_to_enter",
      "seconds_left": 254.72193551063538,
      "min_entry_seconds_left": 90,
      "max_entry_seconds_left": 150
    },
    {
      "ts": "2026-09-18T02:30:47.602799Z",
      "slug": "btc-updown-5m-1789698600",
      "status": "skip_too_early_to_enter",
      "seconds_left": 252.39720797538757,
      "min_entry_seconds_left": 90,
      "max_entry_seconds_left": 150
    },
    {
      "ts": "2026-09-18T02:30:49.891853Z",
      "slug": "btc-updown-5m-1789698600",
      "status": "skip_too_early_to_enter",
      "seconds_left": 250.10815382003784,
      "min_entry_seconds_left": 90,
      "max_entry_seconds_left": 150
    },
    {
      "ts": "2026-09-18T02:30:52.194343Z",
      "slug": "btc-updown-5m-1789698600",
      "status": "skip_too_early_to_enter",
      "seconds_left": 247.8056652545929,
      "min_entry_seconds_left": 90,
      "max_entry_seconds_left": 150
    },
    {
      "ts": "2026-09-18T02:30:54.541712Z",
      "slug": "btc-updown-5m-1789698600",
      "status": "skip_too_early_to_enter",
      "seconds_left": 245.45829558372498,
      "min_entry_seconds_left": 90,
      "max_entry_seconds_left": 150
    },
    {
      "ts": "2026-09-18T02:30:56.835610Z",
      "slug": "btc-updown-5m-1789698600",
      "status": "skip_too_early_to_enter",
      "seconds_left": 243.1643967628479,
      "min_entry_seconds_left": 90,
      "max_entry_seconds_left": 150
    },
    {
      "ts": "2026-09-18T02:30:59.257818Z",
      "slug": "btc-updown-5m-1789698600",
      "status": "skip_too_early_to_enter",
      "seconds_left": 240.74223017692566,
      "min_entry_seconds_left": 90,
      "max_entry_seconds_left": 150
    },
    {
      "ts": "2026-09-18T02:31:04.591303Z",
      "slug": "btc-updown-5m-1789698600",
      "status": "skip_too_early_to_enter",
      "seconds_left": 235.40870332717896,
      "min_entry_seconds_left": 90,
      "max_entry_seconds_left": 150
    },
    {
      "ts": "2026-09-18T02:31:06.880170Z",
      "slug": "btc-updown-5m-1789698600",
      "status": "skip_too_early_to_enter",
      "seconds_left": 233.11983704566956,
      "min_entry_seconds_left": 90,
      "max_entry_seconds_left": 150
    },
    {
      "ts": "2026-09-18T02:31:09.197275Z",
      "slug": "btc-updown-5m-1789698600",
      "status": "skip_too_early_to_enter",
      "seconds_left": 230.8027286529541,
      "min_entry_seconds_left": 90,
      "max_entry_seconds_left": 150
    },
    {
      "ts": "2026-09-18T02:31:11.674120Z",
      "slug": "btc-updown-5m-1789698600",
      "status": "skip_too_early_to_enter",
      "seconds_left": 228.32588958740234,
      "min_entry_seconds_left": 90,
      "max_entry_seconds_left": 150
    },
    {
      "ts": "2026-09-18T02:31:13.961675Z",
      "slug": "btc-updown-5m-1789698600",
      "status": "skip_too_early_to_enter",
      "seconds_left": 226.03833079338074,
      "min_entry_seconds_left": 90,
      "max_entry_seconds_left": 150
    },
    {
      "ts": "2026-09-18T02:31:16.241053Z",
      "slug": "btc-updown-5m-1789698600",
      "status": "skip_too_early_to_enter",
      "seconds_left": 223.7589545249939,
      "min_entry_seconds_left": 90,
      "max_entry_seconds_left": 150
    },
    {
      "ts": "2026-09-18T02:31:18.519489Z",
      "slug": "btc-updown-5m-1789698600",
      "status": "skip_too_early_to_enter",
      "seconds_left": 221.48051714897156,
      "min_entry_seconds_left": 90,
      "max_entry_seconds_left": 150
    },
    {
      "ts": "2026-09-18T02:31:20.793725Z",
      "slug": "btc-updown-5m-1789698600",
      "status": "skip_too_early_to_enter",
      "seconds_left": 219.2062795162201,
      "min_entry_seconds_left": 90,
      "max_entry_seconds_left": 150
    },
    {
      "ts": "2026-09-18T02:31:23.086908Z",
      "slug": "btc-updown-5m-1789698600",
      "status": "skip_too_early_to_enter",
      "seconds_left": 216.91309714317322,
      "min_entry_seconds_left": 90,
      "max_entry_seconds_left": 150
    },
    {
      "ts": "2026-09-18T02:31:25.370437Z",
      "slug": "btc-updown-5m-1789698600",
      "status": "skip_too_early_to_enter",
      "seconds_left": 214.6295690536499,
      "min_entry_seconds_left": 90,
      "max_entry_seconds_left": 150
    },
    {
      "ts": "2026-09-18T02:31:27.650096Z",
      "slug": "btc-updown-5m-1789698600",
      "status": "skip_too_early_to_enter",
      "seconds_left": 212.34991073608398,
      "min_entry_seconds_left": 90,
      "max_entry_seconds_left": 150
    },
    {
      "ts": "2026-09-18T02:31:29.916267Z",
      "slug": "btc-updown-5m-1789698600",
      "status": "skip_too_early_to_enter",
      "seconds_left": 210.08373928070068,
      "min_entry_seconds_left": 90,
      "max_entry_seconds_left": 150
    },
    {
      "ts": "2026-09-18T02:31:32.197612Z",
      "slug": "btc-updown-5m-1789698600",
      "status": "skip_too_early_to_enter",
      "seconds_left": 207.80239582061768,
      "min_entry_seconds_left": 90,
      "max_entry_seconds_left": 150
    },
    {
      "ts": "2026-09-18T02:31:34.468645Z",
      "slug": "btc-updown-5m-1789698600",
      "status": "skip_too_early_to_enter",
      "seconds_left": 205.5313584804535,
      "min_entry_seconds_left": 90,
      "max_entry_seconds_left": 150
    },
    {
      "ts": "2026-09-18T02:31:39.775681Z",
      "slug": "btc-updown-5m-1789698600",
      "status": "skip_too_early_to_enter",
      "seconds_left": 200.2243230342865,
      "min_entry_seconds_left": 90,
      "max_entry_seconds_left": 150
    },
    {
      "ts": "2026-09-18T02:31:42.053608Z",
      "slug": "btc-updown-5m-1789698600",
      "status": "skip_too_early_to_enter",
      "seconds_left": 197.9464008808136,
      "min_entry_seconds_left": 90,
      "max_entry_seconds_left": 150
    },
    {
      "ts": "2026-09-18T02:31:44.353605Z",
      "slug": "btc-updown-5m-1789698600",
      "status": "skip_too_early_to_enter",
      "seconds_left": 195.64640283584595,
      "min_entry_seconds_left": 90,
      "max_entry_seconds_left": 150
    },
    {
      "ts": "2026-09-18T02:31:46.738757Z",
      "slug": "btc-updown-5m-1789698600",
      "status": "skip_too_early_to_enter",
      "seconds_left": 193.2612500190735,
      "min_entry_seconds_left": 90,
      "max_entry_seconds_left": 150
    },
    {
      "ts": "2026-09-18T02:31:49.116516Z",
      "slug": "btc-updown-5m-1789698600",
      "status": "skip_too_early_to_enter",
      "seconds_left": 190.88355040550232,
      "min_entry_seconds_left": 90,
      "max_entry_seconds_left": 150
    },
    {
      "ts": "2026-09-18T02:31:51.464060Z",
      "slug": "btc-updown-5m-1789698600",
      "status": "skip_too_early_to_enter",
      "seconds_left": 188.53594732284546,
      "min_entry_seconds_left": 90,
      "max_entry_seconds_left": 150
    },
    {
      "ts": "2026-09-18T02:31:53.753512Z",
      "slug": "btc-updown-5m-1789698600",
      "status": "skip_too_early_to_enter",
      "seconds_left": 186.24649167060852,
      "min_entry_seconds_left": 90,
      "max_entry_seconds_left": 150
    },
    {
      "ts": "2026-09-18T02:31:56.040714Z",
      "slug": "btc-updown-5m-1789698600",
      "status": "skip_too_early_to_enter",
      "seconds_left": 183.959290266037,
      "min_entry_seconds_left": 90,
      "max_entry_seconds_left": 150
    },
    {
      "ts": "2026-09-18T02:31:58.364344Z",
      "slug": "btc-updown-5m-1789698600",
      "status": "skip_too_early_to_enter",
      "seconds_left": 181.63566136360168,
      "min_entry_seconds_left": 90,
      "max_entry_seconds_left": 150
    },
    {
      "ts": "2026-09-18T02:32:00.892650Z",
      "slug": "btc-updown-5m-1789698600",
      "status": "skip_too_early_to_enter",
      "seconds_left": 179.10735607147217,
      "min_entry_seconds_left": 90,
      "max_entry_seconds_left": 150
    },
    {
      "ts": "2026-09-18T02:32:03.212324Z",
      "slug": "btc-updown-5m-1789698600",
      "status": "skip_too_early_to_enter",
      "seconds_left": 176.78771591186523,
      "min_entry_seconds_left": 90,
      "max_entry_seconds_left": 150
    },
    {
      "ts": "2026-09-18T02:32:05.485464Z",
      "slug": "btc-updown-5m-1789698600",
      "status": "skip_too_early_to_enter",
      "seconds_left": 174.51454305648804,
      "min_entry_seconds_left": 90,
      "max_entry_seconds_left": 150
    },
    {
      "ts": "2026-09-18T02:32:07.817602Z",
      "slug": "btc-updown-5m-1789698600",
      "status": "skip_too_early_to_enter",
      "seconds_left": 172.18240547180176,
      "min_entry_seconds_left": 90,
      "max_entry_seconds_left": 150
    },
    {
      "ts": "2026-09-18T02:32:10.124038Z",
      "slug": "btc-updown-5m-1789698600",
      "status": "skip_too_early_to_enter",
      "seconds_left": 169.87597036361694,
      "min_entry_seconds_left": 90,
      "max_entry_seconds_left": 150
    },
    {
      "ts": "2026-09-18T02:32:15.399972Z",
      "slug": "btc-updown-5m-1789698600",
      "status": "skip_too_early_to_enter",
      "seconds_left": 164.6000361442566,
      "min_entry_seconds_left": 90,
      "max_entry_seconds_left": 150
    },
    {
      "ts": "2026-09-18T02:32:17.689795Z",
      "slug": "btc-updown-5m-1789698600",
      "status": "skip_too_early_to_enter",
      "seconds_left": 162.31021189689636,
      "min_entry_seconds_left": 90,
      "max_entry_seconds_left": 150
    },
    {
      "ts": "2026-09-18T02:32:19.974604Z",
      "slug": "btc-updown-5m-1789698600",
      "status": "skip_too_early_to_enter",
      "seconds_left": 160.02540016174316,
      "min_entry_seconds_left": 90,
      "max_entry_seconds_left": 150
    },
    {
      "ts": "2026-09-18T02:32:22.259982Z",
      "slug": "btc-updown-5m-1789698600",
      "status": "skip_too_early_to_enter",
      "seconds_left": 157.7400257587433,
      "min_entry_seconds_left": 90,
      "max_entry_seconds_left": 150
    },
    {
      "ts": "2026-09-18T02:32:24.525617Z",
      "slug": "btc-updown-5m-1789698600",
      "status": "skip_too_early_to_enter",
      "seconds_left": 155.4743890762329,
      "min_entry_seconds_left": 90,
      "max_entry_seconds_left": 150
    },
    {
      "ts": "2026-09-18T02:32:26.822663Z",
      "slug": "btc-updown-5m-1789698600",
      "status": "skip_too_early_to_enter",
      "seconds_left": 153.17734169960022,
      "min_entry_seconds_left": 90,
      "max_entry_seconds_left": 150
    },
    {
      "ts": "2026-09-18T02:32:29.135626Z",
      "slug": "btc-updown-5m-1789698600",
      "status": "skip_too_early_to_enter",
      "seconds_left": 150.8644242286682,
      "min_entry_seconds_left": 90,
      "max_entry_seconds_left": 150
    },
    {
      "ts": "2026-09-18T02:32:32.508953Z",
      "slug": "btc-updown-5m-1789698600",
      "status": "heartbeat",
      "gamma_up": 0.855,
      "gamma_down": 0.145,
      "clob_up_ask": 0.9,
      "clob_down_ask": 0.11,
      "seconds_left": 148.5428068637848,
      "min_spread": 0.009999999999999995
    },
    {
      "ts": "2026-09-18T02:32:32.508973Z",
      "slug": "btc-updown-5m-1789698600",
      "status": "skip_ask_too_expensive",
      "threshold": 0.7,
      "max_ask": 0.85,
      "win_streak": 1,
      "clob_up_ask": 0.9,
      "clob_down_ask": 0.11,
      "seconds_left": 148.5428068637848,
      "trigger_price": 0.9
    },
    {
      "ts": "2026-09-18T02:32:35.446631Z",
      "slug": "btc-updown-5m-1789698600",
      "status": "heartbeat",
      "gamma_up": 0.855,
      "gamma_down": 0.145,
      "clob_up_ask": 0.91,
      "clob_down_ask": 0.1,
      "seconds_left": 145.19285249710083,
      "min_spread": 0.010000000000000009
    },
    {
      "ts": "2026-09-18T02:32:35.446663Z",
      "slug": "btc-updown-5m-1789698600",
      "status": "skip_ask_too_expensive",
      "threshold": 0.7,
      "max_ask": 0.85,
      "win_streak": 1,
      "clob_up_ask": 0.91,
      "clob_down_ask": 0.1,
      "seconds_left": 145.19285249710083,
      "trigger_price": 0.91
    },
    {
      "ts": "2026-09-18T02:32:38.386929Z",
      "slug": "btc-updown-5m-1789698600",
      "status": "heartbeat",
      "gamma_up": 0.855,
      "gamma_down": 0.145,
      "clob_up_ask": 0.95,
      "clob_down_ask": 0.06,
      "seconds_left": 142.2201566696167,
      "min_spread": 0.009999999999999995
    },
    {
      "ts": "2026-09-18T02:32:38.386960Z",
      "slug": "btc-updown-5m-1789698600",
      "status": "skip_ask_too_expensive",
      "threshold": 0.7,
      "max_ask": 0.85,
      "win_streak": 1,
      "clob_up_ask": 0.95,
      "clob_down_ask": 0.06,
      "seconds_left": 142.2201566696167,
      "trigger_price": 0.95
    },
    {
      "ts": "2026-09-18T02:32:41.312446Z",
      "slug": "btc-updown-5m-1789698600",
      "status": "heartbeat",
      "gamma_up": 0.855,
      "gamma_down": 0.145,
      "clob_up_ask": 0.96,
      "clob_down_ask": 0.05,
      "seconds_left": 139.29539918899536,
      "min_spread": 0.010000000000000002
    },
    {
      "ts": "2026-09-18T02:32:41.312479Z",
      "slug": "btc-updown-5m-1789698600",
      "status": "skip_ask_too_expensive",
      "threshold": 0.7,
      "max_ask": 0.85,
      "win_streak": 1,
      "clob_up_ask": 0.96,
      "clob_down_ask": 0.05,
      "seconds_left": 139.29539918899536,
      "trigger_price": 0.96
    },
    {
      "ts": "2026-09-18T02:32:44.227150Z",
      "slug": "btc-updown-5m-1789698600",
      "status": "heartbeat",
      "gamma_up": 0.855,
      "gamma_down": 0.145,
      "clob_up_ask": 0.93,
      "clob_down_ask": 0.08,
      "seconds_left": 136.3885576725006,
      "min_spread": 0.009999999999999995
    },
    {
      "ts": "2026-09-18T02:32:44.227175Z",
      "slug": "btc-updown-5m-1789698600",
      "status": "skip_ask_too_expensive",
      "threshold": 0.7,
      "max_ask": 0.85,
      "win_streak": 1,
      "clob_up_ask": 0.93,
      "clob_down_ask": 0.08,
      "seconds_left": 136.3885576725006,
      "trigger_price": 0.93
    },
    {
      "ts": "2026-09-18T02:32:50.057442Z",
      "slug": "btc-updown-5m-1789698600",
      "status": "heartbeat",
      "gamma_up": 0.855,
      "gamma_down": 0.145,
      "clob_up_ask": 0.92,
      "clob_down_ask": 0.09,
      "seconds_left": 130.543785572052,
      "min_spread": 0.009999999999999995
    },
    {
      "ts": "2026-09-18T02:32:50.057469Z",
      "slug": "btc-updown-5m-1789698600",
      "status": "skip_ask_too_expensive",
      "threshold": 0.7,
      "max_ask": 0.85,
      "win_streak": 1,
      "clob_up_ask": 0.92,
      "clob_down_ask": 0.09,
      "seconds_left": 130.543785572052,
      "trigger_price": 0.92
    },
    {
      "ts": "2026-09-18T02:32:53.134693Z",
      "slug": "btc-updown-5m-1789698600",
      "status": "heartbeat",
      "gamma_up": 0.855,
      "gamma_down": 0.145,
      "clob_up_ask": 0.93,
      "clob_down_ask": 0.06,
      "seconds_left": 127.4842426776886,
      "min_spread": 0.009999999999999995
    },
    {
      "ts": "2026-09-18T02:32:53.134713Z",
      "slug": "btc-updown-5m-1789698600",
      "status": "skip_ask_too_expensive",
      "threshold": 0.7,
      "max_ask": 0.85,
      "win_streak": 1,
      "clob_up_ask": 0.93,
      "clob_down_ask": 0.06,
      "seconds_left": 127.4842426776886,
      "trigger_price": 0.93
    },
    {
      "ts": "2026-09-18T02:32:56.015476Z",
      "slug": "btc-updown-5m-1789698600",
      "status": "heartbeat",
      "gamma_up": 0.855,
      "gamma_down": 0.145,
      "clob_up_ask": 0.96,
      "clob_down_ask": 0.05,
      "seconds_left": 124.56746101379395,
      "min_spread": 0.010000000000000002
    },
    {
      "ts": "2026-09-18T02:32:56.015497Z",
      "slug": "btc-updown-5m-1789698600",
      "status": "skip_ask_too_expensive",
      "threshold": 0.7,
      "max_ask": 0.85,
      "win_streak": 1,
      "clob_up_ask": 0.96,
      "clob_down_ask": 0.05,
      "seconds_left": 124.56746101379395,
      "trigger_price": 0.96
    },
    {
      "ts": "2026-09-18T02:32:58.945255Z",
      "slug": "btc-updown-5m-1789698600",
      "status": "heartbeat",
      "gamma_up": 0.855,
      "gamma_down": 0.145,
      "clob_up_ask": 0.96,
      "clob_down_ask": 0.05,
      "seconds_left": 121.67659902572632,
      "min_spread": 0.010000000000000002
    },
    {
      "ts": "2026-09-18T02:32:58.945279Z",
      "slug": "btc-updown-5m-1789698600",
      "status": "skip_ask_too_expensive",
      "threshold": 0.7,
      "max_ask": 0.85,
      "win_streak": 1,
      "clob_up_ask": 0.96,
      "clob_down_ask": 0.05,
      "seconds_left": 121.67659902572632,
      "trigger_price": 0.96
    },
    {
      "ts": "2026-09-18T02:33:01.844794Z",
      "slug": "btc-updown-5m-1789698600",
      "status": "heartbeat",
      "gamma_up": 0.855,
      "gamma_down": 0.145,
      "clob_up_ask": 0.97,
      "clob_down_ask": 0.04,
      "seconds_left": 118.77119994163513,
      "min_spread": 0.010000000000000002
    },
    {
      "ts": "2026-09-18T02:33:01.844838Z",
      "slug": "btc-updown-5m-1789698600",
      "status": "skip_ask_too_expensive",
      "threshold": 0.7,
      "max_ask": 0.85,
      "win_streak": 1,
      "clob_up_ask": 0.97,
      "clob_down_ask": 0.04,
      "seconds_left": 118.77119994163513,
      "trigger_price": 0.97
    },
    {
      "ts": "2026-09-18T02:33:04.749417Z",
      "slug": "btc-updown-5m-1789698600",
      "status": "heartbeat",
      "gamma_up": 0.855,
      "gamma_down": 0.145,
      "clob_up_ask": 0.97,
      "clob_down_ask": 0.04,
      "seconds_left": 115.87052893638611,
      "min_spread": 0.010000000000000002
    },
    {
      "ts": "2026-09-18T02:33:04.749455Z",
      "slug": "btc-updown-5m-1789698600",
      "status": "skip_ask_too_expensive",
      "threshold": 0.7,
      "max_ask": 0.85,
      "win_streak": 1,
      "clob_up_ask": 0.97,
      "clob_down_ask": 0.04,
      "seconds_left": 115.87052893638611,
      "trigger_price": 0.97
    },
    {
      "ts": "2026-09-18T02:33:07.630491Z",
      "slug": "btc-updown-5m-1789698600",
      "status": "heartbeat",
      "gamma_up": 0.855,
      "gamma_down": 0.145,
      "clob_up_ask": 0.97,
      "clob_down_ask": 0.04,
      "seconds_left": 112.97202897071838,
      "min_spread": 0.010000000000000002
    },
    {
      "ts": "2026-09-18T02:33:07.630522Z",
      "slug": "btc-updown-5m-1789698600",
      "status": "skip_ask_too_expensive",
      "threshold": 0.7,
      "max_ask": 0.85,
      "win_streak": 1,
      "clob_up_ask": 0.97,
      "clob_down_ask": 0.04,
      "seconds_left": 112.97202897071838,
      "trigger_price": 0.97
    },
    {
      "ts": "2026-09-18T02:33:10.512507Z",
      "slug": "btc-updown-5m-1789698600",
      "status": "heartbeat",
      "gamma_up": 0.855,
      "gamma_down": 0.145,
      "clob_up_ask": 0.97,
      "clob_down_ask": 0.04,
      "seconds_left": 110.0835108757019,
      "min_spread": 0.010000000000000002
    },
    {
      "ts": "2026-09-18T02:33:10.512539Z",
      "slug": "btc-updown-5m-1789698600",
      "status": "skip_ask_too_expensive",
      "threshold": 0.7,
      "max_ask": 0.85,
      "win_streak": 1,
      "clob_up_ask": 0.97,
      "clob_down_ask": 0.04,
      "seconds_left": 110.0835108757019,
      "trigger_price": 0.97
    },
    {
      "ts": "2026-09-18T02:33:13.400051Z",
      "slug": "btc-updown-5m-1789698600",
      "status": "heartbeat",
      "gamma_up": 0.855,
      "gamma_down": 0.145,
      "clob_up_ask": null,
      "clob_down_ask": 0.01,
      "seconds_left": 107.18967723846436,
      "min_spread": null
    },
    {
      "ts": "2026-09-18T02:33:13.400075Z",
      "slug": "btc-updown-5m-1789698600",
      "status": "skip_price_below_threshold",
      "threshold": 0.7,
      "max_ask": 0.85,
      "win_streak": 1,
      "clob_up_ask": null,
      "clob_down_ask": 0.01,
      "seconds_left": 107.18967723846436,
      "trigger_price": null
    },
    {
      "ts": "2026-09-18T02:33:16.322503Z",
      "slug": "btc-updown-5m-1789698600",
      "status": "heartbeat",
      "gamma_up": 0.855,
      "gamma_down": 0.145,
      "clob_up_ask": null,
      "clob_down_ask": 0.01,
      "seconds_left": 104.29826784133911,
      "min_spread": null
    },
    {
      "ts": "2026-09-18T02:33:16.322526Z",
      "slug": "btc-updown-5m-1789698600",
      "status": "skip_price_below_threshold",
      "threshold": 0.7,
      "max_ask": 0.85,
      "win_streak": 1,
      "clob_up_ask": null,
      "clob_down_ask": 0.01,
      "seconds_left": 104.29826784133911,
      "trigger_price": null
    },
    {
      "ts": "2026-09-18T02:33:19.220590Z",
      "slug": "btc-updown-5m-1789698600",
      "status": "heartbeat",
      "gamma_up": 0.855,
      "gamma_down": 0.145,
      "clob_up_ask": null,
      "clob_down_ask": 0.01,
      "seconds_left": 101.38981676101685,
      "min_spread": null
    },
    {
      "ts": "2026-09-18T02:33:19.220613Z",
      "slug": "btc-updown-5m-1789698600",
      "status": "skip_price_below_threshold",
      "threshold": 0.7,
      "max_ask": 0.85,
      "win_streak": 1,
      "clob_up_ask": null,
      "clob_down_ask": 0.01,
      "seconds_left": 101.38981676101685,
      "trigger_price": null
    },
    {
      "ts": "2026-09-18T02:33:25.041711Z",
      "slug": "btc-updown-5m-1789698600",
      "status": "heartbeat",
      "gamma_up": 0.855,
      "gamma_down": 0.145,
      "clob_up_ask": null,
      "clob_down_ask": 0.01,
      "seconds_left": 98.50675344467163,
      "min_spread": null
    },
    {
      "ts": "2026-09-18T02:33:25.041740Z",
      "slug": "btc-updown-5m-1789698600",
      "status": "skip_price_below_threshold",
      "threshold": 0.7,
      "max_ask": 0.85,
      "win_streak": 1,
      "clob_up_ask": null,
      "clob_down_ask": 0.01,
      "seconds_left": 98.50675344467163,
      "trigger_price": null
    },
    {
      "ts": "2026-09-18T02:33:27.927901Z",
      "slug": "btc-updown-5m-1789698600",
      "status": "heartbeat",
      "gamma_up": 0.855,
      "gamma_down": 0.145,
      "clob_up_ask": null,
      "clob_down_ask": 0.01,
      "seconds_left": 92.67349433898926,
      "min_spread": null
    },
    {
      "ts": "2026-09-18T02:33:27.927914Z",
      "slug": "btc-updown-5m-1789698600",
      "status": "skip_price_below_threshold",
      "threshold": 0.7,
      "max_ask": 0.85,
      "win_streak": 1,
      "clob_up_ask": null,
      "clob_down_ask": 0.01,
      "seconds_left": 92.67349433898926,
      "trigger_price": null
    },
    {
      "ts": "2026-09-18T02:33:30.253805Z",
      "slug": "btc-updown-5m-1789698600",
      "status": "skip_too_late_to_enter",
      "seconds_left": 89.74619960784912,
      "min_entry_seconds_left": 90,
      "max_entry_seconds_left": 150
    },
    {
      "ts": "2026-09-18T02:33:32.541579Z",
      "slug": "btc-updown-5m-1789698600",
      "status": "skip_too_late_to_enter",
      "seconds_left": 87.4584276676178,
      "min_entry_seconds_left": 90,
      "max_entry_seconds_left": 150
    },
    {
      "ts": "2026-09-18T02:33:34.828646Z",
      "slug": "btc-updown-5m-1789698600",
      "status": "skip_too_late_to_enter",
      "seconds_left": 85.17136406898499,
      "min_entry_seconds_left": 90,
      "max_entry_seconds_left": 150
    },
    {
      "ts": "2026-09-18T02:33:37.106802Z",
      "slug": "btc-updown-5m-1789698600",
      "status": "skip_too_late_to_enter",
      "seconds_left": 82.89320635795593,
      "min_entry_seconds_left": 90,
      "max_entry_seconds_left": 150
    },
    {
      "ts": "2026-09-18T02:33:39.383866Z",
      "slug": "btc-updown-5m-1789698600",
      "status": "skip_too_late_to_enter",
      "seconds_left": 80.61618304252625,
      "min_entry_seconds_left": 90,
      "max_entry_seconds_left": 150
    },
    {
      "ts": "2026-09-18T02:33:41.900798Z",
      "slug": "btc-updown-5m-1789698600",
      "status": "skip_too_late_to_enter",
      "seconds_left": 78.09923934936523,
      "min_entry_seconds_left": 90,
      "max_entry_seconds_left": 150
    },
    {
      "ts": "2026-09-18T02:33:44.280232Z",
      "slug": "btc-updown-5m-1789698600",
      "status": "skip_too_late_to_enter",
      "seconds_left": 75.71977591514587,
      "min_entry_seconds_left": 90,
      "max_entry_seconds_left": 150
    },
    {
      "ts": "2026-09-18T02:33:46.723922Z",
      "slug": "btc-updown-5m-1789698600",
      "status": "skip_too_late_to_enter",
      "seconds_left": 73.27608394622803,
      "min_entry_seconds_left": 90,
      "max_entry_seconds_left": 150
    },
    {
      "ts": "2026-09-18T02:33:49.031546Z",
      "slug": "btc-updown-5m-1789698600",
      "status": "skip_too_late_to_enter",
      "seconds_left": 70.96846151351929,
      "min_entry_seconds_left": 90,
      "max_entry_seconds_left": 150
    },
    {
      "ts": "2026-09-18T02:33:51.357484Z",
      "slug": "btc-updown-5m-1789698600",
      "status": "skip_too_late_to_enter",
      "seconds_left": 68.64255952835083,
      "min_entry_seconds_left": 90,
      "max_entry_seconds_left": 150
    },
    {
      "ts": "2026-09-18T02:33:53.988673Z",
      "slug": "btc-updown-5m-1789698600",
      "status": "skip_too_late_to_enter",
      "seconds_left": 66.01137447357178,
      "min_entry_seconds_left": 90,
      "max_entry_seconds_left": 150
    },
    {
      "ts": "2026-09-18T02:33:56.313469Z",
      "slug": "btc-updown-5m-1789698600",
      "status": "skip_too_late_to_enter",
      "seconds_left": 63.686537981033325,
      "min_entry_seconds_left": 90,
      "max_entry_seconds_left": 150
    },
    {
      "ts": "2026-09-18T02:34:01.795373Z",
      "slug": "btc-updown-5m-1789698600",
      "status": "skip_too_late_to_enter",
      "seconds_left": 58.20463466644287,
      "min_entry_seconds_left": 90,
      "max_entry_seconds_left": 150
    },
    {
      "ts": "2026-09-18T02:34:04.112953Z",
      "slug": "btc-updown-5m-1789698600",
      "status": "skip_too_late_to_enter",
      "seconds_left": 55.88713335990906,
      "min_entry_seconds_left": 90,
      "max_entry_seconds_left": 150
    },
    {
      "ts": "2026-09-18T02:34:06.616967Z",
      "slug": "btc-updown-5m-1789698600",
      "status": "skip_too_late_to_enter",
      "seconds_left": 53.38304018974304,
      "min_entry_seconds_left": 90,
      "max_entry_seconds_left": 150
    },
    {
      "ts": "2026-09-18T02:34:09.088445Z",
      "slug": "btc-updown-5m-1789698600",
      "status": "skip_too_late_to_enter",
      "seconds_left": 50.91156220436096,
      "min_entry_seconds_left": 90,
      "max_entry_seconds_left": 150
    },
    {
      "ts": "2026-09-18T02:34:11.514339Z",
      "slug": "btc-updown-5m-1789698600",
      "status": "skip_too_late_to_enter",
      "seconds_left": 48.485706090927124,
      "min_entry_seconds_left": 90,
      "max_entry_seconds_left": 150
    },
    {
      "ts": "2026-09-18T02:34:13.971316Z",
      "slug": "btc-updown-5m-1789698600",
      "status": "skip_too_late_to_enter",
      "seconds_left": 46.02869153022766,
      "min_entry_seconds_left": 90,
      "max_entry_seconds_left": 150
    },
    {
      "ts": "2026-09-18T02:34:16.339148Z",
      "slug": "btc-updown-5m-1789698600",
      "status": "skip_too_late_to_enter",
      "seconds_left": 43.66085600852966,
      "min_entry_seconds_left": 90,
      "max_entry_seconds_left": 150
    },
    {
      "ts": "2026-09-18T02:34:18.821096Z",
      "slug": "btc-updown-5m-1789698600",
      "status": "skip_too_late_to_enter",
      "seconds_left": 41.17891216278076,
      "min_entry_seconds_left": 90,
      "max_entry_seconds_left": 150
    },
    {
      "ts": "2026-09-18T02:34:21.324931Z",
      "slug": "btc-updown-5m-1789698600",
      "status": "skip_too_late_to_enter",
      "seconds_left": 38.67507743835449,
      "min_entry_seconds_left": 90,
      "max_entry_seconds_left": 150
    },
    {
      "ts": "2026-09-18T02:34:23.746459Z",
      "slug": "btc-updown-5m-1789698600",
      "status": "skip_too_late_to_enter",
      "seconds_left": 36.25354862213135,
      "min_entry_seconds_left": 90,
      "max_entry_seconds_left": 150
    },
    {
      "ts": "2026-09-18T02:34:26.069882Z",
      "slug": "btc-updown-5m-1789698600",
      "status": "skip_too_late_to_enter",
      "seconds_left": 33.930135011672974,
      "min_entry_seconds_left": 90,
      "max_entry_seconds_left": 150
    },
    {
      "ts": "2026-09-18T02:34:28.530916Z",
      "slug": "btc-updown-5m-1789698600",
      "status": "skip_too_late_to_enter",
      "seconds_left": 31.469091653823853,
      "min_entry_seconds_left": 90,
      "max_entry_seconds_left": 150
    },
    {
      "ts": "2026-09-18T02:34:30.925862Z",
      "slug": "btc-updown-5m-1789698600",
      "status": "skip_too_late_to_enter",
      "seconds_left": 29.074143886566162,
      "min_entry_seconds_left": 90,
      "max_entry_seconds_left": 150
    },
    {
      "ts": "2026-09-18T02:34:36.347709Z",
      "slug": "btc-updown-5m-1789698600",
      "status": "skip_too_late_to_enter",
      "seconds_left": 23.65229868888855,
      "min_entry_seconds_left": 90,
      "max_entry_seconds_left": 150
    },
    {
      "ts": "2026-09-18T02:34:38.640989Z",
      "slug": "btc-updown-5m-1789698600",
      "status": "skip_too_late_to_enter",
      "seconds_left": 21.359018087387085,
      "min_entry_seconds_left": 90,
      "max_entry_seconds_left": 150
    },
    {
      "ts": "2026-09-18T02:34:41.190600Z",
      "slug": "btc-updown-5m-1789698600",
      "status": "skip_too_late_to_enter",
      "seconds_left": 18.809404850006104,
      "min_entry_seconds_left": 90,
      "max_entry_seconds_left": 150
    },
    {
      "ts": "2026-09-18T02:34:43.647032Z",
      "slug": "btc-updown-5m-1789698600",
      "status": "skip_too_late_to_enter",
      "seconds_left": 16.352975606918335,
      "min_entry_seconds_left": 90,
      "max_entry_seconds_left": 150
    },
    {
      "ts": "2026-09-18T02:34:46.216812Z",
      "slug": "btc-updown-5m-1789698600",
      "status": "skip_too_late_to_enter",
      "seconds_left": 13.783196687698364,
      "min_entry_seconds_left": 90,
      "max_entry_seconds_left": 150
    },
    {
      "ts": "2026-09-18T02:34:48.501746Z",
      "slug": "btc-updown-5m-1789698600",
      "status": "skip_too_late_to_enter",
      "seconds_left": 11.498261451721191,
      "min_entry_seconds_left": 90,
      "max_entry_seconds_left": 150
    },
    {
      "ts": "2026-09-18T02:34:50.984858Z",
      "slug": "btc-updown-5m-1789698600",
      "status": "skip_too_late_to_enter",
      "seconds_left": 9.015149593353271,
      "min_entry_seconds_left": 90,
      "max_entry_seconds_left": 150
    },
    {
      "ts": "2026-09-18T02:34:53.279450Z",
      "slug": "btc-updown-5m-1789698600",
      "status": "skip_too_late_to_enter",
      "seconds_left": 6.720556974411011,
      "min_entry_seconds_left": 90,
      "max_entry_seconds_left": 150
    },
    {
      "ts": "2026-09-18T02:34:55.577889Z",
      "status": "heartbeat_no_current_market"
    },
    {
      "ts": "2026-09-18T02:34:57.877994Z",
      "status": "heartbeat_no_current_market"
    },
    {
      "ts": "2026-09-18T02:35:00.175044Z",
      "status": "heartbeat_no_current_market"
    },
    {
      "ts": "2026-09-18T02:35:02.513288Z",
      "slug": "btc-updown-5m-1789698900",
      "status": "skip_too_early_to_enter",
      "seconds_left": 297.48671650886536,
      "min_entry_seconds_left": 90,
      "max_entry_seconds_left": 150
    },
    {
      "ts": "2026-09-18T02:35:04.823336Z",
      "slug": "btc-updown-5m-1789698900",
      "status": "skip_too_early_to_enter",
      "seconds_left": 295.1766676902771,
      "min_entry_seconds_left": 90,
      "max_entry_seconds_left": 150
    },
    {
      "ts": "2026-09-18T02:35:07.120164Z",
      "slug": "btc-updown-5m-1789698900",
      "status": "skip_too_early_to_enter",
      "seconds_left": 292.87987780570984,
      "min_entry_seconds_left": 90,
      "max_entry_seconds_left": 150
    },
    {
      "ts": "2026-09-18T02:35:12.436950Z",
      "slug": "btc-updown-5m-1789698900",
      "status": "skip_too_early_to_enter",
      "seconds_left": 287.5630576610565,
      "min_entry_seconds_left": 90,
      "max_entry_seconds_left": 150
    },
    {
      "ts": "2026-09-18T02:35:14.753968Z",
      "slug": "btc-updown-5m-1789698900",
      "status": "skip_too_early_to_enter",
      "seconds_left": 285.2460391521454,
      "min_entry_seconds_left": 90,
      "max_entry_seconds_left": 150
    },
    {
      "ts": "2026-09-18T02:35:17.039578Z",
      "slug": "btc-updown-5m-1789698900",
      "status": "skip_too_early_to_enter",
      "seconds_left": 282.9604287147522,
      "min_entry_seconds_left": 90,
      "max_entry_seconds_left": 150
    },
    {
      "ts": "2026-09-18T02:35:19.331599Z",
      "slug": "btc-updown-5m-1789698900",
      "status": "skip_too_early_to_enter",
      "seconds_left": 280.6684100627899,
      "min_entry_seconds_left": 90,
      "max_entry_seconds_left": 150
    },
    {
      "ts": "2026-09-18T02:35:21.630348Z",
      "slug": "btc-updown-5m-1789698900",
      "status": "skip_too_early_to_enter",
      "seconds_left": 278.3696594238281,
      "min_entry_seconds_left": 90,
      "max_entry_seconds_left": 150
    },
    {
      "ts": "2026-09-18T02:35:23.921645Z",
      "slug": "btc-updown-5m-1789698900",
      "status": "skip_too_early_to_enter",
      "seconds_left": 276.0783622264862,
      "min_entry_seconds_left": 90,
      "max_entry_seconds_left": 150
    },
    {
      "ts": "2026-09-18T02:35:26.212047Z",
      "slug": "btc-updown-5m-1789698900",
      "status": "skip_too_early_to_enter",
      "seconds_left": 273.78795742988586,
      "min_entry_seconds_left": 90,
      "max_entry_seconds_left": 150
    },
    {
      "ts": "2026-09-18T02:35:28.550080Z",
      "slug": "btc-updown-5m-1789698900",
      "status": "skip_too_early_to_enter",
      "seconds_left": 271.4499270915985,
      "min_entry_seconds_left": 90,
      "max_entry_seconds_left": 150
    },
    {
      "ts": "2026-09-18T02:35:30.850592Z",
      "slug": "btc-updown-5m-1789698900",
      "status": "skip_too_early_to_enter",
      "seconds_left": 269.1494150161743,
      "min_entry_seconds_left": 90,
      "max_entry_seconds_left": 150
    },
    {
      "ts": "2026-09-18T02:35:33.127216Z",
      "slug": "btc-updown-5m-1789698900",
      "status": "skip_too_early_to_enter",
      "seconds_left": 266.87278866767883,
      "min_entry_seconds_left": 90,
      "max_entry_seconds_left": 150
    },
    {
      "ts": "2026-09-18T02:35:35.427008Z",
      "slug": "btc-updown-5m-1789698900",
      "status": "skip_too_early_to_enter",
      "seconds_left": 264.5729990005493,
      "min_entry_seconds_left": 90,
      "max_entry_seconds_left": 150
    },
    {
      "ts": "2026-09-18T02:35:37.852973Z",
      "slug": "btc-updown-5m-1789698900",
      "status": "skip_too_early_to_enter",
      "seconds_left": 262.1470341682434,
      "min_entry_seconds_left": 90,
      "max_entry_seconds_left": 150
    },
    {
      "ts": "2026-09-18T02:35:40.145239Z",
      "slug": "btc-updown-5m-1789698900",
      "status": "skip_too_early_to_enter",
      "seconds_left": 259.85476875305176,
      "min_entry_seconds_left": 90,
      "max_entry_seconds_left": 150
    },
    {
      "ts": "2026-09-18T02:35:42.434838Z",
      "slug": "btc-updown-5m-1789698900",
      "status": "skip_too_early_to_enter",
      "seconds_left": 257.5651659965515,
      "min_entry_seconds_left": 90,
      "max_entry_seconds_left": 150
    },
    {
      "ts": "2026-09-18T02:35:47.693500Z",
      "slug": "btc-updown-5m-1789698900",
      "status": "skip_too_early_to_enter",
      "seconds_left": 252.30650758743286,
      "min_entry_seconds_left": 90,
      "max_entry_seconds_left": 150
    },
    {
      "ts": "2026-09-18T02:35:50.158680Z",
      "slug": "btc-updown-5m-1789698900",
      "status": "skip_too_early_to_enter",
      "seconds_left": 249.8413233757019,
      "min_entry_seconds_left": 90,
      "max_entry_seconds_left": 150
    },
    {
      "ts": "2026-09-18T02:35:52.437472Z",
      "slug": "btc-updown-5m-1789698900",
      "status": "skip_too_early_to_enter",
      "seconds_left": 247.56253480911255,
      "min_entry_seconds_left": 90,
      "max_entry_seconds_left": 150
    },
    {
      "ts": "2026-09-18T02:35:54.742121Z",
      "slug": "btc-updown-5m-1789698900",
      "status": "skip_too_early_to_enter",
      "seconds_left": 245.2578842639923,
      "min_entry_seconds_left": 90,
      "max_entry_seconds_left": 150
    },
    {
      "ts": "2026-09-18T02:35:57.043644Z",
      "slug": "btc-updown-5m-1789698900",
      "status": "skip_too_early_to_enter",
      "seconds_left": 242.95636296272278,
      "min_entry_seconds_left": 90,
      "max_entry_seconds_left": 150
    },
    {
      "ts": "2026-09-18T02:35:59.330047Z",
      "slug": "btc-updown-5m-1789698900",
      "status": "skip_too_early_to_enter",
      "seconds_left": 240.66995668411255,
      "min_entry_seconds_left": 90,
      "max_entry_seconds_left": 150
    },
    {
      "ts": "2026-09-18T02:36:01.617803Z",
      "slug": "btc-updown-5m-1789698900",
      "status": "skip_too_early_to_enter",
      "seconds_left": 238.3822045326233,
      "min_entry_seconds_left": 90,
      "max_entry_seconds_left": 150
    },
    {
      "ts": "2026-09-18T02:36:04.038211Z",
      "slug": "btc-updown-5m-1789698900",
      "status": "skip_too_early_to_enter",
      "seconds_left": 235.9617931842804,
      "min_entry_seconds_left": 90,
      "max_entry_seconds_left": 150
    },
    {
      "ts": "2026-09-18T02:36:06.339469Z",
      "slug": "btc-updown-5m-1789698900",
      "status": "skip_too_early_to_enter",
      "seconds_left": 233.66053581237793,
      "min_entry_seconds_left": 90,
      "max_entry_seconds_left": 150
    },
    {
      "ts": "2026-09-18T02:36:08.836586Z",
      "slug": "btc-updown-5m-1789698900",
      "status": "skip_too_early_to_enter",
      "seconds_left": 231.16342115402222,
      "min_entry_seconds_left": 90,
      "max_entry_seconds_left": 150
    },
    {
      "ts": "2026-09-18T02:36:11.146266Z",
      "slug": "btc-updown-5m-1789698900",
      "status": "skip_too_early_to_enter",
      "seconds_left": 228.85374069213867,
      "min_entry_seconds_left": 90,
      "max_entry_seconds_left": 150
    },
    {
      "ts": "2026-09-18T02:36:13.441943Z",
      "slug": "btc-updown-5m-1789698900",
      "status": "skip_too_early_to_enter",
      "seconds_left": 226.55806350708008,
      "min_entry_seconds_left": 90,
      "max_entry_seconds_left": 150
    },
    {
      "ts": "2026-09-18T02:36:15.728172Z",
      "slug": "btc-updown-5m-1789698900",
      "status": "skip_too_early_to_enter",
      "seconds_left": 224.27183556556702,
      "min_entry_seconds_left": 90,
      "max_entry_seconds_left": 150
    },
    {
      "ts": "2026-09-18T02:36:18.021166Z",
      "slug": "btc-updown-5m-1789698900",
      "status": "skip_too_early_to_enter",
      "seconds_left": 221.97884321212769,
      "min_entry_seconds_left": 90,
      "max_entry_seconds_left": 150
    },
    {
      "ts": "2026-09-18T02:36:23.268621Z",
      "slug": "btc-updown-5m-1789698900",
      "status": "skip_too_early_to_enter",
      "seconds_left": 216.73138403892517,
      "min_entry_seconds_left": 90,
      "max_entry_seconds_left": 150
    },
    {
      "ts": "2026-09-18T02:36:25.558122Z",
      "slug": "btc-updown-5m-1789698900",
      "status": "skip_too_early_to_enter",
      "seconds_left": 214.44188475608826,
      "min_entry_seconds_left": 90,
      "max_entry_seconds_left": 150
    },
    {
      "ts": "2026-09-18T02:36:27.845218Z",
      "slug": "btc-updown-5m-1789698900",
      "status": "skip_too_early_to_enter",
      "seconds_left": 212.1547884941101,
      "min_entry_seconds_left": 90,
      "max_entry_seconds_left": 150
    },
    {
      "ts": "2026-09-18T02:36:30.138315Z",
      "slug": "btc-updown-5m-1789698900",
      "status": "skip_too_early_to_enter",
      "seconds_left": 209.86169290542603,
      "min_entry_seconds_left": 90,
      "max_entry_seconds_left": 150
    },
    {
      "ts": "2026-09-18T02:36:32.433180Z",
      "slug": "btc-updown-5m-1789698900",
      "status": "skip_too_early_to_enter",
      "seconds_left": 207.566823720932,
      "min_entry_seconds_left": 90,
      "max_entry_seconds_left": 150
    },
    {
      "ts": "2026-09-18T02:36:34.806010Z",
      "slug": "btc-updown-5m-1789698900",
      "status": "skip_too_early_to_enter",
      "seconds_left": 205.1939980983734,
      "min_entry_seconds_left": 90,
      "max_entry_seconds_left": 150
    },
    {
      "ts": "2026-09-18T02:36:37.077308Z",
      "slug": "btc-updown-5m-1789698900",
      "status": "skip_too_early_to_enter",
      "seconds_left": 202.92269945144653,
      "min_entry_seconds_left": 90,
      "max_entry_seconds_left": 150
    },
    {
      "ts": "2026-09-18T02:36:39.365607Z",
      "slug": "btc-updown-5m-1789698900",
      "status": "skip_too_early_to_enter",
      "seconds_left": 200.63439989089966,
      "min_entry_seconds_left": 90,
      "max_entry_seconds_left": 150
    },
    {
      "ts": "2026-09-18T02:36:41.671427Z",
      "slug": "btc-updown-5m-1789698900",
      "status": "skip_too_early_to_enter",
      "seconds_left": 198.32858037948608,
      "min_entry_seconds_left": 90,
      "max_entry_seconds_left": 150
    },
    {
      "ts": "2026-09-18T02:36:44.355420Z",
      "slug": "btc-updown-5m-1789698900",
      "status": "skip_too_early_to_enter",
      "seconds_left": 195.64458537101746,
      "min_entry_seconds_left": 90,
      "max_entry_seconds_left": 150
    },
    {
      "ts": "2026-09-18T02:36:46.732472Z",
      "slug": "btc-updown-5m-1789698900",
      "status": "skip_too_early_to_enter",
      "seconds_left": 193.2675347328186,
      "min_entry_seconds_left": 90,
      "max_entry_seconds_left": 150
    },
    {
      "ts": "2026-09-18T02:36:49.023045Z",
      "slug": "btc-updown-5m-1789698900",
      "status": "skip_too_early_to_enter",
      "seconds_left": 190.97695899009705,
      "min_entry_seconds_left": 90,
      "max_entry_seconds_left": 150
    },
    {
      "ts": "2026-09-18T02:36:51.304178Z",
      "slug": "btc-updown-5m-1789698900",
      "status": "skip_too_early_to_enter",
      "seconds_left": 188.6958281993866,
      "min_entry_seconds_left": 90,
      "max_entry_seconds_left": 150
    },
    {
      "ts": "2026-09-18T02:36:53.596106Z",
      "slug": "btc-updown-5m-1789698900",
      "status": "skip_too_early_to_enter",
      "seconds_left": 186.4039008617401,
      "min_entry_seconds_left": 90,
      "max_entry_seconds_left": 150
    },
    {
      "ts": "2026-09-18T02:36:58.870722Z",
      "slug": "btc-updown-5m-1789698900",
      "status": "skip_too_early_to_enter",
      "seconds_left": 181.1292848587036,
      "min_entry_seconds_left": 90,
      "max_entry_seconds_left": 150
    },
    {
      "ts": "2026-09-18T02:37:01.200115Z",
      "slug": "btc-updown-5m-1789698900",
      "status": "skip_too_early_to_enter",
      "seconds_left": 178.799889087677,
      "min_entry_seconds_left": 90,
      "max_entry_seconds_left": 150
    },
    {
      "ts": "2026-09-18T02:37:03.559158Z",
      "slug": "btc-updown-5m-1789698900",
      "status": "skip_too_early_to_enter",
      "seconds_left": 176.44084644317627,
      "min_entry_seconds_left": 90,
      "max_entry_seconds_left": 150
    },
    {
      "ts": "2026-09-18T02:37:05.847250Z",
      "slug": "btc-updown-5m-1789698900",
      "status": "skip_too_early_to_enter",
      "seconds_left": 174.15279531478882,
      "min_entry_seconds_left": 90,
      "max_entry_seconds_left": 150
    },
    {
      "ts": "2026-09-18T02:37:08.238247Z",
      "slug": "btc-updown-5m-1789698900",
      "status": "skip_too_early_to_enter",
      "seconds_left": 171.7617564201355,
      "min_entry_seconds_left": 90,
      "max_entry_seconds_left": 150
    },
    {
      "ts": "2026-09-18T02:37:10.525463Z",
      "slug": "btc-updown-5m-1789698900",
      "status": "skip_too_early_to_enter",
      "seconds_left": 169.47454404830933,
      "min_entry_seconds_left": 90,
      "max_entry_seconds_left": 150
    },
    {
      "ts": "2026-09-18T02:37:12.824030Z",
      "slug": "btc-updown-5m-1789698900",
      "status": "skip_too_early_to_enter",
      "seconds_left": 167.17597603797913,
      "min_entry_seconds_left": 90,
      "max_entry_seconds_left": 150
    },
    {
      "ts": "2026-09-18T02:37:15.112849Z",
      "slug": "btc-updown-5m-1789698900",
      "status": "skip_too_early_to_enter",
      "seconds_left": 164.88715744018555,
      "min_entry_seconds_left": 90,
      "max_entry_seconds_left": 150
    },
    {
      "ts": "2026-09-18T02:37:17.405417Z",
      "slug": "btc-updown-5m-1789698900",
      "status": "skip_too_early_to_enter",
      "seconds_left": 162.59458994865417,
      "min_entry_seconds_left": 90,
      "max_entry_seconds_left": 150
    },
    {
      "ts": "2026-09-18T02:37:19.690558Z",
      "slug": "btc-updown-5m-1789698900",
      "status": "skip_too_early_to_enter",
      "seconds_left": 160.30944681167603,
      "min_entry_seconds_left": 90,
      "max_entry_seconds_left": 150
    },
    {
      "ts": "2026-09-18T02:37:22.038516Z",
      "slug": "btc-updown-5m-1789698900",
      "status": "skip_too_early_to_enter",
      "seconds_left": 157.9614908695221,
      "min_entry_seconds_left": 90,
      "max_entry_seconds_left": 150
    },
    {
      "ts": "2026-09-18T02:37:24.349569Z",
      "slug": "btc-updown-5m-1789698900",
      "status": "skip_too_early_to_enter",
      "seconds_left": 155.65043711662292,
      "min_entry_seconds_left": 90,
      "max_entry_seconds_left": 150
    },
    {
      "ts": "2026-09-18T02:37:26.640877Z",
      "slug": "btc-updown-5m-1789698900",
      "status": "skip_too_early_to_enter",
      "seconds_left": 153.3591296672821,
      "min_entry_seconds_left": 90,
      "max_entry_seconds_left": 150
    },
    {
      "ts": "2026-09-18T02:37:28.936903Z",
      "slug": "btc-updown-5m-1789698900",
      "status": "skip_too_early_to_enter",
      "seconds_left": 151.06311202049255,
      "min_entry_seconds_left": 90,
      "max_entry_seconds_left": 150
    },
    {
      "ts": "2026-09-18T02:37:35.094746Z",
      "slug": "btc-updown-5m-1789698900",
      "status": "heartbeat",
      "gamma_up": 0.465,
      "gamma_down": 0.535,
      "clob_up_ask": 0.61,
      "clob_down_ask": 0.4,
      "seconds_left": 145.80696558952332,
      "min_spread": 0.010000000000000009
    },
    {
      "ts": "2026-09-18T02:37:35.094766Z",
      "slug": "btc-updown-5m-1789698900",
      "status": "skip_price_below_threshold",
      "threshold": 0.7,
      "max_ask": 0.85,
      "win_streak": 1,
      "clob_up_ask": 0.61,
      "clob_down_ask": 0.4,
      "seconds_left": 145.80696558952332,
      "trigger_price": null
    },
    {
      "ts": "2026-09-18T02:37:38.036963Z",
      "slug": "btc-updown-5m-1789698900",
      "status": "heartbeat",
      "gamma_up": 0.465,
      "gamma_down": 0.535,
      "clob_up_ask": 0.65,
      "clob_down_ask": 0.4,
      "seconds_left": 142.61011958122253,
      "min_spread": 0.010000000000000009
    },
    {
      "ts": "2026-09-18T02:37:38.036992Z",
      "slug": "btc-updown-5m-1789698900",
      "status": "skip_price_below_threshold",
      "threshold": 0.7,
      "max_ask": 0.85,
      "win_streak": 1,
      "clob_up_ask": 0.65,
      "clob_down_ask": 0.4,
      "seconds_left": 142.61011958122253,
      "trigger_price": null
    },
    {
      "ts": "2026-09-18T02:37:41.017920Z",
      "slug": "btc-updown-5m-1789698900",
      "status": "heartbeat",
      "gamma_up": 0.465,
      "gamma_down": 0.535,
      "clob_up_ask": 0.64,
      "clob_down_ask": 0.37,
      "seconds_left": 139.61039090156555,
      "min_spread": 0.010000000000000009
    },
    {
      "ts": "2026-09-18T02:37:41.017946Z",
      "slug": "btc-updown-5m-1789698900",
      "status": "skip_price_below_threshold",
      "threshold": 0.7,
      "max_ask": 0.85,
      "win_streak": 1,
      "clob_up_ask": 0.64,
      "clob_down_ask": 0.37,
      "seconds_left": 139.61039090156555,
      "trigger_price": null
    },
    {
      "ts": "2026-09-18T02:37:43.933264Z",
      "slug": "btc-updown-5m-1789698900",
      "status": "heartbeat",
      "gamma_up": 0.465,
      "gamma_down": 0.535,
      "clob_up_ask": 0.73,
      "clob_down_ask": 0.29,
      "seconds_left": 136.6831362247467,
      "min_spread": 0.009999999999999953
    }
  ],
  "open_raw": "{\"mode\": \"open\", \"execute\": true, \"market_slug\": \"btc-updown-5m-1789698900\", \"force_side\": \"UP\", \"token_id\": \"80572237782996707533075446729875967796387519319299603338896661835973084873397\", \"entry_price\": 0.67, \"notional_usd\": 5.0, \"top_ask_notional_usd\": 503.51840000000004, \"collateral_pusd\": 423.051086, \"order_post_result\": {\"errorMsg\": \"\", \"orderID\": \"0x2644e1efb5e3b1085126da8145105a228575c624d7e3dfa2c7c6f673b3244fce\", \"takingAmount\": \"7.692308\", \"makingAmount\": \"5\", \"status\": \"matched\", \"transactionsHashes\": [\"0x45f24934a6f690a29468257ce3e270a1c1f3dab29b6e351e260fe29d8e38ea1b\"], \"success\": true}}\n\n[py_clob_client_v2] request error status=400 url=https://clob.polymarket.com/auth/api-key body={\"error\":\"Could not create api key\"}\n\n",
  "opened": {
    "opened_at": "2026-09-18T02:37:48.526006Z",
    "market_slug": "btc-updown-5m-1789698900",
    "market_end_iso": "2026-09-18T02:40:00Z",
    "side": "UP",
    "token_id": "80572237782996707533075446729875967796387519319299603338896661835973084873397",
    "entry_price": 0.67,
    "shares": 7.692308,
    "cost_usdc": 5.0,
    "open_order_id": "0x2644e1efb5e3b1085126da8145105a228575c624d7e3dfa2c7c6f673b3244fce",
    "open_tx": "0x45f24934a6f690a29468257ce3e270a1c1f3dab29b6e351e260fe29d8e38ea1b"
  },
  "stop_loss_price": 0.5025000000000001,
  "last_side_price": 0.465,
  "last_clob_bid": 0.63,
  "last_check_at": "2026-09-18T02:37:49.151318Z",
  "close_debug": [
    {
      "ts": "2026-09-18T02:37:53.670823Z",
      "attempt": 1,
      "order_type": "FAK",
      "status": "matched",
      "close_skipped": ""
    }
  ],
  "close_raw": "{\"mode\": \"close\", \"execute\": true, \"market_slug\": \"btc-updown-5m-1789698900\", \"token_id\": \"80572237782996707533075446729875967796387519319299603338896661835973084873397\", \"requested_shares\": 7.692308, \"close_order_type\": \"FAK\", \"close_limit_price\": null, \"available_shares\": 7.692308, \"sell_shares\": 7.6923, \"order_post_result\": {\"errorMsg\": \"\", \"orderID\": \"0x97fbae73d3b61a351220716f61a7948740c33cf4ce1bd8c539d3754d1de76749\", \"takingAmount\": \"5.5368\", \"makingAmount\": \"7.69\", \"status\": \"matched\", \"transactionsHashes\": [\"0xaee51cf52bd6706ddfc6cd4cbd5ef1465a16730bd05d6a5644aa20587874fea2\"], \"success\": true}, \"close_skipped\": \"\"}\n\n[py_clob_client_v2] request error status=400 url=https://clob.polymarket.com/auth/api-key body={\"error\":\"Could not create api key\"}\n\n",
  "closed": {
    "close_reason": "stop_loss_25pct",
    "closed_at": "2026-09-18T02:37:53.671415Z",
    "close_success": true,
    "close_status": "matched",
    "close_order_id": "0x97fbae73d3b61a351220716f61a7948740c33cf4ce1bd8c539d3754d1de76749",
    "close_tx": "0xaee51cf52bd6706ddfc6cd4cbd5ef1465a16730bd05d6a5644aa20587874fea2",
    "close_shares": 7.69,
    "close_usdc": 5.5368,
    "close_skipped": ""
  },
  "realized_cashflow_pnl_usdc": 0.5368,
  "finished_at": "2026-09-18T02:37:53.671445Z",
  "result": "done"
}
[2026-09-18T02:37:53Z] session_end rc=0 sessions=4 stake_usd=5
journal_ok trades=191 md=/home/yukeen/polymarketbot/5min-btc-polymarket/data/live_trades.md json=/home/yukeen/polymarketbot/5min-btc-polymarket/data/live_trades.json
[2026-09-18T02:39:19Z] fills=4/10 sessions=4/36
[py_clob_client_v2] request error status=400 url=https://clob.polymarket.com/auth/api-key body={"error":"Could not create api key"}

[2026-09-18T02:39:36Z] cash=423.356866
[2026-09-18T02:39:44Z] session_begin sessions=4 fills=4 stake_usd=5
{
  "started_at": "2026-09-18T02:39:45.442335Z",
  "params": {
    "profile": "conservative",
    "threshold": 0.7,
    "stake_usd": 5.0,
    "stop_loss_pct": 0.25,
    "exit_before_sec": 20,
    "min_entry_seconds_left": 90,
    "max_entry_seconds_left": 150,
    "entry_timeout_min": 20,
    "poll_sec": 2.0,
    "max_ask": 0.85,
    "expensive_ask": 0.8,
    "expensive_after_wins": 3,
    "clob_cut_bid": 0.4,
    "close_retry_max": 30,
    "close_retry_delay_sec": 2.0,
    "execute": true,
    "win_streak": 2
  },
  "attempts": [
    {
      "ts": "2026-09-18T02:39:45.947333Z",
      "slug": "btc-updown-5m-1789698900",
      "status": "skip_too_late_to_enter",
      "seconds_left": 14.052672624588013,
      "min_entry_seconds_left": 90,
      "max_entry_seconds_left": 150
    },
    {
      "ts": "2026-09-18T02:39:48.256437Z",
      "slug": "btc-updown-5m-1789698900",
      "status": "skip_too_late_to_enter",
      "seconds_left": 11.74356985092163,
      "min_entry_seconds_left": 90,
      "max_entry_seconds_left": 150
    },
    {
      "ts": "2026-09-18T02:39:50.545862Z",
      "slug": "btc-updown-5m-1789698900",
      "status": "skip_too_late_to_enter",
      "seconds_left": 9.454151630401611,
      "min_entry_seconds_left": 90,
      "max_entry_seconds_left": 150
    },
    {
      "ts": "2026-09-18T02:39:55.772769Z",
      "status": "heartbeat_no_current_market"
    },
    {
      "ts": "2026-09-18T02:39:58.060135Z",
      "status": "heartbeat_no_current_market"
    },
    {
      "ts": "2026-09-18T02:40:00.357657Z",
      "slug": "btc-updown-5m-1789699200",
      "status": "skip_too_early_to_enter",
      "seconds_left": 299.64235162734985,
      "min_entry_seconds_left": 90,
      "max_entry_seconds_left": 150
    },
    {
      "ts": "2026-09-18T02:40:02.674707Z",
      "slug": "btc-updown-5m-1789699200",
      "status": "skip_too_early_to_enter",
      "seconds_left": 297.3253011703491,
      "min_entry_seconds_left": 90,
      "max_entry_seconds_left": 150
    },
    {
      "ts": "2026-09-18T02:40:04.948759Z",
      "slug": "btc-updown-5m-1789699200",
      "status": "skip_too_early_to_enter",
      "seconds_left": 295.0512487888336,
      "min_entry_seconds_left": 90,
      "max_entry_seconds_left": 150
    },
    {
      "ts": "2026-09-18T02:40:07.235472Z",
      "slug": "btc-updown-5m-1789699200",
      "status": "skip_too_early_to_enter",
      "seconds_left": 292.7645318508148,
      "min_entry_seconds_left": 90,
      "max_entry_seconds_left": 150
    },
    {
      "ts": "2026-09-18T02:40:09.545191Z",
      "slug": "btc-updown-5m-1789699200",
      "status": "skip_too_early_to_enter",
      "seconds_left": 290.4548168182373,
      "min_entry_seconds_left": 90,
      "max_entry_seconds_left": 150
    },
    {
      "ts": "2026-09-18T02:40:11.825975Z",
      "slug": "btc-updown-5m-1789699200",
      "status": "skip_too_early_to_enter",
      "seconds_left": 288.1740343570709,
      "min_entry_seconds_left": 90,
      "max_entry_seconds_left": 150
    },
    {
      "ts": "2026-09-18T02:40:14.120737Z",
      "slug": "btc-updown-5m-1789699200",
      "status": "skip_too_early_to_enter",
      "seconds_left": 285.8792703151703,
      "min_entry_seconds_left": 90,
      "max_entry_seconds_left": 150
    },
    {
      "ts": "2026-09-18T02:40:16.430384Z",
      "slug": "btc-updown-5m-1789699200",
      "status": "skip_too_early_to_enter",
      "seconds_left": 283.56962275505066,
      "min_entry_seconds_left": 90,
      "max_entry_seconds_left": 150
    },
    {
      "ts": "2026-09-18T02:40:18.712216Z",
      "slug": "btc-updown-5m-1789699200",
      "status": "skip_too_early_to_enter",
      "seconds_left": 281.28778862953186,
      "min_entry_seconds_left": 90,
      "max_entry_seconds_left": 150
    },
    {
      "ts": "2026-09-18T02:40:21.011432Z",
      "slug": "btc-updown-5m-1789699200",
      "status": "skip_too_early_to_enter",
      "seconds_left": 278.9885754585266,
      "min_entry_seconds_left": 90,
      "max_entry_seconds_left": 150
    },
    {
      "ts": "2026-09-18T02:40:23.388702Z",
      "slug": "btc-updown-5m-1789699200",
      "status": "skip_too_early_to_enter",
      "seconds_left": 276.61130809783936,
      "min_entry_seconds_left": 90,
      "max_entry_seconds_left": 150
    },
    {
      "ts": "2026-09-18T02:40:25.711565Z",
      "slug": "btc-updown-5m-1789699200",
      "status": "skip_too_early_to_enter",
      "seconds_left": 274.28844118118286,
      "min_entry_seconds_left": 90,
      "max_entry_seconds_left": 150
    },
    {
      "ts": "2026-09-18T02:40:30.937407Z",
      "slug": "btc-updown-5m-1789699200",
      "status": "skip_too_early_to_enter",
      "seconds_left": 269.0626003742218,
      "min_entry_seconds_left": 90,
      "max_entry_seconds_left": 150
    },
    {
      "ts": "2026-09-18T02:40:33.219098Z",
      "slug": "btc-updown-5m-1789699200",
      "status": "skip_too_early_to_enter",
      "seconds_left": 266.7809102535248,
      "min_entry_seconds_left": 90,
      "max_entry_seconds_left": 150
    },
    {
      "ts": "2026-09-18T02:40:35.511731Z",
      "slug": "btc-updown-5m-1789699200",
      "status": "skip_too_early_to_enter",
      "seconds_left": 264.48827719688416,
      "min_entry_seconds_left": 90,
      "max_entry_seconds_left": 150
    },
    {
      "ts": "2026-09-18T02:40:37.816884Z",
      "slug": "btc-updown-5m-1789699200",
      "status": "skip_too_early_to_enter",
      "seconds_left": 262.1831200122833,
      "min_entry_seconds_left": 90,
      "max_entry_seconds_left": 150
    },
    {
      "ts": "2026-09-18T02:40:40.113689Z",
      "slug": "btc-updown-5m-1789699200",
      "status": "skip_too_early_to_enter",
      "seconds_left": 259.88632440567017,
      "min_entry_seconds_left": 90,
      "max_entry_seconds_left": 150
    },
    {
      "ts": "2026-09-18T02:40:42.616532Z",
      "slug": "btc-updown-5m-1789699200",
      "status": "skip_too_early_to_enter",
      "seconds_left": 257.38347458839417,
      "min_entry_seconds_left": 90,
      "max_entry_seconds_left": 150
    },
    {
      "ts": "2026-09-18T02:40:45.005326Z",
      "slug": "btc-updown-5m-1789699200",
      "status": "skip_too_early_to_enter",
      "seconds_left": 254.9946813583374,
      "min_entry_seconds_left": 90,
      "max_entry_seconds_left": 150
    },
    {
      "ts": "2026-09-18T02:40:47.659196Z",
      "slug": "btc-updown-5m-1789699200",
      "status": "skip_too_early_to_enter",
      "seconds_left": 252.34080982208252,
      "min_entry_seconds_left": 90,
      "max_entry_seconds_left": 150
    },
    {
      "ts": "2026-09-18T02:40:49.942203Z",
      "slug": "btc-updown-5m-1789699200",
      "status": "skip_too_early_to_enter",
      "seconds_left": 250.05780506134033,
      "min_entry_seconds_left": 90,
      "max_entry_seconds_left": 150
    },
    {
      "ts": "2026-09-18T02:40:52.230288Z",
      "slug": "btc-updown-5m-1789699200",
      "status": "skip_too_early_to_enter",
      "seconds_left": 247.76971745491028,
      "min_entry_seconds_left": 90,
      "max_entry_seconds_left": 150
    },
    {
      "ts": "2026-09-18T02:40:54.520736Z",
      "slug": "btc-updown-5m-1789699200",
      "status": "skip_too_early_to_enter",
      "seconds_left": 245.47926998138428,
      "min_entry_seconds_left": 90,
      "max_entry_seconds_left": 150
    },
    {
      "ts": "2026-09-18T02:40:56.815995Z",
      "slug": "btc-updown-5m-1789699200",
      "status": "skip_too_early_to_enter",
      "seconds_left": 243.1840090751648,
      "min_entry_seconds_left": 90,
      "max_entry_seconds_left": 150
    },
    {
      "ts": "2026-09-18T02:40:59.098661Z",
      "slug": "btc-updown-5m-1789699200",
      "status": "skip_too_early_to_enter",
      "seconds_left": 240.9013478755951,
      "min_entry_seconds_left": 90,
      "max_entry_seconds_left": 150
    },
    {
      "ts": "2026-09-18T02:41:01.542906Z",
      "slug": "btc-updown-5m-1789699200",
      "status": "skip_too_early_to_enter",
      "seconds_left": 238.45710253715515,
      "min_entry_seconds_left": 90,
      "max_entry_seconds_left": 150
    },
    {
      "ts": "2026-09-18T02:41:06.808481Z",
      "slug": "btc-updown-5m-1789699200",
      "status": "skip_too_early_to_enter",
      "seconds_left": 233.19152784347534,
      "min_entry_seconds_left": 90,
      "max_entry_seconds_left": 150
    },
    {
      "ts": "2026-09-18T02:41:09.093638Z",
      "slug": "btc-updown-5m-1789699200",
      "status": "skip_too_early_to_enter",
      "seconds_left": 230.90636920928955,
      "min_entry_seconds_left": 90,
      "max_entry_seconds_left": 150
    },
    {
      "ts": "2026-09-18T02:41:11.435171Z",
      "slug": "btc-updown-5m-1789699200",
      "status": "skip_too_early_to_enter",
      "seconds_left": 228.56483602523804,
      "min_entry_seconds_left": 90,
      "max_entry_seconds_left": 150
    },
    {
      "ts": "2026-09-18T02:41:13.719433Z",
      "slug": "btc-updown-5m-1789699200",
      "status": "skip_too_early_to_enter",
      "seconds_left": 226.28057289123535,
      "min_entry_seconds_left": 90,
      "max_entry_seconds_left": 150
    },
    {
      "ts": "2026-09-18T02:41:16.013263Z",
      "slug": "btc-updown-5m-1789699200",
      "status": "skip_too_early_to_enter",
      "seconds_left": 223.98674511909485,
      "min_entry_seconds_left": 90,
      "max_entry_seconds_left": 150
    },
    {
      "ts": "2026-09-18T02:41:18.495159Z",
      "slug": "btc-updown-5m-1789699200",
      "status": "skip_too_early_to_enter",
      "seconds_left": 221.50484776496887,
      "min_entry_seconds_left": 90,
      "max_entry_seconds_left": 150
    },
    {
      "ts": "2026-09-18T02:41:20.820976Z",
      "slug": "btc-updown-5m-1789699200",
      "status": "skip_too_early_to_enter",
      "seconds_left": 219.1790328025818,
      "min_entry_seconds_left": 90,
      "max_entry_seconds_left": 150
    },
    {
      "ts": "2026-09-18T02:41:23.122079Z",
      "slug": "btc-updown-5m-1789699200",
      "status": "skip_too_early_to_enter",
      "seconds_left": 216.87792897224426,
      "min_entry_seconds_left": 90,
      "max_entry_seconds_left": 150
    },
    {
      "ts": "2026-09-18T02:41:25.411055Z",
      "slug": "btc-updown-5m-1789699200",
      "status": "skip_too_early_to_enter",
      "seconds_left": 214.58895063400269,
      "min_entry_seconds_left": 90,
      "max_entry_seconds_left": 150
    },
    {
      "ts": "2026-09-18T02:41:27.708285Z",
      "slug": "btc-updown-5m-1789699200",
      "status": "skip_too_early_to_enter",
      "seconds_left": 212.29172277450562,
      "min_entry_seconds_left": 90,
      "max_entry_seconds_left": 150
    },
    {
      "ts": "2026-09-18T02:41:29.989983Z",
      "slug": "btc-updown-5m-1789699200",
      "status": "skip_too_early_to_enter",
      "seconds_left": 210.0100245475769,
      "min_entry_seconds_left": 90,
      "max_entry_seconds_left": 150
    },
    {
      "ts": "2026-09-18T02:41:32.279189Z",
      "slug": "btc-updown-5m-1789699200",
      "status": "skip_too_early_to_enter",
      "seconds_left": 207.7208216190338,
      "min_entry_seconds_left": 90,
      "max_entry_seconds_left": 150
    },
    {
      "ts": "2026-09-18T02:41:34.564516Z",
      "slug": "btc-updown-5m-1789699200",
      "status": "skip_too_early_to_enter",
      "seconds_left": 205.4354956150055,
      "min_entry_seconds_left": 90,
      "max_entry_seconds_left": 150
    },
    {
      "ts": "2026-09-18T02:41:36.851930Z",
      "slug": "btc-updown-5m-1789699200",
      "status": "skip_too_early_to_enter",
      "seconds_left": 203.14808106422424,
      "min_entry_seconds_left": 90,
      "max_entry_seconds_left": 150
    },
    {
      "ts": "2026-09-18T02:41:42.090692Z",
      "slug": "btc-updown-5m-1789699200",
      "status": "skip_too_early_to_enter",
      "seconds_left": 197.90931630134583,
      "min_entry_seconds_left": 90,
      "max_entry_seconds_left": 150
    },
    {
      "ts": "2026-09-18T02:41:44.516703Z",
      "slug": "btc-updown-5m-1789699200",
      "status": "skip_too_early_to_enter",
      "seconds_left": 195.4833025932312,
      "min_entry_seconds_left": 90,
      "max_entry_seconds_left": 150
    },
    {
      "ts": "2026-09-18T02:41:46.812857Z",
      "slug": "btc-updown-5m-1789699200",
      "status": "skip_too_early_to_enter",
      "seconds_left": 193.18715023994446,
      "min_entry_seconds_left": 90,
      "max_entry_seconds_left": 150
    },
    {
      "ts": "2026-09-18T02:41:49.090087Z",
      "slug": "btc-updown-5m-1789699200",
      "status": "skip_too_early_to_enter",
      "seconds_left": 190.90991950035095,
      "min_entry_seconds_left": 90,
      "max_entry_seconds_left": 150
    },
    {
      "ts": "2026-09-18T02:41:51.380955Z",
      "slug": "btc-updown-5m-1789699200",
      "status": "skip_too_early_to_enter",
      "seconds_left": 188.6190538406372,
      "min_entry_seconds_left": 90,
      "max_entry_seconds_left": 150
    },
    {
      "ts": "2026-09-18T02:41:53.683252Z",
      "slug": "btc-updown-5m-1789699200",
      "status": "skip_too_early_to_enter",
      "seconds_left": 186.31675672531128,
      "min_entry_seconds_left": 90,
      "max_entry_seconds_left": 150
    },
    {
      "ts": "2026-09-18T02:41:55.970740Z",
      "slug": "btc-updown-5m-1789699200",
      "status": "skip_too_early_to_enter",
      "seconds_left": 184.02926516532898,
      "min_entry_seconds_left": 90,
      "max_entry_seconds_left": 150
    },
    {
      "ts": "2026-09-18T02:41:58.263409Z",
      "slug": "btc-updown-5m-1789699200",
      "status": "skip_too_early_to_enter",
      "seconds_left": 181.73659825325012,
      "min_entry_seconds_left": 90,
      "max_entry_seconds_left": 150
    },
    {
      "ts": "2026-09-18T02:42:00.567663Z",
      "slug": "btc-updown-5m-1789699200",
      "status": "skip_too_early_to_enter",
      "seconds_left": 179.43234372138977,
      "min_entry_seconds_left": 90,
      "max_entry_seconds_left": 150
    },
    {
      "ts": "2026-09-18T02:42:02.868056Z",
      "slug": "btc-updown-5m-1789699200",
      "status": "skip_too_early_to_enter",
      "seconds_left": 177.13195204734802,
      "min_entry_seconds_left": 90,
      "max_entry_seconds_left": 150
    },
    {
      "ts": "2026-09-18T02:42:05.156279Z",
      "slug": "btc-updown-5m-1789699200",
      "status": "skip_too_early_to_enter",
      "seconds_left": 174.84372854232788,
      "min_entry_seconds_left": 90,
      "max_entry_seconds_left": 150
    },
    {
      "ts": "2026-09-18T02:42:07.450487Z",
      "slug": "btc-updown-5m-1789699200",
      "status": "skip_too_early_to_enter",
      "seconds_left": 172.5495216846466,
      "min_entry_seconds_left": 90,
      "max_entry_seconds_left": 150
    },
    {
      "ts": "2026-09-18T02:42:09.750190Z",
      "slug": "btc-updown-5m-1789699200",
      "status": "skip_too_early_to_enter",
      "seconds_left": 170.24981784820557,
      "min_entry_seconds_left": 90,
      "max_entry_seconds_left": 150
    },
    {
      "ts": "2026-09-18T02:42:12.020490Z",
      "slug": "btc-updown-5m-1789699200",
      "status": "skip_too_early_to_enter",
      "seconds_left": 167.97951340675354,
      "min_entry_seconds_left": 90,
      "max_entry_seconds_left": 150
    },
    {
      "ts": "2026-09-18T02:42:17.294520Z",
      "slug": "btc-updown-5m-1789699200",
      "status": "skip_too_early_to_enter",
      "seconds_left": 162.70548558235168,
      "min_entry_seconds_left": 90,
      "max_entry_seconds_left": 150
    },
    {
      "ts": "2026-09-18T02:42:19.590530Z",
      "slug": "btc-updown-5m-1789699200",
      "status": "skip_too_early_to_enter",
      "seconds_left": 160.40947556495667,
      "min_entry_seconds_left": 90,
      "max_entry_seconds_left": 150
    },
    {
      "ts": "2026-09-18T02:42:21.869787Z",
      "slug": "btc-updown-5m-1789699200",
      "status": "skip_too_early_to_enter",
      "seconds_left": 158.13022017478943,
      "min_entry_seconds_left": 90,
      "max_entry_seconds_left": 150
    },
    {
      "ts": "2026-09-18T02:42:24.166785Z",
      "slug": "btc-updown-5m-1789699200",
      "status": "skip_too_early_to_enter",
      "seconds_left": 155.8332221508026,
      "min_entry_seconds_left": 90,
      "max_entry_seconds_left": 150
    },
    {
      "ts": "2026-09-18T02:42:26.476534Z",
      "slug": "btc-updown-5m-1789699200",
      "status": "skip_too_early_to_enter",
      "seconds_left": 153.52347326278687,
      "min_entry_seconds_left": 90,
      "max_entry_seconds_left": 150
    },
    {
      "ts": "2026-09-18T02:42:28.749755Z",
      "slug": "btc-updown-5m-1789699200",
      "status": "skip_too_early_to_enter",
      "seconds_left": 151.25025248527527,
      "min_entry_seconds_left": 90,
      "max_entry_seconds_left": 150
    },
    {
      "ts": "2026-09-18T02:42:31.905533Z",
      "slug": "btc-updown-5m-1789699200",
      "status": "heartbeat",
      "gamma_up": 0.085,
      "gamma_down": 0.915,
      "clob_up_ask": 0.22,
      "clob_down_ask": 0.79,
      "seconds_left": 148.95509362220764,
      "min_spread": 0.010000000000000009
    }
  ],
  "open_raw": "{\"mode\": \"open\", \"execute\": true, \"market_slug\": \"btc-updown-5m-1789699200\", \"force_side\": \"DOWN\", \"token_id\": \"28623073103588759293806100667018143077174770954764571822960051060096684117068\", \"entry_price\": 0.79, \"notional_usd\": 5.0, \"top_ask_notional_usd\": 105.7178, \"collateral_pusd\": 423.356866, \"order_post_result\": {\"errorMsg\": \"\", \"orderID\": \"0xe7029c21ce0d87bde21f3ee4a9418eef974ab9a5533dbbee5c799e4a8258396a\", \"takingAmount\": \"6.024094\", \"makingAmount\": \"4.999998\", \"status\": \"matched\", \"transactionsHashes\": [\"0x6397289ff6805555c78e28af518e465bf5e4a3e8a2677ea1c4262f4a688c824d\"], \"success\": true}}\n\n[py_clob_client_v2] request error status=400 url=https://clob.polymarket.com/auth/api-key body={\"error\":\"Could not create api key\"}\n\n",
  "opened": {
    "opened_at": "2026-09-18T02:42:36.744140Z",
    "market_slug": "btc-updown-5m-1789699200",
    "market_end_iso": "2026-09-18T02:45:00Z",
    "side": "DOWN",
    "token_id": "28623073103588759293806100667018143077174770954764571822960051060096684117068",
    "entry_price": 0.79,
    "shares": 6.024094,
    "cost_usdc": 4.999998,
    "open_order_id": "0xe7029c21ce0d87bde21f3ee4a9418eef974ab9a5533dbbee5c799e4a8258396a",
    "open_tx": "0x6397289ff6805555c78e28af518e465bf5e4a3e8a2677ea1c4262f4a688c824d"
  },
  "stop_loss_price": 0.5925,
  "last_side_price": 0.915,
  "last_clob_bid": 0.99,
  "last_check_at": "2026-09-18T02:44:40.229612Z",
  "closed": {
    "close_reason": "hold_to_settlement_winning_book",
    "closed_at": "2026-09-18T02:44:42.587316Z",
    "close_success": false,
    "close_status": "held",
    "close_order_id": null,
    "close_tx": null,
    "close_shares": 0.0,
    "close_usdc": 0.0,
    "close_skipped": "hold_to_settlement"
  },
  "realized_cashflow_pnl_usdc": null,
  "finished_at": "2026-09-18T02:44:42.587339Z",
  "result": "done"
}
[2026-09-18T02:44:42Z] session_end rc=0 sessions=5 stake_usd=5
journal_ok trades=192 md=/home/yukeen/polymarketbot/5min-btc-polymarket/data/live_trades.md json=/home/yukeen/polymarketbot/5min-btc-polymarket/data/live_trades.json
[2026-09-18T02:46:18Z] fills=5/10 sessions=5/36
[py_clob_client_v2] request error status=400 url=https://clob.polymarket.com/auth/api-key body={"error":"Could not create api key"}

[2026-09-18T02:46:38Z] cash=424.321472
[2026-09-18T02:46:46Z] session_begin sessions=5 fills=5 stake_usd=5
{
  "started_at": "2026-09-18T02:46:46.668942Z",
  "params": {
    "profile": "conservative",
    "threshold": 0.7,
    "stake_usd": 5.0,
    "stop_loss_pct": 0.25,
    "exit_before_sec": 20,
    "min_entry_seconds_left": 90,
    "max_entry_seconds_left": 150,
    "entry_timeout_min": 20,
    "poll_sec": 2.0,
    "max_ask": 0.85,
    "expensive_ask": 0.8,
    "expensive_after_wins": 3,
    "clob_cut_bid": 0.4,
    "close_retry_max": 30,
    "close_retry_delay_sec": 2.0,
    "execute": true,
    "win_streak": 3
  },
  "attempts": [
    {
      "ts": "2026-09-18T02:46:46.964380Z",
      "slug": "btc-updown-5m-1789699500",
      "status": "skip_too_early_to_enter",
      "seconds_left": 193.035630941391,
      "min_entry_seconds_left": 90,
      "max_entry_seconds_left": 150
    },
    {
      "ts": "2026-09-18T02:46:49.259852Z",
      "slug": "btc-updown-5m-1789699500",
      "status": "skip_too_early_to_enter",
      "seconds_left": 190.74015879631042,
      "min_entry_seconds_left": 90,
      "max_entry_seconds_left": 150
    },
    {
      "ts": "2026-09-18T02:46:51.580205Z",
      "slug": "btc-updown-5m-1789699500",
      "status": "skip_too_early_to_enter",
      "seconds_left": 188.4198009967804,
      "min_entry_seconds_left": 90,
      "max_entry_seconds_left": 150
    },
    {
      "ts": "2026-09-18T02:46:53.885483Z",
      "slug": "btc-updown-5m-1789699500",
      "status": "skip_too_early_to_enter",
      "seconds_left": 186.1145224571228,
      "min_entry_seconds_left": 90,
      "max_entry_seconds_left": 150
    },
    {
      "ts": "2026-09-18T02:46:56.350570Z",
      "slug": "btc-updown-5m-1789699500",
      "status": "skip_too_early_to_enter",
      "seconds_left": 183.64943671226501,
      "min_entry_seconds_left": 90,
      "max_entry_seconds_left": 150
    },
    {
      "ts": "2026-09-18T02:47:01.595976Z",
      "slug": "btc-updown-5m-1789699500",
      "status": "skip_too_early_to_enter",
      "seconds_left": 178.40403175354004,
      "min_entry_seconds_left": 90,
      "max_entry_seconds_left": 150
    },
    {
      "ts": "2026-09-18T02:47:03.927797Z",
      "slug": "btc-updown-5m-1789699500",
      "status": "skip_too_early_to_enter",
      "seconds_left": 176.07221055030823,
      "min_entry_seconds_left": 90,
      "max_entry_seconds_left": 150
    },
    {
      "ts": "2026-09-18T02:47:06.231895Z",
      "slug": "btc-updown-5m-1789699500",
      "status": "skip_too_early_to_enter",
      "seconds_left": 173.7681119441986,
      "min_entry_seconds_left": 90,
      "max_entry_seconds_left": 150
    },
    {
      "ts": "2026-09-18T02:47:08.548559Z",
      "slug": "btc-updown-5m-1789699500",
      "status": "skip_too_early_to_enter",
      "seconds_left": 171.4514479637146,
      "min_entry_seconds_left": 90,
      "max_entry_seconds_left": 150
    },
    {
      "ts": "2026-09-18T02:47:10.849359Z",
      "slug": "btc-updown-5m-1789699500",
      "status": "skip_too_early_to_enter",
      "seconds_left": 169.15064764022827,
      "min_entry_seconds_left": 90,
      "max_entry_seconds_left": 150
    },
    {
      "ts": "2026-09-18T02:47:13.139027Z",
      "slug": "btc-updown-5m-1789699500",
      "status": "skip_too_early_to_enter",
      "seconds_left": 166.8609766960144,
      "min_entry_seconds_left": 90,
      "max_entry_seconds_left": 150
    },
    {
      "ts": "2026-09-18T02:47:15.446499Z",
      "slug": "btc-updown-5m-1789699500",
      "status": "skip_too_early_to_enter",
      "seconds_left": 164.55350708961487,
      "min_entry_seconds_left": 90,
      "max_entry_seconds_left": 150
    },
    {
      "ts": "2026-09-18T02:47:17.770196Z",
      "slug": "btc-updown-5m-1789699500",
      "status": "skip_too_early_to_enter",
      "seconds_left": 162.22980880737305,
      "min_entry_seconds_left": 90,
      "max_entry_seconds_left": 150
    },
    {
      "ts": "2026-09-18T02:47:20.071893Z",
      "slug": "btc-updown-5m-1789699500",
      "status": "skip_too_early_to_enter",
      "seconds_left": 159.92811489105225,
      "min_entry_seconds_left": 90,
      "max_entry_seconds_left": 150
    },
    {
      "ts": "2026-09-18T02:47:22.374037Z",
      "slug": "btc-updown-5m-1789699500",
      "status": "skip_too_early_to_enter",
      "seconds_left": 157.62597012519836,
      "min_entry_seconds_left": 90,
      "max_entry_seconds_left": 150
    },
    {
      "ts": "2026-09-18T02:47:24.688848Z",
      "slug": "btc-updown-5m-1789699500",
      "status": "skip_too_early_to_enter",
      "seconds_left": 155.31115984916687,
      "min_entry_seconds_left": 90,
      "max_entry_seconds_left": 150
    },
    {
      "ts": "2026-09-18T02:47:26.985441Z",
      "slug": "btc-updown-5m-1789699500",
      "status": "skip_too_early_to_enter",
      "seconds_left": 153.01456594467163,
      "min_entry_seconds_left": 90,
      "max_entry_seconds_left": 150
    },
    {
      "ts": "2026-09-18T02:47:29.308575Z",
      "slug": "btc-updown-5m-1789699500",
      "status": "skip_too_early_to_enter",
      "seconds_left": 150.69143223762512,
      "min_entry_seconds_left": 90,
      "max_entry_seconds_left": 150
    },
    {
      "ts": "2026-09-18T02:47:32.524535Z",
      "slug": "btc-updown-5m-1789699500",
      "status": "heartbeat",
      "gamma_up": 0.175,
      "gamma_down": 0.825,
      "clob_up_ask": 0.13,
      "clob_down_ask": 0.88,
      "seconds_left": 148.38159370422363,
      "min_spread": 0.010000000000000009
    },
    {
      "ts": "2026-09-18T02:47:32.524575Z",
      "slug": "btc-updown-5m-1789699500",
      "status": "skip_ask_too_expensive",
      "threshold": 0.7,
      "max_ask": 0.85,
      "win_streak": 3,
      "clob_up_ask": 0.13,
      "clob_down_ask": 0.88,
      "seconds_left": 148.38159370422363,
      "trigger_price": 0.88
    },
    {
      "ts": "2026-09-18T02:47:38.420401Z",
      "slug": "btc-updown-5m-1789699500",
      "status": "heartbeat",
      "gamma_up": 0.175,
      "gamma_down": 0.825,
      "clob_up_ask": 0.13,
      "clob_down_ask": 0.88,
      "seconds_left": 142.20364427566528,
      "min_spread": 0.010000000000000009
    },
    {
      "ts": "2026-09-18T02:47:38.420436Z",
      "slug": "btc-updown-5m-1789699500",
      "status": "skip_ask_too_expensive",
      "threshold": 0.7,
      "max_ask": 0.85,
      "win_streak": 3,
      "clob_up_ask": 0.13,
      "clob_down_ask": 0.88,
      "seconds_left": 142.20364427566528,
      "trigger_price": 0.88
    },
    {
      "ts": "2026-09-18T02:47:41.367139Z",
      "slug": "btc-updown-5m-1789699500",
      "status": "heartbeat",
      "gamma_up": 0.175,
      "gamma_down": 0.825,
      "clob_up_ask": 0.13,
      "clob_down_ask": 0.88,
      "seconds_left": 139.26841068267822,
      "min_spread": 0.010000000000000009
    },
    {
      "ts": "2026-09-18T02:47:41.367165Z",
      "slug": "btc-updown-5m-1789699500",
      "status": "skip_ask_too_expensive",
      "threshold": 0.7,
      "max_ask": 0.85,
      "win_streak": 3,
      "clob_up_ask": 0.13,
      "clob_down_ask": 0.88,
      "seconds_left": 139.26841068267822,
      "trigger_price": 0.88
    },
    {
      "ts": "2026-09-18T02:47:44.289980Z",
      "slug": "btc-updown-5m-1789699500",
      "status": "heartbeat",
      "gamma_up": 0.175,
      "gamma_down": 0.825,
      "clob_up_ask": 0.11,
      "clob_down_ask": 0.91,
      "seconds_left": 136.3436267375946,
      "min_spread": 0.009999999999999995
    },
    {
      "ts": "2026-09-18T02:47:44.290016Z",
      "slug": "btc-updown-5m-1789699500",
      "status": "skip_ask_too_expensive",
      "threshold": 0.7,
      "max_ask": 0.85,
      "win_streak": 3,
      "clob_up_ask": 0.11,
      "clob_down_ask": 0.91,
      "seconds_left": 136.3436267375946,
      "trigger_price": 0.91
    },
    {
      "ts": "2026-09-18T02:47:47.217813Z",
      "slug": "btc-updown-5m-1789699500",
      "status": "heartbeat",
      "gamma_up": 0.175,
      "gamma_down": 0.825,
      "clob_up_ask": 0.1,
      "clob_down_ask": 0.91,
      "seconds_left": 133.4222424030304,
      "min_spread": 0.010000000000000009
    },
    {
      "ts": "2026-09-18T02:47:47.217841Z",
      "slug": "btc-updown-5m-1789699500",
      "status": "skip_ask_too_expensive",
      "threshold": 0.7,
      "max_ask": 0.85,
      "win_streak": 3,
      "clob_up_ask": 0.1,
      "clob_down_ask": 0.91,
      "seconds_left": 133.4222424030304,
      "trigger_price": 0.91
    },
    {
      "ts": "2026-09-18T02:47:50.103158Z",
      "slug": "btc-updown-5m-1789699500",
      "status": "heartbeat",
      "gamma_up": 0.175,
      "gamma_down": 0.825,
      "clob_up_ask": 0.09,
      "clob_down_ask": 0.92,
      "seconds_left": 130.48328137397766,
      "min_spread": 0.009999999999999995
    },
    {
      "ts": "2026-09-18T02:47:50.103192Z",
      "slug": "btc-updown-5m-1789699500",
      "status": "skip_ask_too_expensive",
      "threshold": 0.7,
      "max_ask": 0.85,
      "win_streak": 3,
      "clob_up_ask": 0.09,
      "clob_down_ask": 0.92,
      "seconds_left": 130.48328137397766,
      "trigger_price": 0.92
    },
    {
      "ts": "2026-09-18T02:47:53.018952Z",
      "slug": "btc-updown-5m-1789699500",
      "status": "heartbeat",
      "gamma_up": 0.175,
      "gamma_down": 0.825,
      "clob_up_ask": 0.09,
      "clob_down_ask": 0.92,
      "seconds_left": 127.5829246044159,
      "min_spread": 0.009999999999999995
    },
    {
      "ts": "2026-09-18T02:47:53.019096Z",
      "slug": "btc-updown-5m-1789699500",
      "status": "skip_ask_too_expensive",
      "threshold": 0.7,
      "max_ask": 0.85,
      "win_streak": 3,
      "clob_up_ask": 0.09,
      "clob_down_ask": 0.92,
      "seconds_left": 127.5829246044159,
      "trigger_price": 0.92
    },
    {
      "ts": "2026-09-18T02:47:55.954637Z",
      "slug": "btc-updown-5m-1789699500",
      "status": "heartbeat",
      "gamma_up": 0.175,
      "gamma_down": 0.825,
      "clob_up_ask": 0.09,
      "clob_down_ask": 0.92,
      "seconds_left": 124.63828325271606,
      "min_spread": 0.009999999999999995
    },
    {
      "ts": "2026-09-18T02:47:55.954666Z",
      "slug": "btc-updown-5m-1789699500",
      "status": "skip_ask_too_expensive",
      "threshold": 0.7,
      "max_ask": 0.85,
      "win_streak": 3,
      "clob_up_ask": 0.09,
      "clob_down_ask": 0.92,
      "seconds_left": 124.63828325271606,
      "trigger_price": 0.92
    },
    {
      "ts": "2026-09-18T02:47:59.029271Z",
      "slug": "btc-updown-5m-1789699500",
      "status": "heartbeat",
      "gamma_up": 0.175,
      "gamma_down": 0.825,
      "clob_up_ask": 0.09,
      "clob_down_ask": 0.92,
      "seconds_left": 121.73638081550598,
      "min_spread": 0.009999999999999995
    },
    {
      "ts": "2026-09-18T02:47:59.029298Z",
      "slug": "btc-updown-5m-1789699500",
      "status": "skip_ask_too_expensive",
      "threshold": 0.7,
      "max_ask": 0.85,
      "win_streak": 3,
      "clob_up_ask": 0.09,
      "clob_down_ask": 0.92,
      "seconds_left": 121.73638081550598,
      "trigger_price": 0.92
    },
    {
      "ts": "2026-09-18T02:48:01.947806Z",
      "slug": "btc-updown-5m-1789699500",
      "status": "heartbeat",
      "gamma_up": 0.175,
      "gamma_down": 0.825,
      "clob_up_ask": 0.08,
      "clob_down_ask": 0.93,
      "seconds_left": 118.6623854637146,
      "min_spread": 0.009999999999999995
    },
    {
      "ts": "2026-09-18T02:48:01.947833Z",
      "slug": "btc-updown-5m-1789699500",
      "status": "skip_ask_too_expensive",
      "threshold": 0.7,
      "max_ask": 0.85,
      "win_streak": 3,
      "clob_up_ask": 0.08,
      "clob_down_ask": 0.93,
      "seconds_left": 118.6623854637146,
      "trigger_price": 0.93
    },
    {
      "ts": "2026-09-18T02:48:04.827779Z",
      "slug": "btc-updown-5m-1789699500",
      "status": "heartbeat",
      "gamma_up": 0.175,
      "gamma_down": 0.825,
      "clob_up_ask": 0.08,
      "clob_down_ask": 0.94,
      "seconds_left": 115.7637677192688,
      "min_spread": 0.009999999999999898
    },
    {
      "ts": "2026-09-18T02:48:04.827802Z",
      "slug": "btc-updown-5m-1789699500",
      "status": "skip_ask_too_expensive",
      "threshold": 0.7,
      "max_ask": 0.85,
      "win_streak": 3,
      "clob_up_ask": 0.08,
      "clob_down_ask": 0.94,
      "seconds_left": 115.7637677192688,
      "trigger_price": 0.94
    },
    {
      "ts": "2026-09-18T02:48:07.738022Z",
      "slug": "btc-updown-5m-1789699500",
      "status": "heartbeat",
      "gamma_up": 0.175,
      "gamma_down": 0.825,
      "clob_up_ask": 0.06,
      "clob_down_ask": 0.95,
      "seconds_left": 112.86184787750244,
      "min_spread": 0.009999999999999995
    },
    {
      "ts": "2026-09-18T02:48:07.738049Z",
      "slug": "btc-updown-5m-1789699500",
      "status": "skip_ask_too_expensive",
      "threshold": 0.7,
      "max_ask": 0.85,
      "win_streak": 3,
      "clob_up_ask": 0.06,
      "clob_down_ask": 0.95,
      "seconds_left": 112.86184787750244,
      "trigger_price": 0.95
    },
    {
      "ts": "2026-09-18T02:48:13.627217Z",
      "slug": "btc-updown-5m-1789699500",
      "status": "heartbeat",
      "gamma_up": 0.175,
      "gamma_down": 0.825,
      "clob_up_ask": 0.08,
      "clob_down_ask": 0.93,
      "seconds_left": 106.99477171897888,
      "min_spread": 0.009999999999999995
    },
    {
      "ts": "2026-09-18T02:48:13.627249Z",
      "slug": "btc-updown-5m-1789699500",
      "status": "skip_ask_too_expensive",
      "threshold": 0.7,
      "max_ask": 0.85,
      "win_streak": 3,
      "clob_up_ask": 0.08,
      "clob_down_ask": 0.93,
      "seconds_left": 106.99477171897888,
      "trigger_price": 0.93
    },
    {
      "ts": "2026-09-18T02:48:16.571472Z",
      "slug": "btc-updown-5m-1789699500",
      "status": "heartbeat",
      "gamma_up": 0.175,
      "gamma_down": 0.825,
      "clob_up_ask": 0.08,
      "clob_down_ask": 0.93,
      "seconds_left": 104.03581619262695,
      "min_spread": 0.009999999999999995
    },
    {
      "ts": "2026-09-18T02:48:16.571505Z",
      "slug": "btc-updown-5m-1789699500",
      "status": "skip_ask_too_expensive",
      "threshold": 0.7,
      "max_ask": 0.85,
      "win_streak": 3,
      "clob_up_ask": 0.08,
      "clob_down_ask": 0.93,
      "seconds_left": 104.03581619262695,
      "trigger_price": 0.93
    },
    {
      "ts": "2026-09-18T02:48:19.456977Z",
      "slug": "btc-updown-5m-1789699500",
      "status": "heartbeat",
      "gamma_up": 0.175,
      "gamma_down": 0.825,
      "clob_up_ask": 0.08,
      "clob_down_ask": 0.93,
      "seconds_left": 101.13189005851746,
      "min_spread": 0.009999999999999995
    },
    {
      "ts": "2026-09-18T02:48:19.456995Z",
      "slug": "btc-updown-5m-1789699500",
      "status": "skip_ask_too_expensive",
      "threshold": 0.7,
      "max_ask": 0.85,
      "win_streak": 3,
      "clob_up_ask": 0.08,
      "clob_down_ask": 0.93,
      "seconds_left": 101.13189005851746,
      "trigger_price": 0.93
    },
    {
      "ts": "2026-09-18T02:48:22.355452Z",
      "slug": "btc-updown-5m-1789699500",
      "status": "heartbeat",
      "gamma_up": 0.175,
      "gamma_down": 0.825,
      "clob_up_ask": 0.06,
      "clob_down_ask": 0.95,
      "seconds_left": 98.2433774471283,
      "min_spread": 0.009999999999999995
    },
    {
      "ts": "2026-09-18T02:48:22.355468Z",
      "slug": "btc-updown-5m-1789699500",
      "status": "skip_ask_too_expensive",
      "threshold": 0.7,
      "max_ask": 0.85,
      "win_streak": 3,
      "clob_up_ask": 0.06,
      "clob_down_ask": 0.95,
      "seconds_left": 98.2433774471283,
      "trigger_price": 0.95
    },
    {
      "ts": "2026-09-18T02:48:25.272520Z",
      "slug": "btc-updown-5m-1789699500",
      "status": "heartbeat",
      "gamma_up": 0.175,
      "gamma_down": 0.825,
      "clob_up_ask": 0.06,
      "clob_down_ask": 0.95,
      "seconds_left": 95.32513284683228,
      "min_spread": 0.009999999999999995
    },
    {
      "ts": "2026-09-18T02:48:25.272634Z",
      "slug": "btc-updown-5m-1789699500",
      "status": "skip_ask_too_expensive",
      "threshold": 0.7,
      "max_ask": 0.85,
      "win_streak": 3,
      "clob_up_ask": 0.06,
      "clob_down_ask": 0.95,
      "seconds_left": 95.32513284683228,
      "trigger_price": 0.95
    },
    {
      "ts": "2026-09-18T02:48:28.219173Z",
      "slug": "btc-updown-5m-1789699500",
      "status": "heartbeat",
      "gamma_up": 0.175,
      "gamma_down": 0.825,
      "clob_up_ask": 0.04,
      "clob_down_ask": 0.98,
      "seconds_left": 92.43153977394104,
      "min_spread": 0.010000000000000002
    },
    {
      "ts": "2026-09-18T02:48:28.219191Z",
      "slug": "btc-updown-5m-1789699500",
      "status": "skip_ask_too_expensive",
      "threshold": 0.7,
      "max_ask": 0.85,
      "win_streak": 3,
      "clob_up_ask": 0.04,
      "clob_down_ask": 0.98,
      "seconds_left": 92.43153977394104,
      "trigger_price": 0.98
    },
    {
      "ts": "2026-09-18T02:48:30.492912Z",
      "slug": "btc-updown-5m-1789699500",
      "status": "skip_too_late_to_enter",
      "seconds_left": 89.50709700584412,
      "min_entry_seconds_left": 90,
      "max_entry_seconds_left": 150
    },
    {
      "ts": "2026-09-18T02:48:32.785949Z",
      "slug": "btc-updown-5m-1789699500",
      "status": "skip_too_late_to_enter",
      "seconds_left": 87.2140576839447,
      "min_entry_seconds_left": 90,
      "max_entry_seconds_left": 150
    },
    {
      "ts": "2026-09-18T02:48:35.086293Z",
      "slug": "btc-updown-5m-1789699500",
      "status": "skip_too_late_to_enter",
      "seconds_left": 84.91371417045593,
      "min_entry_seconds_left": 90,
      "max_entry_seconds_left": 150
    },
    {
      "ts": "2026-09-18T02:48:37.411030Z",
      "slug": "btc-updown-5m-1789699500",
      "status": "skip_too_late_to_enter",
      "seconds_left": 82.58897662162781,
      "min_entry_seconds_left": 90,
      "max_entry_seconds_left": 150
    },
    {
      "ts": "2026-09-18T02:48:39.705886Z",
      "slug": "btc-updown-5m-1789699500",
      "status": "skip_too_late_to_enter",
      "seconds_left": 80.29412198066711,
      "min_entry_seconds_left": 90,
      "max_entry_seconds_left": 150
    },
    {
      "ts": "2026-09-18T02:48:41.998172Z",
      "slug": "btc-updown-5m-1789699500",
      "status": "skip_too_late_to_enter",
      "seconds_left": 78.00183486938477,
      "min_entry_seconds_left": 90,
      "max_entry_seconds_left": 150
    },
    {
      "ts": "2026-09-18T02:48:47.292913Z",
      "slug": "btc-updown-5m-1789699500",
      "status": "skip_too_late_to_enter",
      "seconds_left": 72.70709586143494,
      "min_entry_seconds_left": 90,
      "max_entry_seconds_left": 150
    },
    {
      "ts": "2026-09-18T02:48:49.594743Z",
      "slug": "btc-updown-5m-1789699500",
      "status": "skip_too_late_to_enter",
      "seconds_left": 70.40526270866394,
      "min_entry_seconds_left": 90,
      "max_entry_seconds_left": 150
    },
    {
      "ts": "2026-09-18T02:48:52.024382Z",
      "slug": "btc-updown-5m-1789699500",
      "status": "skip_too_late_to_enter",
      "seconds_left": 67.97562456130981,
      "min_entry_seconds_left": 90,
      "max_entry_seconds_left": 150
    },
    {
      "ts": "2026-09-18T02:48:54.313175Z",
      "slug": "btc-updown-5m-1789699500",
      "status": "skip_too_late_to_enter",
      "seconds_left": 65.68684339523315,
      "min_entry_seconds_left": 90,
      "max_entry_seconds_left": 150
    },
    {
      "ts": "2026-09-18T02:48:56.660099Z",
      "slug": "btc-updown-5m-1789699500",
      "status": "skip_too_late_to_enter",
      "seconds_left": 63.33990836143494,
      "min_entry_seconds_left": 90,
      "max_entry_seconds_left": 150
    },
    {
      "ts": "2026-09-18T02:48:58.968060Z",
      "slug": "btc-updown-5m-1789699500",
      "status": "skip_too_late_to_enter",
      "seconds_left": 61.031946659088135,
      "min_entry_seconds_left": 90,
      "max_entry_seconds_left": 150
    },
    {
      "ts": "2026-09-18T02:49:01.281651Z",
      "slug": "btc-updown-5m-1789699500",
      "status": "skip_too_late_to_enter",
      "seconds_left": 58.718356132507324,
      "min_entry_seconds_left": 90,
      "max_entry_seconds_left": 150
    },
    {
      "ts": "2026-09-18T02:49:03.593466Z",
      "slug": "btc-updown-5m-1789699500",
      "status": "skip_too_late_to_enter",
      "seconds_left": 56.4065420627594,
      "min_entry_seconds_left": 90,
      "max_entry_seconds_left": 150
    },
    {
      "ts": "2026-09-18T02:49:05.899211Z",
      "slug": "btc-updown-5m-1789699500",
      "status": "skip_too_late_to_enter",
      "seconds_left": 54.10079646110535,
      "min_entry_seconds_left": 90,
      "max_entry_seconds_left": 150
    },
    {
      "ts": "2026-09-18T02:49:08.246579Z",
      "slug": "btc-updown-5m-1789699500",
      "status": "skip_too_late_to_enter",
      "seconds_left": 51.75342798233032,
      "min_entry_seconds_left": 90,
      "max_entry_seconds_left": 150
    },
    {
      "ts": "2026-09-18T02:49:10.574711Z",
      "slug": "btc-updown-5m-1789699500",
      "status": "skip_too_late_to_enter",
      "seconds_left": 49.425297498703,
      "min_entry_seconds_left": 90,
      "max_entry_seconds_left": 150
    },
    {
      "ts": "2026-09-18T02:49:12.854202Z",
      "slug": "btc-updown-5m-1789699500",
      "status": "skip_too_late_to_enter",
      "seconds_left": 47.14580535888672,
      "min_entry_seconds_left": 90,
      "max_entry_seconds_left": 150
    },
    {
      "ts": "2026-09-18T02:49:15.160434Z",
      "slug": "btc-updown-5m-1789699500",
      "status": "skip_too_late_to_enter",
      "seconds_left": 44.83957362174988,
      "min_entry_seconds_left": 90,
      "max_entry_seconds_left": 150
    },
    {
      "ts": "2026-09-18T02:49:17.488349Z",
      "slug": "btc-updown-5m-1789699500",
      "status": "skip_too_late_to_enter",
      "seconds_left": 42.51165819168091,
      "min_entry_seconds_left": 90,
      "max_entry_seconds_left": 150
    },
    {
      "ts": "2026-09-18T02:49:22.777337Z",
      "slug": "btc-updown-5m-1789699500",
      "status": "skip_too_late_to_enter",
      "seconds_left": 37.22266983985901,
      "min_entry_seconds_left": 90,
      "max_entry_seconds_left": 150
    },
    {
      "ts": "2026-09-18T02:49:25.107288Z",
      "slug": "btc-updown-5m-1789699500",
      "status": "skip_too_late_to_enter",
      "seconds_left": 34.89271879196167,
      "min_entry_seconds_left": 90,
      "max_entry_seconds_left": 150
    },
    {
      "ts": "2026-09-18T02:49:27.406092Z",
      "slug": "btc-updown-5m-1789699500",
      "status": "skip_too_late_to_enter",
      "seconds_left": 32.59391689300537,
      "min_entry_seconds_left": 90,
      "max_entry_seconds_left": 150
    },
    {
      "ts": "2026-09-18T02:49:29.711629Z",
      "slug": "btc-updown-5m-1789699500",
      "status": "skip_too_late_to_enter",
      "seconds_left": 30.288382530212402,
      "min_entry_seconds_left": 90,
      "max_entry_seconds_left": 150
    },
    {
      "ts": "2026-09-18T02:49:32.017837Z",
      "slug": "btc-updown-5m-1789699500",
      "status": "skip_too_late_to_enter",
      "seconds_left": 27.98217010498047,
      "min_entry_seconds_left": 90,
      "max_entry_seconds_left": 150
    },
    {
      "ts": "2026-09-18T02:49:34.364490Z",
      "slug": "btc-updown-5m-1789699500",
      "status": "skip_too_late_to_enter",
      "seconds_left": 25.635517597198486,
      "min_entry_seconds_left": 90,
      "max_entry_seconds_left": 150
    },
    {
      "ts": "2026-09-18T02:49:36.652870Z",
      "slug": "btc-updown-5m-1789699500",
      "status": "skip_too_late_to_enter",
      "seconds_left": 23.347137212753296,
      "min_entry_seconds_left": 90,
      "max_entry_seconds_left": 150
    },
    {
      "ts": "2026-09-18T02:49:38.954649Z",
      "slug": "btc-updown-5m-1789699500",
      "status": "skip_too_late_to_enter",
      "seconds_left": 21.045358896255493,
      "min_entry_seconds_left": 90,
      "max_entry_seconds_left": 150
    },
    {
      "ts": "2026-09-18T02:49:41.260591Z",
      "slug": "btc-updown-5m-1789699500",
      "status": "skip_too_late_to_enter",
      "seconds_left": 18.739412784576416,
      "min_entry_seconds_left": 90,
      "max_entry_seconds_left": 150
    },
    {
      "ts": "2026-09-18T02:49:43.605786Z",
      "slug": "btc-updown-5m-1789699500",
      "status": "skip_too_late_to_enter",
      "seconds_left": 16.394221305847168,
      "min_entry_seconds_left": 90,
      "max_entry_seconds_left": 150
    },
    {
      "ts": "2026-09-18T02:49:45.914113Z",
      "slug": "btc-updown-5m-1789699500",
      "status": "skip_too_late_to_enter",
      "seconds_left": 14.085894107818604,
      "min_entry_seconds_left": 90,
      "max_entry_seconds_left": 150
    },
    {
      "ts": "2026-09-18T02:49:48.206023Z",
      "slug": "btc-updown-5m-1789699500",
      "status": "skip_too_late_to_enter",
      "seconds_left": 11.793984413146973,
      "min_entry_seconds_left": 90,
      "max_entry_seconds_left": 150
    },
    {
      "ts": "2026-09-18T02:49:50.504388Z",
      "slug": "btc-updown-5m-1789699500",
      "status": "skip_too_late_to_enter",
      "seconds_left": 9.495620012283325,
      "min_entry_seconds_left": 90,
      "max_entry_seconds_left": 150
    },
    {
      "ts": "2026-09-18T02:49:52.815286Z",
      "slug": "btc-updown-5m-1789699500",
      "status": "skip_too_late_to_enter",
      "seconds_left": 7.184720993041992,
      "min_entry_seconds_left": 90,
      "max_entry_seconds_left": 150
    },
    {
      "ts": "2026-09-18T02:49:58.087754Z",
      "status": "heartbeat_no_current_market"
    },
    {
      "ts": "2026-09-18T02:50:00.410094Z",
      "slug": "btc-updown-5m-1789699800",
      "status": "skip_too_early_to_enter",
      "seconds_left": 299.58991289138794,
      "min_entry_seconds_left": 90,
      "max_entry_seconds_left": 150
    },
    {
      "ts": "2026-09-18T02:50:02.898046Z",
      "slug": "btc-updown-5m-1789699800",
      "status": "skip_too_early_to_enter",
      "seconds_left": 297.10196113586426,
      "min_entry_seconds_left": 90,
      "max_entry_seconds_left": 150
    },
    {
      "ts": "2026-09-18T02:50:05.199312Z",
      "slug": "btc-updown-5m-1789699800",
      "status": "skip_too_early_to_enter",
      "seconds_left": 294.8006956577301,
      "min_entry_seconds_left": 90,
      "max_entry_seconds_left": 150
    },
    {
      "ts": "2026-09-18T02:50:07.476864Z",
      "slug": "btc-updown-5m-1789699800",
      "status": "skip_too_early_to_enter",
      "seconds_left": 292.52314352989197,
      "min_entry_seconds_left": 90,
      "max_entry_seconds_left": 150
    },
    {
      "ts": "2026-09-18T02:50:09.771069Z",
      "slug": "btc-updown-5m-1789699800",
      "status": "skip_too_early_to_enter",
      "seconds_left": 290.2289388179779,
      "min_entry_seconds_left": 90,
      "max_entry_seconds_left": 150
    },
    {
      "ts": "2026-09-18T02:50:12.048341Z",
      "slug": "btc-updown-5m-1789699800",
      "status": "skip_too_early_to_enter",
      "seconds_left": 287.9516673088074,
      "min_entry_seconds_left": 90,
      "max_entry_seconds_left": 150
    },
    {
      "ts": "2026-09-18T02:50:14.360822Z",
      "slug": "btc-updown-5m-1789699800",
      "status": "skip_too_early_to_enter",
      "seconds_left": 285.6391849517822,
      "min_entry_seconds_left": 90,
      "max_entry_seconds_left": 150
    },
    {
      "ts": "2026-09-18T02:50:16.675441Z",
      "slug": "btc-updown-5m-1789699800",
      "status": "skip_too_early_to_enter",
      "seconds_left": 283.3245642185211,
      "min_entry_seconds_left": 90,
      "max_entry_seconds_left": 150
    },
    {
      "ts": "2026-09-18T02:50:18.972750Z",
      "slug": "btc-updown-5m-1789699800",
      "status": "skip_too_early_to_enter",
      "seconds_left": 281.02725744247437,
      "min_entry_seconds_left": 90,
      "max_entry_seconds_left": 150
    },
    {
      "ts": "2026-09-18T02:50:21.280304Z",
      "slug": "btc-updown-5m-1789699800",
      "status": "skip_too_early_to_enter",
      "seconds_left": 278.71970319747925,
      "min_entry_seconds_left": 90,
      "max_entry_seconds_left": 150
    },
    {
      "ts": "2026-09-18T02:50:23.647527Z",
      "slug": "btc-updown-5m-1789699800",
      "status": "skip_too_early_to_enter",
      "seconds_left": 276.3524787425995,
      "min_entry_seconds_left": 90,
      "max_entry_seconds_left": 150
    },
    {
      "ts": "2026-09-18T02:50:25.949925Z",
      "slug": "btc-updown-5m-1789699800",
      "status": "skip_too_early_to_enter",
      "seconds_left": 274.0500817298889,
      "min_entry_seconds_left": 90,
      "max_entry_seconds_left": 150
    },
    {
      "ts": "2026-09-18T02:50:28.260395Z",
      "slug": "btc-updown-5m-1789699800",
      "status": "skip_too_early_to_enter",
      "seconds_left": 271.7396080493927,
      "min_entry_seconds_left": 90,
      "max_entry_seconds_left": 150
    },
    {
      "ts": "2026-09-18T02:50:33.498026Z",
      "slug": "btc-updown-5m-1789699800",
      "status": "skip_too_early_to_enter",
      "seconds_left": 266.5019807815552,
      "min_entry_seconds_left": 90,
      "max_entry_seconds_left": 150
    },
    {
      "ts": "2026-09-18T02:50:35.793910Z",
      "slug": "btc-updown-5m-1789699800",
      "status": "skip_too_early_to_enter",
      "seconds_left": 264.2060968875885,
      "min_entry_seconds_left": 90,
      "max_entry_seconds_left": 150
    },
    {
      "ts": "2026-09-18T02:50:38.110353Z",
      "slug": "btc-updown-5m-1789699800",
      "status": "skip_too_early_to_enter",
      "seconds_left": 261.88965463638306,
      "min_entry_seconds_left": 90,
      "max_entry_seconds_left": 150
    },
    {
      "ts": "2026-09-18T02:50:40.425222Z",
      "slug": "btc-updown-5m-1789699800",
      "status": "skip_too_early_to_enter",
      "seconds_left": 259.5747878551483,
      "min_entry_seconds_left": 90,
      "max_entry_seconds_left": 150
    },
    {
      "ts": "2026-09-18T02:50:42.735649Z",
      "slug": "btc-updown-5m-1789699800",
      "status": "skip_too_early_to_enter",
      "seconds_left": 257.26435685157776,
      "min_entry_seconds_left": 90,
      "max_entry_seconds_left": 150
    },
    {
      "ts": "2026-09-18T02:50:45.074833Z",
      "slug": "btc-updown-5m-1789699800",
      "status": "skip_too_early_to_enter",
      "seconds_left": 254.92517471313477,
      "min_entry_seconds_left": 90,
      "max_entry_seconds_left": 150
    },
    {
      "ts": "2026-09-18T02:50:47.418307Z",
      "slug": "btc-updown-5m-1789699800",
      "status": "skip_too_early_to_enter",
      "seconds_left": 252.58170104026794,
      "min_entry_seconds_left": 90,
      "max_entry_seconds_left": 150
    },
    {
      "ts": "2026-09-18T02:50:49.779800Z",
      "slug": "btc-updown-5m-1789699800",
      "status": "skip_too_early_to_enter",
      "seconds_left": 250.22020745277405,
      "min_entry_seconds_left": 90,
      "max_entry_seconds_left": 150
    },
    {
      "ts": "2026-09-18T02:50:52.065930Z",
      "slug": "btc-updown-5m-1789699800",
      "status": "skip_too_early_to_enter",
      "seconds_left": 247.93407344818115,
      "min_entry_seconds_left": 90,
      "max_entry_seconds_left": 150
    },
    {
      "ts": "2026-09-18T02:50:54.423736Z",
      "slug": "btc-updown-5m-1789699800",
      "status": "skip_too_early_to_enter",
      "seconds_left": 245.57626748085022,
      "min_entry_seconds_left": 90,
      "max_entry_seconds_left": 150
    },
    {
      "ts": "2026-09-18T02:50:56.714087Z",
      "slug": "btc-updown-5m-1789699800",
      "status": "skip_too_early_to_enter",
      "seconds_left": 243.28592109680176,
      "min_entry_seconds_left": 90,
      "max_entry_seconds_left": 150
    },
    {
      "ts": "2026-09-18T02:50:59.033970Z",
      "slug": "btc-updown-5m-1789699800",
      "status": "skip_too_early_to_enter",
      "seconds_left": 240.9660382270813,
      "min_entry_seconds_left": 90,
      "max_entry_seconds_left": 150
    },
    {
      "ts": "2026-09-18T02:51:01.330309Z",
      "slug": "btc-updown-5m-1789699800",
      "status": "skip_too_early_to_enter",
      "seconds_left": 238.66969656944275,
      "min_entry_seconds_left": 90,
      "max_entry_seconds_left": 150
    },
    {
      "ts": "2026-09-18T02:51:03.626183Z",
      "slug": "btc-updown-5m-1789699800",
      "status": "skip_too_early_to_enter",
      "seconds_left": 236.37382197380066,
      "min_entry_seconds_left": 90,
      "max_entry_seconds_left": 150
    },
    {
      "ts": "2026-09-18T02:51:08.908889Z",
      "slug": "btc-updown-5m-1789699800",
      "status": "skip_too_early_to_enter",
      "seconds_left": 231.09111547470093,
      "min_entry_seconds_left": 90,
      "max_entry_seconds_left": 150
    },
    {
      "ts": "2026-09-18T02:51:11.218241Z",
      "slug": "btc-updown-5m-1789699800",
      "status": "skip_too_early_to_enter",
      "seconds_left": 228.78176522254944,
      "min_entry_seconds_left": 90,
      "max_entry_seconds_left": 150
    },
    {
      "ts": "2026-09-18T02:51:13.512183Z",
      "slug": "btc-updown-5m-1789699800",
      "status": "skip_too_early_to_enter",
      "seconds_left": 226.48782324790955,
      "min_entry_seconds_left": 90,
      "max_entry_seconds_left": 150
    },
    {
      "ts": "2026-09-18T02:51:15.794582Z",
      "slug": "btc-updown-5m-1789699800",
      "status": "skip_too_early_to_enter",
      "seconds_left": 224.2054238319397,
      "min_entry_seconds_left": 90,
      "max_entry_seconds_left": 150
    },
    {
      "ts": "2026-09-18T02:51:18.086490Z",
      "slug": "btc-updown-5m-1789699800",
      "status": "skip_too_early_to_enter",
      "seconds_left": 221.91351556777954,
      "min_entry_seconds_left": 90,
      "max_entry_seconds_left": 150
    },
    {
      "ts": "2026-09-18T02:51:20.358762Z",
      "slug": "btc-updown-5m-1789699800",
      "status": "skip_too_early_to_enter",
      "seconds_left": 219.6412410736084,
      "min_entry_seconds_left": 90,
      "max_entry_seconds_left": 150
    },
    {
      "ts": "2026-09-18T02:51:22.662283Z",
      "slug": "btc-updown-5m-1789699800",
      "status": "skip_too_early_to_enter",
      "seconds_left": 217.3377227783203,
      "min_entry_seconds_left": 90,
      "max_entry_seconds_left": 150
    },
    {
      "ts": "2026-09-18T02:51:24.954939Z",
      "slug": "btc-updown-5m-1789699800",
      "status": "skip_too_early_to_enter",
      "seconds_left": 215.0450656414032,
      "min_entry_seconds_left": 90,
      "max_entry_seconds_left": 150
    },
    {
      "ts": "2026-09-18T02:51:27.232635Z",
      "slug": "btc-updown-5m-1789699800",
      "status": "skip_too_early_to_enter",
      "seconds_left": 212.76737308502197,
      "min_entry_seconds_left": 90,
      "max_entry_seconds_left": 150
    },
    {
      "ts": "2026-09-18T02:51:29.508273Z",
      "slug": "btc-updown-5m-1789699800",
      "status": "skip_too_early_to_enter",
      "seconds_left": 210.49173092842102,
      "min_entry_seconds_left": 90,
      "max_entry_seconds_left": 150
    },
    {
      "ts": "2026-09-18T02:51:31.773353Z",
      "slug": "btc-updown-5m-1789699800",
      "status": "skip_too_early_to_enter",
      "seconds_left": 208.22665786743164,
      "min_entry_seconds_left": 90,
      "max_entry_seconds_left": 150
    },
    {
      "ts": "2026-09-18T02:51:34.057504Z",
      "slug": "btc-updown-5m-1789699800",
      "status": "skip_too_early_to_enter",
      "seconds_left": 205.94250345230103,
      "min_entry_seconds_left": 90,
      "max_entry_seconds_left": 150
    },
    {
      "ts": "2026-09-18T02:51:36.360094Z",
      "slug": "btc-updown-5m-1789699800",
      "status": "skip_too_early_to_enter",
      "seconds_left": 203.63991403579712,
      "min_entry_seconds_left": 90,
      "max_entry_seconds_left": 150
    },
    {
      "ts": "2026-09-18T02:51:38.672490Z",
      "slug": "btc-updown-5m-1789699800",
      "status": "skip_too_early_to_enter",
      "seconds_left": 201.32751631736755,
      "min_entry_seconds_left": 90,
      "max_entry_seconds_left": 150
    },
    {
      "ts": "2026-09-18T02:51:40.973012Z",
      "slug": "btc-updown-5m-1789699800",
      "status": "skip_too_early_to_enter",
      "seconds_left": 199.02699422836304,
      "min_entry_seconds_left": 90,
      "max_entry_seconds_left": 150
    },
    {
      "ts": "2026-09-18T02:51:46.219219Z",
      "slug": "btc-updown-5m-1789699800",
      "status": "skip_too_early_to_enter",
      "seconds_left": 193.78078818321228,
      "min_entry_seconds_left": 90,
      "max_entry_seconds_left": 150
    },
    {
      "ts": "2026-09-18T02:51:48.516857Z",
      "slug": "btc-updown-5m-1789699800",
      "status": "skip_too_early_to_enter",
      "seconds_left": 191.48315048217773,
      "min_entry_seconds_left": 90,
      "max_entry_seconds_left": 150
    },
    {
      "ts": "2026-09-18T02:51:50.815953Z",
      "slug": "btc-updown-5m-1789699800",
      "status": "skip_too_early_to_enter",
      "seconds_left": 189.18405294418335,
      "min_entry_seconds_left": 90,
      "max_entry_seconds_left": 150
    },
    {
      "ts": "2026-09-18T02:51:53.093741Z",
      "slug": "btc-updown-5m-1789699800",
      "status": "skip_too_early_to_enter",
      "seconds_left": 186.90626311302185,
      "min_entry_seconds_left": 90,
      "max_entry_seconds_left": 150
    },
    {
      "ts": "2026-09-18T02:51:55.405332Z",
      "slug": "btc-updown-5m-1789699800",
      "status": "skip_too_early_to_enter",
      "seconds_left": 184.59467339515686,
      "min_entry_seconds_left": 90,
      "max_entry_seconds_left": 150
    },
    {
      "ts": "2026-09-18T02:51:57.735142Z",
      "slug": "btc-updown-5m-1789699800",
      "status": "skip_too_early_to_enter",
      "seconds_left": 182.26486539840698,
      "min_entry_seconds_left": 90,
      "max_entry_seconds_left": 150
    },
    {
      "ts": "2026-09-18T02:52:00.024637Z",
      "slug": "btc-updown-5m-1789699800",
      "status": "skip_too_early_to_enter",
      "seconds_left": 179.97536969184875,
      "min_entry_seconds_left": 90,
      "max_entry_seconds_left": 150
    },
    {
      "ts": "2026-09-18T02:52:02.331196Z",
      "slug": "btc-updown-5m-1789699800",
      "status": "skip_too_early_to_enter",
      "seconds_left": 177.66881108283997,
      "min_entry_seconds_left": 90,
      "max_entry_seconds_left": 150
    },
    {
      "ts": "2026-09-18T02:52:04.620223Z",
      "slug": "btc-updown-5m-1789699800",
      "status": "skip_too_early_to_enter",
      "seconds_left": 175.379784822464,
      "min_entry_seconds_left": 90,
      "max_entry_seconds_left": 150
    },
    {
      "ts": "2026-09-18T02:52:06.924996Z",
      "slug": "btc-updown-5m-1789699800",
      "status": "skip_too_early_to_enter",
      "seconds_left": 173.0750114917755,
      "min_entry_seconds_left": 90,
      "max_entry_seconds_left": 150
    },
    {
      "ts": "2026-09-18T02:52:09.225090Z",
      "slug": "btc-updown-5m-1789699800",
      "status": "skip_too_early_to_enter",
      "seconds_left": 170.77491641044617,
      "min_entry_seconds_left": 90,
      "max_entry_seconds_left": 150
    },
    {
      "ts": "2026-09-18T02:52:11.516776Z",
      "slug": "btc-updown-5m-1789699800",
      "status": "skip_too_early_to_enter",
      "seconds_left": 168.48322677612305,
      "min_entry_seconds_left": 90,
      "max_entry_seconds_left": 150
    },
    {
      "ts": "2026-09-18T02:52:13.850608Z",
      "slug": "btc-updown-5m-1789699800",
      "status": "skip_too_early_to_enter",
      "seconds_left": 166.14939999580383,
      "min_entry_seconds_left": 90,
      "max_entry_seconds_left": 150
    },
    {
      "ts": "2026-09-18T02:52:16.129331Z",
      "slug": "btc-updown-5m-1789699800",
      "status": "skip_too_early_to_enter",
      "seconds_left": 163.8706760406494,
      "min_entry_seconds_left": 90,
      "max_entry_seconds_left": 150
    },
    {
      "ts": "2026-09-18T02:52:21.390255Z",
      "slug": "btc-updown-5m-1789699800",
      "status": "skip_too_early_to_enter",
      "seconds_left": 158.6097493171692,
      "min_entry_seconds_left": 90,
      "max_entry_seconds_left": 150
    },
    {
      "ts": "2026-09-18T02:52:23.693383Z",
      "slug": "btc-updown-5m-1789699800",
      "status": "skip_too_early_to_enter",
      "seconds_left": 156.30662536621094,
      "min_entry_seconds_left": 90,
      "max_entry_seconds_left": 150
    },
    {
      "ts": "2026-09-18T02:52:26.072149Z",
      "slug": "btc-updown-5m-1789699800",
      "status": "skip_too_early_to_enter",
      "seconds_left": 153.92785739898682,
      "min_entry_seconds_left": 90,
      "max_entry_seconds_left": 150
    },
    {
      "ts": "2026-09-18T02:52:28.397672Z",
      "slug": "btc-updown-5m-1789699800",
      "status": "skip_too_early_to_enter",
      "seconds_left": 151.6023349761963,
      "min_entry_seconds_left": 90,
      "max_entry_seconds_left": 150
    },
    {
      "ts": "2026-09-18T02:52:31.544536Z",
      "slug": "btc-updown-5m-1789699800",
      "status": "heartbeat",
      "gamma_up": 0.745,
      "gamma_down": 0.255,
      "clob_up_ask": 0.98,
      "clob_down_ask": 0.03,
      "seconds_left": 149.31413626670837,
      "min_spread": 0.009999999999999998
    },
    {
      "ts": "2026-09-18T02:52:31.544553Z",
      "slug": "btc-updown-5m-1789699800",
      "status": "skip_ask_too_expensive",
      "threshold": 0.7,
      "max_ask": 0.85,
      "win_streak": 3,
      "clob_up_ask": 0.98,
      "clob_down_ask": 0.03,
      "seconds_left": 149.31413626670837,
      "trigger_price": 0.98
    },
    {
      "ts": "2026-09-18T02:52:34.445582Z",
      "slug": "btc-updown-5m-1789699800",
      "status": "heartbeat",
      "gamma_up": 0.745,
      "gamma_down": 0.255,
      "clob_up_ask": 0.98,
      "clob_down_ask": 0.03,
      "seconds_left": 146.16150665283203,
      "min_spread": 0.009999999999999998
    },
    {
      "ts": "2026-09-18T02:52:34.445612Z",
      "slug": "btc-updown-5m-1789699800",
      "status": "skip_ask_too_expensive",
      "threshold": 0.7,
      "max_ask": 0.85,
      "win_streak": 3,
      "clob_up_ask": 0.98,
      "clob_down_ask": 0.03,
      "seconds_left": 146.16150665283203,
      "trigger_price": 0.98
    },
    {
      "ts": "2026-09-18T02:52:37.371445Z",
      "slug": "btc-updown-5m-1789699800",
      "status": "heartbeat",
      "gamma_up": 0.745,
      "gamma_down": 0.255,
      "clob_up_ask": 0.98,
      "clob_down_ask": 0.03,
      "seconds_left": 143.22738981246948,
      "min_spread": 0.009999999999999998
    },
    {
      "ts": "2026-09-18T02:52:37.371511Z",
      "slug": "btc-updown-5m-1789699800",
      "status": "skip_ask_too_expensive",
      "threshold": 0.7,
      "max_ask": 0.85,
      "win_streak": 3,
      "clob_up_ask": 0.98,
      "clob_down_ask": 0.03,
      "seconds_left": 143.22738981246948,
      "trigger_price": 0.98
    },
    {
      "ts": "2026-09-18T02:52:40.254475Z",
      "slug": "btc-updown-5m-1789699800",
      "status": "heartbeat",
      "gamma_up": 0.745,
      "gamma_down": 0.255,
      "clob_up_ask": 0.98,
      "clob_down_ask": 0.03,
      "seconds_left": 140.3435037136078,
      "min_spread": 0.009999999999999998
    },
    {
      "ts": "2026-09-18T02:52:40.254505Z",
      "slug": "btc-updown-5m-1789699800",
      "status": "skip_ask_too_expensive",
      "threshold": 0.7,
      "max_ask": 0.85,
      "win_streak": 3,
      "clob_up_ask": 0.98,
      "clob_down_ask": 0.03,
      "seconds_left": 140.3435037136078,
      "trigger_price": 0.98
    },
    {
      "ts": "2026-09-18T02:52:43.142789Z",
      "slug": "btc-updown-5m-1789699800",
      "status": "heartbeat",
      "gamma_up": 0.745,
      "gamma_down": 0.255,
      "clob_up_ask": 0.99,
      "clob_down_ask": 0.02,
      "seconds_left": 137.45469164848328,
      "min_spread": 0.01
    },
    {
      "ts": "2026-09-18T02:52:43.142816Z",
      "slug": "btc-updown-5m-1789699800",
      "status": "skip_ask_too_expensive",
      "threshold": 0.7,
      "max_ask": 0.85,
      "win_streak": 3,
      "clob_up_ask": 0.99,
      "clob_down_ask": 0.02,
      "seconds_left": 137.45469164848328,
      "trigger_price": 0.99
    },
    {
      "ts": "2026-09-18T02:52:46.123105Z",
      "slug": "btc-updown-5m-1789699800",
      "status": "heartbeat",
      "gamma_up": 0.745,
      "gamma_down": 0.255,
      "clob_up_ask": 0.99,
      "clob_down_ask": 0.02,
      "seconds_left": 134.54248070716858,
      "min_spread": 0.01
    },
    {
      "ts": "2026-09-18T02:52:46.123146Z",
      "slug": "btc-updown-5m-1789699800",
      "status": "skip_ask_too_expensive",
      "threshold": 0.7,
      "max_ask": 0.85,
      "win_streak": 3,
      "clob_up_ask": 0.99,
      "clob_down_ask": 0.02,
      "seconds_left": 134.54248070716858,
      "trigger_price": 0.99
    },
    {
      "ts": "2026-09-18T02:52:49.048098Z",
      "slug": "btc-updown-5m-1789699800",
      "status": "heartbeat",
      "gamma_up": 0.745,
      "gamma_down": 0.255,
      "clob_up_ask": null,
      "clob_down_ask": 0.01,
      "seconds_left": 131.58138990402222,
      "min_spread": null
    },
    {
      "ts": "2026-09-18T02:52:49.048121Z",
      "slug": "btc-updown-5m-1789699800",
      "status": "skip_price_below_threshold",
      "threshold": 0.7,
      "max_ask": 0.85,
      "win_streak": 3,
      "clob_up_ask": null,
      "clob_down_ask": 0.01,
      "seconds_left": 131.58138990402222,
      "trigger_price": null
    },
    {
      "ts": "2026-09-18T02:52:51.933710Z",
      "slug": "btc-updown-5m-1789699800",
      "status": "heartbeat",
      "gamma_up": 0.745,
      "gamma_down": 0.255,
      "clob_up_ask": null,
      "clob_down_ask": 0.01,
      "seconds_left": 128.663343667984,
      "min_spread": null
    },
    {
      "ts": "2026-09-18T02:52:51.933730Z",
      "slug": "btc-updown-5m-1789699800",
      "status": "skip_price_below_threshold",
      "threshold": 0.7,
      "max_ask": 0.85,
      "win_streak": 3,
      "clob_up_ask": null,
      "clob_down_ask": 0.01,
      "seconds_left": 128.663343667984,
      "trigger_price": null
    },
    {
      "ts": "2026-09-18T02:52:57.798944Z",
      "slug": "btc-updown-5m-1789699800",
      "status": "heartbeat",
      "gamma_up": 0.745,
      "gamma_down": 0.255,
      "clob_up_ask": null,
      "clob_down_ask": 0.01,
      "seconds_left": 122.81793117523193,
      "min_spread": null
    },
    {
      "ts": "2026-09-18T02:52:57.798968Z",
      "slug": "btc-updown-5m-1789699800",
      "status": "skip_price_below_threshold",
      "threshold": 0.7,
      "max_ask": 0.85,
      "win_streak": 3,
      "clob_up_ask": null,
      "clob_down_ask": 0.01,
      "seconds_left": 122.81793117523193,
      "trigger_price": null
    },
    {
      "ts": "2026-09-18T02:53:00.702413Z",
      "slug": "btc-updown-5m-1789699800",
      "status": "heartbeat",
      "gamma_up": 0.745,
      "gamma_down": 0.255,
      "clob_up_ask": null,
      "clob_down_ask": 0.01,
      "seconds_left": 119.90888285636902,
      "min_spread": null
    },
    {
      "ts": "2026-09-18T02:53:00.702430Z",
      "slug": "btc-updown-5m-1789699800",
      "status": "skip_price_below_threshold",
      "threshold": 0.7,
      "max_ask": 0.85,
      "win_streak": 3,
      "clob_up_ask": null,
      "clob_down_ask": 0.01,
      "seconds_left": 119.90888285636902,
      "trigger_price": null
    },
    {
      "ts": "2026-09-18T02:53:03.719667Z",
      "slug": "btc-updown-5m-1789699800",
      "status": "heartbeat",
      "gamma_up": 0.745,
      "gamma_down": 0.255,
      "clob_up_ask": null,
      "clob_down_ask": 0.01,
      "seconds_left": 116.88638186454773,
      "min_spread": null
    },
    {
      "ts": "2026-09-18T02:53:03.719690Z",
      "slug": "btc-updown-5m-1789699800",
      "status": "skip_price_below_threshold",
      "threshold": 0.7,
      "max_ask": 0.85,
      "win_streak": 3,
      "clob_up_ask": null,
      "clob_down_ask": 0.01,
      "seconds_left": 116.88638186454773,
      "trigger_price": null
    },
    {
      "ts": "2026-09-18T02:53:06.715748Z",
      "slug": "btc-updown-5m-1789699800",
      "status": "heartbeat",
      "gamma_up": 0.745,
      "gamma_down": 0.255,
      "clob_up_ask": null,
      "clob_down_ask": 0.01,
      "seconds_left": 113.95898270606995,
      "min_spread": null
    },
    {
      "ts": "2026-09-18T02:53:06.715775Z",
      "slug": "btc-updown-5m-1789699800",
      "status": "skip_price_below_threshold",
      "threshold": 0.7,
      "max_ask": 0.85,
      "win_streak": 3,
      "clob_up_ask": null,
      "clob_down_ask": 0.01,
      "seconds_left": 113.95898270606995,
      "trigger_price": null
    },
    {
      "ts": "2026-09-18T02:53:09.613829Z",
      "slug": "btc-updown-5m-1789699800",
      "status": "heartbeat",
      "gamma_up": 0.745,
      "gamma_down": 0.255,
      "clob_up_ask": null,
      "clob_down_ask": 0.01,
      "seconds_left": 110.98452591896057,
      "min_spread": null
    },
    {
      "ts": "2026-09-18T02:53:09.613854Z",
      "slug": "btc-updown-5m-1789699800",
      "status": "skip_price_below_threshold",
      "threshold": 0.7,
      "max_ask": 0.85,
      "win_streak": 3,
      "clob_up_ask": null,
      "clob_down_ask": 0.01,
      "seconds_left": 110.98452591896057,
      "trigger_price": null
    },
    {
      "ts": "2026-09-18T02:53:12.501482Z",
      "slug": "btc-updown-5m-1789699800",
      "status": "heartbeat",
      "gamma_up": 0.745,
      "gamma_down": 0.255,
      "clob_up_ask": null,
      "clob_down_ask": 0.01,
      "seconds_left": 108.10299921035767,
      "min_spread": null
    },
    {
      "ts": "2026-09-18T02:53:12.501508Z",
      "slug": "btc-updown-5m-1789699800",
      "status": "skip_price_below_threshold",
      "threshold": 0.7,
      "max_ask": 0.85,
      "win_streak": 3,
      "clob_up_ask": null,
      "clob_down_ask": 0.01,
      "seconds_left": 108.10299921035767,
      "trigger_price": null
    },
    {
      "ts": "2026-09-18T02:53:15.398937Z",
      "slug": "btc-updown-5m-1789699800",
      "status": "heartbeat",
      "gamma_up": 0.745,
      "gamma_down": 0.255,
      "clob_up_ask": null,
      "clob_down_ask": 0.01,
      "seconds_left": 105.20092821121216,
      "min_spread": null
    },
    {
      "ts": "2026-09-18T02:53:15.398963Z",
      "slug": "btc-updown-5m-1789699800",
      "status": "skip_price_below_threshold",
      "threshold": 0.7,
      "max_ask": 0.85,
      "win_streak": 3,
      "clob_up_ask": null,
      "clob_down_ask": 0.01,
      "seconds_left": 105.20092821121216,
      "trigger_price": null
    },
    {
      "ts": "2026-09-18T02:53:18.271265Z",
      "slug": "btc-updown-5m-1789699800",
      "status": "heartbeat",
      "gamma_up": 0.745,
      "gamma_down": 0.255,
      "clob_up_ask": null,
      "clob_down_ask": 0.01,
      "seconds_left": 102.32119226455688,
      "min_spread": null
    },
    {
      "ts": "2026-09-18T02:53:18.271290Z",
      "slug": "btc-updown-5m-1789699800",
      "status": "skip_price_below_threshold",
      "threshold": 0.7,
      "max_ask": 0.85,
      "win_streak": 3,
      "clob_up_ask": null,
      "clob_down_ask": 0.01,
      "seconds_left": 102.32119226455688,
      "trigger_price": null
    },
    {
      "ts": "2026-09-18T02:53:21.184371Z",
      "slug": "btc-updown-5m-1789699800",
      "status": "heartbeat",
      "gamma_up": 0.745,
      "gamma_down": 0.255,
      "clob_up_ask": null,
      "clob_down_ask": 0.01,
      "seconds_left": 99.43925309181213,
      "min_spread": null
    },
    {
      "ts": "2026-09-18T02:53:21.184399Z",
      "slug": "btc-updown-5m-1789699800",
      "status": "skip_price_below_threshold",
      "threshold": 0.7,
      "max_ask": 0.85,
      "win_streak": 3,
      "clob_up_ask": null,
      "clob_down_ask": 0.01,
      "seconds_left": 99.43925309181213,
      "trigger_price": null
    },
    {
      "ts": "2026-09-18T02:53:24.116053Z",
      "slug": "btc-updown-5m-1789699800",
      "status": "heartbeat",
      "gamma_up": 0.745,
      "gamma_down": 0.255,
      "clob_up_ask": null,
      "clob_down_ask": 0.01,
      "seconds_left": 96.49005198478699,
      "min_spread": null
    },
    {
      "ts": "2026-09-18T02:53:24.116079Z",
      "slug": "btc-updown-5m-1789699800",
      "status": "skip_price_below_threshold",
      "threshold": 0.7,
      "max_ask": 0.85,
      "win_streak": 3,
      "clob_up_ask": null,
      "clob_down_ask": 0.01,
      "seconds_left": 96.49005198478699,
      "trigger_price": null
    },
    {
      "ts": "2026-09-18T02:53:27.028140Z",
      "slug": "btc-updown-5m-1789699800",
      "status": "heartbeat",
      "gamma_up": 0.745,
      "gamma_down": 0.255,
      "clob_up_ask": null,
      "clob_down_ask": 0.01,
      "seconds_left": 93.58390378952026,
      "min_spread": null
    },
    {
      "ts": "2026-09-18T02:53:27.028167Z",
      "slug": "btc-updown-5m-1789699800",
      "status": "skip_price_below_threshold",
      "threshold": 0.7,
      "max_ask": 0.85,
      "win_streak": 3,
      "clob_up_ask": null,
      "clob_down_ask": 0.01,
      "seconds_left": 93.58390378952026,
      "trigger_price": null
    },
    {
      "ts": "2026-09-18T02:53:32.275797Z",
      "slug": "btc-updown-5m-1789699800",
      "status": "skip_too_late_to_enter",
      "seconds_left": 87.72421431541443,
      "min_entry_seconds_left": 90,
      "max_entry_seconds_left": 150
    },
    {
      "ts": "2026-09-18T02:53:34.589644Z",
      "slug": "btc-updown-5m-1789699800",
      "status": "skip_too_late_to_enter",
      "seconds_left": 85.4103639125824,
      "min_entry_seconds_left": 90,
      "max_entry_seconds_left": 150
    },
    {
      "ts": "2026-09-18T02:53:36.910474Z",
      "slug": "btc-updown-5m-1789699800",
      "status": "skip_too_late_to_enter",
      "seconds_left": 83.08953309059143,
      "min_entry_seconds_left": 90,
      "max_entry_seconds_left": 150
    },
    {
      "ts": "2026-09-18T02:53:39.215476Z",
      "slug": "btc-updown-5m-1789699800",
      "status": "skip_too_late_to_enter",
      "seconds_left": 80.78453063964844,
      "min_entry_seconds_left": 90,
      "max_entry_seconds_left": 150
    },
    {
      "ts": "2026-09-18T02:53:41.497117Z",
      "slug": "btc-updown-5m-1789699800",
      "status": "skip_too_late_to_enter",
      "seconds_left": 78.50288844108582,
      "min_entry_seconds_left": 90,
      "max_entry_seconds_left": 150
    },
    {
      "ts": "2026-09-18T02:53:43.799151Z",
      "slug": "btc-updown-5m-1789699800",
      "status": "skip_too_late_to_enter",
      "seconds_left": 76.20085787773132,
      "min_entry_seconds_left": 90,
      "max_entry_seconds_left": 150
    },
    {
      "ts": "2026-09-18T02:53:46.144126Z",
      "slug": "btc-updown-5m-1789699800",
      "status": "skip_too_late_to_enter",
      "seconds_left": 73.85588383674622,
      "min_entry_seconds_left": 90,
      "max_entry_seconds_left": 150
    },
    {
      "ts": "2026-09-18T02:53:48.490854Z",
      "slug": "btc-updown-5m-1789699800",
      "status": "skip_too_late_to_enter",
      "seconds_left": 71.50914978981018,
      "min_entry_seconds_left": 90,
      "max_entry_seconds_left": 150
    },
    {
      "ts": "2026-09-18T02:53:50.927889Z",
      "slug": "btc-updown-5m-1789699800",
      "status": "skip_too_late_to_enter",
      "seconds_left": 69.0721161365509,
      "min_entry_seconds_left": 90,
      "max_entry_seconds_left": 150
    },
    {
      "ts": "2026-09-18T02:53:53.198495Z",
      "slug": "btc-updown-5m-1789699800",
      "status": "skip_too_late_to_enter",
      "seconds_left": 66.80150961875916,
      "min_entry_seconds_left": 90,
      "max_entry_seconds_left": 150
    },
    {
      "ts": "2026-09-18T02:53:55.515629Z",
      "slug": "btc-updown-5m-1789699800",
      "status": "skip_too_late_to_enter",
      "seconds_left": 64.48440146446228,
      "min_entry_seconds_left": 90,
      "max_entry_seconds_left": 150
    },
    {
      "ts": "2026-09-18T02:53:57.832146Z",
      "slug": "btc-updown-5m-1789699800",
      "status": "skip_too_late_to_enter",
      "seconds_left": 62.16786003112793,
      "min_entry_seconds_left": 90,
      "max_entry_seconds_left": 150
    },
    {
      "ts": "2026-09-18T02:54:00.133544Z",
      "slug": "btc-updown-5m-1789699800",
      "status": "skip_too_late_to_enter",
      "seconds_left": 59.86646127700806,
      "min_entry_seconds_left": 90,
      "max_entry_seconds_left": 150
    },
    {
      "ts": "2026-09-18T02:54:02.433689Z",
      "slug": "btc-updown-5m-1789699800",
      "status": "skip_too_late_to_enter",
      "seconds_left": 57.56631875038147,
      "min_entry_seconds_left": 90,
      "max_entry_seconds_left": 150
    },
    {
      "ts": "2026-09-18T02:54:07.692327Z",
      "slug": "btc-updown-5m-1789699800",
      "status": "skip_too_late_to_enter",
      "seconds_left": 52.30768060684204,
      "min_entry_seconds_left": 90,
      "max_entry_seconds_left": 150
    },
    {
      "ts": "2026-09-18T02:54:09.991339Z",
      "slug": "btc-updown-5m-1789699800",
      "status": "skip_too_late_to_enter",
      "seconds_left": 50.008668661117554,
      "min_entry_seconds_left": 90,
      "max_entry_seconds_left": 150
    },
    {
      "ts": "2026-09-18T02:54:12.284020Z",
      "slug": "btc-updown-5m-1789699800",
      "status": "skip_too_late_to_enter",
      "seconds_left": 47.715986251831055,
      "min_entry_seconds_left": 90,
      "max_entry_seconds_left": 150
    },
    {
      "ts": "2026-09-18T02:54:14.574582Z",
      "slug": "btc-updown-5m-1789699800",
      "status": "skip_too_late_to_enter",
      "seconds_left": 45.42542600631714,
      "min_entry_seconds_left": 90,
      "max_entry_seconds_left": 150
    },
    {
      "ts": "2026-09-18T02:54:16.863488Z",
      "slug": "btc-updown-5m-1789699800",
      "status": "skip_too_late_to_enter",
      "seconds_left": 43.13651657104492,
      "min_entry_seconds_left": 90,
      "max_entry_seconds_left": 150
    },
    {
      "ts": "2026-09-18T02:54:19.149318Z",
      "slug": "btc-updown-5m-1789699800",
      "status": "skip_too_late_to_enter",
      "seconds_left": 40.850685834884644,
      "min_entry_seconds_left": 90,
      "max_entry_seconds_left": 150
    },
    {
      "ts": "2026-09-18T02:54:21.478647Z",
      "slug": "btc-updown-5m-1789699800",
      "status": "skip_too_late_to_enter",
      "seconds_left": 38.52136015892029,
      "min_entry_seconds_left": 90,
      "max_entry_seconds_left": 150
    },
    {
      "ts": "2026-09-18T02:54:23.776196Z",
      "slug": "btc-updown-5m-1789699800",
      "status": "skip_too_late_to_enter",
      "seconds_left": 36.223811864852905,
      "min_entry_seconds_left": 90,
      "max_entry_seconds_left": 150
    },
    {
      "ts": "2026-09-18T02:54:26.053869Z",
      "slug": "btc-updown-5m-1789699800",
      "status": "skip_too_late_to_enter",
      "seconds_left": 33.946136713027954,
      "min_entry_seconds_left": 90,
      "max_entry_seconds_left": 150
    },
    {
      "ts": "2026-09-18T02:54:28.326546Z",
      "slug": "btc-updown-5m-1789699800",
      "status": "skip_too_late_to_enter",
      "seconds_left": 31.673457622528076,
      "min_entry_seconds_left": 90,
      "max_entry_seconds_left": 150
    },
    {
      "ts": "2026-09-18T02:54:30.594822Z",
      "slug": "btc-updown-5m-1789699800",
      "status": "skip_too_late_to_enter",
      "seconds_left": 29.405213832855225,
      "min_entry_seconds_left": 90,
      "max_entry_seconds_left": 150
    },
    {
      "ts": "2026-09-18T02:54:32.878082Z",
      "slug": "btc-updown-5m-1789699800",
      "status": "skip_too_late_to_enter",
      "seconds_left": 27.121925592422485,
      "min_entry_seconds_left": 90,
      "max_entry_seconds_left": 150
    },
    {
      "ts": "2026-09-18T02:54:35.302399Z",
      "slug": "btc-updown-5m-1789699800",
      "status": "skip_too_late_to_enter",
      "seconds_left": 24.69760775566101,
      "min_entry_seconds_left": 90,
      "max_entry_seconds_left": 150
    },
    {
      "ts": "2026-09-18T02:54:37.606076Z",
      "slug": "btc-updown-5m-1789699800",
      "status": "skip_too_late_to_enter",
      "seconds_left": 22.3939311504364,
      "min_entry_seconds_left": 90,
      "max_entry_seconds_left": 150
    },
    {
      "ts": "2026-09-18T02:54:42.854319Z",
      "slug": "btc-updown-5m-1789699800",
      "status": "skip_too_late_to_enter",
      "seconds_left": 17.14568853378296,
      "min_entry_seconds_left": 90,
      "max_entry_seconds_left": 150
    },
    {
      "ts": "2026-09-18T02:54:45.139393Z",
      "slug": "btc-updown-5m-1789699800",
      "status": "skip_too_late_to_enter",
      "seconds_left": 14.860614538192749,
      "min_entry_seconds_left": 90,
      "max_entry_seconds_left": 150
    },
    {
      "ts": "2026-09-18T02:54:47.409118Z",
      "slug": "btc-updown-5m-1789699800",
      "status": "skip_too_late_to_enter",
      "seconds_left": 12.590886354446411,
      "min_entry_seconds_left": 90,
      "max_entry_seconds_left": 150
    },
    {
      "ts": "2026-09-18T02:54:49.701561Z",
      "slug": "btc-updown-5m-1789699800",
      "status": "skip_too_late_to_enter",
      "seconds_left": 10.2984459400177,
      "min_entry_seconds_left": 90,
      "max_entry_seconds_left": 150
    },
    {
      "ts": "2026-09-18T02:54:51.983881Z",
      "slug": "btc-updown-5m-1789699800",
      "status": "skip_too_late_to_enter",
      "seconds_left": 8.016123294830322,
      "min_entry_seconds_left": 90,
      "max_entry_seconds_left": 150
    },
    {
      "ts": "2026-09-18T02:54:54.269635Z",
      "slug": "btc-updown-5m-1789699800",
      "status": "skip_too_late_to_enter",
      "seconds_left": 5.7303736209869385,
      "min_entry_seconds_left": 90,
      "max_entry_seconds_left": 150
    },
    {
      "ts": "2026-09-18T02:54:56.567543Z",
      "status": "heartbeat_no_current_market"
    },
    {
      "ts": "2026-09-18T02:54:58.862056Z",
      "status": "heartbeat_no_current_market"
    },
    {
      "ts": "2026-09-18T02:55:01.161776Z",
      "slug": "btc-updown-5m-1789700100",
      "status": "skip_too_early_to_enter",
      "seconds_left": 298.83823132514954,
      "min_entry_seconds_left": 90,
      "max_entry_seconds_left": 150
    },
    {
      "ts": "2026-09-18T02:55:03.453645Z",
      "slug": "btc-updown-5m-1789700100",
      "status": "skip_too_early_to_enter",
      "seconds_left": 296.5463619232178,
      "min_entry_seconds_left": 90,
      "max_entry_seconds_left": 150
    },
    {
      "ts": "2026-09-18T02:55:05.738893Z",
      "slug": "btc-updown-5m-1789700100",
      "status": "skip_too_early_to_enter",
      "seconds_left": 294.261114358902,
      "min_entry_seconds_left": 90,
      "max_entry_seconds_left": 150
    },
    {
      "ts": "2026-09-18T02:55:08.048801Z",
      "slug": "btc-updown-5m-1789700100",
      "status": "skip_too_early_to_enter",
      "seconds_left": 291.9512069225311,
      "min_entry_seconds_left": 90,
      "max_entry_seconds_left": 150
    },
    {
      "ts": "2026-09-18T02:55:10.341961Z",
      "slug": "btc-updown-5m-1789700100",
      "status": "skip_too_early_to_enter",
      "seconds_left": 289.6580431461334,
      "min_entry_seconds_left": 90,
      "max_entry_seconds_left": 150
    },
    {
      "ts": "2026-09-18T02:55:12.762870Z",
      "slug": "btc-updown-5m-1789700100",
      "status": "skip_too_early_to_enter",
      "seconds_left": 287.2371370792389,
      "min_entry_seconds_left": 90,
      "max_entry_seconds_left": 150
    },
    {
      "ts": "2026-09-18T02:55:18.072151Z",
      "slug": "btc-updown-5m-1789700100",
      "status": "skip_too_early_to_enter",
      "seconds_left": 281.9278566837311,
      "min_entry_seconds_left": 90,
      "max_entry_seconds_left": 150
    },
    {
      "ts": "2026-09-18T02:55:20.361441Z",
      "slug": "btc-updown-5m-1789700100",
      "status": "skip_too_early_to_enter",
      "seconds_left": 279.63856625556946,
      "min_entry_seconds_left": 90,
      "max_entry_seconds_left": 150
    },
    {
      "ts": "2026-09-18T02:55:22.657616Z",
      "slug": "btc-updown-5m-1789700100",
      "status": "skip_too_early_to_enter",
      "seconds_left": 277.3423910140991,
      "min_entry_seconds_left": 90,
      "max_entry_seconds_left": 150
    },
    {
      "ts": "2026-09-18T02:55:24.961577Z",
      "slug": "btc-updown-5m-1789700100",
      "status": "skip_too_early_to_enter",
      "seconds_left": 275.0384306907654,
      "min_entry_seconds_left": 90,
      "max_entry_seconds_left": 150
    },
    {
      "ts": "2026-09-18T02:55:27.307941Z",
      "slug": "btc-updown-5m-1789700100",
      "status": "skip_too_early_to_enter",
      "seconds_left": 272.6921317577362,
      "min_entry_seconds_left": 90,
      "max_entry_seconds_left": 150
    },
    {
      "ts": "2026-09-18T02:55:29.637100Z",
      "slug": "btc-updown-5m-1789700100",
      "status": "skip_too_early_to_enter",
      "seconds_left": 270.3629071712494,
      "min_entry_seconds_left": 90,
      "max_entry_seconds_left": 150
    },
    {
      "ts": "2026-09-18T02:55:32.075565Z",
      "slug": "btc-updown-5m-1789700100",
      "status": "skip_too_early_to_enter",
      "seconds_left": 267.9244408607483,
      "min_entry_seconds_left": 90,
      "max_entry_seconds_left": 150
    },
    {
      "ts": "2026-09-18T02:55:34.381464Z",
      "slug": "btc-updown-5m-1789700100",
      "status": "skip_too_early_to_enter",
      "seconds_left": 265.6185438632965,
      "min_entry_seconds_left": 90,
      "max_entry_seconds_left": 150
    },
    {
      "ts": "2026-09-18T02:55:36.694722Z",
      "slug": "btc-updown-5m-1789700100",
      "status": "skip_too_early_to_enter",
      "seconds_left": 263.3052842617035,
      "min_entry_seconds_left": 90,
      "max_entry_seconds_left": 150
    },
    {
      "ts": "2026-09-18T02:55:38.991057Z",
      "slug": "btc-updown-5m-1789700100",
      "status": "skip_too_early_to_enter",
      "seconds_left": 261.0089497566223,
      "min_entry_seconds_left": 90,
      "max_entry_seconds_left": 150
    },
    {
      "ts": "2026-09-18T02:55:41.284821Z",
      "slug": "btc-updown-5m-1789700100",
      "status": "skip_too_early_to_enter",
      "seconds_left": 258.71518754959106,
      "min_entry_seconds_left": 90,
      "max_entry_seconds_left": 150
    },
    {
      "ts": "2026-09-18T02:55:43.579869Z",
      "slug": "btc-updown-5m-1789700100",
      "status": "skip_too_early_to_enter",
      "seconds_left": 256.4201376438141,
      "min_entry_seconds_left": 90,
      "max_entry_seconds_left": 150
    },
    {
      "ts": "2026-09-18T02:55:45.890345Z",
      "slug": "btc-updown-5m-1789700100",
      "status": "skip_too_early_to_enter",
      "seconds_left": 254.10966157913208,
      "min_entry_seconds_left": 90,
      "max_entry_seconds_left": 150
    },
    {
      "ts": "2026-09-18T02:55:48.191973Z",
      "slug": "btc-updown-5m-1789700100",
      "status": "skip_too_early_to_enter",
      "seconds_left": 251.80803394317627,
      "min_entry_seconds_left": 90,
      "max_entry_seconds_left": 150
    },
    {
      "ts": "2026-09-18T02:55:53.425057Z",
      "slug": "btc-updown-5m-1789700100",
      "status": "skip_too_early_to_enter",
      "seconds_left": 246.5749490261078,
      "min_entry_seconds_left": 90,
      "max_entry_seconds_left": 150
    },
    {
      "ts": "2026-09-18T02:55:55.742809Z",
      "slug": "btc-updown-5m-1789700100",
      "status": "skip_too_early_to_enter",
      "seconds_left": 244.25719785690308,
      "min_entry_seconds_left": 90,
      "max_entry_seconds_left": 150
    },
    {
      "ts": "2026-09-18T02:55:58.049543Z",
      "slug": "btc-updown-5m-1789700100",
      "status": "skip_too_early_to_enter",
      "seconds_left": 241.9504632949829,
      "min_entry_seconds_left": 90,
      "max_entry_seconds_left": 150
    },
    {
      "ts": "2026-09-18T02:56:00.375519Z",
      "slug": "btc-updown-5m-1789700100",
      "status": "skip_too_early_to_enter",
      "seconds_left": 239.6244900226593,
      "min_entry_seconds_left": 90,
      "max_entry_seconds_left": 150
    },
    {
      "ts": "2026-09-18T02:56:02.664882Z",
      "slug": "btc-updown-5m-1789700100",
      "status": "skip_too_early_to_enter",
      "seconds_left": 237.33512496948242,
      "min_entry_seconds_left": 90,
      "max_entry_seconds_left": 150
    },
    {
      "ts": "2026-09-18T02:56:04.945541Z",
      "slug": "btc-updown-5m-1789700100",
      "status": "skip_too_early_to_enter",
      "seconds_left": 235.05446529388428,
      "min_entry_seconds_left": 90,
      "max_entry_seconds_left": 150
    },
    {
      "ts": "2026-09-18T02:56:07.237013Z",
      "slug": "btc-updown-5m-1789700100",
      "status": "skip_too_early_to_enter",
      "seconds_left": 232.76299476623535,
      "min_entry_seconds_left": 90,
      "max_entry_seconds_left": 150
    },
    {
      "ts": "2026-09-18T02:56:09.537737Z",
      "slug": "btc-updown-5m-1789700100",
      "status": "skip_too_early_to_enter",
      "seconds_left": 230.46227073669434,
      "min_entry_seconds_left": 90,
      "max_entry_seconds_left": 150
    },
    {
      "ts": "2026-09-18T02:56:11.836200Z",
      "slug": "btc-updown-5m-1789700100",
      "status": "skip_too_early_to_enter",
      "seconds_left": 228.1638081073761,
      "min_entry_seconds_left": 90,
      "max_entry_seconds_left": 150
    },
    {
      "ts": "2026-09-18T02:56:14.121838Z",
      "slug": "btc-updown-5m-1789700100",
      "status": "skip_too_early_to_enter",
      "seconds_left": 225.87816739082336,
      "min_entry_seconds_left": 90,
      "max_entry_seconds_left": 150
    },
    {
      "ts": "2026-09-18T02:56:16.524184Z",
      "slug": "btc-updown-5m-1789700100",
      "status": "skip_too_early_to_enter",
      "seconds_left": 223.47582340240479,
      "min_entry_seconds_left": 90,
      "max_entry_seconds_left": 150
    },
    {
      "ts": "2026-09-18T02:56:18.826766Z",
      "slug": "btc-updown-5m-1789700100",
      "status": "skip_too_early_to_enter",
      "seconds_left": 221.17324376106262,
      "min_entry_seconds_left": 90,
      "max_entry_seconds_left": 150
    },
    {
      "ts": "2026-09-18T02:56:21.140243Z",
      "slug": "btc-updown-5m-1789700100",
      "status": "skip_too_early_to_enter",
      "seconds_left": 218.8597650527954,
      "min_entry_seconds_left": 90,
      "max_entry_seconds_left": 150
    },
    {
      "ts": "2026-09-18T02:56:23.455255Z",
      "slug": "btc-updown-5m-1789700100",
      "status": "skip_too_early_to_enter",
      "seconds_left": 216.54475212097168,
      "min_entry_seconds_left": 90,
      "max_entry_seconds_left": 150
    },
    {
      "ts": "2026-09-18T02:56:28.715153Z",
      "slug": "btc-updown-5m-1789700100",
      "status": "skip_too_early_to_enter",
      "seconds_left": 211.2848539352417,
      "min_entry_seconds_left": 90,
      "max_entry_seconds_left": 150
    },
    {
      "ts": "2026-09-18T02:56:31.065642Z",
      "slug": "btc-updown-5m-1789700100",
      "status": "skip_too_early_to_enter",
      "seconds_left": 208.93436527252197,
      "min_entry_seconds_left": 90,
      "max_entry_seconds_left": 150
    },
    {
      "ts": "2026-09-18T02:56:33.353492Z",
      "slug": "btc-updown-5m-1789700100",
      "status": "skip_too_early_to_enter",
      "seconds_left": 206.64651679992676,
      "min_entry_seconds_left": 90,
      "max_entry_seconds_left": 150
    },
    {
      "ts": "2026-09-18T02:56:35.633728Z",
      "slug": "btc-updown-5m-1789700100",
      "status": "skip_too_early_to_enter",
      "seconds_left": 204.36631107330322,
      "min_entry_seconds_left": 90,
      "max_entry_seconds_left": 150
    },
    {
      "ts": "2026-09-18T02:56:37.924527Z",
      "slug": "btc-updown-5m-1789700100",
      "status": "skip_too_early_to_enter",
      "seconds_left": 202.07547998428345,
      "min_entry_seconds_left": 90,
      "max_entry_seconds_left": 150
    },
    {
      "ts": "2026-09-18T02:56:40.222262Z",
      "slug": "btc-updown-5m-1789700100",
      "status": "skip_too_early_to_enter",
      "seconds_left": 199.77774119377136,
      "min_entry_seconds_left": 90,
      "max_entry_seconds_left": 150
    },
    {
      "ts": "2026-09-18T02:56:42.524397Z",
      "slug": "btc-updown-5m-1789700100",
      "status": "skip_too_early_to_enter",
      "seconds_left": 197.4756109714508,
      "min_entry_seconds_left": 90,
      "max_entry_seconds_left": 150
    },
    {
      "ts": "2026-09-18T02:56:44.897510Z",
      "slug": "btc-updown-5m-1789700100",
      "status": "skip_too_early_to_enter",
      "seconds_left": 195.10249733924866,
      "min_entry_seconds_left": 90,
      "max_entry_seconds_left": 150
    },
    {
      "ts": "2026-09-18T02:56:47.199153Z",
      "slug": "btc-updown-5m-1789700100",
      "status": "skip_too_early_to_enter",
      "seconds_left": 192.80085492134094,
      "min_entry_seconds_left": 90,
      "max_entry_seconds_left": 150
    },
    {
      "ts": "2026-09-18T02:56:49.537379Z",
      "slug": "btc-updown-5m-1789700100",
      "status": "skip_too_early_to_enter",
      "seconds_left": 190.4626281261444,
      "min_entry_seconds_left": 90,
      "max_entry_seconds_left": 150
    },
    {
      "ts": "2026-09-18T02:56:51.842689Z",
      "slug": "btc-updown-5m-1789700100",
      "status": "skip_too_early_to_enter",
      "seconds_left": 188.15731835365295,
      "min_entry_seconds_left": 90,
      "max_entry_seconds_left": 150
    },
    {
      "ts": "2026-09-18T02:56:54.151283Z",
      "slug": "btc-updown-5m-1789700100",
      "status": "skip_too_early_to_enter",
      "seconds_left": 185.8487241268158,
      "min_entry_seconds_left": 90,
      "max_entry_seconds_left": 150
    },
    {
      "ts": "2026-09-18T02:56:56.451908Z",
      "slug": "btc-updown-5m-1789700100",
      "status": "skip_too_early_to_enter",
      "seconds_left": 183.54809594154358,
      "min_entry_seconds_left": 90,
      "max_entry_seconds_left": 150
    },
    {
      "ts": "2026-09-18T02:56:58.747416Z",
      "slug": "btc-updown-5m-1789700100",
      "status": "skip_too_early_to_enter",
      "seconds_left": 181.25259113311768,
      "min_entry_seconds_left": 90,
      "max_entry_seconds_left": 150
    },
    {
      "ts": "2026-09-18T02:57:04.004703Z",
      "slug": "btc-updown-5m-1789700100",
      "status": "skip_too_early_to_enter",
      "seconds_left": 175.9953031539917,
      "min_entry_seconds_left": 90,
      "max_entry_seconds_left": 150
    },
    {
      "ts": "2026-09-18T02:57:06.305999Z",
      "slug": "btc-updown-5m-1789700100",
      "status": "skip_too_early_to_enter",
      "seconds_left": 173.69400787353516,
      "min_entry_seconds_left": 90,
      "max_entry_seconds_left": 150
    },
    {
      "ts": "2026-09-18T02:57:08.602155Z",
      "slug": "btc-updown-5m-1789700100",
      "status": "skip_too_early_to_enter",
      "seconds_left": 171.39784932136536,
      "min_entry_seconds_left": 90,
      "max_entry_seconds_left": 150
    },
    {
      "ts": "2026-09-18T02:57:10.898600Z",
      "slug": "btc-updown-5m-1789700100",
      "status": "skip_too_early_to_enter",
      "seconds_left": 169.10140752792358,
      "min_entry_seconds_left": 90,
      "max_entry_seconds_left": 150
    },
    {
      "ts": "2026-09-18T02:57:13.208598Z",
      "slug": "btc-updown-5m-1789700100",
      "status": "skip_too_early_to_enter",
      "seconds_left": 166.79140520095825,
      "min_entry_seconds_left": 90,
      "max_entry_seconds_left": 150
    },
    {
      "ts": "2026-09-18T02:57:15.517217Z",
      "slug": "btc-updown-5m-1789700100",
      "status": "skip_too_early_to_enter",
      "seconds_left": 164.4827904701233,
      "min_entry_seconds_left": 90,
      "max_entry_seconds_left": 150
    },
    {
      "ts": "2026-09-18T02:57:17.816322Z",
      "slug": "btc-updown-5m-1789700100",
      "status": "skip_too_early_to_enter",
      "seconds_left": 162.18368482589722,
      "min_entry_seconds_left": 90,
      "max_entry_seconds_left": 150
    },
    {
      "ts": "2026-09-18T02:57:20.117557Z",
      "slug": "btc-updown-5m-1789700100",
      "status": "skip_too_early_to_enter",
      "seconds_left": 159.8824498653412,
      "min_entry_seconds_left": 90,
      "max_entry_seconds_left": 150
    },
    {
      "ts": "2026-09-18T02:57:22.430498Z",
      "slug": "btc-updown-5m-1789700100",
      "status": "skip_too_early_to_enter",
      "seconds_left": 157.56950855255127,
      "min_entry_seconds_left": 90,
      "max_entry_seconds_left": 150
    },
    {
      "ts": "2026-09-18T02:57:24.737437Z",
      "slug": "btc-updown-5m-1789700100",
      "status": "skip_too_early_to_enter",
      "seconds_left": 155.26257014274597,
      "min_entry_seconds_left": 90,
      "max_entry_seconds_left": 150
    },
    {
      "ts": "2026-09-18T02:57:27.020956Z",
      "slug": "btc-updown-5m-1789700100",
      "status": "skip_too_early_to_enter",
      "seconds_left": 152.97904801368713,
      "min_entry_seconds_left": 90,
      "max_entry_seconds_left": 150
    },
    {
      "ts": "2026-09-18T02:57:29.349526Z",
      "slug": "btc-updown-5m-1789700100",
      "status": "skip_too_early_to_enter",
      "seconds_left": 150.65047812461853,
      "min_entry_seconds_left": 90,
      "max_entry_seconds_left": 150
    },
    {
      "ts": "2026-09-18T02:57:32.504188Z",
      "slug": "btc-updown-5m-1789700100",
      "status": "heartbeat",
      "gamma_up": 0.335,
      "gamma_down": 0.665,
      "clob_up_ask": 0.36,
      "clob_down_ask": 0.65,
      "seconds_left": 148.35369896888733,
      "min_spread": 0.010000000000000009
    },
    {
      "ts": "2026-09-18T02:57:32.504211Z",
      "slug": "btc-updown-5m-1789700100",
      "status": "skip_price_below_threshold",
      "threshold": 0.7,
      "max_ask": 0.85,
      "win_streak": 3,
      "clob_up_ask": 0.36,
      "clob_down_ask": 0.65,
      "seconds_left": 148.35369896888733,
      "trigger_price": null
    },
    {
      "ts": "2026-09-18T02:57:35.439656Z",
      "slug": "btc-updown-5m-1789700100",
      "status": "heartbeat",
      "gamma_up": 0.335,
      "gamma_down": 0.665,
      "clob_up_ask": 0.35,
      "clob_down_ask": 0.66,
      "seconds_left": 145.1844618320465,
      "min_spread": 0.009999999999999953
    },
    {
      "ts": "2026-09-18T02:57:35.439686Z",
      "slug": "btc-updown-5m-1789700100",
      "status": "skip_price_below_threshold",
      "threshold": 0.7,
      "max_ask": 0.85,
      "win_streak": 3,
      "clob_up_ask": 0.35,
      "clob_down_ask": 0.66,
      "seconds_left": 145.1844618320465,
      "trigger_price": null
    },
    {
      "ts": "2026-09-18T02:57:41.281981Z",
      "slug": "btc-updown-5m-1789700100",
      "status": "heartbeat",
      "gamma_up": 0.335,
      "gamma_down": 0.665,
      "clob_up_ask": 0.32,
      "clob_down_ask": 0.71,
      "seconds_left": 139.31793570518494,
      "min_spread": 0.010000000000000009
    },
    {
      "ts": "2026-09-18T02:57:45.527919Z",
      "slug": "btc-updown-5m-1789700100",
      "status": "heartbeat",
      "gamma_up": 0.335,
      "gamma_down": 0.665,
      "clob_up_ask": 0.28,
      "clob_down_ask": 0.73,
      "seconds_left": 135.08521270751953,
      "min_spread": 0.010000000000000009
    }
  ],
  "last_open_try": "{\"mode\": \"open\", \"execute\": true, \"market_slug\": \"btc-updown-5m-1789700100\", \"force_side\": \"DOWN\", \"token_id\": \"77399861964647593452456290255017506211002950900222875918609011788779546590750\", \"entry_price\": 0.73, \"notional_usd\": 5.0, \"top_ask_notional_usd\": 18.25, \"skipped\": \"thin_top_ask\", \"order_post_result\": {\"success\": false, \"status\": \"skipped\", \"errorMsg\": \"thin_top_ask\"}}\n\n",
  "open_raw": "{\"mode\": \"open\", \"execute\": true, \"market_slug\": \"btc-updown-5m-1789700100\", \"force_side\": \"DOWN\", \"token_id\": \"77399861964647593452456290255017506211002950900222875918609011788779546590750\", \"entry_price\": 0.74, \"notional_usd\": 5.0, \"top_ask_notional_usd\": 709.7488, \"collateral_pusd\": 424.321472, \"order_post_result\": {\"errorMsg\": \"\", \"orderID\": \"0xe814d824dc0afcaebb2bf377b55d25b917e43deb0241d920456dce4008d2cf1b\", \"takingAmount\": \"7.142856\", \"makingAmount\": \"4.999999\", \"status\": \"matched\", \"transactionsHashes\": [\"0x0cf6f02269cda490319cd501677280754f4c011f54637725171f3a8a40c60710\"], \"success\": true}}\n\n[py_clob_client_v2] request error status=400 url=https://clob.polymarket.com/auth/api-key body={\"error\":\"Could not create api key\"}\n\n",
  "opened": {
    "opened_at": "2026-09-18T02:57:50.561552Z",
    "market_slug": "btc-updown-5m-1789700100",
    "market_end_iso": "2026-09-18T03:00:00Z",
    "side": "DOWN",
    "token_id": "77399861964647593452456290255017506211002950900222875918609011788779546590750",
    "entry_price": 0.74,
    "shares": 7.142856,
    "cost_usdc": 4.999999,
    "open_order_id": "0xe814d824dc0afcaebb2bf377b55d25b917e43deb0241d920456dce4008d2cf1b",
    "open_tx": "0x0cf6f02269cda490319cd501677280754f4c011f54637725171f3a8a40c60710"
  },
  "stop_loss_price": 0.5549999999999999,
  "last_side_price": 0.665,
  "last_clob_bid": 0.99,
  "last_check_at": "2026-09-18T02:59:39.872527Z",
  "closed": {
    "close_reason": "hold_to_settlement_winning_book",
    "closed_at": "2026-09-18T02:59:42.179980Z",
    "close_success": false,
    "close_status": "held",
    "close_order_id": null,
    "close_tx": null,
    "close_shares": 0.0,
    "close_usdc": 0.0,
    "close_skipped": "hold_to_settlement"
  },
  "realized_cashflow_pnl_usdc": null,
  "finished_at": "2026-09-18T02:59:42.180006Z",
  "result": "done"
}
[2026-09-18T02:59:42Z] session_end rc=0 sessions=6 stake_usd=5
journal_ok trades=193 md=/home/yukeen/polymarketbot/5min-btc-polymarket/data/live_trades.md json=/home/yukeen/polymarketbot/5min-btc-polymarket/data/live_trades.json
[2026-09-18T03:01:25Z] fills=6/10 sessions=6/36
[py_clob_client_v2] request error status=400 url=https://clob.polymarket.com/auth/api-key body={"error":"Could not create api key"}

[2026-09-18T03:01:42Z] cash=426.359339
[2026-09-18T03:01:53Z] session_begin sessions=6 fills=6 stake_usd=5
[py_clob_client_v2] request error status=400 url=https://clob.polymarket.com/auth/api-key body={"error":"Could not create api key"}

{
  "started_at": "2026-09-18T03:01:53.584859Z",
  "params": {
    "profile": "conservative",
    "threshold": 0.7,
    "stake_usd": 5.0,
    "stop_loss_pct": 0.25,
    "exit_before_sec": 20,
    "min_entry_seconds_left": 90,
    "max_entry_seconds_left": 150,
    "entry_timeout_min": 20,
    "poll_sec": 2.0,
    "max_ask": 0.85,
    "expensive_ask": 0.8,
    "expensive_after_wins": 3,
    "clob_cut_bid": 0.4,
    "close_retry_max": 30,
    "close_retry_delay_sec": 2.0,
    "execute": true,
    "win_streak": 4
  },
  "attempts": [
    {
      "ts": "2026-09-18T03:01:53.867471Z",
      "slug": "btc-updown-5m-1789700400",
      "status": "skip_too_early_to_enter",
      "seconds_left": 186.1325433254242,
      "min_entry_seconds_left": 90,
      "max_entry_seconds_left": 150
    },
    {
      "ts": "2026-09-18T03:01:56.163335Z",
      "slug": "btc-updown-5m-1789700400",
      "status": "skip_too_early_to_enter",
      "seconds_left": 183.83667612075806,
      "min_entry_seconds_left": 90,
      "max_entry_seconds_left": 150
    },
    {
      "ts": "2026-09-18T03:01:58.484935Z",
      "slug": "btc-updown-5m-1789700400",
      "status": "skip_too_early_to_enter",
      "seconds_left": 181.51507258415222,
      "min_entry_seconds_left": 90,
      "max_entry_seconds_left": 150
    },
    {
      "ts": "2026-09-18T03:02:00.791471Z",
      "slug": "btc-updown-5m-1789700400",
      "status": "skip_too_early_to_enter",
      "seconds_left": 179.2085371017456,
      "min_entry_seconds_left": 90,
      "max_entry_seconds_left": 150
    },
    {
      "ts": "2026-09-18T03:02:03.088213Z",
      "slug": "btc-updown-5m-1789700400",
      "status": "skip_too_early_to_enter",
      "seconds_left": 176.9117932319641,
      "min_entry_seconds_left": 90,
      "max_entry_seconds_left": 150
    },
    {
      "ts": "2026-09-18T03:02:05.386931Z",
      "slug": "btc-updown-5m-1789700400",
      "status": "skip_too_early_to_enter",
      "seconds_left": 174.61307740211487,
      "min_entry_seconds_left": 90,
      "max_entry_seconds_left": 150
    },
    {
      "ts": "2026-09-18T03:02:07.800745Z",
      "slug": "btc-updown-5m-1789700400",
      "status": "skip_too_early_to_enter",
      "seconds_left": 172.19926190376282,
      "min_entry_seconds_left": 90,
      "max_entry_seconds_left": 150
    },
    {
      "ts": "2026-09-18T03:02:10.160397Z",
      "slug": "btc-updown-5m-1789700400",
      "status": "skip_too_early_to_enter",
      "seconds_left": 169.83961057662964,
      "min_entry_seconds_left": 90,
      "max_entry_seconds_left": 150
    },
    {
      "ts": "2026-09-18T03:02:12.452777Z",
      "slug": "btc-updown-5m-1789700400",
      "status": "skip_too_early_to_enter",
      "seconds_left": 167.5472309589386,
      "min_entry_seconds_left": 90,
      "max_entry_seconds_left": 150
    },
    {
      "ts": "2026-09-18T03:02:14.823034Z",
      "slug": "btc-updown-5m-1789700400",
      "status": "skip_too_early_to_enter",
      "seconds_left": 165.1769733428955,
      "min_entry_seconds_left": 90,
      "max_entry_seconds_left": 150
    },
    {
      "ts": "2026-09-18T03:02:17.131787Z",
      "slug": "btc-updown-5m-1789700400",
      "status": "skip_too_early_to_enter",
      "seconds_left": 162.86822032928467,
      "min_entry_seconds_left": 90,
      "max_entry_seconds_left": 150
    },
    {
      "ts": "2026-09-18T03:02:22.380802Z",
      "slug": "btc-updown-5m-1789700400",
      "status": "skip_too_early_to_enter",
      "seconds_left": 157.6192033290863,
      "min_entry_seconds_left": 90,
      "max_entry_seconds_left": 150
    },
    {
      "ts": "2026-09-18T03:02:24.671005Z",
      "slug": "btc-updown-5m-1789700400",
      "status": "skip_too_early_to_enter",
      "seconds_left": 155.32900285720825,
      "min_entry_seconds_left": 90,
      "max_entry_seconds_left": 150
    },
    {
      "ts": "2026-09-18T03:02:27.006955Z",
      "slug": "btc-updown-5m-1789700400",
      "status": "skip_too_early_to_enter",
      "seconds_left": 152.99305057525635,
      "min_entry_seconds_left": 90,
      "max_entry_seconds_left": 150
    },
    {
      "ts": "2026-09-18T03:02:29.320302Z",
      "slug": "btc-updown-5m-1789700400",
      "status": "skip_too_early_to_enter",
      "seconds_left": 150.6797058582306,
      "min_entry_seconds_left": 90,
      "max_entry_seconds_left": 150
    },
    {
      "ts": "2026-09-18T03:02:32.413686Z",
      "slug": "btc-updown-5m-1789700400",
      "status": "heartbeat",
      "gamma_up": 0.415,
      "gamma_down": 0.585,
      "clob_up_ask": 0.19,
      "clob_down_ask": 0.82,
      "seconds_left": 148.3703577518463,
      "min_spread": 0.009999999999999898
    },
    {
      "ts": "2026-09-18T03:02:32.413726Z",
      "slug": "btc-updown-5m-1789700400",
      "status": "skip_expensive_after_wins",
      "threshold": 0.7,
      "max_ask": 0.85,
      "win_streak": 4,
      "clob_up_ask": 0.19,
      "clob_down_ask": 0.82,
      "seconds_left": 148.3703577518463,
      "trigger_price": 0.82
    },
    {
      "ts": "2026-09-18T03:02:35.384251Z",
      "slug": "btc-updown-5m-1789700400",
      "status": "heartbeat",
      "gamma_up": 0.415,
      "gamma_down": 0.585,
      "clob_up_ask": 0.31,
      "clob_down_ask": 0.7,
      "seconds_left": 145.2739553451538,
      "min_spread": 0.010000000000000009
    }
  ],
  "open_raw": "{\"mode\": \"open\", \"execute\": true, \"market_slug\": \"btc-updown-5m-1789700400\", \"force_side\": \"DOWN\", \"token_id\": \"94104263665723831832082044731134155384621252857390219158267832485152632826672\", \"entry_price\": 0.71, \"notional_usd\": 5.0, \"top_ask_notional_usd\": 214.8886, \"collateral_pusd\": 426.359339, \"order_post_result\": {\"errorMsg\": \"\", \"orderID\": \"0x3c66e63ae7bca25b3844035206c4af04eccadd269212682d13d69f3c06052112\", \"takingAmount\": \"8.086936\", \"makingAmount\": \"5\", \"status\": \"matched\", \"transactionsHashes\": [\"0x4750c2c0dad3ddf53fd33ec68ec357e12331e7fb049e2ca46483de20c7abd6a6\"], \"success\": true}}\n\n[py_clob_client_v2] request error status=400 url=https://clob.polymarket.com/auth/api-key body={\"error\":\"Could not create api key\"}\n\n",
  "opened": {
    "opened_at": "2026-09-18T03:02:40.192653Z",
    "market_slug": "btc-updown-5m-1789700400",
    "market_end_iso": "2026-09-18T03:05:00Z",
    "side": "DOWN",
    "token_id": "94104263665723831832082044731134155384621252857390219158267832485152632826672",
    "entry_price": 0.71,
    "shares": 8.086936,
    "cost_usdc": 5.0,
    "open_order_id": "0x3c66e63ae7bca25b3844035206c4af04eccadd269212682d13d69f3c06052112",
    "open_tx": "0x4750c2c0dad3ddf53fd33ec68ec357e12331e7fb049e2ca46483de20c7abd6a6"
  },
  "stop_loss_price": 0.5325,
  "last_side_price": 0.585,
  "last_clob_bid": 0.33,
  "last_check_at": "2026-09-18T03:04:38.383089Z",
  "close_debug": [
    {
      "ts": "2026-09-18T03:04:48.156655Z",
      "attempt": 1,
      "order_type": "FAK",
      "status": "matched",
      "close_skipped": ""
    }
  ],
  "close_raw": "{\"mode\": \"close\", \"execute\": true, \"market_slug\": \"btc-updown-5m-1789700400\", \"token_id\": \"94104263665723831832082044731134155384621252857390219158267832485152632826672\", \"requested_shares\": 8.086936, \"close_order_type\": \"FAK\", \"close_limit_price\": null, \"available_shares\": 8.086936, \"sell_shares\": 8.0869, \"order_post_result\": {\"errorMsg\": \"\", \"orderID\": \"0x5c4e387e7c089f6f635d3e3eae680e6b01270c46c70a6f8033aad37f273a7b29\", \"takingAmount\": \"4.6864\", \"makingAmount\": \"8.08\", \"status\": \"matched\", \"transactionsHashes\": [\"0x37321bac60ba2fe227f87e8ab3aa27ee6678a793a16a0fc4ade69f709853cafa\"], \"success\": true}, \"close_skipped\": \"\"}\n\n[py_clob_client_v2] request error status=400 url=https://clob.polymarket.com/auth/api-key body={\"error\":\"Could not create api key\"}\n\n",
  "closed": {
    "close_reason": "time_exit_20s_before_end",
    "closed_at": "2026-09-18T03:04:48.156685Z",
    "close_success": true,
    "close_status": "matched",
    "close_order_id": "0x5c4e387e7c089f6f635d3e3eae680e6b01270c46c70a6f8033aad37f273a7b29",
    "close_tx": "0x37321bac60ba2fe227f87e8ab3aa27ee6678a793a16a0fc4ade69f709853cafa",
    "close_shares": 8.08,
    "close_usdc": 4.6864,
    "close_skipped": ""
  },
  "realized_cashflow_pnl_usdc": -0.3136,
  "finished_at": "2026-09-18T03:04:48.156709Z",
  "result": "done"
}
[2026-09-18T03:04:48Z] session_end rc=0 sessions=7 stake_usd=5
journal_ok trades=194 md=/home/yukeen/polymarketbot/5min-btc-polymarket/data/live_trades.md json=/home/yukeen/polymarketbot/5min-btc-polymarket/data/live_trades.json
[2026-09-18T03:06:50Z] fills=7/10 sessions=7/36
[py_clob_client_v2] request error status=400 url=https://clob.polymarket.com/auth/api-key body={"error":"Could not create api key"}

[2026-09-18T03:07:10Z] cash=425.774359
[2026-09-18T03:07:18Z] session_begin sessions=7 fills=7 stake_usd=5
{
  "started_at": "2026-09-18T03:07:18.974866Z",
  "params": {
    "profile": "conservative",
    "threshold": 0.7,
    "stake_usd": 5.0,
    "stop_loss_pct": 0.25,
    "exit_before_sec": 20,
    "min_entry_seconds_left": 90,
    "max_entry_seconds_left": 150,
    "entry_timeout_min": 20,
    "poll_sec": 2.0,
    "max_ask": 0.85,
    "expensive_ask": 0.8,
    "expensive_after_wins": 3,
    "clob_cut_bid": 0.4,
    "close_retry_max": 30,
    "close_retry_delay_sec": 2.0,
    "execute": true,
    "win_streak": 4
  },
  "attempts": [
    {
      "ts": "2026-09-18T03:07:19.275796Z",
      "slug": "btc-updown-5m-1789700700",
      "status": "skip_too_early_to_enter",
      "seconds_left": 160.72421550750732,
      "min_entry_seconds_left": 90,
      "max_entry_seconds_left": 150
    },
    {
      "ts": "2026-09-18T03:07:21.666608Z",
      "slug": "btc-updown-5m-1789700700",
      "status": "skip_too_early_to_enter",
      "seconds_left": 158.33340287208557,
      "min_entry_seconds_left": 90,
      "max_entry_seconds_left": 150
    },
    {
      "ts": "2026-09-18T03:07:24.069411Z",
      "slug": "btc-updown-5m-1789700700",
      "status": "skip_too_early_to_enter",
      "seconds_left": 155.93059611320496,
      "min_entry_seconds_left": 90,
      "max_entry_seconds_left": 150
    },
    {
      "ts": "2026-09-18T03:07:26.397287Z",
      "slug": "btc-updown-5m-1789700700",
      "status": "skip_too_early_to_enter",
      "seconds_left": 153.60271954536438,
      "min_entry_seconds_left": 90,
      "max_entry_seconds_left": 150
    },
    {
      "ts": "2026-09-18T03:07:28.759157Z",
      "slug": "btc-updown-5m-1789700700",
      "status": "skip_too_early_to_enter",
      "seconds_left": 151.24085140228271,
      "min_entry_seconds_left": 90,
      "max_entry_seconds_left": 150
    },
    {
      "ts": "2026-09-18T03:07:31.845743Z",
      "slug": "btc-updown-5m-1789700700",
      "status": "heartbeat",
      "gamma_up": 0.885,
      "gamma_down": 0.115,
      "clob_up_ask": 0.99,
      "clob_down_ask": 0.02,
      "seconds_left": 148.91739773750305,
      "min_spread": 0.01
    },
    {
      "ts": "2026-09-18T03:07:31.845793Z",
      "slug": "btc-updown-5m-1789700700",
      "status": "skip_ask_too_expensive",
      "threshold": 0.7,
      "max_ask": 0.85,
      "win_streak": 4,
      "clob_up_ask": 0.99,
      "clob_down_ask": 0.02,
      "seconds_left": 148.91739773750305,
      "trigger_price": 0.99
    },
    {
      "ts": "2026-09-18T03:07:51.802778Z",
      "status": "heartbeat_no_current_market"
    },
    {
      "ts": "2026-09-18T03:07:55.199475Z",
      "slug": "btc-updown-5m-1789700700",
      "status": "heartbeat",
      "gamma_up": 0.885,
      "gamma_down": 0.115,
      "clob_up_ask": null,
      "clob_down_ask": 0.01,
      "seconds_left": 125.77280926704407,
      "min_spread": null
    },
    {
      "ts": "2026-09-18T03:07:55.199504Z",
      "slug": "btc-updown-5m-1789700700",
      "status": "skip_price_below_threshold",
      "threshold": 0.7,
      "max_ask": 0.85,
      "win_streak": 4,
      "clob_up_ask": null,
      "clob_down_ask": 0.01,
      "seconds_left": 125.77280926704407,
      "trigger_price": null
    },
    {
      "ts": "2026-09-18T03:08:07.203069Z",
      "status": "heartbeat_no_current_market"
    },
    {
      "ts": "2026-09-18T03:08:10.310793Z",
      "slug": "btc-updown-5m-1789700700",
      "status": "heartbeat",
      "gamma_up": 0.885,
      "gamma_down": 0.115,
      "clob_up_ask": null,
      "clob_down_ask": 0.01,
      "seconds_left": 110.4790768623352,
      "min_spread": null
    },
    {
      "ts": "2026-09-18T03:08:10.310817Z",
      "slug": "btc-updown-5m-1789700700",
      "status": "skip_price_below_threshold",
      "threshold": 0.7,
      "max_ask": 0.85,
      "win_streak": 4,
      "clob_up_ask": null,
      "clob_down_ask": 0.01,
      "seconds_left": 110.4790768623352,
      "trigger_price": null
    },
    {
      "ts": "2026-09-18T03:08:13.269727Z",
      "slug": "btc-updown-5m-1789700700",
      "status": "heartbeat",
      "gamma_up": 0.885,
      "gamma_down": 0.115,
      "clob_up_ask": null,
      "clob_down_ask": 0.01,
      "seconds_left": 107.37602996826172,
      "min_spread": null
    },
    {
      "ts": "2026-09-18T03:08:13.269741Z",
      "slug": "btc-updown-5m-1789700700",
      "status": "skip_price_below_threshold",
      "threshold": 0.7,
      "max_ask": 0.85,
      "win_streak": 4,
      "clob_up_ask": null,
      "clob_down_ask": 0.01,
      "seconds_left": 107.37602996826172,
      "trigger_price": null
    },
    {
      "ts": "2026-09-18T03:08:19.137260Z",
      "slug": "btc-updown-5m-1789700700",
      "status": "heartbeat",
      "gamma_up": 0.885,
      "gamma_down": 0.115,
      "clob_up_ask": null,
      "clob_down_ask": 0.01,
      "seconds_left": 101.48034334182739,
      "min_spread": null
    },
    {
      "ts": "2026-09-18T03:08:19.137287Z",
      "slug": "btc-updown-5m-1789700700",
      "status": "skip_price_below_threshold",
      "threshold": 0.7,
      "max_ask": 0.85,
      "win_streak": 4,
      "clob_up_ask": null,
      "clob_down_ask": 0.01,
      "seconds_left": 101.48034334182739,
      "trigger_price": null
    },
    {
      "ts": "2026-09-18T03:08:22.039376Z",
      "slug": "btc-updown-5m-1789700700",
      "status": "heartbeat",
      "gamma_up": 0.885,
      "gamma_down": 0.115,
      "clob_up_ask": null,
      "clob_down_ask": 0.01,
      "seconds_left": 98.56409668922424,
      "min_spread": null
    },
    {
      "ts": "2026-09-18T03:08:22.039395Z",
      "slug": "btc-updown-5m-1789700700",
      "status": "skip_price_below_threshold",
      "threshold": 0.7,
      "max_ask": 0.85,
      "win_streak": 4,
      "clob_up_ask": null,
      "clob_down_ask": 0.01,
      "seconds_left": 98.56409668922424,
      "trigger_price": null
    },
    {
      "ts": "2026-09-18T03:08:25.033418Z",
      "slug": "btc-updown-5m-1789700700",
      "status": "heartbeat",
      "gamma_up": 0.885,
      "gamma_down": 0.115,
      "clob_up_ask": null,
      "clob_down_ask": 0.01,
      "seconds_left": 95.65118384361267,
      "min_spread": null
    },
    {
      "ts": "2026-09-18T03:08:25.033430Z",
      "slug": "btc-updown-5m-1789700700",
      "status": "skip_price_below_threshold",
      "threshold": 0.7,
      "max_ask": 0.85,
      "win_streak": 4,
      "clob_up_ask": null,
      "clob_down_ask": 0.01,
      "seconds_left": 95.65118384361267,
      "trigger_price": null
    },
    {
      "ts": "2026-09-18T03:08:27.959411Z",
      "slug": "btc-updown-5m-1789700700",
      "status": "heartbeat",
      "gamma_up": 0.885,
      "gamma_down": 0.115,
      "clob_up_ask": null,
      "clob_down_ask": 0.01,
      "seconds_left": 92.66388368606567,
      "min_spread": null
    },
    {
      "ts": "2026-09-18T03:08:27.959437Z",
      "slug": "btc-updown-5m-1789700700",
      "status": "skip_price_below_threshold",
      "threshold": 0.7,
      "max_ask": 0.85,
      "win_streak": 4,
      "clob_up_ask": null,
      "clob_down_ask": 0.01,
      "seconds_left": 92.66388368606567,
      "trigger_price": null
    },
    {
      "ts": "2026-09-18T03:08:30.259132Z",
      "slug": "btc-updown-5m-1789700700",
      "status": "skip_too_late_to_enter",
      "seconds_left": 89.74087429046631,
      "min_entry_seconds_left": 90,
      "max_entry_seconds_left": 150
    },
    {
      "ts": "2026-09-18T03:08:32.619212Z",
      "slug": "btc-updown-5m-1789700700",
      "status": "skip_too_late_to_enter",
      "seconds_left": 87.38079309463501,
      "min_entry_seconds_left": 90,
      "max_entry_seconds_left": 150
    },
    {
      "ts": "2026-09-18T03:08:35.012537Z",
      "slug": "btc-updown-5m-1789700700",
      "status": "skip_too_late_to_enter",
      "seconds_left": 84.98746991157532,
      "min_entry_seconds_left": 90,
      "max_entry_seconds_left": 150
    },
    {
      "ts": "2026-09-18T03:08:37.308267Z",
      "slug": "btc-updown-5m-1789700700",
      "status": "skip_too_late_to_enter",
      "seconds_left": 82.69174194335938,
      "min_entry_seconds_left": 90,
      "max_entry_seconds_left": 150
    },
    {
      "ts": "2026-09-18T03:08:39.773172Z",
      "slug": "btc-updown-5m-1789700700",
      "status": "skip_too_late_to_enter",
      "seconds_left": 80.22685050964355,
      "min_entry_seconds_left": 90,
      "max_entry_seconds_left": 150
    },
    {
      "ts": "2026-09-18T03:08:42.096422Z",
      "slug": "btc-updown-5m-1789700700",
      "status": "skip_too_late_to_enter",
      "seconds_left": 77.90358471870422,
      "min_entry_seconds_left": 90,
      "max_entry_seconds_left": 150
    },
    {
      "ts": "2026-09-18T03:08:44.386643Z",
      "slug": "btc-updown-5m-1789700700",
      "status": "skip_too_late_to_enter",
      "seconds_left": 75.61336517333984,
      "min_entry_seconds_left": 90,
      "max_entry_seconds_left": 150
    },
    {
      "ts": "2026-09-18T03:08:46.667505Z",
      "slug": "btc-updown-5m-1789700700",
      "status": "skip_too_late_to_enter",
      "seconds_left": 73.33250403404236,
      "min_entry_seconds_left": 90,
      "max_entry_seconds_left": 150
    },
    {
      "ts": "2026-09-18T03:08:48.955000Z",
      "slug": "btc-updown-5m-1789700700",
      "status": "skip_too_late_to_enter",
      "seconds_left": 71.04500675201416,
      "min_entry_seconds_left": 90,
      "max_entry_seconds_left": 150
    },
    {
      "ts": "2026-09-18T03:08:54.212250Z",
      "slug": "btc-updown-5m-1789700700",
      "status": "skip_too_late_to_enter",
      "seconds_left": 65.78775835037231,
      "min_entry_seconds_left": 90,
      "max_entry_seconds_left": 150
    },
    {
      "ts": "2026-09-18T03:08:56.562897Z",
      "slug": "btc-updown-5m-1789700700",
      "status": "skip_too_late_to_enter",
      "seconds_left": 63.437110900878906,
      "min_entry_seconds_left": 90,
      "max_entry_seconds_left": 150
    },
    {
      "ts": "2026-09-18T03:08:58.860463Z",
      "slug": "btc-updown-5m-1789700700",
      "status": "skip_too_late_to_enter",
      "seconds_left": 61.13954210281372,
      "min_entry_seconds_left": 90,
      "max_entry_seconds_left": 150
    },
    {
      "ts": "2026-09-18T03:09:01.152924Z",
      "slug": "btc-updown-5m-1789700700",
      "status": "skip_too_late_to_enter",
      "seconds_left": 58.84708380699158,
      "min_entry_seconds_left": 90,
      "max_entry_seconds_left": 150
    },
    {
      "ts": "2026-09-18T03:09:03.433517Z",
      "slug": "btc-updown-5m-1789700700",
      "status": "skip_too_late_to_enter",
      "seconds_left": 56.566489458084106,
      "min_entry_seconds_left": 90,
      "max_entry_seconds_left": 150
    },
    {
      "ts": "2026-09-18T03:09:05.752598Z",
      "slug": "btc-updown-5m-1789700700",
      "status": "skip_too_late_to_enter",
      "seconds_left": 54.247411251068115,
      "min_entry_seconds_left": 90,
      "max_entry_seconds_left": 150
    },
    {
      "ts": "2026-09-18T03:09:08.052156Z",
      "slug": "btc-updown-5m-1789700700",
      "status": "skip_too_late_to_enter",
      "seconds_left": 51.947853088378906,
      "min_entry_seconds_left": 90,
      "max_entry_seconds_left": 150
    },
    {
      "ts": "2026-09-18T03:09:10.367743Z",
      "slug": "btc-updown-5m-1789700700",
      "status": "skip_too_late_to_enter",
      "seconds_left": 49.63226628303528,
      "min_entry_seconds_left": 90,
      "max_entry_seconds_left": 150
    },
    {
      "ts": "2026-09-18T03:09:12.657327Z",
      "slug": "btc-updown-5m-1789700700",
      "status": "skip_too_late_to_enter",
      "seconds_left": 47.34267735481262,
      "min_entry_seconds_left": 90,
      "max_entry_seconds_left": 150
    },
    {
      "ts": "2026-09-18T03:09:14.950896Z",
      "slug": "btc-updown-5m-1789700700",
      "status": "skip_too_late_to_enter",
      "seconds_left": 45.04911208152771,
      "min_entry_seconds_left": 90,
      "max_entry_seconds_left": 150
    },
    {
      "ts": "2026-09-18T03:09:17.339950Z",
      "slug": "btc-updown-5m-1789700700",
      "status": "skip_too_late_to_enter",
      "seconds_left": 42.660053968429565,
      "min_entry_seconds_left": 90,
      "max_entry_seconds_left": 150
    },
    {
      "ts": "2026-09-18T03:09:19.628819Z",
      "slug": "btc-updown-5m-1789700700",
      "status": "skip_too_late_to_enter",
      "seconds_left": 40.37118673324585,
      "min_entry_seconds_left": 90,
      "max_entry_seconds_left": 150
    },
    {
      "ts": "2026-09-18T03:09:21.932871Z",
      "slug": "btc-updown-5m-1789700700",
      "status": "skip_too_late_to_enter",
      "seconds_left": 38.06713604927063,
      "min_entry_seconds_left": 90,
      "max_entry_seconds_left": 150
    },
    {
      "ts": "2026-09-18T03:09:24.255093Z",
      "slug": "btc-updown-5m-1789700700",
      "status": "skip_too_late_to_enter",
      "seconds_left": 35.74491548538208,
      "min_entry_seconds_left": 90,
      "max_entry_seconds_left": 150
    },
    {
      "ts": "2026-09-18T03:09:29.502079Z",
      "slug": "btc-updown-5m-1789700700",
      "status": "skip_too_late_to_enter",
      "seconds_left": 30.497929334640503,
      "min_entry_seconds_left": 90,
      "max_entry_seconds_left": 150
    },
    {
      "ts": "2026-09-18T03:09:31.783350Z",
      "slug": "btc-updown-5m-1789700700",
      "status": "skip_too_late_to_enter",
      "seconds_left": 28.216657400131226,
      "min_entry_seconds_left": 90,
      "max_entry_seconds_left": 150
    },
    {
      "ts": "2026-09-18T03:09:34.089594Z",
      "slug": "btc-updown-5m-1789700700",
      "status": "skip_too_late_to_enter",
      "seconds_left": 25.91041374206543,
      "min_entry_seconds_left": 90,
      "max_entry_seconds_left": 150
    },
    {
      "ts": "2026-09-18T03:09:36.394405Z",
      "slug": "btc-updown-5m-1789700700",
      "status": "skip_too_late_to_enter",
      "seconds_left": 23.60560417175293,
      "min_entry_seconds_left": 90,
      "max_entry_seconds_left": 150
    },
    {
      "ts": "2026-09-18T03:09:38.699391Z",
      "slug": "btc-updown-5m-1789700700",
      "status": "skip_too_late_to_enter",
      "seconds_left": 21.30061650276184,
      "min_entry_seconds_left": 90,
      "max_entry_seconds_left": 150
    },
    {
      "ts": "2026-09-18T03:09:41.005288Z",
      "slug": "btc-updown-5m-1789700700",
      "status": "skip_too_late_to_enter",
      "seconds_left": 18.99471950531006,
      "min_entry_seconds_left": 90,
      "max_entry_seconds_left": 150
    },
    {
      "ts": "2026-09-18T03:09:43.305193Z",
      "slug": "btc-updown-5m-1789700700",
      "status": "skip_too_late_to_enter",
      "seconds_left": 16.694815635681152,
      "min_entry_seconds_left": 90,
      "max_entry_seconds_left": 150
    },
    {
      "ts": "2026-09-18T03:09:45.591304Z",
      "slug": "btc-updown-5m-1789700700",
      "status": "skip_too_late_to_enter",
      "seconds_left": 14.408703565597534,
      "min_entry_seconds_left": 90,
      "max_entry_seconds_left": 150
    },
    {
      "ts": "2026-09-18T03:09:48.002002Z",
      "slug": "btc-updown-5m-1789700700",
      "status": "skip_too_late_to_enter",
      "seconds_left": 11.998007535934448,
      "min_entry_seconds_left": 90,
      "max_entry_seconds_left": 150
    },
    {
      "ts": "2026-09-18T03:09:50.290025Z",
      "slug": "btc-updown-5m-1789700700",
      "status": "skip_too_late_to_enter",
      "seconds_left": 9.70998239517212,
      "min_entry_seconds_left": 90,
      "max_entry_seconds_left": 150
    },
    {
      "ts": "2026-09-18T03:09:52.592756Z",
      "slug": "btc-updown-5m-1789700700",
      "status": "skip_too_late_to_enter",
      "seconds_left": 7.40725302696228,
      "min_entry_seconds_left": 90,
      "max_entry_seconds_left": 150
    },
    {
      "ts": "2026-09-18T03:09:54.888870Z",
      "slug": "btc-updown-5m-1789700700",
      "status": "skip_too_late_to_enter",
      "seconds_left": 5.1111369132995605,
      "min_entry_seconds_left": 90,
      "max_entry_seconds_left": 150
    },
    {
      "ts": "2026-09-18T03:09:57.197811Z",
      "status": "heartbeat_no_current_market"
    },
    {
      "ts": "2026-09-18T03:09:59.486800Z",
      "status": "heartbeat_no_current_market"
    },
    {
      "ts": "2026-09-18T03:10:04.749453Z",
      "slug": "btc-updown-5m-1789701000",
      "status": "skip_too_early_to_enter",
      "seconds_left": 295.25055146217346,
      "min_entry_seconds_left": 90,
      "max_entry_seconds_left": 150
    },
    {
      "ts": "2026-09-18T03:10:07.040634Z",
      "slug": "btc-updown-5m-1789701000",
      "status": "skip_too_early_to_enter",
      "seconds_left": 292.9593696594238,
      "min_entry_seconds_left": 90,
      "max_entry_seconds_left": 150
    },
    {
      "ts": "2026-09-18T03:10:09.348059Z",
      "slug": "btc-updown-5m-1789701000",
      "status": "skip_too_early_to_enter",
      "seconds_left": 290.65194630622864,
      "min_entry_seconds_left": 90,
      "max_entry_seconds_left": 150
    },
    {
      "ts": "2026-09-18T03:10:11.646774Z",
      "slug": "btc-updown-5m-1789701000",
      "status": "skip_too_early_to_enter",
      "seconds_left": 288.3532335758209,
      "min_entry_seconds_left": 90,
      "max_entry_seconds_left": 150
    },
    {
      "ts": "2026-09-18T03:10:13.936869Z",
      "slug": "btc-updown-5m-1789701000",
      "status": "skip_too_early_to_enter",
      "seconds_left": 286.0631399154663,
      "min_entry_seconds_left": 90,
      "max_entry_seconds_left": 150
    },
    {
      "ts": "2026-09-18T03:10:16.243189Z",
      "slug": "btc-updown-5m-1789701000",
      "status": "skip_too_early_to_enter",
      "seconds_left": 283.7568175792694,
      "min_entry_seconds_left": 90,
      "max_entry_seconds_left": 150
    },
    {
      "ts": "2026-09-18T03:10:18.658772Z",
      "slug": "btc-updown-5m-1789701000",
      "status": "skip_too_early_to_enter",
      "seconds_left": 281.3412353992462,
      "min_entry_seconds_left": 90,
      "max_entry_seconds_left": 150
    },
    {
      "ts": "2026-09-18T03:10:20.963365Z",
      "slug": "btc-updown-5m-1789701000",
      "status": "skip_too_early_to_enter",
      "seconds_left": 279.0366430282593,
      "min_entry_seconds_left": 90,
      "max_entry_seconds_left": 150
    },
    {
      "ts": "2026-09-18T03:10:23.269195Z",
      "slug": "btc-updown-5m-1789701000",
      "status": "skip_too_early_to_enter",
      "seconds_left": 276.7308130264282,
      "min_entry_seconds_left": 90,
      "max_entry_seconds_left": 150
    },
    {
      "ts": "2026-09-18T03:10:25.561577Z",
      "slug": "btc-updown-5m-1789701000",
      "status": "skip_too_early_to_enter",
      "seconds_left": 274.4384288787842,
      "min_entry_seconds_left": 90,
      "max_entry_seconds_left": 150
    },
    {
      "ts": "2026-09-18T03:10:27.853947Z",
      "slug": "btc-updown-5m-1789701000",
      "status": "skip_too_early_to_enter",
      "seconds_left": 272.14606285095215,
      "min_entry_seconds_left": 90,
      "max_entry_seconds_left": 150
    },
    {
      "ts": "2026-09-18T03:10:30.157662Z",
      "slug": "btc-updown-5m-1789701000",
      "status": "skip_too_early_to_enter",
      "seconds_left": 269.8423457145691,
      "min_entry_seconds_left": 90,
      "max_entry_seconds_left": 150
    },
    {
      "ts": "2026-09-18T03:10:32.459768Z",
      "slug": "btc-updown-5m-1789701000",
      "status": "skip_too_early_to_enter",
      "seconds_left": 267.54024147987366,
      "min_entry_seconds_left": 90,
      "max_entry_seconds_left": 150
    },
    {
      "ts": "2026-09-18T03:10:34.785355Z",
      "slug": "btc-updown-5m-1789701000",
      "status": "skip_too_early_to_enter",
      "seconds_left": 265.21465396881104,
      "min_entry_seconds_left": 90,
      "max_entry_seconds_left": 150
    },
    {
      "ts": "2026-09-18T03:10:40.311151Z",
      "slug": "btc-updown-5m-1789701000",
      "status": "skip_too_early_to_enter",
      "seconds_left": 259.688857793808,
      "min_entry_seconds_left": 90,
      "max_entry_seconds_left": 150
    },
    {
      "ts": "2026-09-18T03:10:42.584433Z",
      "slug": "btc-updown-5m-1789701000",
      "status": "skip_too_early_to_enter",
      "seconds_left": 257.415575504303,
      "min_entry_seconds_left": 90,
      "max_entry_seconds_left": 150
    },
    {
      "ts": "2026-09-18T03:10:44.874684Z",
      "slug": "btc-updown-5m-1789701000",
      "status": "skip_too_early_to_enter",
      "seconds_left": 255.12532353401184,
      "min_entry_seconds_left": 90,
      "max_entry_seconds_left": 150
    },
    {
      "ts": "2026-09-18T03:10:47.191617Z",
      "slug": "btc-updown-5m-1789701000",
      "status": "skip_too_early_to_enter",
      "seconds_left": 252.80846858024597,
      "min_entry_seconds_left": 90,
      "max_entry_seconds_left": 150
    },
    {
      "ts": "2026-09-18T03:10:49.509676Z",
      "slug": "btc-updown-5m-1789701000",
      "status": "skip_too_early_to_enter",
      "seconds_left": 250.49033403396606,
      "min_entry_seconds_left": 90,
      "max_entry_seconds_left": 150
    },
    {
      "ts": "2026-09-18T03:10:51.844282Z",
      "slug": "btc-updown-5m-1789701000",
      "status": "skip_too_early_to_enter",
      "seconds_left": 248.15572571754456,
      "min_entry_seconds_left": 90,
      "max_entry_seconds_left": 150
    },
    {
      "ts": "2026-09-18T03:10:54.132846Z",
      "slug": "btc-updown-5m-1789701000",
      "status": "skip_too_early_to_enter",
      "seconds_left": 245.86716175079346,
      "min_entry_seconds_left": 90,
      "max_entry_seconds_left": 150
    },
    {
      "ts": "2026-09-18T03:10:56.413612Z",
      "slug": "btc-updown-5m-1789701000",
      "status": "skip_too_early_to_enter",
      "seconds_left": 243.58639430999756,
      "min_entry_seconds_left": 90,
      "max_entry_seconds_left": 150
    },
    {
      "ts": "2026-09-18T03:10:58.700286Z",
      "slug": "btc-updown-5m-1789701000",
      "status": "skip_too_early_to_enter",
      "seconds_left": 241.29972195625305,
      "min_entry_seconds_left": 90,
      "max_entry_seconds_left": 150
    },
    {
      "ts": "2026-09-18T03:11:00.997094Z",
      "slug": "btc-updown-5m-1789701000",
      "status": "skip_too_early_to_enter",
      "seconds_left": 239.00291395187378,
      "min_entry_seconds_left": 90,
      "max_entry_seconds_left": 150
    },
    {
      "ts": "2026-09-18T03:11:03.297017Z",
      "slug": "btc-updown-5m-1789701000",
      "status": "skip_too_early_to_enter",
      "seconds_left": 236.7029902935028,
      "min_entry_seconds_left": 90,
      "max_entry_seconds_left": 150
    },
    {
      "ts": "2026-09-18T03:11:05.594556Z",
      "slug": "btc-updown-5m-1789701000",
      "status": "skip_too_early_to_enter",
      "seconds_left": 234.40545225143433,
      "min_entry_seconds_left": 90,
      "max_entry_seconds_left": 150
    },
    {
      "ts": "2026-09-18T03:11:07.889021Z",
      "slug": "btc-updown-5m-1789701000",
      "status": "skip_too_early_to_enter",
      "seconds_left": 232.11098766326904,
      "min_entry_seconds_left": 90,
      "max_entry_seconds_left": 150
    },
    {
      "ts": "2026-09-18T03:11:10.180639Z",
      "slug": "btc-updown-5m-1789701000",
      "status": "skip_too_early_to_enter",
      "seconds_left": 229.81936931610107,
      "min_entry_seconds_left": 90,
      "max_entry_seconds_left": 150
    },
    {
      "ts": "2026-09-18T03:11:15.298057Z",
      "slug": "btc-updown-5m-1789701000",
      "status": "skip_too_early_to_enter",
      "seconds_left": 224.7019498348236,
      "min_entry_seconds_left": 90,
      "max_entry_seconds_left": 150
    },
    {
      "ts": "2026-09-18T03:11:17.592884Z",
      "slug": "btc-updown-5m-1789701000",
      "status": "skip_too_early_to_enter",
      "seconds_left": 222.4071216583252,
      "min_entry_seconds_left": 90,
      "max_entry_seconds_left": 150
    },
    {
      "ts": "2026-09-18T03:11:19.906450Z",
      "slug": "btc-updown-5m-1789701000",
      "status": "skip_too_early_to_enter",
      "seconds_left": 220.09355807304382,
      "min_entry_seconds_left": 90,
      "max_entry_seconds_left": 150
    },
    {
      "ts": "2026-09-18T03:11:22.201830Z",
      "slug": "btc-updown-5m-1789701000",
      "status": "skip_too_early_to_enter",
      "seconds_left": 217.79817819595337,
      "min_entry_seconds_left": 90,
      "max_entry_seconds_left": 150
    },
    {
      "ts": "2026-09-18T03:11:24.499175Z",
      "slug": "btc-updown-5m-1789701000",
      "status": "skip_too_early_to_enter",
      "seconds_left": 215.50083231925964,
      "min_entry_seconds_left": 90,
      "max_entry_seconds_left": 150
    },
    {
      "ts": "2026-09-18T03:11:26.773678Z",
      "slug": "btc-updown-5m-1789701000",
      "status": "skip_too_early_to_enter",
      "seconds_left": 213.22632575035095,
      "min_entry_seconds_left": 90,
      "max_entry_seconds_left": 150
    },
    {
      "ts": "2026-09-18T03:11:29.063800Z",
      "slug": "btc-updown-5m-1789701000",
      "status": "skip_too_early_to_enter",
      "seconds_left": 210.93620991706848,
      "min_entry_seconds_left": 90,
      "max_entry_seconds_left": 150
    },
    {
      "ts": "2026-09-18T03:11:31.443574Z",
      "slug": "btc-updown-5m-1789701000",
      "status": "skip_too_early_to_enter",
      "seconds_left": 208.55643343925476,
      "min_entry_seconds_left": 90,
      "max_entry_seconds_left": 150
    },
    {
      "ts": "2026-09-18T03:11:33.749959Z",
      "slug": "btc-updown-5m-1789701000",
      "status": "skip_too_early_to_enter",
      "seconds_left": 206.25004982948303,
      "min_entry_seconds_left": 90,
      "max_entry_seconds_left": 150
    },
    {
      "ts": "2026-09-18T03:11:36.080058Z",
      "slug": "btc-updown-5m-1789701000",
      "status": "skip_too_early_to_enter",
      "seconds_left": 203.91994905471802,
      "min_entry_seconds_left": 90,
      "max_entry_seconds_left": 150
    },
    {
      "ts": "2026-09-18T03:11:38.391632Z",
      "slug": "btc-updown-5m-1789701000",
      "status": "skip_too_early_to_enter",
      "seconds_left": 201.6083767414093,
      "min_entry_seconds_left": 90,
      "max_entry_seconds_left": 150
    },
    {
      "ts": "2026-09-18T03:11:40.691719Z",
      "slug": "btc-updown-5m-1789701000",
      "status": "skip_too_early_to_enter",
      "seconds_left": 199.30828857421875,
      "min_entry_seconds_left": 90,
      "max_entry_seconds_left": 150
    },
    {
      "ts": "2026-09-18T03:11:42.978173Z",
      "slug": "btc-updown-5m-1789701000",
      "status": "skip_too_early_to_enter",
      "seconds_left": 197.02183294296265,
      "min_entry_seconds_left": 90,
      "max_entry_seconds_left": 150
    },
    {
      "ts": "2026-09-18T03:11:45.276820Z",
      "slug": "btc-updown-5m-1789701000",
      "status": "skip_too_early_to_enter",
      "seconds_left": 194.7231888771057,
      "min_entry_seconds_left": 90,
      "max_entry_seconds_left": 150
    },
    {
      "ts": "2026-09-18T03:11:50.531496Z",
      "slug": "btc-updown-5m-1789701000",
      "status": "skip_too_early_to_enter",
      "seconds_left": 189.46851181983948,
      "min_entry_seconds_left": 90,
      "max_entry_seconds_left": 150
    },
    {
      "ts": "2026-09-18T03:11:53.047846Z",
      "slug": "btc-updown-5m-1789701000",
      "status": "skip_too_early_to_enter",
      "seconds_left": 186.952162027359,
      "min_entry_seconds_left": 90,
      "max_entry_seconds_left": 150
    },
    {
      "ts": "2026-09-18T03:11:55.337843Z",
      "slug": "btc-updown-5m-1789701000",
      "status": "skip_too_early_to_enter",
      "seconds_left": 184.6621642112732,
      "min_entry_seconds_left": 90,
      "max_entry_seconds_left": 150
    },
    {
      "ts": "2026-09-18T03:11:57.645051Z",
      "slug": "btc-updown-5m-1789701000",
      "status": "skip_too_early_to_enter",
      "seconds_left": 182.35495734214783,
      "min_entry_seconds_left": 90,
      "max_entry_seconds_left": 150
    },
    {
      "ts": "2026-09-18T03:12:00.067324Z",
      "slug": "btc-updown-5m-1789701000",
      "status": "skip_too_early_to_enter",
      "seconds_left": 179.932683467865,
      "min_entry_seconds_left": 90,
      "max_entry_seconds_left": 150
    },
    {
      "ts": "2026-09-18T03:12:02.360914Z",
      "slug": "btc-updown-5m-1789701000",
      "status": "skip_too_early_to_enter",
      "seconds_left": 177.6390895843506,
      "min_entry_seconds_left": 90,
      "max_entry_seconds_left": 150
    },
    {
      "ts": "2026-09-18T03:12:04.666977Z",
      "slug": "btc-updown-5m-1789701000",
      "status": "skip_too_early_to_enter",
      "seconds_left": 175.3330307006836,
      "min_entry_seconds_left": 90,
      "max_entry_seconds_left": 150
    },
    {
      "ts": "2026-09-18T03:12:07.013072Z",
      "slug": "btc-updown-5m-1789701000",
      "status": "skip_too_early_to_enter",
      "seconds_left": 172.9869351387024,
      "min_entry_seconds_left": 90,
      "max_entry_seconds_left": 150
    },
    {
      "ts": "2026-09-18T03:12:09.328992Z",
      "slug": "btc-updown-5m-1789701000",
      "status": "skip_too_early_to_enter",
      "seconds_left": 170.67101573944092,
      "min_entry_seconds_left": 90,
      "max_entry_seconds_left": 150
    },
    {
      "ts": "2026-09-18T03:12:11.733088Z",
      "slug": "btc-updown-5m-1789701000",
      "status": "skip_too_early_to_enter",
      "seconds_left": 168.26691937446594,
      "min_entry_seconds_left": 90,
      "max_entry_seconds_left": 150
    },
    {
      "ts": "2026-09-18T03:12:14.043329Z",
      "slug": "btc-updown-5m-1789701000",
      "status": "skip_too_early_to_enter",
      "seconds_left": 165.9566788673401,
      "min_entry_seconds_left": 90,
      "max_entry_seconds_left": 150
    },
    {
      "ts": "2026-09-18T03:12:16.338579Z",
      "slug": "btc-updown-5m-1789701000",
      "status": "skip_too_early_to_enter",
      "seconds_left": 163.66143035888672,
      "min_entry_seconds_left": 90,
      "max_entry_seconds_left": 150
    },
    {
      "ts": "2026-09-18T03:12:18.644260Z",
      "slug": "btc-updown-5m-1789701000",
      "status": "skip_too_early_to_enter",
      "seconds_left": 161.35574674606323,
      "min_entry_seconds_left": 90,
      "max_entry_seconds_left": 150
    },
    {
      "ts": "2026-09-18T03:12:20.944865Z",
      "slug": "btc-updown-5m-1789701000",
      "status": "skip_too_early_to_enter",
      "seconds_left": 159.05514192581177,
      "min_entry_seconds_left": 90,
      "max_entry_seconds_left": 150
    },
    {
      "ts": "2026-09-18T03:12:26.193000Z",
      "slug": "btc-updown-5m-1789701000",
      "status": "skip_too_early_to_enter",
      "seconds_left": 153.8070068359375,
      "min_entry_seconds_left": 90,
      "max_entry_seconds_left": 150
    },
    {
      "ts": "2026-09-18T03:12:28.470466Z",
      "slug": "btc-updown-5m-1789701000",
      "status": "skip_too_early_to_enter",
      "seconds_left": 151.5295386314392,
      "min_entry_seconds_left": 90,
      "max_entry_seconds_left": 150
    },
    {
      "ts": "2026-09-18T03:12:31.500722Z",
      "slug": "btc-updown-5m-1789701000",
      "status": "heartbeat",
      "gamma_up": 0.435,
      "gamma_down": 0.565,
      "clob_up_ask": 0.98,
      "clob_down_ask": 0.03,
      "seconds_left": 149.24767184257507,
      "min_spread": 0.009999999999999998
    },
    {
      "ts": "2026-09-18T03:12:31.500752Z",
      "slug": "btc-updown-5m-1789701000",
      "status": "skip_ask_too_expensive",
      "threshold": 0.7,
      "max_ask": 0.85,
      "win_streak": 4,
      "clob_up_ask": 0.98,
      "clob_down_ask": 0.03,
      "seconds_left": 149.24767184257507,
      "trigger_price": 0.98
    },
    {
      "ts": "2026-09-18T03:12:34.502963Z",
      "slug": "btc-updown-5m-1789701000",
      "status": "heartbeat",
      "gamma_up": 0.435,
      "gamma_down": 0.565,
      "clob_up_ask": 0.99,
      "clob_down_ask": 0.02,
      "seconds_left": 146.13397455215454,
      "min_spread": 0.01
    },
    {
      "ts": "2026-09-18T03:12:34.502992Z",
      "slug": "btc-updown-5m-1789701000",
      "status": "skip_ask_too_expensive",
      "threshold": 0.7,
      "max_ask": 0.85,
      "win_streak": 4,
      "clob_up_ask": 0.99,
      "clob_down_ask": 0.02,
      "seconds_left": 146.13397455215454,
      "trigger_price": 0.99
    },
    {
      "ts": "2026-09-18T03:12:37.387004Z",
      "slug": "btc-updown-5m-1789701000",
      "status": "heartbeat",
      "gamma_up": 0.435,
      "gamma_down": 0.565,
      "clob_up_ask": null,
      "clob_down_ask": 0.01,
      "seconds_left": 143.22163224220276,
      "min_spread": null
    },
    {
      "ts": "2026-09-18T03:12:37.387029Z",
      "slug": "btc-updown-5m-1789701000",
      "status": "skip_price_below_threshold",
      "threshold": 0.7,
      "max_ask": 0.85,
      "win_streak": 4,
      "clob_up_ask": null,
      "clob_down_ask": 0.01,
      "seconds_left": 143.22163224220276,
      "trigger_price": null
    },
    {
      "ts": "2026-09-18T03:12:40.283813Z",
      "slug": "btc-updown-5m-1789701000",
      "status": "heartbeat",
      "gamma_up": 0.435,
      "gamma_down": 0.565,
      "clob_up_ask": null,
      "clob_down_ask": 0.01,
      "seconds_left": 140.3129541873932,
      "min_spread": null
    },
    {
      "ts": "2026-09-18T03:12:40.283843Z",
      "slug": "btc-updown-5m-1789701000",
      "status": "skip_price_below_threshold",
      "threshold": 0.7,
      "max_ask": 0.85,
      "win_streak": 4,
      "clob_up_ask": null,
      "clob_down_ask": 0.01,
      "seconds_left": 140.3129541873932,
      "trigger_price": null
    },
    {
      "ts": "2026-09-18T03:12:43.308446Z",
      "slug": "btc-updown-5m-1789701000",
      "status": "heartbeat",
      "gamma_up": 0.435,
      "gamma_down": 0.565,
      "clob_up_ask": null,
      "clob_down_ask": 0.01,
      "seconds_left": 137.4232883453369,
      "min_spread": null
    },
    {
      "ts": "2026-09-18T03:12:43.308465Z",
      "slug": "btc-updown-5m-1789701000",
      "status": "skip_price_below_threshold",
      "threshold": 0.7,
      "max_ask": 0.85,
      "win_streak": 4,
      "clob_up_ask": null,
      "clob_down_ask": 0.01,
      "seconds_left": 137.4232883453369,
      "trigger_price": null
    },
    {
      "ts": "2026-09-18T03:12:46.240438Z",
      "slug": "btc-updown-5m-1789701000",
      "status": "heartbeat",
      "gamma_up": 0.435,
      "gamma_down": 0.565,
      "clob_up_ask": null,
      "clob_down_ask": 0.01,
      "seconds_left": 134.38171410560608,
      "min_spread": null
    },
    {
      "ts": "2026-09-18T03:12:46.240464Z",
      "slug": "btc-updown-5m-1789701000",
      "status": "skip_price_below_threshold",
      "threshold": 0.7,
      "max_ask": 0.85,
      "win_streak": 4,
      "clob_up_ask": null,
      "clob_down_ask": 0.01,
      "seconds_left": 134.38171410560608,
      "trigger_price": null
    },
    {
      "ts": "2026-09-18T03:12:49.144583Z",
      "slug": "btc-updown-5m-1789701000",
      "status": "heartbeat",
      "gamma_up": 0.435,
      "gamma_down": 0.565,
      "clob_up_ask": null,
      "clob_down_ask": 0.01,
      "seconds_left": 131.44844245910645,
      "min_spread": null
    },
    {
      "ts": "2026-09-18T03:12:49.144604Z",
      "slug": "btc-updown-5m-1789701000",
      "status": "skip_price_below_threshold",
      "threshold": 0.7,
      "max_ask": 0.85,
      "win_streak": 4,
      "clob_up_ask": null,
      "clob_down_ask": 0.01,
      "seconds_left": 131.44844245910645,
      "trigger_price": null
    },
    {
      "ts": "2026-09-18T03:12:52.211503Z",
      "slug": "btc-updown-5m-1789701000",
      "status": "heartbeat",
      "gamma_up": 0.435,
      "gamma_down": 0.565,
      "clob_up_ask": null,
      "clob_down_ask": 0.01,
      "seconds_left": 128.55703401565552,
      "min_spread": null
    },
    {
      "ts": "2026-09-18T03:12:52.211529Z",
      "slug": "btc-updown-5m-1789701000",
      "status": "skip_price_below_threshold",
      "threshold": 0.7,
      "max_ask": 0.85,
      "win_streak": 4,
      "clob_up_ask": null,
      "clob_down_ask": 0.01,
      "seconds_left": 128.55703401565552,
      "trigger_price": null
    },
    {
      "ts": "2026-09-18T03:12:55.130531Z",
      "slug": "btc-updown-5m-1789701000",
      "status": "heartbeat",
      "gamma_up": 0.435,
      "gamma_down": 0.565,
      "clob_up_ask": null,
      "clob_down_ask": 0.01,
      "seconds_left": 125.49467730522156,
      "min_spread": null
    },
    {
      "ts": "2026-09-18T03:12:55.130549Z",
      "slug": "btc-updown-5m-1789701000",
      "status": "skip_price_below_threshold",
      "threshold": 0.7,
      "max_ask": 0.85,
      "win_streak": 4,
      "clob_up_ask": null,
      "clob_down_ask": 0.01,
      "seconds_left": 125.49467730522156,
      "trigger_price": null
    },
    {
      "ts": "2026-09-18T03:13:00.962814Z",
      "slug": "btc-updown-5m-1789701000",
      "status": "heartbeat",
      "gamma_up": 0.435,
      "gamma_down": 0.565,
      "clob_up_ask": null,
      "clob_down_ask": 0.01,
      "seconds_left": 122.58238005638123,
      "min_spread": null
    },
    {
      "ts": "2026-09-18T03:13:00.962841Z",
      "slug": "btc-updown-5m-1789701000",
      "status": "skip_price_below_threshold",
      "threshold": 0.7,
      "max_ask": 0.85,
      "win_streak": 4,
      "clob_up_ask": null,
      "clob_down_ask": 0.01,
      "seconds_left": 122.58238005638123,
      "trigger_price": null
    },
    {
      "ts": "2026-09-18T03:13:03.862028Z",
      "slug": "btc-updown-5m-1789701000",
      "status": "heartbeat",
      "gamma_up": 0.435,
      "gamma_down": 0.565,
      "clob_up_ask": null,
      "clob_down_ask": 0.01,
      "seconds_left": 116.74211835861206,
      "min_spread": null
    },
    {
      "ts": "2026-09-18T03:13:03.862045Z",
      "slug": "btc-updown-5m-1789701000",
      "status": "skip_price_below_threshold",
      "threshold": 0.7,
      "max_ask": 0.85,
      "win_streak": 4,
      "clob_up_ask": null,
      "clob_down_ask": 0.01,
      "seconds_left": 116.74211835861206,
      "trigger_price": null
    },
    {
      "ts": "2026-09-18T03:13:06.806638Z",
      "slug": "btc-updown-5m-1789701000",
      "status": "heartbeat",
      "gamma_up": 0.435,
      "gamma_down": 0.565,
      "clob_up_ask": null,
      "clob_down_ask": 0.01,
      "seconds_left": 113.84903502464294,
      "min_spread": null
    },
    {
      "ts": "2026-09-18T03:13:06.806663Z",
      "slug": "btc-updown-5m-1789701000",
      "status": "skip_price_below_threshold",
      "threshold": 0.7,
      "max_ask": 0.85,
      "win_streak": 4,
      "clob_up_ask": null,
      "clob_down_ask": 0.01,
      "seconds_left": 113.84903502464294,
      "trigger_price": null
    },
    {
      "ts": "2026-09-18T03:13:09.686591Z",
      "slug": "btc-updown-5m-1789701000",
      "status": "heartbeat",
      "gamma_up": 0.435,
      "gamma_down": 0.565,
      "clob_up_ask": null,
      "clob_down_ask": 0.01,
      "seconds_left": 110.90808963775635,
      "min_spread": null
    },
    {
      "ts": "2026-09-18T03:13:09.686607Z",
      "slug": "btc-updown-5m-1789701000",
      "status": "skip_price_below_threshold",
      "threshold": 0.7,
      "max_ask": 0.85,
      "win_streak": 4,
      "clob_up_ask": null,
      "clob_down_ask": 0.01,
      "seconds_left": 110.90808963775635,
      "trigger_price": null
    },
    {
      "ts": "2026-09-18T03:13:12.578724Z",
      "slug": "btc-updown-5m-1789701000",
      "status": "heartbeat",
      "gamma_up": 0.435,
      "gamma_down": 0.565,
      "clob_up_ask": null,
      "clob_down_ask": 0.01,
      "seconds_left": 108.02464389801025,
      "min_spread": null
    },
    {
      "ts": "2026-09-18T03:13:12.578747Z",
      "slug": "btc-updown-5m-1789701000",
      "status": "skip_price_below_threshold",
      "threshold": 0.7,
      "max_ask": 0.85,
      "win_streak": 4,
      "clob_up_ask": null,
      "clob_down_ask": 0.01,
      "seconds_left": 108.02464389801025,
      "trigger_price": null
    },
    {
      "ts": "2026-09-18T03:13:15.644978Z",
      "slug": "btc-updown-5m-1789701000",
      "status": "heartbeat",
      "gamma_up": 0.435,
      "gamma_down": 0.565,
      "clob_up_ask": null,
      "clob_down_ask": 0.01,
      "seconds_left": 105.11867117881775,
      "min_spread": null
    },
    {
      "ts": "2026-09-18T03:13:15.645005Z",
      "slug": "btc-updown-5m-1789701000",
      "status": "skip_price_below_threshold",
      "threshold": 0.7,
      "max_ask": 0.85,
      "win_streak": 4,
      "clob_up_ask": null,
      "clob_down_ask": 0.01,
      "seconds_left": 105.11867117881775,
      "trigger_price": null
    },
    {
      "ts": "2026-09-18T03:13:18.553489Z",
      "slug": "btc-updown-5m-1789701000",
      "status": "heartbeat",
      "gamma_up": 0.435,
      "gamma_down": 0.565,
      "clob_up_ask": null,
      "clob_down_ask": 0.01,
      "seconds_left": 102.04551386833191,
      "min_spread": null
    },
    {
      "ts": "2026-09-18T03:13:18.553517Z",
      "slug": "btc-updown-5m-1789701000",
      "status": "skip_price_below_threshold",
      "threshold": 0.7,
      "max_ask": 0.85,
      "win_streak": 4,
      "clob_up_ask": null,
      "clob_down_ask": 0.01,
      "seconds_left": 102.04551386833191,
      "trigger_price": null
    },
    {
      "ts": "2026-09-18T03:13:21.496256Z",
      "slug": "btc-updown-5m-1789701000",
      "status": "heartbeat",
      "gamma_up": 0.435,
      "gamma_down": 0.565,
      "clob_up_ask": null,
      "clob_down_ask": 0.01,
      "seconds_left": 99.1347599029541,
      "min_spread": null
    },
    {
      "ts": "2026-09-18T03:13:21.496279Z",
      "slug": "btc-updown-5m-1789701000",
      "status": "skip_price_below_threshold",
      "threshold": 0.7,
      "max_ask": 0.85,
      "win_streak": 4,
      "clob_up_ask": null,
      "clob_down_ask": 0.01,
      "seconds_left": 99.1347599029541,
      "trigger_price": null
    },
    {
      "ts": "2026-09-18T03:13:24.393029Z",
      "slug": "btc-updown-5m-1789701000",
      "status": "heartbeat",
      "gamma_up": 0.435,
      "gamma_down": 0.565,
      "clob_up_ask": null,
      "clob_down_ask": 0.01,
      "seconds_left": 96.20731806755066,
      "min_spread": null
    },
    {
      "ts": "2026-09-18T03:13:24.393054Z",
      "slug": "btc-updown-5m-1789701000",
      "status": "skip_price_below_threshold",
      "threshold": 0.7,
      "max_ask": 0.85,
      "win_streak": 4,
      "clob_up_ask": null,
      "clob_down_ask": 0.01,
      "seconds_left": 96.20731806755066,
      "trigger_price": null
    },
    {
      "ts": "2026-09-18T03:13:27.295167Z",
      "slug": "btc-updown-5m-1789701000",
      "status": "heartbeat",
      "gamma_up": 0.435,
      "gamma_down": 0.565,
      "clob_up_ask": null,
      "clob_down_ask": 0.01,
      "seconds_left": 93.31623888015747,
      "min_spread": null
    },
    {
      "ts": "2026-09-18T03:13:27.295181Z",
      "slug": "btc-updown-5m-1789701000",
      "status": "skip_price_below_threshold",
      "threshold": 0.7,
      "max_ask": 0.85,
      "win_streak": 4,
      "clob_up_ask": null,
      "clob_down_ask": 0.01,
      "seconds_left": 93.31623888015747,
      "trigger_price": null
    },
    {
      "ts": "2026-09-18T03:13:30.216770Z",
      "slug": "btc-updown-5m-1789701000",
      "status": "heartbeat",
      "gamma_up": 0.435,
      "gamma_down": 0.565,
      "clob_up_ask": null,
      "clob_down_ask": 0.01,
      "seconds_left": 90.38837742805481,
      "min_spread": null
    },
    {
      "ts": "2026-09-18T03:13:30.216796Z",
      "slug": "btc-updown-5m-1789701000",
      "status": "skip_price_below_threshold",
      "threshold": 0.7,
      "max_ask": 0.85,
      "win_streak": 4,
      "clob_up_ask": null,
      "clob_down_ask": 0.01,
      "seconds_left": 90.38837742805481,
      "trigger_price": null
    },
    {
      "ts": "2026-09-18T03:13:32.499009Z",
      "slug": "btc-updown-5m-1789701000",
      "status": "skip_too_late_to_enter",
      "seconds_left": 87.50099587440491,
      "min_entry_seconds_left": 90,
      "max_entry_seconds_left": 150
    },
    {
      "ts": "2026-09-18T03:13:37.765880Z",
      "slug": "btc-updown-5m-1789701000",
      "status": "skip_too_late_to_enter",
      "seconds_left": 82.23412489891052,
      "min_entry_seconds_left": 90,
      "max_entry_seconds_left": 150
    },
    {
      "ts": "2026-09-18T03:13:40.051413Z",
      "slug": "btc-updown-5m-1789701000",
      "status": "skip_too_late_to_enter",
      "seconds_left": 79.94859504699707,
      "min_entry_seconds_left": 90,
      "max_entry_seconds_left": 150
    },
    {
      "ts": "2026-09-18T03:13:42.367009Z",
      "slug": "btc-updown-5m-1789701000",
      "status": "skip_too_late_to_enter",
      "seconds_left": 77.63299942016602,
      "min_entry_seconds_left": 90,
      "max_entry_seconds_left": 150
    },
    {
      "ts": "2026-09-18T03:13:44.672508Z",
      "slug": "btc-updown-5m-1789701000",
      "status": "skip_too_late_to_enter",
      "seconds_left": 75.32749795913696,
      "min_entry_seconds_left": 90,
      "max_entry_seconds_left": 150
    },
    {
      "ts": "2026-09-18T03:13:46.974565Z",
      "slug": "btc-updown-5m-1789701000",
      "status": "skip_too_late_to_enter",
      "seconds_left": 73.02544116973877,
      "min_entry_seconds_left": 90,
      "max_entry_seconds_left": 150
    },
    {
      "ts": "2026-09-18T03:13:49.285623Z",
      "slug": "btc-updown-5m-1789701000",
      "status": "skip_too_late_to_enter",
      "seconds_left": 70.71438527107239,
      "min_entry_seconds_left": 90,
      "max_entry_seconds_left": 150
    },
    {
      "ts": "2026-09-18T03:13:51.616811Z",
      "slug": "btc-updown-5m-1789701000",
      "status": "skip_too_late_to_enter",
      "seconds_left": 68.3832323551178,
      "min_entry_seconds_left": 90,
      "max_entry_seconds_left": 150
    },
    {
      "ts": "2026-09-18T03:13:53.897567Z",
      "slug": "btc-updown-5m-1789701000",
      "status": "skip_too_late_to_enter",
      "seconds_left": 66.10243844985962,
      "min_entry_seconds_left": 90,
      "max_entry_seconds_left": 150
    },
    {
      "ts": "2026-09-18T03:13:56.226597Z",
      "slug": "btc-updown-5m-1789701000",
      "status": "skip_too_late_to_enter",
      "seconds_left": 63.77341175079346,
      "min_entry_seconds_left": 90,
      "max_entry_seconds_left": 150
    },
    {
      "ts": "2026-09-18T03:13:58.582887Z",
      "slug": "btc-updown-5m-1789701000",
      "status": "skip_too_late_to_enter",
      "seconds_left": 61.41712260246277,
      "min_entry_seconds_left": 90,
      "max_entry_seconds_left": 150
    },
    {
      "ts": "2026-09-18T03:14:00.886288Z",
      "slug": "btc-updown-5m-1789701000",
      "status": "skip_too_late_to_enter",
      "seconds_left": 59.11371874809265,
      "min_entry_seconds_left": 90,
      "max_entry_seconds_left": 150
    },
    {
      "ts": "2026-09-18T03:14:03.201918Z",
      "slug": "btc-updown-5m-1789701000",
      "status": "skip_too_late_to_enter",
      "seconds_left": 56.79809069633484,
      "min_entry_seconds_left": 90,
      "max_entry_seconds_left": 150
    },
    {
      "ts": "2026-09-18T03:14:05.490680Z",
      "slug": "btc-updown-5m-1789701000",
      "status": "skip_too_late_to_enter",
      "seconds_left": 54.50932860374451,
      "min_entry_seconds_left": 90,
      "max_entry_seconds_left": 150
    },
    {
      "ts": "2026-09-18T03:14:07.792289Z",
      "slug": "btc-updown-5m-1789701000",
      "status": "skip_too_late_to_enter",
      "seconds_left": 52.20774269104004,
      "min_entry_seconds_left": 90,
      "max_entry_seconds_left": 150
    },
    {
      "ts": "2026-09-18T03:14:13.051122Z",
      "slug": "btc-updown-5m-1789701000",
      "status": "skip_too_late_to_enter",
      "seconds_left": 46.94888687133789,
      "min_entry_seconds_left": 90,
      "max_entry_seconds_left": 150
    },
    {
      "ts": "2026-09-18T03:14:15.421238Z",
      "slug": "btc-updown-5m-1789701000",
      "status": "skip_too_late_to_enter",
      "seconds_left": 44.57877016067505,
      "min_entry_seconds_left": 90,
      "max_entry_seconds_left": 150
    },
    {
      "ts": "2026-09-18T03:14:17.727795Z",
      "slug": "btc-updown-5m-1789701000",
      "status": "skip_too_late_to_enter",
      "seconds_left": 42.27221322059631,
      "min_entry_seconds_left": 90,
      "max_entry_seconds_left": 150
    },
    {
      "ts": "2026-09-18T03:14:20.128447Z",
      "slug": "btc-updown-5m-1789701000",
      "status": "skip_too_late_to_enter",
      "seconds_left": 39.87156081199646,
      "min_entry_seconds_left": 90,
      "max_entry_seconds_left": 150
    },
    {
      "ts": "2026-09-18T03:14:22.428330Z",
      "slug": "btc-updown-5m-1789701000",
      "status": "skip_too_late_to_enter",
      "seconds_left": 37.571677684783936,
      "min_entry_seconds_left": 90,
      "max_entry_seconds_left": 150
    },
    {
      "ts": "2026-09-18T03:14:24.730933Z",
      "slug": "btc-updown-5m-1789701000",
      "status": "skip_too_late_to_enter",
      "seconds_left": 35.269070863723755,
      "min_entry_seconds_left": 90,
      "max_entry_seconds_left": 150
    },
    {
      "ts": "2026-09-18T03:14:27.090513Z",
      "slug": "btc-updown-5m-1789701000",
      "status": "skip_too_late_to_enter",
      "seconds_left": 32.90949487686157,
      "min_entry_seconds_left": 90,
      "max_entry_seconds_left": 150
    },
    {
      "ts": "2026-09-18T03:14:29.493223Z",
      "slug": "btc-updown-5m-1789701000",
      "status": "skip_too_late_to_enter",
      "seconds_left": 30.50678539276123,
      "min_entry_seconds_left": 90,
      "max_entry_seconds_left": 150
    },
    {
      "ts": "2026-09-18T03:14:31.814171Z",
      "slug": "btc-updown-5m-1789701000",
      "status": "skip_too_late_to_enter",
      "seconds_left": 28.185837030410767,
      "min_entry_seconds_left": 90,
      "max_entry_seconds_left": 150
    },
    {
      "ts": "2026-09-18T03:14:34.105708Z",
      "slug": "btc-updown-5m-1789701000",
      "status": "skip_too_late_to_enter",
      "seconds_left": 25.894296646118164,
      "min_entry_seconds_left": 90,
      "max_entry_seconds_left": 150
    },
    {
      "ts": "2026-09-18T03:14:36.411190Z",
      "slug": "btc-updown-5m-1789701000",
      "status": "skip_too_late_to_enter",
      "seconds_left": 23.588818550109863,
      "min_entry_seconds_left": 90,
      "max_entry_seconds_left": 150
    },
    {
      "ts": "2026-09-18T03:14:38.754308Z",
      "slug": "btc-updown-5m-1789701000",
      "status": "skip_too_late_to_enter",
      "seconds_left": 21.245700359344482,
      "min_entry_seconds_left": 90,
      "max_entry_seconds_left": 150
    },
    {
      "ts": "2026-09-18T03:14:41.054618Z",
      "slug": "btc-updown-5m-1789701000",
      "status": "skip_too_late_to_enter",
      "seconds_left": 18.94539165496826,
      "min_entry_seconds_left": 90,
      "max_entry_seconds_left": 150
    },
    {
      "ts": "2026-09-18T03:14:43.362734Z",
      "slug": "btc-updown-5m-1789701000",
      "status": "skip_too_late_to_enter",
      "seconds_left": 16.63727307319641,
      "min_entry_seconds_left": 90,
      "max_entry_seconds_left": 150
    },
    {
      "ts": "2026-09-18T03:14:48.603016Z",
      "slug": "btc-updown-5m-1789701000",
      "status": "skip_too_late_to_enter",
      "seconds_left": 11.396992444992065,
      "min_entry_seconds_left": 90,
      "max_entry_seconds_left": 150
    },
    {
      "ts": "2026-09-18T03:14:50.882731Z",
      "slug": "btc-updown-5m-1789701000",
      "status": "skip_too_late_to_enter",
      "seconds_left": 9.117276430130005,
      "min_entry_seconds_left": 90,
      "max_entry_seconds_left": 150
    },
    {
      "ts": "2026-09-18T03:14:53.175153Z",
      "slug": "btc-updown-5m-1789701000",
      "status": "skip_too_late_to_enter",
      "seconds_left": 6.824856281280518,
      "min_entry_seconds_left": 90,
      "max_entry_seconds_left": 150
    },
    {
      "ts": "2026-09-18T03:14:55.495574Z",
      "status": "heartbeat_no_current_market"
    },
    {
      "ts": "2026-09-18T03:14:57.829063Z",
      "status": "heartbeat_no_current_market"
    },
    {
      "ts": "2026-09-18T03:15:00.145422Z",
      "status": "heartbeat_no_current_market"
    },
    {
      "ts": "2026-09-18T03:15:02.417802Z",
      "slug": "btc-updown-5m-1789701300",
      "status": "skip_too_early_to_enter",
      "seconds_left": 297.5822072029114,
      "min_entry_seconds_left": 90,
      "max_entry_seconds_left": 150
    },
    {
      "ts": "2026-09-18T03:15:04.883992Z",
      "slug": "btc-updown-5m-1789701300",
      "status": "skip_too_early_to_enter",
      "seconds_left": 295.1160171031952,
      "min_entry_seconds_left": 90,
      "max_entry_seconds_left": 150
    },
    {
      "ts": "2026-09-18T03:15:07.166865Z",
      "slug": "btc-updown-5m-1789701300",
      "status": "skip_too_early_to_enter",
      "seconds_left": 292.8331401348114,
      "min_entry_seconds_left": 90,
      "max_entry_seconds_left": 150
    },
    {
      "ts": "2026-09-18T03:15:09.471441Z",
      "slug": "btc-updown-5m-1789701300",
      "status": "skip_too_early_to_enter",
      "seconds_left": 290.52856707572937,
      "min_entry_seconds_left": 90,
      "max_entry_seconds_left": 150
    },
    {
      "ts": "2026-09-18T03:15:11.767242Z",
      "slug": "btc-updown-5m-1789701300",
      "status": "skip_too_early_to_enter",
      "seconds_left": 288.23276257514954,
      "min_entry_seconds_left": 90,
      "max_entry_seconds_left": 150
    },
    {
      "ts": "2026-09-18T03:15:14.066504Z",
      "slug": "btc-updown-5m-1789701300",
      "status": "skip_too_early_to_enter",
      "seconds_left": 285.9335026741028,
      "min_entry_seconds_left": 90,
      "max_entry_seconds_left": 150
    },
    {
      "ts": "2026-09-18T03:15:16.357716Z",
      "slug": "btc-updown-5m-1789701300",
      "status": "skip_too_early_to_enter",
      "seconds_left": 283.642294883728,
      "min_entry_seconds_left": 90,
      "max_entry_seconds_left": 150
    },
    {
      "ts": "2026-09-18T03:15:18.708112Z",
      "slug": "btc-updown-5m-1789701300",
      "status": "skip_too_early_to_enter",
      "seconds_left": 281.29189586639404,
      "min_entry_seconds_left": 90,
      "max_entry_seconds_left": 150
    },
    {
      "ts": "2026-09-18T03:15:23.944526Z",
      "slug": "btc-updown-5m-1789701300",
      "status": "skip_too_early_to_enter",
      "seconds_left": 276.05548191070557,
      "min_entry_seconds_left": 90,
      "max_entry_seconds_left": 150
    },
    {
      "ts": "2026-09-18T03:15:26.226257Z",
      "slug": "btc-updown-5m-1789701300",
      "status": "skip_too_early_to_enter",
      "seconds_left": 273.7737522125244,
      "min_entry_seconds_left": 90,
      "max_entry_seconds_left": 150
    },
    {
      "ts": "2026-09-18T03:15:28.510056Z",
      "slug": "btc-updown-5m-1789701300",
      "status": "skip_too_early_to_enter",
      "seconds_left": 271.48994851112366,
      "min_entry_seconds_left": 90,
      "max_entry_seconds_left": 150
    },
    {
      "ts": "2026-09-18T03:15:30.816619Z",
      "slug": "btc-updown-5m-1789701300",
      "status": "skip_too_early_to_enter",
      "seconds_left": 269.1833906173706,
      "min_entry_seconds_left": 90,
      "max_entry_seconds_left": 150
    },
    {
      "ts": "2026-09-18T03:15:42.825537Z",
      "status": "heartbeat_no_current_market"
    },
    {
      "ts": "2026-09-18T03:15:45.165910Z",
      "slug": "btc-updown-5m-1789701300",
      "status": "skip_too_early_to_enter",
      "seconds_left": 254.8340983390808,
      "min_entry_seconds_left": 90,
      "max_entry_seconds_left": 150
    },
    {
      "ts": "2026-09-18T03:16:00.120659Z",
      "status": "heartbeat_no_current_market"
    },
    {
      "ts": "2026-09-18T03:16:02.425762Z",
      "slug": "btc-updown-5m-1789701300",
      "status": "skip_too_early_to_enter",
      "seconds_left": 237.57424187660217,
      "min_entry_seconds_left": 90,
      "max_entry_seconds_left": 150
    },
    {
      "ts": "2026-09-18T03:16:04.722486Z",
      "slug": "btc-updown-5m-1789701300",
      "status": "skip_too_early_to_enter",
      "seconds_left": 235.27752208709717,
      "min_entry_seconds_left": 90,
      "max_entry_seconds_left": 150
    },
    {
      "ts": "2026-09-18T03:16:07.015772Z",
      "slug": "btc-updown-5m-1789701300",
      "status": "skip_too_early_to_enter",
      "seconds_left": 232.98423624038696,
      "min_entry_seconds_left": 90,
      "max_entry_seconds_left": 150
    },
    {
      "ts": "2026-09-18T03:16:09.297978Z",
      "slug": "btc-updown-5m-1789701300",
      "status": "skip_too_early_to_enter",
      "seconds_left": 230.70203042030334,
      "min_entry_seconds_left": 90,
      "max_entry_seconds_left": 150
    },
    {
      "ts": "2026-09-18T03:16:11.642157Z",
      "slug": "btc-updown-5m-1789701300",
      "status": "skip_too_early_to_enter",
      "seconds_left": 228.35784935951233,
      "min_entry_seconds_left": 90,
      "max_entry_seconds_left": 150
    },
    {
      "ts": "2026-09-18T03:16:13.931192Z",
      "slug": "btc-updown-5m-1789701300",
      "status": "skip_too_early_to_enter",
      "seconds_left": 226.06881499290466,
      "min_entry_seconds_left": 90,
      "max_entry_seconds_left": 150
    },
    {
      "ts": "2026-09-18T03:16:16.236893Z",
      "slug": "btc-updown-5m-1789701300",
      "status": "skip_too_early_to_enter",
      "seconds_left": 223.7631151676178,
      "min_entry_seconds_left": 90,
      "max_entry_seconds_left": 150
    },
    {
      "ts": "2026-09-18T03:16:18.615395Z",
      "slug": "btc-updown-5m-1789701300",
      "status": "skip_too_early_to_enter",
      "seconds_left": 221.3846127986908,
      "min_entry_seconds_left": 90,
      "max_entry_seconds_left": 150
    },
    {
      "ts": "2026-09-18T03:16:20.910807Z",
      "slug": "btc-updown-5m-1789701300",
      "status": "skip_too_early_to_enter",
      "seconds_left": 219.08920073509216,
      "min_entry_seconds_left": 90,
      "max_entry_seconds_left": 150
    },
    {
      "ts": "2026-09-18T03:16:23.193618Z",
      "slug": "btc-updown-5m-1789701300",
      "status": "skip_too_early_to_enter",
      "seconds_left": 216.80638885498047,
      "min_entry_seconds_left": 90,
      "max_entry_seconds_left": 150
    },
    {
      "ts": "2026-09-18T03:16:25.493841Z",
      "slug": "btc-updown-5m-1789701300",
      "status": "skip_too_early_to_enter",
      "seconds_left": 214.50616812705994,
      "min_entry_seconds_left": 90,
      "max_entry_seconds_left": 150
    },
    {
      "ts": "2026-09-18T03:16:27.847999Z",
      "slug": "btc-updown-5m-1789701300",
      "status": "skip_too_early_to_enter",
      "seconds_left": 212.15201997756958,
      "min_entry_seconds_left": 90,
      "max_entry_seconds_left": 150
    },
    {
      "ts": "2026-09-18T03:16:30.131445Z",
      "slug": "btc-updown-5m-1789701300",
      "status": "skip_too_early_to_enter",
      "seconds_left": 209.86855912208557,
      "min_entry_seconds_left": 90,
      "max_entry_seconds_left": 150
    },
    {
      "ts": "2026-09-18T03:16:35.388685Z",
      "slug": "btc-updown-5m-1789701300",
      "status": "skip_too_early_to_enter",
      "seconds_left": 204.61132502555847,
      "min_entry_seconds_left": 90,
      "max_entry_seconds_left": 150
    },
    {
      "ts": "2026-09-18T03:16:37.715434Z",
      "slug": "btc-updown-5m-1789701300",
      "status": "skip_too_early_to_enter",
      "seconds_left": 202.28457283973694,
      "min_entry_seconds_left": 90,
      "max_entry_seconds_left": 150
    },
    {
      "ts": "2026-09-18T03:16:40.009643Z",
      "slug": "btc-updown-5m-1789701300",
      "status": "skip_too_early_to_enter",
      "seconds_left": 199.99036645889282,
      "min_entry_seconds_left": 90,
      "max_entry_seconds_left": 150
    },
    {
      "ts": "2026-09-18T03:16:42.334679Z",
      "slug": "btc-updown-5m-1789701300",
      "status": "skip_too_early_to_enter",
      "seconds_left": 197.66532969474792,
      "min_entry_seconds_left": 90,
      "max_entry_seconds_left": 150
    },
    {
      "ts": "2026-09-18T03:16:44.618014Z",
      "slug": "btc-updown-5m-1789701300",
      "status": "skip_too_early_to_enter",
      "seconds_left": 195.38199496269226,
      "min_entry_seconds_left": 90,
      "max_entry_seconds_left": 150
    },
    {
      "ts": "2026-09-18T03:16:46.897180Z",
      "slug": "btc-updown-5m-1789701300",
      "status": "skip_too_early_to_enter",
      "seconds_left": 193.1028299331665,
      "min_entry_seconds_left": 90,
      "max_entry_seconds_left": 150
    },
    {
      "ts": "2026-09-18T03:16:49.222189Z",
      "slug": "btc-updown-5m-1789701300",
      "status": "skip_too_early_to_enter",
      "seconds_left": 190.77781677246094,
      "min_entry_seconds_left": 90,
      "max_entry_seconds_left": 150
    },
    {
      "ts": "2026-09-18T03:16:51.560990Z",
      "slug": "btc-updown-5m-1789701300",
      "status": "skip_too_early_to_enter",
      "seconds_left": 188.43902111053467,
      "min_entry_seconds_left": 90,
      "max_entry_seconds_left": 150
    },
    {
      "ts": "2026-09-18T03:16:53.847497Z",
      "slug": "btc-updown-5m-1789701300",
      "status": "skip_too_early_to_enter",
      "seconds_left": 186.152512550354,
      "min_entry_seconds_left": 90,
      "max_entry_seconds_left": 150
    },
    {
      "ts": "2026-09-18T03:16:56.129778Z",
      "slug": "btc-updown-5m-1789701300",
      "status": "skip_too_early_to_enter",
      "seconds_left": 183.8702313899994,
      "min_entry_seconds_left": 90,
      "max_entry_seconds_left": 150
    },
    {
      "ts": "2026-09-18T03:16:58.412051Z",
      "slug": "btc-updown-5m-1789701300",
      "status": "skip_too_early_to_enter",
      "seconds_left": 181.58796000480652,
      "min_entry_seconds_left": 90,
      "max_entry_seconds_left": 150
    },
    {
      "ts": "2026-09-18T03:17:00.821586Z",
      "slug": "btc-updown-5m-1789701300",
      "status": "skip_too_early_to_enter",
      "seconds_left": 179.1784212589264,
      "min_entry_seconds_left": 90,
      "max_entry_seconds_left": 150
    },
    {
      "ts": "2026-09-18T03:17:03.120997Z",
      "slug": "btc-updown-5m-1789701300",
      "status": "skip_too_early_to_enter",
      "seconds_left": 176.8790102005005,
      "min_entry_seconds_left": 90,
      "max_entry_seconds_left": 150
    },
    {
      "ts": "2026-09-18T03:17:05.412229Z",
      "slug": "btc-updown-5m-1789701300",
      "status": "skip_too_early_to_enter",
      "seconds_left": 174.5877788066864,
      "min_entry_seconds_left": 90,
      "max_entry_seconds_left": 150
    },
    {
      "ts": "2026-09-18T03:17:10.632313Z",
      "slug": "btc-updown-5m-1789701300",
      "status": "skip_too_early_to_enter",
      "seconds_left": 169.3676974773407,
      "min_entry_seconds_left": 90,
      "max_entry_seconds_left": 150
    },
    {
      "ts": "2026-09-18T03:17:12.917552Z",
      "slug": "btc-updown-5m-1789701300",
      "status": "skip_too_early_to_enter",
      "seconds_left": 167.08245611190796,
      "min_entry_seconds_left": 90,
      "max_entry_seconds_left": 150
    },
    {
      "ts": "2026-09-18T03:17:15.230353Z",
      "slug": "btc-updown-5m-1789701300",
      "status": "skip_too_early_to_enter",
      "seconds_left": 164.76965308189392,
      "min_entry_seconds_left": 90,
      "max_entry_seconds_left": 150
    },
    {
      "ts": "2026-09-18T03:17:17.549097Z",
      "slug": "btc-updown-5m-1789701300",
      "status": "skip_too_early_to_enter",
      "seconds_left": 162.45091080665588,
      "min_entry_seconds_left": 90,
      "max_entry_seconds_left": 150
    },
    {
      "ts": "2026-09-18T03:17:19.836894Z",
      "slug": "btc-updown-5m-1789701300",
      "status": "skip_too_early_to_enter",
      "seconds_left": 160.16311049461365,
      "min_entry_seconds_left": 90,
      "max_entry_seconds_left": 150
    },
    {
      "ts": "2026-09-18T03:17:22.114538Z",
      "slug": "btc-updown-5m-1789701300",
      "status": "skip_too_early_to_enter",
      "seconds_left": 157.88546991348267,
      "min_entry_seconds_left": 90,
      "max_entry_seconds_left": 150
    },
    {
      "ts": "2026-09-18T03:17:24.428379Z",
      "slug": "btc-updown-5m-1789701300",
      "status": "skip_too_early_to_enter",
      "seconds_left": 155.571631193161,
      "min_entry_seconds_left": 90,
      "max_entry_seconds_left": 150
    },
    {
      "ts": "2026-09-18T03:17:26.714288Z",
      "slug": "btc-updown-5m-1789701300",
      "status": "skip_too_early_to_enter",
      "seconds_left": 153.28571939468384,
      "min_entry_seconds_left": 90,
      "max_entry_seconds_left": 150
    },
    {
      "ts": "2026-09-18T03:17:29.030214Z",
      "slug": "btc-updown-5m-1789701300",
      "status": "skip_too_early_to_enter",
      "seconds_left": 150.9697926044464,
      "min_entry_seconds_left": 90,
      "max_entry_seconds_left": 150
    },
    {
      "ts": "2026-09-18T03:17:32.175167Z",
      "slug": "btc-updown-5m-1789701300",
      "status": "heartbeat",
      "gamma_up": 0.815,
      "gamma_down": 0.185,
      "clob_up_ask": null,
      "clob_down_ask": 0.01,
      "seconds_left": 148.68635487556458,
      "min_spread": null
    },
    {
      "ts": "2026-09-18T03:17:32.175195Z",
      "slug": "btc-updown-5m-1789701300",
      "status": "skip_price_below_threshold",
      "threshold": 0.7,
      "max_ask": 0.85,
      "win_streak": 4,
      "clob_up_ask": null,
      "clob_down_ask": 0.01,
      "seconds_left": 148.68635487556458,
      "trigger_price": null
    },
    {
      "ts": "2026-09-18T03:17:35.084066Z",
      "slug": "btc-updown-5m-1789701300",
      "status": "heartbeat",
      "gamma_up": 0.815,
      "gamma_down": 0.185,
      "clob_up_ask": null,
      "clob_down_ask": 0.01,
      "seconds_left": 145.53269124031067,
      "min_spread": null
    },
    {
      "ts": "2026-09-18T03:17:35.084093Z",
      "slug": "btc-updown-5m-1789701300",
      "status": "skip_price_below_threshold",
      "threshold": 0.7,
      "max_ask": 0.85,
      "win_streak": 4,
      "clob_up_ask": null,
      "clob_down_ask": 0.01,
      "seconds_left": 145.53269124031067,
      "trigger_price": null
    },
    {
      "ts": "2026-09-18T03:17:38.017841Z",
      "slug": "btc-updown-5m-1789701300",
      "status": "heartbeat",
      "gamma_up": 0.815,
      "gamma_down": 0.185,
      "clob_up_ask": null,
      "clob_down_ask": 0.01,
      "seconds_left": 142.5887291431427,
      "min_spread": null
    },
    {
      "ts": "2026-09-18T03:17:38.017877Z",
      "slug": "btc-updown-5m-1789701300",
      "status": "skip_price_below_threshold",
      "threshold": 0.7,
      "max_ask": 0.85,
      "win_streak": 4,
      "clob_up_ask": null,
      "clob_down_ask": 0.01,
      "seconds_left": 142.5887291431427,
      "trigger_price": null
    },
    {
      "ts": "2026-09-18T03:17:40.913314Z",
      "slug": "btc-updown-5m-1789701300",
      "status": "heartbeat",
      "gamma_up": 0.815,
      "gamma_down": 0.185,
      "clob_up_ask": null,
      "clob_down_ask": 0.01,
      "seconds_left": 139.68039655685425,
      "min_spread": null
    },
    {
      "ts": "2026-09-18T03:17:40.913331Z",
      "slug": "btc-updown-5m-1789701300",
      "status": "skip_price_below_threshold",
      "threshold": 0.7,
      "max_ask": 0.85,
      "win_streak": 4,
      "clob_up_ask": null,
      "clob_down_ask": 0.01,
      "seconds_left": 139.68039655685425,
      "trigger_price": null
    },
    {
      "ts": "2026-09-18T03:17:46.760358Z",
      "slug": "btc-updown-5m-1789701300",
      "status": "heartbeat",
      "gamma_up": 0.815,
      "gamma_down": 0.185,
      "clob_up_ask": null,
      "clob_down_ask": 0.01,
      "seconds_left": 133.84353637695312,
      "min_spread": null
    },
    {
      "ts": "2026-09-18T03:17:46.760372Z",
      "slug": "btc-updown-5m-1789701300",
      "status": "skip_price_below_threshold",
      "threshold": 0.7,
      "max_ask": 0.85,
      "win_streak": 4,
      "clob_up_ask": null,
      "clob_down_ask": 0.01,
      "seconds_left": 133.84353637695312,
      "trigger_price": null
    },
    {
      "ts": "2026-09-18T03:17:49.681223Z",
      "slug": "btc-updown-5m-1789701300",
      "status": "heartbeat",
      "gamma_up": 0.815,
      "gamma_down": 0.185,
      "clob_up_ask": null,
      "clob_down_ask": 0.01,
      "seconds_left": 130.9432451725006,
      "min_spread": null
    },
    {
      "ts": "2026-09-18T03:17:49.681253Z",
      "slug": "btc-updown-5m-1789701300",
      "status": "skip_price_below_threshold",
      "threshold": 0.7,
      "max_ask": 0.85,
      "win_streak": 4,
      "clob_up_ask": null,
      "clob_down_ask": 0.01,
      "seconds_left": 130.9432451725006,
      "trigger_price": null
    },
    {
      "ts": "2026-09-18T03:17:52.664904Z",
      "slug": "btc-updown-5m-1789701300",
      "status": "heartbeat",
      "gamma_up": 0.815,
      "gamma_down": 0.185,
      "clob_up_ask": null,
      "clob_down_ask": 0.01,
      "seconds_left": 128.02437043190002,
      "min_spread": null
    },
    {
      "ts": "2026-09-18T03:17:52.664930Z",
      "slug": "btc-updown-5m-1789701300",
      "status": "skip_price_below_threshold",
      "threshold": 0.7,
      "max_ask": 0.85,
      "win_streak": 4,
      "clob_up_ask": null,
      "clob_down_ask": 0.01,
      "seconds_left": 128.02437043190002,
      "trigger_price": null
    },
    {
      "ts": "2026-09-18T03:17:55.644361Z",
      "slug": "btc-updown-5m-1789701300",
      "status": "heartbeat",
      "gamma_up": 0.815,
      "gamma_down": 0.185,
      "clob_up_ask": null,
      "clob_down_ask": 0.01,
      "seconds_left": 125.04298090934753,
      "min_spread": null
    },
    {
      "ts": "2026-09-18T03:17:55.644384Z",
      "slug": "btc-updown-5m-1789701300",
      "status": "skip_price_below_threshold",
      "threshold": 0.7,
      "max_ask": 0.85,
      "win_streak": 4,
      "clob_up_ask": null,
      "clob_down_ask": 0.01,
      "seconds_left": 125.04298090934753,
      "trigger_price": null
    },
    {
      "ts": "2026-09-18T03:17:58.640559Z",
      "slug": "btc-updown-5m-1789701300",
      "status": "heartbeat",
      "gamma_up": 0.815,
      "gamma_down": 0.185,
      "clob_up_ask": null,
      "clob_down_ask": 0.01,
      "seconds_left": 122.06410670280457,
      "min_spread": null
    },
    {
      "ts": "2026-09-18T03:17:58.640585Z",
      "slug": "btc-updown-5m-1789701300",
      "status": "skip_price_below_threshold",
      "threshold": 0.7,
      "max_ask": 0.85,
      "win_streak": 4,
      "clob_up_ask": null,
      "clob_down_ask": 0.01,
      "seconds_left": 122.06410670280457,
      "trigger_price": null
    },
    {
      "ts": "2026-09-18T03:18:01.541157Z",
      "slug": "btc-updown-5m-1789701300",
      "status": "heartbeat",
      "gamma_up": 0.815,
      "gamma_down": 0.185,
      "clob_up_ask": null,
      "clob_down_ask": 0.01,
      "seconds_left": 119.05523705482483,
      "min_spread": null
    },
    {
      "ts": "2026-09-18T03:18:01.541174Z",
      "slug": "btc-updown-5m-1789701300",
      "status": "skip_price_below_threshold",
      "threshold": 0.7,
      "max_ask": 0.85,
      "win_streak": 4,
      "clob_up_ask": null,
      "clob_down_ask": 0.01,
      "seconds_left": 119.05523705482483,
      "trigger_price": null
    },
    {
      "ts": "2026-09-18T03:18:04.440016Z",
      "slug": "btc-updown-5m-1789701300",
      "status": "heartbeat",
      "gamma_up": 0.815,
      "gamma_down": 0.185,
      "clob_up_ask": null,
      "clob_down_ask": 0.01,
      "seconds_left": 116.17065691947937,
      "min_spread": null
    },
    {
      "ts": "2026-09-18T03:18:04.440034Z",
      "slug": "btc-updown-5m-1789701300",
      "status": "skip_price_below_threshold",
      "threshold": 0.7,
      "max_ask": 0.85,
      "win_streak": 4,
      "clob_up_ask": null,
      "clob_down_ask": 0.01,
      "seconds_left": 116.17065691947937,
      "trigger_price": null
    },
    {
      "ts": "2026-09-18T03:18:07.336484Z",
      "slug": "btc-updown-5m-1789701300",
      "status": "heartbeat",
      "gamma_up": 0.815,
      "gamma_down": 0.185,
      "clob_up_ask": null,
      "clob_down_ask": 0.01,
      "seconds_left": 113.2668251991272,
      "min_spread": null
    },
    {
      "ts": "2026-09-18T03:18:07.336512Z",
      "slug": "btc-updown-5m-1789701300",
      "status": "skip_price_below_threshold",
      "threshold": 0.7,
      "max_ask": 0.85,
      "win_streak": 4,
      "clob_up_ask": null,
      "clob_down_ask": 0.01,
      "seconds_left": 113.2668251991272,
      "trigger_price": null
    },
    {
      "ts": "2026-09-18T03:18:10.226326Z",
      "slug": "btc-updown-5m-1789701300",
      "status": "heartbeat",
      "gamma_up": 0.815,
      "gamma_down": 0.185,
      "clob_up_ask": null,
      "clob_down_ask": 0.01,
      "seconds_left": 110.37226295471191,
      "min_spread": null
    },
    {
      "ts": "2026-09-18T03:18:10.226357Z",
      "slug": "btc-updown-5m-1789701300",
      "status": "skip_price_below_threshold",
      "threshold": 0.7,
      "max_ask": 0.85,
      "win_streak": 4,
      "clob_up_ask": null,
      "clob_down_ask": 0.01,
      "seconds_left": 110.37226295471191,
      "trigger_price": null
    },
    {
      "ts": "2026-09-18T03:18:13.111157Z",
      "slug": "btc-updown-5m-1789701300",
      "status": "heartbeat",
      "gamma_up": 0.815,
      "gamma_down": 0.185,
      "clob_up_ask": null,
      "clob_down_ask": 0.01,
      "seconds_left": 107.50202631950378,
      "min_spread": null
    },
    {
      "ts": "2026-09-18T03:18:13.111184Z",
      "slug": "btc-updown-5m-1789701300",
      "status": "skip_price_below_threshold",
      "threshold": 0.7,
      "max_ask": 0.85,
      "win_streak": 4,
      "clob_up_ask": null,
      "clob_down_ask": 0.01,
      "seconds_left": 107.50202631950378,
      "trigger_price": null
    },
    {
      "ts": "2026-09-18T03:18:16.019013Z",
      "slug": "btc-updown-5m-1789701300",
      "status": "heartbeat",
      "gamma_up": 0.815,
      "gamma_down": 0.185,
      "clob_up_ask": null,
      "clob_down_ask": 0.01,
      "seconds_left": 104.5800187587738,
      "min_spread": null
    },
    {
      "ts": "2026-09-18T03:18:16.019036Z",
      "slug": "btc-updown-5m-1789701300",
      "status": "skip_price_below_threshold",
      "threshold": 0.7,
      "max_ask": 0.85,
      "win_streak": 4,
      "clob_up_ask": null,
      "clob_down_ask": 0.01,
      "seconds_left": 104.5800187587738,
      "trigger_price": null
    },
    {
      "ts": "2026-09-18T03:18:21.851872Z",
      "slug": "btc-updown-5m-1789701300",
      "status": "heartbeat",
      "gamma_up": 0.815,
      "gamma_down": 0.185,
      "clob_up_ask": null,
      "clob_down_ask": 0.01,
      "seconds_left": 98.7387101650238,
      "min_spread": null
    },
    {
      "ts": "2026-09-18T03:18:21.851897Z",
      "slug": "btc-updown-5m-1789701300",
      "status": "skip_price_below_threshold",
      "threshold": 0.7,
      "max_ask": 0.85,
      "win_streak": 4,
      "clob_up_ask": null,
      "clob_down_ask": 0.01,
      "seconds_left": 98.7387101650238,
      "trigger_price": null
    },
    {
      "ts": "2026-09-18T03:18:24.776008Z",
      "slug": "btc-updown-5m-1789701300",
      "status": "heartbeat",
      "gamma_up": 0.815,
      "gamma_down": 0.185,
      "clob_up_ask": null,
      "clob_down_ask": 0.01,
      "seconds_left": 95.82986235618591,
      "min_spread": null
    },
    {
      "ts": "2026-09-18T03:18:24.776038Z",
      "slug": "btc-updown-5m-1789701300",
      "status": "skip_price_below_threshold",
      "threshold": 0.7,
      "max_ask": 0.85,
      "win_streak": 4,
      "clob_up_ask": null,
      "clob_down_ask": 0.01,
      "seconds_left": 95.82986235618591,
      "trigger_price": null
    },
    {
      "ts": "2026-09-18T03:18:27.716655Z",
      "slug": "btc-updown-5m-1789701300",
      "status": "heartbeat",
      "gamma_up": 0.815,
      "gamma_down": 0.185,
      "clob_up_ask": null,
      "clob_down_ask": 0.01,
      "seconds_left": 92.88103246688843,
      "min_spread": null
    },
    {
      "ts": "2026-09-18T03:18:27.716678Z",
      "slug": "btc-updown-5m-1789701300",
      "status": "skip_price_below_threshold",
      "threshold": 0.7,
      "max_ask": 0.85,
      "win_streak": 4,
      "clob_up_ask": null,
      "clob_down_ask": 0.01,
      "seconds_left": 92.88103246688843,
      "trigger_price": null
    },
    {
      "ts": "2026-09-18T03:18:30.010821Z",
      "slug": "btc-updown-5m-1789701300",
      "status": "skip_too_late_to_enter",
      "seconds_left": 89.98918747901917,
      "min_entry_seconds_left": 90,
      "max_entry_seconds_left": 150
    },
    {
      "ts": "2026-09-18T03:18:32.306172Z",
      "slug": "btc-updown-5m-1789701300",
      "status": "skip_too_late_to_enter",
      "seconds_left": 87.69383668899536,
      "min_entry_seconds_left": 90,
      "max_entry_seconds_left": 150
    },
    {
      "ts": "2026-09-18T03:18:34.596229Z",
      "slug": "btc-updown-5m-1789701300",
      "status": "skip_too_late_to_enter",
      "seconds_left": 85.40378046035767,
      "min_entry_seconds_left": 90,
      "max_entry_seconds_left": 150
    },
    {
      "ts": "2026-09-18T03:18:36.927499Z",
      "slug": "btc-updown-5m-1789701300",
      "status": "skip_too_late_to_enter",
      "seconds_left": 83.072509765625,
      "min_entry_seconds_left": 90,
      "max_entry_seconds_left": 150
    },
    {
      "ts": "2026-09-18T03:18:39.221849Z",
      "slug": "btc-updown-5m-1789701300",
      "status": "skip_too_late_to_enter",
      "seconds_left": 80.7781617641449,
      "min_entry_seconds_left": 90,
      "max_entry_seconds_left": 150
    },
    {
      "ts": "2026-09-18T03:18:41.517493Z",
      "slug": "btc-updown-5m-1789701300",
      "status": "skip_too_late_to_enter",
      "seconds_left": 78.48251342773438,
      "min_entry_seconds_left": 90,
      "max_entry_seconds_left": 150
    },
    {
      "ts": "2026-09-18T03:18:43.839143Z",
      "slug": "btc-updown-5m-1789701300",
      "status": "skip_too_late_to_enter",
      "seconds_left": 76.16086530685425,
      "min_entry_seconds_left": 90,
      "max_entry_seconds_left": 150
    },
    {
      "ts": "2026-09-18T03:18:46.138973Z",
      "slug": "btc-updown-5m-1789701300",
      "status": "skip_too_late_to_enter",
      "seconds_left": 73.86103510856628,
      "min_entry_seconds_left": 90,
      "max_entry_seconds_left": 150
    },
    {
      "ts": "2026-09-18T03:18:48.458862Z",
      "slug": "btc-updown-5m-1789701300",
      "status": "skip_too_late_to_enter",
      "seconds_left": 71.54114747047424,
      "min_entry_seconds_left": 90,
      "max_entry_seconds_left": 150
    },
    {
      "ts": "2026-09-18T03:18:50.750048Z",
      "slug": "btc-updown-5m-1789701300",
      "status": "skip_too_late_to_enter",
      "seconds_left": 69.24996256828308,
      "min_entry_seconds_left": 90,
      "max_entry_seconds_left": 150
    },
    {
      "ts": "2026-09-18T03:18:56.003492Z",
      "slug": "btc-updown-5m-1789701300",
      "status": "skip_too_late_to_enter",
      "seconds_left": 63.996527433395386,
      "min_entry_seconds_left": 90,
      "max_entry_seconds_left": 150
    },
    {
      "ts": "2026-09-18T03:18:58.309637Z",
      "slug": "btc-updown-5m-1789701300",
      "status": "skip_too_late_to_enter",
      "seconds_left": 61.69037055969238,
      "min_entry_seconds_left": 90,
      "max_entry_seconds_left": 150
    },
    {
      "ts": "2026-09-18T03:19:00.606454Z",
      "slug": "btc-updown-5m-1789701300",
      "status": "skip_too_late_to_enter",
      "seconds_left": 59.39355444908142,
      "min_entry_seconds_left": 90,
      "max_entry_seconds_left": 150
    },
    {
      "ts": "2026-09-18T03:19:02.913448Z",
      "slug": "btc-updown-5m-1789701300",
      "status": "skip_too_late_to_enter",
      "seconds_left": 57.08656024932861,
      "min_entry_seconds_left": 90,
      "max_entry_seconds_left": 150
    },
    {
      "ts": "2026-09-18T03:19:05.259983Z",
      "slug": "btc-updown-5m-1789701300",
      "status": "skip_too_late_to_enter",
      "seconds_left": 54.74002552032471,
      "min_entry_seconds_left": 90,
      "max_entry_seconds_left": 150
    },
    {
      "ts": "2026-09-18T03:19:07.602892Z",
      "slug": "btc-updown-5m-1789701300",
      "status": "skip_too_late_to_enter",
      "seconds_left": 52.397111654281616,
      "min_entry_seconds_left": 90,
      "max_entry_seconds_left": 150
    },
    {
      "ts": "2026-09-18T03:19:09.895426Z",
      "slug": "btc-updown-5m-1789701300",
      "status": "skip_too_late_to_enter",
      "seconds_left": 50.1045823097229,
      "min_entry_seconds_left": 90,
      "max_entry_seconds_left": 150
    },
    {
      "ts": "2026-09-18T03:19:12.204318Z",
      "slug": "btc-updown-5m-1789701300",
      "status": "skip_too_late_to_enter",
      "seconds_left": 47.795690059661865,
      "min_entry_seconds_left": 90,
      "max_entry_seconds_left": 150
    },
    {
      "ts": "2026-09-18T03:19:14.492929Z",
      "slug": "btc-updown-5m-1789701300",
      "status": "skip_too_late_to_enter",
      "seconds_left": 45.507078647613525,
      "min_entry_seconds_left": 90,
      "max_entry_seconds_left": 150
    },
    {
      "ts": "2026-09-18T03:19:16.779573Z",
      "slug": "btc-updown-5m-1789701300",
      "status": "skip_too_late_to_enter",
      "seconds_left": 43.22043561935425,
      "min_entry_seconds_left": 90,
      "max_entry_seconds_left": 150
    },
    {
      "ts": "2026-09-18T03:19:19.103530Z",
      "slug": "btc-updown-5m-1789701300",
      "status": "skip_too_late_to_enter",
      "seconds_left": 40.89647698402405,
      "min_entry_seconds_left": 90,
      "max_entry_seconds_left": 150
    },
    {
      "ts": "2026-09-18T03:19:21.376631Z",
      "slug": "btc-updown-5m-1789701300",
      "status": "skip_too_late_to_enter",
      "seconds_left": 38.62337327003479,
      "min_entry_seconds_left": 90,
      "max_entry_seconds_left": 150
    },
    {
      "ts": "2026-09-18T03:19:23.668800Z",
      "slug": "btc-updown-5m-1789701300",
      "status": "skip_too_late_to_enter",
      "seconds_left": 36.3312041759491,
      "min_entry_seconds_left": 90,
      "max_entry_seconds_left": 150
    },
    {
      "ts": "2026-09-18T03:19:25.943131Z",
      "slug": "btc-updown-5m-1789701300",
      "status": "skip_too_late_to_enter",
      "seconds_left": 34.056877851486206,
      "min_entry_seconds_left": 90,
      "max_entry_seconds_left": 150
    },
    {
      "ts": "2026-09-18T03:19:31.185613Z",
      "slug": "btc-updown-5m-1789701300",
      "status": "skip_too_late_to_enter",
      "seconds_left": 28.814392566680908,
      "min_entry_seconds_left": 90,
      "max_entry_seconds_left": 150
    },
    {
      "ts": "2026-09-18T03:19:33.465326Z",
      "slug": "btc-updown-5m-1789701300",
      "status": "skip_too_late_to_enter",
      "seconds_left": 26.53467845916748,
      "min_entry_seconds_left": 90,
      "max_entry_seconds_left": 150
    },
    {
      "ts": "2026-09-18T03:19:35.744216Z",
      "slug": "btc-updown-5m-1789701300",
      "status": "skip_too_late_to_enter",
      "seconds_left": 24.25578761100769,
      "min_entry_seconds_left": 90,
      "max_entry_seconds_left": 150
    },
    {
      "ts": "2026-09-18T03:19:38.042387Z",
      "slug": "btc-updown-5m-1789701300",
      "status": "skip_too_late_to_enter",
      "seconds_left": 21.957618713378906,
      "min_entry_seconds_left": 90,
      "max_entry_seconds_left": 150
    },
    {
      "ts": "2026-09-18T03:19:40.326039Z",
      "slug": "btc-updown-5m-1789701300",
      "status": "skip_too_late_to_enter",
      "seconds_left": 19.673970460891724,
      "min_entry_seconds_left": 90,
      "max_entry_seconds_left": 150
    },
    {
      "ts": "2026-09-18T03:19:42.633834Z",
      "slug": "btc-updown-5m-1789701300",
      "status": "skip_too_late_to_enter",
      "seconds_left": 17.36617422103882,
      "min_entry_seconds_left": 90,
      "max_entry_seconds_left": 150
    },
    {
      "ts": "2026-09-18T03:19:44.932561Z",
      "slug": "btc-updown-5m-1789701300",
      "status": "skip_too_late_to_enter",
      "seconds_left": 15.067444324493408,
      "min_entry_seconds_left": 90,
      "max_entry_seconds_left": 150
    },
    {
      "ts": "2026-09-18T03:19:47.212230Z",
      "slug": "btc-updown-5m-1789701300",
      "status": "skip_too_late_to_enter",
      "seconds_left": 12.787790060043335,
      "min_entry_seconds_left": 90,
      "max_entry_seconds_left": 150
    },
    {
      "ts": "2026-09-18T03:19:49.524455Z",
      "slug": "btc-updown-5m-1789701300",
      "status": "skip_too_late_to_enter",
      "seconds_left": 10.475554704666138,
      "min_entry_seconds_left": 90,
      "max_entry_seconds_left": 150
    },
    {
      "ts": "2026-09-18T03:19:51.806205Z",
      "slug": "btc-updown-5m-1789701300",
      "status": "skip_too_late_to_enter",
      "seconds_left": 8.193804740905762,
      "min_entry_seconds_left": 90,
      "max_entry_seconds_left": 150
    },
    {
      "ts": "2026-09-18T03:19:54.100235Z",
      "slug": "btc-updown-5m-1789701300",
      "status": "skip_too_late_to_enter",
      "seconds_left": 5.899768114089966,
      "min_entry_seconds_left": 90,
      "max_entry_seconds_left": 150
    },
    {
      "ts": "2026-09-18T03:19:56.480282Z",
      "status": "heartbeat_no_current_market"
    },
    {
      "ts": "2026-09-18T03:19:58.829493Z",
      "status": "heartbeat_no_current_market"
    },
    {
      "ts": "2026-09-18T03:20:01.293706Z",
      "slug": "btc-updown-5m-1789701600",
      "status": "skip_too_early_to_enter",
      "seconds_left": 298.70630264282227,
      "min_entry_seconds_left": 90,
      "max_entry_seconds_left": 150
    },
    {
      "ts": "2026-09-18T03:20:06.800591Z",
      "slug": "btc-updown-5m-1789701600",
      "status": "skip_too_early_to_enter",
      "seconds_left": 293.19941806793213,
      "min_entry_seconds_left": 90,
      "max_entry_seconds_left": 150
    },
    {
      "ts": "2026-09-18T03:20:09.251780Z",
      "slug": "btc-updown-5m-1789701600",
      "status": "skip_too_early_to_enter",
      "seconds_left": 290.7482280731201,
      "min_entry_seconds_left": 90,
      "max_entry_seconds_left": 150
    },
    {
      "ts": "2026-09-18T03:20:11.566096Z",
      "slug": "btc-updown-5m-1789701600",
      "status": "skip_too_early_to_enter",
      "seconds_left": 288.43391394615173,
      "min_entry_seconds_left": 90,
      "max_entry_seconds_left": 150
    },
    {
      "ts": "2026-09-18T03:20:13.938859Z",
      "slug": "btc-updown-5m-1789701600",
      "status": "skip_too_early_to_enter",
      "seconds_left": 286.06114625930786,
      "min_entry_seconds_left": 90,
      "max_entry_seconds_left": 150
    },
    {
      "ts": "2026-09-18T03:20:16.215655Z",
      "slug": "btc-updown-5m-1789701600",
      "status": "skip_too_early_to_enter",
      "seconds_left": 283.7843532562256,
      "min_entry_seconds_left": 90,
      "max_entry_seconds_left": 150
    },
    {
      "ts": "2026-09-18T03:20:28.496615Z",
      "slug": "btc-updown-5m-1789701600",
      "status": "skip_too_early_to_enter",
      "seconds_left": 271.5033903121948,
      "min_entry_seconds_left": 90,
      "max_entry_seconds_left": 150
    },
    {
      "ts": "2026-09-18T03:20:30.800598Z",
      "slug": "btc-updown-5m-1789701600",
      "status": "skip_too_early_to_enter",
      "seconds_left": 269.1994082927704,
      "min_entry_seconds_left": 90,
      "max_entry_seconds_left": 150
    },
    {
      "ts": "2026-09-18T03:20:33.120797Z",
      "slug": "btc-updown-5m-1789701600",
      "status": "skip_too_early_to_enter",
      "seconds_left": 266.8792107105255,
      "min_entry_seconds_left": 90,
      "max_entry_seconds_left": 150
    },
    {
      "ts": "2026-09-18T03:20:35.440203Z",
      "slug": "btc-updown-5m-1789701600",
      "status": "skip_too_early_to_enter",
      "seconds_left": 264.5598027706146,
      "min_entry_seconds_left": 90,
      "max_entry_seconds_left": 150
    },
    {
      "ts": "2026-09-18T03:20:37.727478Z",
      "slug": "btc-updown-5m-1789701600",
      "status": "skip_too_early_to_enter",
      "seconds_left": 262.27253007888794,
      "min_entry_seconds_left": 90,
      "max_entry_seconds_left": 150
    },
    {
      "ts": "2026-09-18T03:20:42.903799Z",
      "slug": "btc-updown-5m-1789701600",
      "status": "skip_too_early_to_enter",
      "seconds_left": 257.0962083339691,
      "min_entry_seconds_left": 90,
      "max_entry_seconds_left": 150
    },
    {
      "ts": "2026-09-18T03:20:45.181235Z",
      "slug": "btc-updown-5m-1789701600",
      "status": "skip_too_early_to_enter",
      "seconds_left": 254.81877255439758,
      "min_entry_seconds_left": 90,
      "max_entry_seconds_left": 150
    },
    {
      "ts": "2026-09-18T03:20:47.459762Z",
      "slug": "btc-updown-5m-1789701600",
      "status": "skip_too_early_to_enter",
      "seconds_left": 252.54024720191956,
      "min_entry_seconds_left": 90,
      "max_entry_seconds_left": 150
    },
    {
      "ts": "2026-09-18T03:20:49.744964Z",
      "slug": "btc-updown-5m-1789701600",
      "status": "skip_too_early_to_enter",
      "seconds_left": 250.25504350662231,
      "min_entry_seconds_left": 90,
      "max_entry_seconds_left": 150
    },
    {
      "ts": "2026-09-18T03:20:52.043530Z",
      "slug": "btc-updown-5m-1789701600",
      "status": "skip_too_early_to_enter",
      "seconds_left": 247.95647764205933,
      "min_entry_seconds_left": 90,
      "max_entry_seconds_left": 150
    },
    {
      "ts": "2026-09-18T03:20:54.377649Z",
      "slug": "btc-updown-5m-1789701600",
      "status": "skip_too_early_to_enter",
      "seconds_left": 245.62235832214355,
      "min_entry_seconds_left": 90,
      "max_entry_seconds_left": 150
    },
    {
      "ts": "2026-09-18T03:20:56.784809Z",
      "slug": "btc-updown-5m-1789701600",
      "status": "skip_too_early_to_enter",
      "seconds_left": 243.21519804000854,
      "min_entry_seconds_left": 90,
      "max_entry_seconds_left": 150
    },
    {
      "ts": "2026-09-18T03:20:59.085255Z",
      "slug": "btc-updown-5m-1789701600",
      "status": "skip_too_early_to_enter",
      "seconds_left": 240.91475296020508,
      "min_entry_seconds_left": 90,
      "max_entry_seconds_left": 150
    },
    {
      "ts": "2026-09-18T03:21:01.407950Z",
      "slug": "btc-updown-5m-1789701600",
      "status": "skip_too_early_to_enter",
      "seconds_left": 238.59205675125122,
      "min_entry_seconds_left": 90,
      "max_entry_seconds_left": 150
    },
    {
      "ts": "2026-09-18T03:21:03.989972Z",
      "slug": "btc-updown-5m-1789701600",
      "status": "skip_too_early_to_enter",
      "seconds_left": 236.01003623008728,
      "min_entry_seconds_left": 90,
      "max_entry_seconds_left": 150
    },
    {
      "ts": "2026-09-18T03:21:06.271627Z",
      "slug": "btc-updown-5m-1789701600",
      "status": "skip_too_early_to_enter",
      "seconds_left": 233.72838139533997,
      "min_entry_seconds_left": 90,
      "max_entry_seconds_left": 150
    },
    {
      "ts": "2026-09-18T03:21:08.576322Z",
      "slug": "btc-updown-5m-1789701600",
      "status": "skip_too_early_to_enter",
      "seconds_left": 231.42368507385254,
      "min_entry_seconds_left": 90,
      "max_entry_seconds_left": 150
    },
    {
      "ts": "2026-09-18T03:21:10.903944Z",
      "slug": "btc-updown-5m-1789701600",
      "status": "skip_too_early_to_enter",
      "seconds_left": 229.09606289863586,
      "min_entry_seconds_left": 90,
      "max_entry_seconds_left": 150
    },
    {
      "ts": "2026-09-18T03:21:13.226219Z",
      "slug": "btc-updown-5m-1789701600",
      "status": "skip_too_early_to_enter",
      "seconds_left": 226.77378749847412,
      "min_entry_seconds_left": 90,
      "max_entry_seconds_left": 150
    },
    {
      "ts": "2026-09-18T03:21:18.494041Z",
      "slug": "btc-updown-5m-1789701600",
      "status": "skip_too_early_to_enter",
      "seconds_left": 221.50596404075623,
      "min_entry_seconds_left": 90,
      "max_entry_seconds_left": 150
    },
    {
      "ts": "2026-09-18T03:21:20.801462Z",
      "slug": "btc-updown-5m-1789701600",
      "status": "skip_too_early_to_enter",
      "seconds_left": 219.19857692718506,
      "min_entry_seconds_left": 90,
      "max_entry_seconds_left": 150
    },
    {
      "ts": "2026-09-18T03:21:23.089884Z",
      "slug": "btc-updown-5m-1789701600",
      "status": "skip_too_early_to_enter",
      "seconds_left": 216.9101243019104,
      "min_entry_seconds_left": 90,
      "max_entry_seconds_left": 150
    },
    {
      "ts": "2026-09-18T03:21:25.402507Z",
      "slug": "btc-updown-5m-1789701600",
      "status": "skip_too_early_to_enter",
      "seconds_left": 214.5975000858307,
      "min_entry_seconds_left": 90,
      "max_entry_seconds_left": 150
    },
    {
      "ts": "2026-09-18T03:21:27.908561Z",
      "slug": "btc-updown-5m-1789701600",
      "status": "skip_too_early_to_enter",
      "seconds_left": 212.09144735336304,
      "min_entry_seconds_left": 90,
      "max_entry_seconds_left": 150
    },
    {
      "ts": "2026-09-18T03:21:30.207753Z",
      "slug": "btc-updown-5m-1789701600",
      "status": "skip_too_early_to_enter",
      "seconds_left": 209.7922556400299,
      "min_entry_seconds_left": 90,
      "max_entry_seconds_left": 150
    },
    {
      "ts": "2026-09-18T03:21:32.545279Z",
      "slug": "btc-updown-5m-1789701600",
      "status": "skip_too_early_to_enter",
      "seconds_left": 207.45472931861877,
      "min_entry_seconds_left": 90,
      "max_entry_seconds_left": 150
    },
    {
      "ts": "2026-09-18T03:21:34.909181Z",
      "slug": "btc-updown-5m-1789701600",
      "status": "skip_too_early_to_enter",
      "seconds_left": 205.09082794189453,
      "min_entry_seconds_left": 90,
      "max_entry_seconds_left": 150
    },
    {
      "ts": "2026-09-18T03:21:37.221191Z",
      "slug": "btc-updown-5m-1789701600",
      "status": "skip_too_early_to_enter",
      "seconds_left": 202.7788164615631,
      "min_entry_seconds_left": 90,
      "max_entry_seconds_left": 150
    },
    {
      "ts": "2026-09-18T03:21:39.565996Z",
      "slug": "btc-updown-5m-1789701600",
      "status": "skip_too_early_to_enter",
      "seconds_left": 200.43401265144348,
      "min_entry_seconds_left": 90,
      "max_entry_seconds_left": 150
    },
    {
      "ts": "2026-09-18T03:21:41.913670Z",
      "slug": "btc-updown-5m-1789701600",
      "status": "skip_too_early_to_enter",
      "seconds_left": 198.0863380432129,
      "min_entry_seconds_left": 90,
      "max_entry_seconds_left": 150
    },
    {
      "ts": "2026-09-18T03:21:44.206524Z",
      "slug": "btc-updown-5m-1789701600",
      "status": "skip_too_early_to_enter",
      "seconds_left": 195.79348373413086,
      "min_entry_seconds_left": 90,
      "max_entry_seconds_left": 150
    },
    {
      "ts": "2026-09-18T03:21:46.494034Z",
      "slug": "btc-updown-5m-1789701600",
      "status": "skip_too_early_to_enter",
      "seconds_left": 193.5059745311737,
      "min_entry_seconds_left": 90,
      "max_entry_seconds_left": 150
    },
    {
      "ts": "2026-09-18T03:21:48.778709Z",
      "slug": "btc-updown-5m-1789701600",
      "status": "skip_too_early_to_enter",
      "seconds_left": 191.2212986946106,
      "min_entry_seconds_left": 90,
      "max_entry_seconds_left": 150
    },
    {
      "ts": "2026-09-18T03:21:54.027233Z",
      "slug": "btc-updown-5m-1789701600",
      "status": "skip_too_early_to_enter",
      "seconds_left": 185.97277522087097,
      "min_entry_seconds_left": 90,
      "max_entry_seconds_left": 150
    },
    {
      "ts": "2026-09-18T03:21:56.301764Z",
      "slug": "btc-updown-5m-1789701600",
      "status": "skip_too_early_to_enter",
      "seconds_left": 183.6982398033142,
      "min_entry_seconds_left": 90,
      "max_entry_seconds_left": 150
    },
    {
      "ts": "2026-09-18T03:21:58.589650Z",
      "slug": "btc-updown-5m-1789701600",
      "status": "skip_too_early_to_enter",
      "seconds_left": 181.41035676002502,
      "min_entry_seconds_left": 90,
      "max_entry_seconds_left": 150
    },
    {
      "ts": "2026-09-18T03:22:00.877857Z",
      "slug": "btc-updown-5m-1789701600",
      "status": "skip_too_early_to_enter",
      "seconds_left": 179.12215065956116,
      "min_entry_seconds_left": 90,
      "max_entry_seconds_left": 150
    },
    {
      "ts": "2026-09-18T03:22:03.252084Z",
      "slug": "btc-updown-5m-1789701600",
      "status": "skip_too_early_to_enter",
      "seconds_left": 176.74792098999023,
      "min_entry_seconds_left": 90,
      "max_entry_seconds_left": 150
    },
    {
      "ts": "2026-09-18T03:22:05.605879Z",
      "slug": "btc-updown-5m-1789701600",
      "status": "skip_too_early_to_enter",
      "seconds_left": 174.39412784576416,
      "min_entry_seconds_left": 90,
      "max_entry_seconds_left": 150
    },
    {
      "ts": "2026-09-18T03:22:07.935745Z",
      "slug": "btc-updown-5m-1789701600",
      "status": "skip_too_early_to_enter",
      "seconds_left": 172.06426119804382,
      "min_entry_seconds_left": 90,
      "max_entry_seconds_left": 150
    },
    {
      "ts": "2026-09-18T03:22:10.225885Z",
      "slug": "btc-updown-5m-1789701600",
      "status": "skip_too_early_to_enter",
      "seconds_left": 169.7741231918335,
      "min_entry_seconds_left": 90,
      "max_entry_seconds_left": 150
    },
    {
      "ts": "2026-09-18T03:22:12.517835Z",
      "slug": "btc-updown-5m-1789701600",
      "status": "skip_too_early_to_enter",
      "seconds_left": 167.482168674469,
      "min_entry_seconds_left": 90,
      "max_entry_seconds_left": 150
    },
    {
      "ts": "2026-09-18T03:22:14.937833Z",
      "slug": "btc-updown-5m-1789701600",
      "status": "skip_too_early_to_enter",
      "seconds_left": 165.06217622756958,
      "min_entry_seconds_left": 90,
      "max_entry_seconds_left": 150
    },
    {
      "ts": "2026-09-18T03:22:17.229693Z",
      "slug": "btc-updown-5m-1789701600",
      "status": "skip_too_early_to_enter",
      "seconds_left": 162.7703151702881,
      "min_entry_seconds_left": 90,
      "max_entry_seconds_left": 150
    },
    {
      "ts": "2026-09-18T03:22:19.562078Z",
      "slug": "btc-updown-5m-1789701600",
      "status": "skip_too_early_to_enter",
      "seconds_left": 160.43792939186096,
      "min_entry_seconds_left": 90,
      "max_entry_seconds_left": 150
    },
    {
      "ts": "2026-09-18T03:22:21.884062Z",
      "slug": "btc-updown-5m-1789701600",
      "status": "skip_too_early_to_enter",
      "seconds_left": 158.11594200134277,
      "min_entry_seconds_left": 90,
      "max_entry_seconds_left": 150
    },
    {
      "ts": "2026-09-18T03:22:24.190830Z",
      "slug": "btc-updown-5m-1789701600",
      "status": "skip_too_early_to_enter",
      "seconds_left": 155.80917763710022,
      "min_entry_seconds_left": 90,
      "max_entry_seconds_left": 150
    },
    {
      "ts": "2026-09-18T03:22:29.400938Z",
      "slug": "btc-updown-5m-1789701600",
      "status": "skip_too_early_to_enter",
      "seconds_left": 150.5990698337555,
      "min_entry_seconds_left": 90,
      "max_entry_seconds_left": 150
    },
    {
      "ts": "2026-09-18T03:22:32.612926Z",
      "slug": "btc-updown-5m-1789701600",
      "status": "heartbeat",
      "gamma_up": 0.495,
      "gamma_down": 0.505,
      "clob_up_ask": 0.08,
      "clob_down_ask": 0.93,
      "seconds_left": 148.27700853347778,
      "min_spread": 0.009999999999999995
    },
    {
      "ts": "2026-09-18T03:22:32.612961Z",
      "slug": "btc-updown-5m-1789701600",
      "status": "skip_ask_too_expensive",
      "threshold": 0.7,
      "max_ask": 0.85,
      "win_streak": 4,
      "clob_up_ask": 0.08,
      "clob_down_ask": 0.93,
      "seconds_left": 148.27700853347778,
      "trigger_price": 0.93
    },
    {
      "ts": "2026-09-18T03:22:35.533259Z",
      "slug": "btc-updown-5m-1789701600",
      "status": "heartbeat",
      "gamma_up": 0.045,
      "gamma_down": 0.955,
      "clob_up_ask": 0.18,
      "clob_down_ask": 0.81,
      "seconds_left": 145.088552236557,
      "min_spread": 0.009999999999999981
    },
    {
      "ts": "2026-09-18T03:22:35.533295Z",
      "slug": "btc-updown-5m-1789701600",
      "status": "skip_expensive_after_wins",
      "threshold": 0.7,
      "max_ask": 0.85,
      "win_streak": 4,
      "clob_up_ask": 0.18,
      "clob_down_ask": 0.81,
      "seconds_left": 145.088552236557,
      "trigger_price": 0.81
    },
    {
      "ts": "2026-09-18T03:22:38.550112Z",
      "slug": "btc-updown-5m-1789701600",
      "status": "heartbeat",
      "gamma_up": 0.045,
      "gamma_down": 0.955,
      "clob_up_ask": 0.15,
      "clob_down_ask": 0.86,
      "seconds_left": 142.138516664505,
      "min_spread": 0.009999999999999981
    },
    {
      "ts": "2026-09-18T03:22:38.550150Z",
      "slug": "btc-updown-5m-1789701600",
      "status": "skip_ask_too_expensive",
      "threshold": 0.7,
      "max_ask": 0.85,
      "win_streak": 4,
      "clob_up_ask": 0.15,
      "clob_down_ask": 0.86,
      "seconds_left": 142.138516664505,
      "trigger_price": 0.86
    },
    {
      "ts": "2026-09-18T03:22:41.583672Z",
      "slug": "btc-updown-5m-1789701600",
      "status": "heartbeat",
      "gamma_up": 0.045,
      "gamma_down": 0.955,
      "clob_up_ask": 0.13,
      "clob_down_ask": 0.88,
      "seconds_left": 139.06783199310303,
      "min_spread": 0.010000000000000009
    },
    {
      "ts": "2026-09-18T03:22:41.583690Z",
      "slug": "btc-updown-5m-1789701600",
      "status": "skip_ask_too_expensive",
      "threshold": 0.7,
      "max_ask": 0.85,
      "win_streak": 4,
      "clob_up_ask": 0.13,
      "clob_down_ask": 0.88,
      "seconds_left": 139.06783199310303,
      "trigger_price": 0.88
    },
    {
      "ts": "2026-09-18T03:22:44.486224Z",
      "slug": "btc-updown-5m-1789701600",
      "status": "heartbeat",
      "gamma_up": 0.045,
      "gamma_down": 0.955,
      "clob_up_ask": 0.1,
      "clob_down_ask": 0.91,
      "seconds_left": 136.12165522575378,
      "min_spread": 0.010000000000000009
    },
    {
      "ts": "2026-09-18T03:22:44.486251Z",
      "slug": "btc-updown-5m-1789701600",
      "status": "skip_ask_too_expensive",
      "threshold": 0.7,
      "max_ask": 0.85,
      "win_streak": 4,
      "clob_up_ask": 0.1,
      "clob_down_ask": 0.91,
      "seconds_left": 136.12165522575378,
      "trigger_price": 0.91
    },
    {
      "ts": "2026-09-18T03:22:47.460219Z",
      "slug": "btc-updown-5m-1789701600",
      "status": "heartbeat",
      "gamma_up": 0.045,
      "gamma_down": 0.955,
      "clob_up_ask": 0.09,
      "clob_down_ask": 0.92,
      "seconds_left": 133.16149044036865,
      "min_spread": 0.009999999999999995
    },
    {
      "ts": "2026-09-18T03:22:47.460240Z",
      "slug": "btc-updown-5m-1789701600",
      "status": "skip_ask_too_expensive",
      "threshold": 0.7,
      "max_ask": 0.85,
      "win_streak": 4,
      "clob_up_ask": 0.09,
      "clob_down_ask": 0.92,
      "seconds_left": 133.16149044036865,
      "trigger_price": 0.92
    },
    {
      "ts": "2026-09-18T03:22:50.377418Z",
      "slug": "btc-updown-5m-1789701600",
      "status": "heartbeat",
      "gamma_up": 0.045,
      "gamma_down": 0.955,
      "clob_up_ask": 0.08,
      "clob_down_ask": 0.93,
      "seconds_left": 130.23760080337524,
      "min_spread": 0.009999999999999995
    },
    {
      "ts": "2026-09-18T03:22:50.377435Z",
      "slug": "btc-updown-5m-1789701600",
      "status": "skip_ask_too_expensive",
      "threshold": 0.7,
      "max_ask": 0.85,
      "win_streak": 4,
      "clob_up_ask": 0.08,
      "clob_down_ask": 0.93,
      "seconds_left": 130.23760080337524,
      "trigger_price": 0.93
    },
    {
      "ts": "2026-09-18T03:22:53.406681Z",
      "slug": "btc-updown-5m-1789701600",
      "status": "heartbeat",
      "gamma_up": 0.045,
      "gamma_down": 0.955,
      "clob_up_ask": 0.07,
      "clob_down_ask": 0.94,
      "seconds_left": 127.23888349533081,
      "min_spread": 0.009999999999999898
    },
    {
      "ts": "2026-09-18T03:22:53.406710Z",
      "slug": "btc-updown-5m-1789701600",
      "status": "skip_ask_too_expensive",
      "threshold": 0.7,
      "max_ask": 0.85,
      "win_streak": 4,
      "clob_up_ask": 0.07,
      "clob_down_ask": 0.94,
      "seconds_left": 127.23888349533081,
      "trigger_price": 0.94
    },
    {
      "ts": "2026-09-18T03:22:56.441387Z",
      "slug": "btc-updown-5m-1789701600",
      "status": "heartbeat",
      "gamma_up": 0.045,
      "gamma_down": 0.955,
      "clob_up_ask": 0.05,
      "clob_down_ask": 0.96,
      "seconds_left": 124.21610236167908,
      "min_spread": 0.010000000000000002
    },
    {
      "ts": "2026-09-18T03:22:56.441417Z",
      "slug": "btc-updown-5m-1789701600",
      "status": "skip_ask_too_expensive",
      "threshold": 0.7,
      "max_ask": 0.85,
      "win_streak": 4,
      "clob_up_ask": 0.05,
      "clob_down_ask": 0.96,
      "seconds_left": 124.21610236167908,
      "trigger_price": 0.96
    },
    {
      "ts": "2026-09-18T03:22:59.375743Z",
      "slug": "btc-updown-5m-1789701600",
      "status": "heartbeat",
      "gamma_up": 0.045,
      "gamma_down": 0.955,
      "clob_up_ask": 0.06,
      "clob_down_ask": 0.95,
      "seconds_left": 121.2442557811737,
      "min_spread": 0.009999999999999995
    },
    {
      "ts": "2026-09-18T03:22:59.375771Z",
      "slug": "btc-updown-5m-1789701600",
      "status": "skip_ask_too_expensive",
      "threshold": 0.7,
      "max_ask": 0.85,
      "win_streak": 4,
      "clob_up_ask": 0.06,
      "clob_down_ask": 0.95,
      "seconds_left": 121.2442557811737,
      "trigger_price": 0.95
    },
    {
      "ts": "2026-09-18T03:23:05.331841Z",
      "slug": "btc-updown-5m-1789701600",
      "status": "heartbeat",
      "gamma_up": 0.045,
      "gamma_down": 0.955,
      "clob_up_ask": 0.05,
      "clob_down_ask": 0.96,
      "seconds_left": 115.30622816085815,
      "min_spread": 0.010000000000000002
    },
    {
      "ts": "2026-09-18T03:23:05.331870Z",
      "slug": "btc-updown-5m-1789701600",
      "status": "skip_ask_too_expensive",
      "threshold": 0.7,
      "max_ask": 0.85,
      "win_streak": 4,
      "clob_up_ask": 0.05,
      "clob_down_ask": 0.96,
      "seconds_left": 115.30622816085815,
      "trigger_price": 0.96
    },
    {
      "ts": "2026-09-18T03:23:08.321821Z",
      "slug": "btc-updown-5m-1789701600",
      "status": "heartbeat",
      "gamma_up": 0.045,
      "gamma_down": 0.955,
      "clob_up_ask": 0.04,
      "clob_down_ask": 0.97,
      "seconds_left": 112.31424236297607,
      "min_spread": 0.010000000000000002
    },
    {
      "ts": "2026-09-18T03:23:08.321853Z",
      "slug": "btc-updown-5m-1789701600",
      "status": "skip_ask_too_expensive",
      "threshold": 0.7,
      "max_ask": 0.85,
      "win_streak": 4,
      "clob_up_ask": 0.04,
      "clob_down_ask": 0.97,
      "seconds_left": 112.31424236297607,
      "trigger_price": 0.97
    },
    {
      "ts": "2026-09-18T03:23:11.254781Z",
      "slug": "btc-updown-5m-1789701600",
      "status": "heartbeat",
      "gamma_up": 0.045,
      "gamma_down": 0.955,
      "clob_up_ask": 0.04,
      "clob_down_ask": 0.97,
      "seconds_left": 109.37843990325928,
      "min_spread": 0.010000000000000002
    },
    {
      "ts": "2026-09-18T03:23:11.254812Z",
      "slug": "btc-updown-5m-1789701600",
      "status": "skip_ask_too_expensive",
      "threshold": 0.7,
      "max_ask": 0.85,
      "win_streak": 4,
      "clob_up_ask": 0.04,
      "clob_down_ask": 0.97,
      "seconds_left": 109.37843990325928,
      "trigger_price": 0.97
    },
    {
      "ts": "2026-09-18T03:23:14.144948Z",
      "slug": "btc-updown-5m-1789701600",
      "status": "heartbeat",
      "gamma_up": 0.045,
      "gamma_down": 0.955,
      "clob_up_ask": 0.04,
      "clob_down_ask": 0.97,
      "seconds_left": 106.46444058418274,
      "min_spread": 0.010000000000000002
    },
    {
      "ts": "2026-09-18T03:23:14.144978Z",
      "slug": "btc-updown-5m-1789701600",
      "status": "skip_ask_too_expensive",
      "threshold": 0.7,
      "max_ask": 0.85,
      "win_streak": 4,
      "clob_up_ask": 0.04,
      "clob_down_ask": 0.97,
      "seconds_left": 106.46444058418274,
      "trigger_price": 0.97
    },
    {
      "ts": "2026-09-18T03:23:17.031481Z",
      "slug": "btc-updown-5m-1789701600",
      "status": "heartbeat",
      "gamma_up": 0.045,
      "gamma_down": 0.955,
      "clob_up_ask": 0.08,
      "clob_down_ask": 0.93,
      "seconds_left": 103.58192944526672,
      "min_spread": 0.009999999999999995
    },
    {
      "ts": "2026-09-18T03:23:17.031518Z",
      "slug": "btc-updown-5m-1789701600",
      "status": "skip_ask_too_expensive",
      "threshold": 0.7,
      "max_ask": 0.85,
      "win_streak": 4,
      "clob_up_ask": 0.08,
      "clob_down_ask": 0.93,
      "seconds_left": 103.58192944526672,
      "trigger_price": 0.93
    },
    {
      "ts": "2026-09-18T03:23:19.938780Z",
      "slug": "btc-updown-5m-1789701600",
      "status": "heartbeat",
      "gamma_up": 0.045,
      "gamma_down": 0.955,
      "clob_up_ask": 0.07,
      "clob_down_ask": 0.94,
      "seconds_left": 100.69119071960449,
      "min_spread": 0.009999999999999898
    },
    {
      "ts": "2026-09-18T03:23:19.938811Z",
      "slug": "btc-updown-5m-1789701600",
      "status": "skip_ask_too_expensive",
      "threshold": 0.7,
      "max_ask": 0.85,
      "win_streak": 4,
      "clob_up_ask": 0.07,
      "clob_down_ask": 0.94,
      "seconds_left": 100.69119071960449,
      "trigger_price": 0.94
    },
    {
      "ts": "2026-09-18T03:23:22.861124Z",
      "slug": "btc-updown-5m-1789701600",
      "status": "heartbeat",
      "gamma_up": 0.045,
      "gamma_down": 0.955,
      "clob_up_ask": 0.04,
      "clob_down_ask": 0.97,
      "seconds_left": 97.76296997070312,
      "min_spread": 0.010000000000000002
    },
    {
      "ts": "2026-09-18T03:23:22.861155Z",
      "slug": "btc-updown-5m-1789701600",
      "status": "skip_ask_too_expensive",
      "threshold": 0.7,
      "max_ask": 0.85,
      "win_streak": 4,
      "clob_up_ask": 0.04,
      "clob_down_ask": 0.97,
      "seconds_left": 97.76296997070312,
      "trigger_price": 0.97
    },
    {
      "ts": "2026-09-18T03:23:25.867571Z",
      "slug": "btc-updown-5m-1789701600",
      "status": "heartbeat",
      "gamma_up": 0.045,
      "gamma_down": 0.955,
      "clob_up_ask": 0.04,
      "clob_down_ask": 0.97,
      "seconds_left": 94.77167391777039,
      "min_spread": 0.010000000000000002
    },
    {
      "ts": "2026-09-18T03:23:25.867634Z",
      "slug": "btc-updown-5m-1789701600",
      "status": "skip_ask_too_expensive",
      "threshold": 0.7,
      "max_ask": 0.85,
      "win_streak": 4,
      "clob_up_ask": 0.04,
      "clob_down_ask": 0.97,
      "seconds_left": 94.77167391777039,
      "trigger_price": 0.97
    },
    {
      "ts": "2026-09-18T03:23:28.779652Z",
      "slug": "btc-updown-5m-1789701600",
      "status": "heartbeat",
      "gamma_up": 0.045,
      "gamma_down": 0.955,
      "clob_up_ask": 0.04,
      "clob_down_ask": 0.97,
      "seconds_left": 91.83898949623108,
      "min_spread": 0.010000000000000002
    },
    {
      "ts": "2026-09-18T03:23:28.779679Z",
      "slug": "btc-updown-5m-1789701600",
      "status": "skip_ask_too_expensive",
      "threshold": 0.7,
      "max_ask": 0.85,
      "win_streak": 4,
      "clob_up_ask": 0.04,
      "clob_down_ask": 0.97,
      "seconds_left": 91.83898949623108,
      "trigger_price": 0.97
    },
    {
      "ts": "2026-09-18T03:23:31.083784Z",
      "slug": "btc-updown-5m-1789701600",
      "status": "skip_too_late_to_enter",
      "seconds_left": 88.91622400283813,
      "min_entry_seconds_left": 90,
      "max_entry_seconds_left": 150
    },
    {
      "ts": "2026-09-18T03:23:33.373619Z",
      "slug": "btc-updown-5m-1789701600",
      "status": "skip_too_late_to_enter",
      "seconds_left": 86.62638998031616,
      "min_entry_seconds_left": 90,
      "max_entry_seconds_left": 150
    },
    {
      "ts": "2026-09-18T03:23:35.676707Z",
      "slug": "btc-updown-5m-1789701600",
      "status": "skip_too_late_to_enter",
      "seconds_left": 84.3233015537262,
      "min_entry_seconds_left": 90,
      "max_entry_seconds_left": 150
    },
    {
      "ts": "2026-09-18T03:23:40.918421Z",
      "slug": "btc-updown-5m-1789701600",
      "status": "skip_too_late_to_enter",
      "seconds_left": 79.08158755302429,
      "min_entry_seconds_left": 90,
      "max_entry_seconds_left": 150
    },
    {
      "ts": "2026-09-18T03:23:43.204145Z",
      "slug": "btc-updown-5m-1789701600",
      "status": "skip_too_late_to_enter",
      "seconds_left": 76.79586338996887,
      "min_entry_seconds_left": 90,
      "max_entry_seconds_left": 150
    },
    {
      "ts": "2026-09-18T03:23:45.499960Z",
      "slug": "btc-updown-5m-1789701600",
      "status": "skip_too_late_to_enter",
      "seconds_left": 74.50004839897156,
      "min_entry_seconds_left": 90,
      "max_entry_seconds_left": 150
    },
    {
      "ts": "2026-09-18T03:23:47.786852Z",
      "slug": "btc-updown-5m-1789701600",
      "status": "skip_too_late_to_enter",
      "seconds_left": 72.21315550804138,
      "min_entry_seconds_left": 90,
      "max_entry_seconds_left": 150
    },
    {
      "ts": "2026-09-18T03:23:50.076048Z",
      "slug": "btc-updown-5m-1789701600",
      "status": "skip_too_late_to_enter",
      "seconds_left": 69.92396140098572,
      "min_entry_seconds_left": 90,
      "max_entry_seconds_left": 150
    },
    {
      "ts": "2026-09-18T03:23:52.370619Z",
      "slug": "btc-updown-5m-1789701600",
      "status": "skip_too_late_to_enter",
      "seconds_left": 67.62938833236694,
      "min_entry_seconds_left": 90,
      "max_entry_seconds_left": 150
    },
    {
      "ts": "2026-09-18T03:23:54.682694Z",
      "slug": "btc-updown-5m-1789701600",
      "status": "skip_too_late_to_enter",
      "seconds_left": 65.3173143863678,
      "min_entry_seconds_left": 90,
      "max_entry_seconds_left": 150
    },
    {
      "ts": "2026-09-18T03:23:56.986184Z",
      "slug": "btc-updown-5m-1789701600",
      "status": "skip_too_late_to_enter",
      "seconds_left": 63.01382350921631,
      "min_entry_seconds_left": 90,
      "max_entry_seconds_left": 150
    },
    {
      "ts": "2026-09-18T03:24:08.994524Z",
      "status": "heartbeat_no_current_market"
    },
    {
      "ts": "2026-09-18T03:24:11.267671Z",
      "slug": "btc-updown-5m-1789701600",
      "status": "skip_too_late_to_enter",
      "seconds_left": 48.73233342170715,
      "min_entry_seconds_left": 90,
      "max_entry_seconds_left": 150
    },
    {
      "ts": "2026-09-18T03:24:16.604301Z",
      "slug": "btc-updown-5m-1789701600",
      "status": "skip_too_late_to_enter",
      "seconds_left": 43.395708322525024,
      "min_entry_seconds_left": 90,
      "max_entry_seconds_left": 150
    },
    {
      "ts": "2026-09-18T03:24:18.871178Z",
      "slug": "btc-updown-5m-1789701600",
      "status": "skip_too_late_to_enter",
      "seconds_left": 41.128827810287476,
      "min_entry_seconds_left": 90,
      "max_entry_seconds_left": 150
    },
    {
      "ts": "2026-09-18T03:24:21.134172Z",
      "slug": "btc-updown-5m-1789701600",
      "status": "skip_too_late_to_enter",
      "seconds_left": 38.86583232879639,
      "min_entry_seconds_left": 90,
      "max_entry_seconds_left": 150
    },
    {
      "ts": "2026-09-18T03:24:23.427923Z",
      "slug": "btc-updown-5m-1789701600",
      "status": "skip_too_late_to_enter",
      "seconds_left": 36.572084188461304,
      "min_entry_seconds_left": 90,
      "max_entry_seconds_left": 150
    },
    {
      "ts": "2026-09-18T03:24:25.758619Z",
      "slug": "btc-updown-5m-1789701600",
      "status": "skip_too_late_to_enter",
      "seconds_left": 34.24138689041138,
      "min_entry_seconds_left": 90,
      "max_entry_seconds_left": 150
    },
    {
      "ts": "2026-09-18T03:24:28.063219Z",
      "slug": "btc-updown-5m-1789701600",
      "status": "skip_too_late_to_enter",
      "seconds_left": 31.936786890029907,
      "min_entry_seconds_left": 90,
      "max_entry_seconds_left": 150
    },
    {
      "ts": "2026-09-18T03:24:30.368083Z",
      "slug": "btc-updown-5m-1789701600",
      "status": "skip_too_late_to_enter",
      "seconds_left": 29.631925344467163,
      "min_entry_seconds_left": 90,
      "max_entry_seconds_left": 150
    },
    {
      "ts": "2026-09-18T03:24:32.657445Z",
      "slug": "btc-updown-5m-1789701600",
      "status": "skip_too_late_to_enter",
      "seconds_left": 27.342560529708862,
      "min_entry_seconds_left": 90,
      "max_entry_seconds_left": 150
    },
    {
      "ts": "2026-09-18T03:24:35.022099Z",
      "slug": "btc-updown-5m-1789701600",
      "status": "skip_too_late_to_enter",
      "seconds_left": 24.97790813446045,
      "min_entry_seconds_left": 90,
      "max_entry_seconds_left": 150
    },
    {
      "ts": "2026-09-18T03:24:37.304004Z",
      "slug": "btc-updown-5m-1789701600",
      "status": "skip_too_late_to_enter",
      "seconds_left": 22.696004390716553,
      "min_entry_seconds_left": 90,
      "max_entry_seconds_left": 150
    },
    {
      "ts": "2026-09-18T03:24:39.600950Z",
      "slug": "btc-updown-5m-1789701600",
      "status": "skip_too_late_to_enter",
      "seconds_left": 20.39905595779419,
      "min_entry_seconds_left": 90,
      "max_entry_seconds_left": 150
    },
    {
      "ts": "2026-09-18T03:24:41.883035Z",
      "slug": "btc-updown-5m-1789701600",
      "status": "skip_too_late_to_enter",
      "seconds_left": 18.116973876953125,
      "min_entry_seconds_left": 90,
      "max_entry_seconds_left": 150
    },
    {
      "ts": "2026-09-18T03:24:44.177056Z",
      "slug": "btc-updown-5m-1789701600",
      "status": "skip_too_late_to_enter",
      "seconds_left": 15.822951316833496,
      "min_entry_seconds_left": 90,
      "max_entry_seconds_left": 150
    },
    {
      "ts": "2026-09-18T03:24:46.521786Z",
      "slug": "btc-updown-5m-1789701600",
      "status": "skip_too_late_to_enter",
      "seconds_left": 13.478219985961914,
      "min_entry_seconds_left": 90,
      "max_entry_seconds_left": 150
    },
    {
      "ts": "2026-09-18T03:24:51.789868Z",
      "slug": "btc-updown-5m-1789701600",
      "status": "skip_too_late_to_enter",
      "seconds_left": 8.210144281387329,
      "min_entry_seconds_left": 90,
      "max_entry_seconds_left": 150
    },
    {
      "ts": "2026-09-18T03:24:54.090575Z",
      "slug": "btc-updown-5m-1789701600",
      "status": "skip_too_late_to_enter",
      "seconds_left": 5.909433364868164,
      "min_entry_seconds_left": 90,
      "max_entry_seconds_left": 150
    },
    {
      "ts": "2026-09-18T03:24:56.374004Z",
      "status": "heartbeat_no_current_market"
    },
    {
      "ts": "2026-09-18T03:24:58.668688Z",
      "status": "heartbeat_no_current_market"
    },
    {
      "ts": "2026-09-18T03:25:00.955944Z",
      "slug": "btc-updown-5m-1789701900",
      "status": "skip_too_early_to_enter",
      "seconds_left": 299.04407787323,
      "min_entry_seconds_left": 90,
      "max_entry_seconds_left": 150
    },
    {
      "ts": "2026-09-18T03:25:03.370145Z",
      "slug": "btc-updown-5m-1789701900",
      "status": "skip_too_early_to_enter",
      "seconds_left": 296.62986183166504,
      "min_entry_seconds_left": 90,
      "max_entry_seconds_left": 150
    },
    {
      "ts": "2026-09-18T03:25:05.676137Z",
      "slug": "btc-updown-5m-1789701900",
      "status": "skip_too_early_to_enter",
      "seconds_left": 294.3238956928253,
      "min_entry_seconds_left": 90,
      "max_entry_seconds_left": 150
    },
    {
      "ts": "2026-09-18T03:25:07.961187Z",
      "slug": "btc-updown-5m-1789701900",
      "status": "skip_too_early_to_enter",
      "seconds_left": 292.03882098197937,
      "min_entry_seconds_left": 90,
      "max_entry_seconds_left": 150
    },
    {
      "ts": "2026-09-18T03:25:10.248733Z",
      "slug": "btc-updown-5m-1789701900",
      "status": "skip_too_early_to_enter",
      "seconds_left": 289.7512753009796,
      "min_entry_seconds_left": 90,
      "max_entry_seconds_left": 150
    },
    {
      "ts": "2026-09-18T03:25:12.536073Z",
      "slug": "btc-updown-5m-1789701900",
      "status": "skip_too_early_to_enter",
      "seconds_left": 287.4639322757721,
      "min_entry_seconds_left": 90,
      "max_entry_seconds_left": 150
    },
    {
      "ts": "2026-09-18T03:25:14.828921Z",
      "slug": "btc-updown-5m-1789701900",
      "status": "skip_too_early_to_enter",
      "seconds_left": 285.1710865497589,
      "min_entry_seconds_left": 90,
      "max_entry_seconds_left": 150
    },
    {
      "ts": "2026-09-18T03:25:17.202728Z",
      "slug": "btc-updown-5m-1789701900",
      "status": "skip_too_early_to_enter",
      "seconds_left": 282.79727697372437,
      "min_entry_seconds_left": 90,
      "max_entry_seconds_left": 150
    },
    {
      "ts": "2026-09-18T03:25:19.489727Z",
      "slug": "btc-updown-5m-1789701900",
      "status": "skip_too_early_to_enter",
      "seconds_left": 280.5102798938751,
      "min_entry_seconds_left": 90,
      "max_entry_seconds_left": 150
    },
    {
      "ts": "2026-09-18T03:25:21.782930Z",
      "slug": "btc-updown-5m-1789701900",
      "status": "skip_too_early_to_enter",
      "seconds_left": 278.2170777320862,
      "min_entry_seconds_left": 90,
      "max_entry_seconds_left": 150
    },
    {
      "ts": "2026-09-18T03:25:27.055676Z",
      "slug": "btc-updown-5m-1789701900",
      "status": "skip_too_early_to_enter",
      "seconds_left": 272.9443325996399,
      "min_entry_seconds_left": 90,
      "max_entry_seconds_left": 150
    },
    {
      "ts": "2026-09-18T03:25:29.354432Z",
      "slug": "btc-updown-5m-1789701900",
      "status": "skip_too_early_to_enter",
      "seconds_left": 270.64557433128357,
      "min_entry_seconds_left": 90,
      "max_entry_seconds_left": 150
    },
    {
      "ts": "2026-09-18T03:25:31.629644Z",
      "slug": "btc-updown-5m-1789701900",
      "status": "skip_too_early_to_enter",
      "seconds_left": 268.3703634738922,
      "min_entry_seconds_left": 90,
      "max_entry_seconds_left": 150
    },
    {
      "ts": "2026-09-18T03:25:33.920054Z",
      "slug": "btc-updown-5m-1789701900",
      "status": "skip_too_early_to_enter",
      "seconds_left": 266.079957485199,
      "min_entry_seconds_left": 90,
      "max_entry_seconds_left": 150
    },
    {
      "ts": "2026-09-18T03:25:36.224269Z",
      "slug": "btc-updown-5m-1789701900",
      "status": "skip_too_early_to_enter",
      "seconds_left": 263.7757394313812,
      "min_entry_seconds_left": 90,
      "max_entry_seconds_left": 150
    },
    {
      "ts": "2026-09-18T03:25:38.678579Z",
      "slug": "btc-updown-5m-1789701900",
      "status": "skip_too_early_to_enter",
      "seconds_left": 261.3214285373688,
      "min_entry_seconds_left": 90,
      "max_entry_seconds_left": 150
    },
    {
      "ts": "2026-09-18T03:25:40.997465Z",
      "slug": "btc-updown-5m-1789701900",
      "status": "skip_too_early_to_enter",
      "seconds_left": 259.0025420188904,
      "min_entry_seconds_left": 90,
      "max_entry_seconds_left": 150
    },
    {
      "ts": "2026-09-18T03:25:43.446820Z",
      "slug": "btc-updown-5m-1789701900",
      "status": "skip_too_early_to_enter",
      "seconds_left": 256.5531876087189,
      "min_entry_seconds_left": 90,
      "max_entry_seconds_left": 150
    },
    {
      "ts": "2026-09-18T03:25:45.757207Z",
      "slug": "btc-updown-5m-1789701900",
      "status": "skip_too_early_to_enter",
      "seconds_left": 254.24279880523682,
      "min_entry_seconds_left": 90,
      "max_entry_seconds_left": 150
    },
    {
      "ts": "2026-09-18T03:25:48.099319Z",
      "slug": "btc-updown-5m-1789701900",
      "status": "skip_too_early_to_enter",
      "seconds_left": 251.90068531036377,
      "min_entry_seconds_left": 90,
      "max_entry_seconds_left": 150
    },
    {
      "ts": "2026-09-18T03:25:50.388754Z",
      "slug": "btc-updown-5m-1789701900",
      "status": "skip_too_early_to_enter",
      "seconds_left": 249.61125302314758,
      "min_entry_seconds_left": 90,
      "max_entry_seconds_left": 150
    },
    {
      "ts": "2026-09-18T03:25:52.676289Z",
      "slug": "btc-updown-5m-1789701900",
      "status": "skip_too_early_to_enter",
      "seconds_left": 247.32371830940247,
      "min_entry_seconds_left": 90,
      "max_entry_seconds_left": 150
    },
    {
      "ts": "2026-09-18T03:25:54.998928Z",
      "slug": "btc-updown-5m-1789701900",
      "status": "skip_too_early_to_enter",
      "seconds_left": 245.00107979774475,
      "min_entry_seconds_left": 90,
      "max_entry_seconds_left": 150
    },
    {
      "ts": "2026-09-18T03:25:57.298740Z",
      "slug": "btc-updown-5m-1789701900",
      "status": "skip_too_early_to_enter",
      "seconds_left": 242.7012665271759,
      "min_entry_seconds_left": 90,
      "max_entry_seconds_left": 150
    },
    {
      "ts": "2026-09-18T03:26:02.538250Z",
      "slug": "btc-updown-5m-1789701900",
      "status": "skip_too_early_to_enter",
      "seconds_left": 237.46175575256348,
      "min_entry_seconds_left": 90,
      "max_entry_seconds_left": 150
    },
    {
      "ts": "2026-09-18T03:26:04.809749Z",
      "slug": "btc-updown-5m-1789701900",
      "status": "skip_too_early_to_enter",
      "seconds_left": 235.19025540351868,
      "min_entry_seconds_left": 90,
      "max_entry_seconds_left": 150
    },
    {
      "ts": "2026-09-18T03:26:07.125585Z",
      "slug": "btc-updown-5m-1789701900",
      "status": "skip_too_early_to_enter",
      "seconds_left": 232.8744192123413,
      "min_entry_seconds_left": 90,
      "max_entry_seconds_left": 150
    },
    {
      "ts": "2026-09-18T03:26:09.405461Z",
      "slug": "btc-updown-5m-1789701900",
      "status": "skip_too_early_to_enter",
      "seconds_left": 230.59454822540283,
      "min_entry_seconds_left": 90,
      "max_entry_seconds_left": 150
    },
    {
      "ts": "2026-09-18T03:26:11.699428Z",
      "slug": "btc-updown-5m-1789701900",
      "status": "skip_too_early_to_enter",
      "seconds_left": 228.30057954788208,
      "min_entry_seconds_left": 90,
      "max_entry_seconds_left": 150
    },
    {
      "ts": "2026-09-18T03:26:13.996997Z",
      "slug": "btc-updown-5m-1789701900",
      "status": "skip_too_early_to_enter",
      "seconds_left": 226.00300979614258,
      "min_entry_seconds_left": 90,
      "max_entry_seconds_left": 150
    },
    {
      "ts": "2026-09-18T03:26:16.320674Z",
      "slug": "btc-updown-5m-1789701900",
      "status": "skip_too_early_to_enter",
      "seconds_left": 223.67933344841003,
      "min_entry_seconds_left": 90,
      "max_entry_seconds_left": 150
    },
    {
      "ts": "2026-09-18T03:26:18.607059Z",
      "slug": "btc-updown-5m-1789701900",
      "status": "skip_too_early_to_enter",
      "seconds_left": 221.39294838905334,
      "min_entry_seconds_left": 90,
      "max_entry_seconds_left": 150
    },
    {
      "ts": "2026-09-18T03:26:20.894523Z",
      "slug": "btc-updown-5m-1789701900",
      "status": "skip_too_early_to_enter",
      "seconds_left": 219.10548448562622,
      "min_entry_seconds_left": 90,
      "max_entry_seconds_left": 150
    },
    {
      "ts": "2026-09-18T03:26:23.221955Z",
      "slug": "btc-updown-5m-1789701900",
      "status": "skip_too_early_to_enter",
      "seconds_left": 216.77804946899414,
      "min_entry_seconds_left": 90,
      "max_entry_seconds_left": 150
    },
    {
      "ts": "2026-09-18T03:26:25.519726Z",
      "slug": "btc-updown-5m-1789701900",
      "status": "skip_too_early_to_enter",
      "seconds_left": 214.48028135299683,
      "min_entry_seconds_left": 90,
      "max_entry_seconds_left": 150
    },
    {
      "ts": "2026-09-18T03:26:27.866538Z",
      "slug": "btc-updown-5m-1789701900",
      "status": "skip_too_early_to_enter",
      "seconds_left": 212.13347005844116,
      "min_entry_seconds_left": 90,
      "max_entry_seconds_left": 150
    },
    {
      "ts": "2026-09-18T03:26:30.187180Z",
      "slug": "btc-updown-5m-1789701900",
      "status": "skip_too_early_to_enter",
      "seconds_left": 209.81282663345337,
      "min_entry_seconds_left": 90,
      "max_entry_seconds_left": 150
    },
    {
      "ts": "2026-09-18T03:26:32.476449Z",
      "slug": "btc-updown-5m-1789701900",
      "status": "skip_too_early_to_enter",
      "seconds_left": 207.52357387542725,
      "min_entry_seconds_left": 90,
      "max_entry_seconds_left": 150
    },
    {
      "ts": "2026-09-18T03:26:37.718014Z",
      "slug": "btc-updown-5m-1789701900",
      "status": "skip_too_early_to_enter",
      "seconds_left": 202.28199219703674,
      "min_entry_seconds_left": 90,
      "max_entry_seconds_left": 150
    },
    {
      "ts": "2026-09-18T03:26:40.053053Z",
      "slug": "btc-updown-5m-1789701900",
      "status": "skip_too_early_to_enter",
      "seconds_left": 199.94695472717285,
      "min_entry_seconds_left": 90,
      "max_entry_seconds_left": 150
    },
    {
      "ts": "2026-09-18T03:26:42.336171Z",
      "slug": "btc-updown-5m-1789701900",
      "status": "skip_too_early_to_enter",
      "seconds_left": 197.6638367176056,
      "min_entry_seconds_left": 90,
      "max_entry_seconds_left": 150
    },
    {
      "ts": "2026-09-18T03:26:44.623392Z",
      "slug": "btc-updown-5m-1789701900",
      "status": "skip_too_early_to_enter",
      "seconds_left": 195.37661242485046,
      "min_entry_seconds_left": 90,
      "max_entry_seconds_left": 150
    },
    {
      "ts": "2026-09-18T03:26:46.927140Z",
      "slug": "btc-updown-5m-1789701900",
      "status": "skip_too_early_to_enter",
      "seconds_left": 193.07286596298218,
      "min_entry_seconds_left": 90,
      "max_entry_seconds_left": 150
    },
    {
      "ts": "2026-09-18T03:26:49.209585Z",
      "slug": "btc-updown-5m-1789701900",
      "status": "skip_too_early_to_enter",
      "seconds_left": 190.7904224395752,
      "min_entry_seconds_left": 90,
      "max_entry_seconds_left": 150
    },
    {
      "ts": "2026-09-18T03:26:51.571090Z",
      "slug": "btc-updown-5m-1789701900",
      "status": "skip_too_early_to_enter",
      "seconds_left": 188.42891883850098,
      "min_entry_seconds_left": 90,
      "max_entry_seconds_left": 150
    },
    {
      "ts": "2026-09-18T03:26:53.872510Z",
      "slug": "btc-updown-5m-1789701900",
      "status": "skip_too_early_to_enter",
      "seconds_left": 186.12749767303467,
      "min_entry_seconds_left": 90,
      "max_entry_seconds_left": 150
    },
    {
      "ts": "2026-09-18T03:26:56.185929Z",
      "slug": "btc-updown-5m-1789701900",
      "status": "skip_too_early_to_enter",
      "seconds_left": 183.81407856941223,
      "min_entry_seconds_left": 90,
      "max_entry_seconds_left": 150
    },
    {
      "ts": "2026-09-18T03:26:58.571098Z",
      "slug": "btc-updown-5m-1789701900",
      "status": "skip_too_early_to_enter",
      "seconds_left": 181.42891144752502,
      "min_entry_seconds_left": 90,
      "max_entry_seconds_left": 150
    },
    {
      "ts": "2026-09-18T03:27:00.879938Z",
      "slug": "btc-updown-5m-1789701900",
      "status": "skip_too_early_to_enter",
      "seconds_left": 179.12006998062134,
      "min_entry_seconds_left": 90,
      "max_entry_seconds_left": 150
    },
    {
      "ts": "2026-09-18T03:27:03.196182Z",
      "slug": "btc-updown-5m-1789701900",
      "status": "skip_too_early_to_enter",
      "seconds_left": 176.8038260936737,
      "min_entry_seconds_left": 90,
      "max_entry_seconds_left": 150
    },
    {
      "ts": "2026-09-18T03:27:05.500270Z",
      "slug": "btc-updown-5m-1789701900",
      "status": "skip_too_early_to_enter",
      "seconds_left": 174.49973893165588,
      "min_entry_seconds_left": 90,
      "max_entry_seconds_left": 150
    },
    {
      "ts": "2026-09-18T03:27:07.807314Z",
      "slug": "btc-updown-5m-1789701900",
      "status": "skip_too_early_to_enter",
      "seconds_left": 172.19269323349,
      "min_entry_seconds_left": 90,
      "max_entry_seconds_left": 150
    },
    {
      "ts": "2026-09-18T03:27:13.066942Z",
      "slug": "btc-updown-5m-1789701900",
      "status": "skip_too_early_to_enter",
      "seconds_left": 166.9330654144287,
      "min_entry_seconds_left": 90,
      "max_entry_seconds_left": 150
    },
    {
      "ts": "2026-09-18T03:27:15.345649Z",
      "slug": "btc-updown-5m-1789701900",
      "status": "skip_too_early_to_enter",
      "seconds_left": 164.65435576438904,
      "min_entry_seconds_left": 90,
      "max_entry_seconds_left": 150
    },
    {
      "ts": "2026-09-18T03:27:17.790180Z",
      "slug": "btc-updown-5m-1789701900",
      "status": "skip_too_early_to_enter",
      "seconds_left": 162.20982789993286,
      "min_entry_seconds_left": 90,
      "max_entry_seconds_left": 150
    }
  ],
  "finished_at": "2026-09-18T03:27:19.790272Z",
  "result": "no_entry_timeout"
}
[2026-09-18T03:27:19Z] session_end rc=0 sessions=8 stake_usd=5
journal_ok trades=194 md=/home/yukeen/polymarketbot/5min-btc-polymarket/data/live_trades.md json=/home/yukeen/polymarketbot/5min-btc-polymarket/data/live_trades.json
[2026-09-18T03:28:47Z] fills=7/10 sessions=8/36
[py_clob_client_v2] request error status=400 url=https://clob.polymarket.com/auth/api-key body={"error":"Could not create api key"}

[2026-09-18T03:29:07Z] cash=425.774359
[2026-09-18T03:29:15Z] session_begin sessions=8 fills=7 stake_usd=5
{
  "started_at": "2026-09-18T03:29:15.973355Z",
  "params": {
    "profile": "conservative",
    "threshold": 0.7,
    "stake_usd": 5.0,
    "stop_loss_pct": 0.25,
    "exit_before_sec": 20,
    "min_entry_seconds_left": 90,
    "max_entry_seconds_left": 150,
    "entry_timeout_min": 20,
    "poll_sec": 2.0,
    "max_ask": 0.85,
    "expensive_ask": 0.8,
    "expensive_after_wins": 3,
    "clob_cut_bid": 0.4,
    "close_retry_max": 30,
    "close_retry_delay_sec": 2.0,
    "execute": true,
    "win_streak": 4
  },
  "attempts": [
    {
      "ts": "2026-09-18T03:29:16.279178Z",
      "slug": "btc-updown-5m-1789701900",
      "status": "skip_too_late_to_enter",
      "seconds_left": 43.72083258628845,
      "min_entry_seconds_left": 90,
      "max_entry_seconds_left": 150
    },
    {
      "ts": "2026-09-18T03:29:18.555030Z",
      "slug": "btc-updown-5m-1789701900",
      "status": "skip_too_late_to_enter",
      "seconds_left": 41.44498062133789,
      "min_entry_seconds_left": 90,
      "max_entry_seconds_left": 150
    },
    {
      "ts": "2026-09-18T03:29:20.855411Z",
      "slug": "btc-updown-5m-1789701900",
      "status": "skip_too_late_to_enter",
      "seconds_left": 39.144596576690674,
      "min_entry_seconds_left": 90,
      "max_entry_seconds_left": 150
    },
    {
      "ts": "2026-09-18T03:29:23.136584Z",
      "slug": "btc-updown-5m-1789701900",
      "status": "skip_too_late_to_enter",
      "seconds_left": 36.86342453956604,
      "min_entry_seconds_left": 90,
      "max_entry_seconds_left": 150
    },
    {
      "ts": "2026-09-18T03:29:25.421816Z",
      "slug": "btc-updown-5m-1789701900",
      "status": "skip_too_late_to_enter",
      "seconds_left": 34.57818865776062,
      "min_entry_seconds_left": 90,
      "max_entry_seconds_left": 150
    },
    {
      "ts": "2026-09-18T03:29:27.740798Z",
      "slug": "btc-updown-5m-1789701900",
      "status": "skip_too_late_to_enter",
      "seconds_left": 32.25920867919922,
      "min_entry_seconds_left": 90,
      "max_entry_seconds_left": 150
    },
    {
      "ts": "2026-09-18T03:29:30.030186Z",
      "slug": "btc-updown-5m-1789701900",
      "status": "skip_too_late_to_enter",
      "seconds_left": 29.96981930732727,
      "min_entry_seconds_left": 90,
      "max_entry_seconds_left": 150
    },
    {
      "ts": "2026-09-18T03:29:35.281420Z",
      "slug": "btc-updown-5m-1789701900",
      "status": "skip_too_late_to_enter",
      "seconds_left": 24.71858811378479,
      "min_entry_seconds_left": 90,
      "max_entry_seconds_left": 150
    },
    {
      "ts": "2026-09-18T03:29:37.551177Z",
      "slug": "btc-updown-5m-1789701900",
      "status": "skip_too_late_to_enter",
      "seconds_left": 22.44882822036743,
      "min_entry_seconds_left": 90,
      "max_entry_seconds_left": 150
    },
    {
      "ts": "2026-09-18T03:29:39.844144Z",
      "slug": "btc-updown-5m-1789701900",
      "status": "skip_too_late_to_enter",
      "seconds_left": 20.155860424041748,
      "min_entry_seconds_left": 90,
      "max_entry_seconds_left": 150
    },
    {
      "ts": "2026-09-18T03:29:42.167611Z",
      "slug": "btc-updown-5m-1789701900",
      "status": "skip_too_late_to_enter",
      "seconds_left": 17.832396507263184,
      "min_entry_seconds_left": 90,
      "max_entry_seconds_left": 150
    },
    {
      "ts": "2026-09-18T03:29:44.463467Z",
      "slug": "btc-updown-5m-1789701900",
      "status": "skip_too_late_to_enter",
      "seconds_left": 15.536539554595947,
      "min_entry_seconds_left": 90,
      "max_entry_seconds_left": 150
    },
    {
      "ts": "2026-09-18T03:29:46.776994Z",
      "slug": "btc-updown-5m-1789701900",
      "status": "skip_too_late_to_enter",
      "seconds_left": 13.223012924194336,
      "min_entry_seconds_left": 90,
      "max_entry_seconds_left": 150
    },
    {
      "ts": "2026-09-18T03:29:49.081399Z",
      "slug": "btc-updown-5m-1789701900",
      "status": "skip_too_late_to_enter",
      "seconds_left": 10.918608665466309,
      "min_entry_seconds_left": 90,
      "max_entry_seconds_left": 150
    },
    {
      "ts": "2026-09-18T03:29:51.381595Z",
      "slug": "btc-updown-5m-1789701900",
      "status": "skip_too_late_to_enter",
      "seconds_left": 8.618413925170898,
      "min_entry_seconds_left": 90,
      "max_entry_seconds_left": 150
    },
    {
      "ts": "2026-09-18T03:29:53.667154Z",
      "slug": "btc-updown-5m-1789701900",
      "status": "skip_too_late_to_enter",
      "seconds_left": 6.3328537940979,
      "min_entry_seconds_left": 90,
      "max_entry_seconds_left": 150
    },
    {
      "ts": "2026-09-18T03:29:55.955735Z",
      "status": "heartbeat_no_current_market"
    },
    {
      "ts": "2026-09-18T03:29:58.248462Z",
      "status": "heartbeat_no_current_market"
    },
    {
      "ts": "2026-09-18T03:30:00.560219Z",
      "slug": "btc-updown-5m-1789702200",
      "status": "skip_too_early_to_enter",
      "seconds_left": 299.43978905677795,
      "min_entry_seconds_left": 90,
      "max_entry_seconds_left": 150
    },
    {
      "ts": "2026-09-18T03:30:02.934984Z",
      "slug": "btc-updown-5m-1789702200",
      "status": "skip_too_early_to_enter",
      "seconds_left": 297.0650227069855,
      "min_entry_seconds_left": 90,
      "max_entry_seconds_left": 150
    },
    {
      "ts": "2026-09-18T03:30:05.257161Z",
      "slug": "btc-updown-5m-1789702200",
      "status": "skip_too_early_to_enter",
      "seconds_left": 294.74284648895264,
      "min_entry_seconds_left": 90,
      "max_entry_seconds_left": 150
    },
    {
      "ts": "2026-09-18T03:30:10.516513Z",
      "slug": "btc-updown-5m-1789702200",
      "status": "skip_too_early_to_enter",
      "seconds_left": 289.48349714279175,
      "min_entry_seconds_left": 90,
      "max_entry_seconds_left": 150
    },
    {
      "ts": "2026-09-18T03:30:12.883784Z",
      "slug": "btc-updown-5m-1789702200",
      "status": "skip_too_early_to_enter",
      "seconds_left": 287.116224527359,
      "min_entry_seconds_left": 90,
      "max_entry_seconds_left": 150
    },
    {
      "ts": "2026-09-18T03:30:15.363644Z",
      "slug": "btc-updown-5m-1789702200",
      "status": "skip_too_early_to_enter",
      "seconds_left": 284.6363642215729,
      "min_entry_seconds_left": 90,
      "max_entry_seconds_left": 150
    },
    {
      "ts": "2026-09-18T03:30:17.841682Z",
      "slug": "btc-updown-5m-1789702200",
      "status": "skip_too_early_to_enter",
      "seconds_left": 282.15832471847534,
      "min_entry_seconds_left": 90,
      "max_entry_seconds_left": 150
    },
    {
      "ts": "2026-09-18T03:30:20.132446Z",
      "slug": "btc-updown-5m-1789702200",
      "status": "skip_too_early_to_enter",
      "seconds_left": 279.8675615787506,
      "min_entry_seconds_left": 90,
      "max_entry_seconds_left": 150
    },
    {
      "ts": "2026-09-18T03:30:22.432730Z",
      "slug": "btc-updown-5m-1789702200",
      "status": "skip_too_early_to_enter",
      "seconds_left": 277.56727862358093,
      "min_entry_seconds_left": 90,
      "max_entry_seconds_left": 150
    },
    {
      "ts": "2026-09-18T03:30:24.743513Z",
      "slug": "btc-updown-5m-1789702200",
      "status": "skip_too_early_to_enter",
      "seconds_left": 275.2564959526062,
      "min_entry_seconds_left": 90,
      "max_entry_seconds_left": 150
    },
    {
      "ts": "2026-09-18T03:30:27.066288Z",
      "slug": "btc-updown-5m-1789702200",
      "status": "skip_too_early_to_enter",
      "seconds_left": 272.9337201118469,
      "min_entry_seconds_left": 90,
      "max_entry_seconds_left": 150
    },
    {
      "ts": "2026-09-18T03:30:29.445350Z",
      "slug": "btc-updown-5m-1789702200",
      "status": "skip_too_early_to_enter",
      "seconds_left": 270.55465745925903,
      "min_entry_seconds_left": 90,
      "max_entry_seconds_left": 150
    },
    {
      "ts": "2026-09-18T03:30:31.747726Z",
      "slug": "btc-updown-5m-1789702200",
      "status": "skip_too_early_to_enter",
      "seconds_left": 268.25228214263916,
      "min_entry_seconds_left": 90,
      "max_entry_seconds_left": 150
    },
    {
      "ts": "2026-09-18T03:30:34.067126Z",
      "slug": "btc-updown-5m-1789702200",
      "status": "skip_too_early_to_enter",
      "seconds_left": 265.9328804016113,
      "min_entry_seconds_left": 90,
      "max_entry_seconds_left": 150
    },
    {
      "ts": "2026-09-18T03:30:36.352938Z",
      "slug": "btc-updown-5m-1789702200",
      "status": "skip_too_early_to_enter",
      "seconds_left": 263.6470708847046,
      "min_entry_seconds_left": 90,
      "max_entry_seconds_left": 150
    },
    {
      "ts": "2026-09-18T03:30:38.829604Z",
      "slug": "btc-updown-5m-1789702200",
      "status": "skip_too_early_to_enter",
      "seconds_left": 261.1704044342041,
      "min_entry_seconds_left": 90,
      "max_entry_seconds_left": 150
    },
    {
      "ts": "2026-09-18T03:30:41.176182Z",
      "slug": "btc-updown-5m-1789702200",
      "status": "skip_too_early_to_enter",
      "seconds_left": 258.82382702827454,
      "min_entry_seconds_left": 90,
      "max_entry_seconds_left": 150
    },
    {
      "ts": "2026-09-18T03:30:46.616131Z",
      "slug": "btc-updown-5m-1789702200",
      "status": "skip_too_early_to_enter",
      "seconds_left": 253.3838770389557,
      "min_entry_seconds_left": 90,
      "max_entry_seconds_left": 150
    },
    {
      "ts": "2026-09-18T03:30:48.974126Z",
      "slug": "btc-updown-5m-1789702200",
      "status": "skip_too_early_to_enter",
      "seconds_left": 251.02588152885437,
      "min_entry_seconds_left": 90,
      "max_entry_seconds_left": 150
    },
    {
      "ts": "2026-09-18T03:30:51.280645Z",
      "slug": "btc-updown-5m-1789702200",
      "status": "skip_too_early_to_enter",
      "seconds_left": 248.71936130523682,
      "min_entry_seconds_left": 90,
      "max_entry_seconds_left": 150
    },
    {
      "ts": "2026-09-18T03:30:53.553916Z",
      "slug": "btc-updown-5m-1789702200",
      "status": "skip_too_early_to_enter",
      "seconds_left": 246.44609117507935,
      "min_entry_seconds_left": 90,
      "max_entry_seconds_left": 150
    },
    {
      "ts": "2026-09-18T03:30:55.903598Z",
      "slug": "btc-updown-5m-1789702200",
      "status": "skip_too_early_to_enter",
      "seconds_left": 244.09640955924988,
      "min_entry_seconds_left": 90,
      "max_entry_seconds_left": 150
    },
    {
      "ts": "2026-09-18T03:30:58.229339Z",
      "slug": "btc-updown-5m-1789702200",
      "status": "skip_too_early_to_enter",
      "seconds_left": 241.77066802978516,
      "min_entry_seconds_left": 90,
      "max_entry_seconds_left": 150
    },
    {
      "ts": "2026-09-18T03:31:00.546293Z",
      "slug": "btc-updown-5m-1789702200",
      "status": "skip_too_early_to_enter",
      "seconds_left": 239.45371413230896,
      "min_entry_seconds_left": 90,
      "max_entry_seconds_left": 150
    },
    {
      "ts": "2026-09-18T03:31:03.309733Z",
      "slug": "btc-updown-5m-1789702200",
      "status": "skip_too_early_to_enter",
      "seconds_left": 236.69027400016785,
      "min_entry_seconds_left": 90,
      "max_entry_seconds_left": 150
    },
    {
      "ts": "2026-09-18T03:31:23.579046Z",
      "slug": "btc-updown-5m-1789702200",
      "status": "skip_too_early_to_enter",
      "seconds_left": 216.42096328735352,
      "min_entry_seconds_left": 90,
      "max_entry_seconds_left": 150
    },
    {
      "ts": "2026-09-18T03:31:25.871506Z",
      "slug": "btc-updown-5m-1789702200",
      "status": "skip_too_early_to_enter",
      "seconds_left": 214.12850069999695,
      "min_entry_seconds_left": 90,
      "max_entry_seconds_left": 150
    },
    {
      "ts": "2026-09-18T03:31:28.163590Z",
      "slug": "btc-updown-5m-1789702200",
      "status": "skip_too_early_to_enter",
      "seconds_left": 211.8364176750183,
      "min_entry_seconds_left": 90,
      "max_entry_seconds_left": 150
    },
    {
      "ts": "2026-09-18T03:31:30.453557Z",
      "slug": "btc-updown-5m-1789702200",
      "status": "skip_too_early_to_enter",
      "seconds_left": 209.5464494228363,
      "min_entry_seconds_left": 90,
      "max_entry_seconds_left": 150
    },
    {
      "ts": "2026-09-18T03:31:32.739451Z",
      "slug": "btc-updown-5m-1789702200",
      "status": "skip_too_early_to_enter",
      "seconds_left": 207.26055669784546,
      "min_entry_seconds_left": 90,
      "max_entry_seconds_left": 150
    },
    {
      "ts": "2026-09-18T03:31:35.039472Z",
      "slug": "btc-updown-5m-1789702200",
      "status": "skip_too_early_to_enter",
      "seconds_left": 204.96053528785706,
      "min_entry_seconds_left": 90,
      "max_entry_seconds_left": 150
    },
    {
      "ts": "2026-09-18T03:31:37.363357Z",
      "slug": "btc-updown-5m-1789702200",
      "status": "skip_too_early_to_enter",
      "seconds_left": 202.63665127754211,
      "min_entry_seconds_left": 90,
      "max_entry_seconds_left": 150
    },
    {
      "ts": "2026-09-18T03:31:39.772425Z",
      "slug": "btc-updown-5m-1789702200",
      "status": "skip_too_early_to_enter",
      "seconds_left": 200.2275834083557,
      "min_entry_seconds_left": 90,
      "max_entry_seconds_left": 150
    },
    {
      "ts": "2026-09-18T03:31:42.096162Z",
      "slug": "btc-updown-5m-1789702200",
      "status": "skip_too_early_to_enter",
      "seconds_left": 197.90384554862976,
      "min_entry_seconds_left": 90,
      "max_entry_seconds_left": 150
    },
    {
      "ts": "2026-09-18T03:31:44.403871Z",
      "slug": "btc-updown-5m-1789702200",
      "status": "skip_too_early_to_enter",
      "seconds_left": 195.59613680839539,
      "min_entry_seconds_left": 90,
      "max_entry_seconds_left": 150
    },
    {
      "ts": "2026-09-18T03:31:46.699415Z",
      "slug": "btc-updown-5m-1789702200",
      "status": "skip_too_early_to_enter",
      "seconds_left": 193.30058908462524,
      "min_entry_seconds_left": 90,
      "max_entry_seconds_left": 150
    },
    {
      "ts": "2026-09-18T03:31:49.086925Z",
      "slug": "btc-updown-5m-1789702200",
      "status": "skip_too_early_to_enter",
      "seconds_left": 190.91308283805847,
      "min_entry_seconds_left": 90,
      "max_entry_seconds_left": 150
    },
    {
      "ts": "2026-09-18T03:31:51.402984Z",
      "slug": "btc-updown-5m-1789702200",
      "status": "skip_too_early_to_enter",
      "seconds_left": 188.59702348709106,
      "min_entry_seconds_left": 90,
      "max_entry_seconds_left": 150
    },
    {
      "ts": "2026-09-18T03:31:56.641183Z",
      "slug": "btc-updown-5m-1789702200",
      "status": "skip_too_early_to_enter",
      "seconds_left": 183.3588263988495,
      "min_entry_seconds_left": 90,
      "max_entry_seconds_left": 150
    },
    {
      "ts": "2026-09-18T03:31:58.979601Z",
      "slug": "btc-updown-5m-1789702200",
      "status": "skip_too_early_to_enter",
      "seconds_left": 181.02040719985962,
      "min_entry_seconds_left": 90,
      "max_entry_seconds_left": 150
    },
    {
      "ts": "2026-09-18T03:32:01.269890Z",
      "slug": "btc-updown-5m-1789702200",
      "status": "skip_too_early_to_enter",
      "seconds_left": 178.73011660575867,
      "min_entry_seconds_left": 90,
      "max_entry_seconds_left": 150
    },
    {
      "ts": "2026-09-18T03:32:03.621929Z",
      "slug": "btc-updown-5m-1789702200",
      "status": "skip_too_early_to_enter",
      "seconds_left": 176.37808084487915,
      "min_entry_seconds_left": 90,
      "max_entry_seconds_left": 150
    },
    {
      "ts": "2026-09-18T03:32:05.912482Z",
      "slug": "btc-updown-5m-1789702200",
      "status": "skip_too_early_to_enter",
      "seconds_left": 174.08752250671387,
      "min_entry_seconds_left": 90,
      "max_entry_seconds_left": 150
    },
    {
      "ts": "2026-09-18T03:32:08.221535Z",
      "slug": "btc-updown-5m-1789702200",
      "status": "skip_too_early_to_enter",
      "seconds_left": 171.7784698009491,
      "min_entry_seconds_left": 90,
      "max_entry_seconds_left": 150
    },
    {
      "ts": "2026-09-18T03:32:10.526403Z",
      "slug": "btc-updown-5m-1789702200",
      "status": "skip_too_early_to_enter",
      "seconds_left": 169.47360181808472,
      "min_entry_seconds_left": 90,
      "max_entry_seconds_left": 150
    },
    {
      "ts": "2026-09-18T03:32:12.830426Z",
      "slug": "btc-updown-5m-1789702200",
      "status": "skip_too_early_to_enter",
      "seconds_left": 167.16957831382751,
      "min_entry_seconds_left": 90,
      "max_entry_seconds_left": 150
    },
    {
      "ts": "2026-09-18T03:32:15.111969Z",
      "slug": "btc-updown-5m-1789702200",
      "status": "skip_too_early_to_enter",
      "seconds_left": 164.88803601264954,
      "min_entry_seconds_left": 90,
      "max_entry_seconds_left": 150
    },
    {
      "ts": "2026-09-18T03:32:17.415914Z",
      "slug": "btc-updown-5m-1789702200",
      "status": "skip_too_early_to_enter",
      "seconds_left": 162.58409595489502,
      "min_entry_seconds_left": 90,
      "max_entry_seconds_left": 150
    },
    {
      "ts": "2026-09-18T03:32:19.701451Z",
      "slug": "btc-updown-5m-1789702200",
      "status": "skip_too_early_to_enter",
      "seconds_left": 160.2985541820526,
      "min_entry_seconds_left": 90,
      "max_entry_seconds_left": 150
    },
    {
      "ts": "2026-09-18T03:32:21.998744Z",
      "slug": "btc-updown-5m-1789702200",
      "status": "skip_too_early_to_enter",
      "seconds_left": 158.00126338005066,
      "min_entry_seconds_left": 90,
      "max_entry_seconds_left": 150
    },
    {
      "ts": "2026-09-18T03:32:24.300581Z",
      "slug": "btc-updown-5m-1789702200",
      "status": "skip_too_early_to_enter",
      "seconds_left": 155.69942784309387,
      "min_entry_seconds_left": 90,
      "max_entry_seconds_left": 150
    },
    {
      "ts": "2026-09-18T03:32:26.591384Z",
      "slug": "btc-updown-5m-1789702200",
      "status": "skip_too_early_to_enter",
      "seconds_left": 153.40862202644348,
      "min_entry_seconds_left": 90,
      "max_entry_seconds_left": 150
    },
    {
      "ts": "2026-09-18T03:32:32.636607Z",
      "slug": "btc-updown-5m-1789702200",
      "status": "heartbeat",
      "gamma_up": 0.485,
      "gamma_down": 0.515,
      "clob_up_ask": 0.12,
      "clob_down_ask": 0.87,
      "seconds_left": 148.15319728851318,
      "min_spread": 0.009999999999999995
    },
    {
      "ts": "2026-09-18T03:32:32.636672Z",
      "slug": "btc-updown-5m-1789702200",
      "status": "skip_ask_too_expensive",
      "threshold": 0.7,
      "max_ask": 0.85,
      "win_streak": 4,
      "clob_up_ask": 0.12,
      "clob_down_ask": 0.87,
      "seconds_left": 148.15319728851318,
      "trigger_price": 0.87
    },
    {
      "ts": "2026-09-18T03:32:35.551002Z",
      "slug": "btc-updown-5m-1789702200",
      "status": "heartbeat",
      "gamma_up": 0.485,
      "gamma_down": 0.515,
      "clob_up_ask": 0.17,
      "clob_down_ask": 0.84,
      "seconds_left": 145.0639431476593,
      "min_spread": 0.010000000000000009
    },
    {
      "ts": "2026-09-18T03:32:35.551039Z",
      "slug": "btc-updown-5m-1789702200",
      "status": "skip_expensive_after_wins",
      "threshold": 0.7,
      "max_ask": 0.85,
      "win_streak": 4,
      "clob_up_ask": 0.17,
      "clob_down_ask": 0.84,
      "seconds_left": 145.0639431476593,
      "trigger_price": 0.84
    },
    {
      "ts": "2026-09-18T03:32:38.629187Z",
      "slug": "btc-updown-5m-1789702200",
      "status": "heartbeat",
      "gamma_up": 0.115,
      "gamma_down": 0.885,
      "clob_up_ask": 0.12,
      "clob_down_ask": 0.89,
      "seconds_left": 142.04675102233887,
      "min_spread": 0.009999999999999995
    },
    {
      "ts": "2026-09-18T03:32:38.629212Z",
      "slug": "btc-updown-5m-1789702200",
      "status": "skip_ask_too_expensive",
      "threshold": 0.7,
      "max_ask": 0.85,
      "win_streak": 4,
      "clob_up_ask": 0.12,
      "clob_down_ask": 0.89,
      "seconds_left": 142.04675102233887,
      "trigger_price": 0.89
    },
    {
      "ts": "2026-09-18T03:32:41.823483Z",
      "slug": "btc-updown-5m-1789702200",
      "status": "heartbeat",
      "gamma_up": 0.115,
      "gamma_down": 0.885,
      "clob_up_ask": 0.12,
      "clob_down_ask": 0.89,
      "seconds_left": 138.7930052280426,
      "min_spread": 0.009999999999999995
    },
    {
      "ts": "2026-09-18T03:32:41.823502Z",
      "slug": "btc-updown-5m-1789702200",
      "status": "skip_ask_too_expensive",
      "threshold": 0.7,
      "max_ask": 0.85,
      "win_streak": 4,
      "clob_up_ask": 0.12,
      "clob_down_ask": 0.89,
      "seconds_left": 138.7930052280426,
      "trigger_price": 0.89
    },
    {
      "ts": "2026-09-18T03:32:45.049271Z",
      "slug": "btc-updown-5m-1789702200",
      "status": "heartbeat",
      "gamma_up": 0.115,
      "gamma_down": 0.885,
      "clob_up_ask": 0.19,
      "clob_down_ask": 0.82,
      "seconds_left": 135.84166407585144,
      "min_spread": 0.009999999999999898
    },
    {
      "ts": "2026-09-18T03:32:45.049302Z",
      "slug": "btc-updown-5m-1789702200",
      "status": "skip_expensive_after_wins",
      "threshold": 0.7,
      "max_ask": 0.85,
      "win_streak": 4,
      "clob_up_ask": 0.19,
      "clob_down_ask": 0.82,
      "seconds_left": 135.84166407585144,
      "trigger_price": 0.82
    },
    {
      "ts": "2026-09-18T03:32:48.303923Z",
      "slug": "btc-updown-5m-1789702200",
      "status": "heartbeat",
      "gamma_up": 0.115,
      "gamma_down": 0.885,
      "clob_up_ask": 0.17,
      "clob_down_ask": 0.84,
      "seconds_left": 132.50173616409302,
      "min_spread": 0.010000000000000009
    },
    {
      "ts": "2026-09-18T03:32:48.303956Z",
      "slug": "btc-updown-5m-1789702200",
      "status": "skip_expensive_after_wins",
      "threshold": 0.7,
      "max_ask": 0.85,
      "win_streak": 4,
      "clob_up_ask": 0.17,
      "clob_down_ask": 0.84,
      "seconds_left": 132.50173616409302,
      "trigger_price": 0.84
    },
    {
      "ts": "2026-09-18T03:32:51.232405Z",
      "slug": "btc-updown-5m-1789702200",
      "status": "heartbeat",
      "gamma_up": 0.115,
      "gamma_down": 0.885,
      "clob_up_ask": 0.21,
      "clob_down_ask": 0.8,
      "seconds_left": 129.40372514724731,
      "min_spread": 0.009999999999999981
    },
    {
      "ts": "2026-09-18T03:32:51.232447Z",
      "slug": "btc-updown-5m-1789702200",
      "status": "skip_expensive_after_wins",
      "threshold": 0.7,
      "max_ask": 0.85,
      "win_streak": 4,
      "clob_up_ask": 0.21,
      "clob_down_ask": 0.8,
      "seconds_left": 129.40372514724731,
      "trigger_price": 0.8
    },
    {
      "ts": "2026-09-18T03:32:54.219695Z",
      "slug": "btc-updown-5m-1789702200",
      "status": "heartbeat",
      "gamma_up": 0.115,
      "gamma_down": 0.885,
      "clob_up_ask": 0.25,
      "clob_down_ask": 0.76,
      "seconds_left": 126.44322848320007,
      "min_spread": 0.010000000000000009
    }
  ],
  "open_raw": "{\"mode\": \"open\", \"execute\": true, \"market_slug\": \"btc-updown-5m-1789702200\", \"force_side\": \"DOWN\", \"token_id\": \"16136850918454145030830173449375789046494372069551101563922623940709441625617\", \"entry_price\": 0.81, \"notional_usd\": 5.0, \"top_ask_notional_usd\": 849.1635, \"collateral_pusd\": 425.774359, \"order_post_result\": {\"errorMsg\": \"\", \"orderID\": \"0x411248833260d6d1b92e567c46737f60adf188956864bc07f00085ee41a1f369\", \"takingAmount\": \"7.692308\", \"makingAmount\": \"5\", \"status\": \"matched\", \"transactionsHashes\": [\"0x2e13767a28944c5a5f801e63e4032039f82261922ac41f82b09d4adf35acf62a\"], \"success\": true}}\n\n[py_clob_client_v2] request error status=400 url=https://clob.polymarket.com/auth/api-key body={\"error\":\"Could not create api key\"}\n\n",
  "opened": {
    "opened_at": "2026-09-18T03:32:59.242008Z",
    "market_slug": "btc-updown-5m-1789702200",
    "market_end_iso": "2026-09-18T03:35:00Z",
    "side": "DOWN",
    "token_id": "16136850918454145030830173449375789046494372069551101563922623940709441625617",
    "entry_price": 0.81,
    "shares": 7.692308,
    "cost_usdc": 5.0,
    "open_order_id": "0x411248833260d6d1b92e567c46737f60adf188956864bc07f00085ee41a1f369",
    "open_tx": "0x2e13767a28944c5a5f801e63e4032039f82261922ac41f82b09d4adf35acf62a"
  },
  "stop_loss_price": 0.6075,
  "last_side_price": 0.885,
  "last_clob_bid": 0.99,
  "last_check_at": "2026-09-18T03:34:38.833064Z",
  "closed": {
    "close_reason": "hold_to_settlement_winning_book",
    "closed_at": "2026-09-18T03:34:41.144160Z",
    "close_success": false,
    "close_status": "held",
    "close_order_id": null,
    "close_tx": null,
    "close_shares": 0.0,
    "close_usdc": 0.0,
    "close_skipped": "hold_to_settlement"
  },
  "realized_cashflow_pnl_usdc": null,
  "finished_at": "2026-09-18T03:34:41.144190Z",
  "result": "done"
}
[2026-09-18T03:34:41Z] session_end rc=0 sessions=9 stake_usd=5
journal_ok trades=195 md=/home/yukeen/polymarketbot/5min-btc-polymarket/data/live_trades.md json=/home/yukeen/polymarketbot/5min-btc-polymarket/data/live_trades.json
[2026-09-18T03:36:22Z] fills=8/10 sessions=9/36
[py_clob_client_v2] request error status=400 url=https://clob.polymarket.com/auth/api-key body={"error":"Could not create api key"}

[2026-09-18T03:36:42Z] cash=428.344167
[2026-09-18T03:36:50Z] session_begin sessions=9 fills=8 stake_usd=5
[py_clob_client_v2] request error status=400 url=https://clob.polymarket.com/auth/api-key body={"error":"Could not create api key"}

{
  "started_at": "2026-09-18T03:36:50.764549Z",
  "params": {
    "profile": "conservative",
    "threshold": 0.7,
    "stake_usd": 5.0,
    "stop_loss_pct": 0.25,
    "exit_before_sec": 20,
    "min_entry_seconds_left": 90,
    "max_entry_seconds_left": 150,
    "entry_timeout_min": 20,
    "poll_sec": 2.0,
    "max_ask": 0.85,
    "expensive_ask": 0.8,
    "expensive_after_wins": 3,
    "clob_cut_bid": 0.4,
    "close_retry_max": 30,
    "close_retry_delay_sec": 2.0,
    "execute": true,
    "win_streak": 5
  },
  "attempts": [
    {
      "ts": "2026-09-18T03:37:06.105342Z",
      "slug": "btc-updown-5m-1789702500",
      "status": "skip_too_early_to_enter",
      "seconds_left": 173.89467024803162,
      "min_entry_seconds_left": 90,
      "max_entry_seconds_left": 150
    },
    {
      "ts": "2026-09-18T03:37:08.543793Z",
      "slug": "btc-updown-5m-1789702500",
      "status": "skip_too_early_to_enter",
      "seconds_left": 171.4562177658081,
      "min_entry_seconds_left": 90,
      "max_entry_seconds_left": 150
    },
    {
      "ts": "2026-09-18T03:37:10.835502Z",
      "slug": "btc-updown-5m-1789702500",
      "status": "skip_too_early_to_enter",
      "seconds_left": 169.1645016670227,
      "min_entry_seconds_left": 90,
      "max_entry_seconds_left": 150
    },
    {
      "ts": "2026-09-18T03:37:16.070653Z",
      "slug": "btc-updown-5m-1789702500",
      "status": "skip_too_early_to_enter",
      "seconds_left": 163.92935228347778,
      "min_entry_seconds_left": 90,
      "max_entry_seconds_left": 150
    },
    {
      "ts": "2026-09-18T03:37:18.396065Z",
      "slug": "btc-updown-5m-1789702500",
      "status": "skip_too_early_to_enter",
      "seconds_left": 161.60394263267517,
      "min_entry_seconds_left": 90,
      "max_entry_seconds_left": 150
    },
    {
      "ts": "2026-09-18T03:37:20.696232Z",
      "slug": "btc-updown-5m-1789702500",
      "status": "skip_too_early_to_enter",
      "seconds_left": 159.30377221107483,
      "min_entry_seconds_left": 90,
      "max_entry_seconds_left": 150
    },
    {
      "ts": "2026-09-18T03:37:23.107854Z",
      "slug": "btc-updown-5m-1789702500",
      "status": "skip_too_early_to_enter",
      "seconds_left": 156.89215064048767,
      "min_entry_seconds_left": 90,
      "max_entry_seconds_left": 150
    },
    {
      "ts": "2026-09-18T03:37:25.407517Z",
      "slug": "btc-updown-5m-1789702500",
      "status": "skip_too_early_to_enter",
      "seconds_left": 154.59248995780945,
      "min_entry_seconds_left": 90,
      "max_entry_seconds_left": 150
    },
    {
      "ts": "2026-09-18T03:37:27.712715Z",
      "slug": "btc-updown-5m-1789702500",
      "status": "skip_too_early_to_enter",
      "seconds_left": 152.28728938102722,
      "min_entry_seconds_left": 90,
      "max_entry_seconds_left": 150
    },
    {
      "ts": "2026-09-18T03:37:31.010051Z",
      "slug": "btc-updown-5m-1789702500",
      "status": "heartbeat",
      "gamma_up": 0.495,
      "gamma_down": 0.505,
      "clob_up_ask": 0.26,
      "clob_down_ask": 0.75,
      "seconds_left": 149.96283793449402,
      "min_spread": 0.010000000000000009
    }
  ],
  "open_raw": "{\"mode\": \"open\", \"execute\": true, \"market_slug\": \"btc-updown-5m-1789702500\", \"force_side\": \"DOWN\", \"token_id\": \"110748411920986294198130108506251986434708525149639568018207138836684516851804\", \"entry_price\": 0.75, \"notional_usd\": 5.0, \"top_ask_notional_usd\": 196.4325, \"collateral_pusd\": 428.344167, \"order_post_result\": {\"errorMsg\": \"\", \"orderID\": \"0x1dcbc0befb1ea1d5517e05cfd8e092540e4736cab61fee74c202a5443d9e090a\", \"takingAmount\": \"6.578945\", \"makingAmount\": \"4.999998\", \"status\": \"matched\", \"transactionsHashes\": [\"0xddb7f71929bb8491976300f86140c3660b29a4f15049456177ec3f60ccd67781\"], \"success\": true}}\n\n[py_clob_client_v2] request error status=400 url=https://clob.polymarket.com/auth/api-key body={\"error\":\"Could not create api key\"}\n\n",
  "opened": {
    "opened_at": "2026-09-18T03:37:35.988691Z",
    "market_slug": "btc-updown-5m-1789702500",
    "market_end_iso": "2026-09-18T03:40:00Z",
    "side": "DOWN",
    "token_id": "110748411920986294198130108506251986434708525149639568018207138836684516851804",
    "entry_price": 0.75,
    "shares": 6.578945,
    "cost_usdc": 4.999998,
    "open_order_id": "0x1dcbc0befb1ea1d5517e05cfd8e092540e4736cab61fee74c202a5443d9e090a",
    "open_tx": "0xddb7f71929bb8491976300f86140c3660b29a4f15049456177ec3f60ccd67781"
  },
  "stop_loss_price": 0.5625,
  "last_side_price": 0.505,
  "last_clob_bid": 0.72,
  "last_check_at": "2026-09-18T03:37:36.729441Z",
  "close_debug": [
    {
      "ts": "2026-09-18T03:37:41.219624Z",
      "attempt": 1,
      "order_type": "FAK",
      "status": "matched",
      "close_skipped": ""
    }
  ],
  "close_raw": "{\"mode\": \"close\", \"execute\": true, \"market_slug\": \"btc-updown-5m-1789702500\", \"token_id\": \"110748411920986294198130108506251986434708525149639568018207138836684516851804\", \"requested_shares\": 6.578945, \"close_order_type\": \"FAK\", \"close_limit_price\": null, \"available_shares\": 6.578945, \"sell_shares\": 6.5789, \"order_post_result\": {\"errorMsg\": \"\", \"orderID\": \"0x99e4f9bf16e49fd9a1a7c37134978aa91566825dc36f7100c4057729f115e429\", \"takingAmount\": \"4.9275\", \"makingAmount\": \"6.57\", \"status\": \"matched\", \"transactionsHashes\": [\"0xccf71d01553b097302cfca637ed82cc7717343188a2fa0a4975af144436eff97\"], \"success\": true}, \"close_skipped\": \"\"}\n\n[py_clob_client_v2] request error status=400 url=https://clob.polymarket.com/auth/api-key body={\"error\":\"Could not create api key\"}\n\n",
  "closed": {
    "close_reason": "stop_loss_25pct",
    "closed_at": "2026-09-18T03:37:41.219653Z",
    "close_success": true,
    "close_status": "matched",
    "close_order_id": "0x99e4f9bf16e49fd9a1a7c37134978aa91566825dc36f7100c4057729f115e429",
    "close_tx": "0xccf71d01553b097302cfca637ed82cc7717343188a2fa0a4975af144436eff97",
    "close_shares": 6.57,
    "close_usdc": 4.9275,
    "close_skipped": ""
  },
  "realized_cashflow_pnl_usdc": -0.072498,
  "finished_at": "2026-09-18T03:37:41.219675Z",
  "result": "done"
}
[2026-09-18T03:37:41Z] session_end rc=0 sessions=10 stake_usd=5
journal_ok trades=196 md=/home/yukeen/polymarketbot/5min-btc-polymarket/data/live_trades.md json=/home/yukeen/polymarketbot/5min-btc-polymarket/data/live_trades.json
[2026-09-18T03:39:11Z] fills=9/10 sessions=10/36
[py_clob_client_v2] request error status=400 url=https://clob.polymarket.com/auth/api-key body={"error":"Could not create api key"}

[2026-09-18T03:39:28Z] cash=428.101449
[2026-09-18T03:39:39Z] session_begin sessions=10 fills=9 stake_usd=5
[py_clob_client_v2] request error status=400 url=https://clob.polymarket.com/auth/api-key body={"error":"Could not create api key"}

{
  "started_at": "2026-09-18T03:39:40.098858Z",
  "params": {
    "profile": "conservative",
    "threshold": 0.7,
    "stake_usd": 5.0,
    "stop_loss_pct": 0.25,
    "exit_before_sec": 20,
    "min_entry_seconds_left": 90,
    "max_entry_seconds_left": 150,
    "entry_timeout_min": 20,
    "poll_sec": 2.0,
    "max_ask": 0.85,
    "expensive_ask": 0.8,
    "expensive_after_wins": 3,
    "clob_cut_bid": 0.4,
    "close_retry_max": 30,
    "close_retry_delay_sec": 2.0,
    "execute": true,
    "win_streak": 5
  },
  "attempts": [
    {
      "ts": "2026-09-18T03:39:40.383591Z",
      "slug": "btc-updown-5m-1789702500",
      "status": "skip_too_late_to_enter",
      "seconds_left": 19.616421461105347,
      "min_entry_seconds_left": 90,
      "max_entry_seconds_left": 150
    },
    {
      "ts": "2026-09-18T03:39:42.683198Z",
      "slug": "btc-updown-5m-1789702500",
      "status": "skip_too_late_to_enter",
      "seconds_left": 17.316814422607422,
      "min_entry_seconds_left": 90,
      "max_entry_seconds_left": 150
    },
    {
      "ts": "2026-09-18T03:39:44.984988Z",
      "slug": "btc-updown-5m-1789702500",
      "status": "skip_too_late_to_enter",
      "seconds_left": 15.015017986297607,
      "min_entry_seconds_left": 90,
      "max_entry_seconds_left": 150
    },
    {
      "ts": "2026-09-18T03:39:47.276499Z",
      "slug": "btc-updown-5m-1789702500",
      "status": "skip_too_late_to_enter",
      "seconds_left": 12.72350811958313,
      "min_entry_seconds_left": 90,
      "max_entry_seconds_left": 150
    },
    {
      "ts": "2026-09-18T03:39:49.585337Z",
      "slug": "btc-updown-5m-1789702500",
      "status": "skip_too_late_to_enter",
      "seconds_left": 10.414673328399658,
      "min_entry_seconds_left": 90,
      "max_entry_seconds_left": 150
    },
    {
      "ts": "2026-09-18T03:39:51.893650Z",
      "slug": "btc-updown-5m-1789702500",
      "status": "skip_too_late_to_enter",
      "seconds_left": 8.10635757446289,
      "min_entry_seconds_left": 90,
      "max_entry_seconds_left": 150
    },
    {
      "ts": "2026-09-18T03:39:54.190479Z",
      "slug": "btc-updown-5m-1789702500",
      "status": "skip_too_late_to_enter",
      "seconds_left": 5.809528350830078,
      "min_entry_seconds_left": 90,
      "max_entry_seconds_left": 150
    },
    {
      "ts": "2026-09-18T03:39:56.483230Z",
      "status": "heartbeat_no_current_market"
    },
    {
      "ts": "2026-09-18T03:39:58.782348Z",
      "status": "heartbeat_no_current_market"
    },
    {
      "ts": "2026-09-18T03:40:01.083233Z",
      "slug": "btc-updown-5m-1789702800",
      "status": "skip_too_early_to_enter",
      "seconds_left": 298.91677379608154,
      "min_entry_seconds_left": 90,
      "max_entry_seconds_left": 150
    },
    {
      "ts": "2026-09-18T03:40:03.371592Z",
      "slug": "btc-updown-5m-1789702800",
      "status": "skip_too_early_to_enter",
      "seconds_left": 296.62841415405273,
      "min_entry_seconds_left": 90,
      "max_entry_seconds_left": 150
    },
    {
      "ts": "2026-09-18T03:40:05.662561Z",
      "slug": "btc-updown-5m-1789702800",
      "status": "skip_too_early_to_enter",
      "seconds_left": 294.33744597435,
      "min_entry_seconds_left": 90,
      "max_entry_seconds_left": 150
    },
    {
      "ts": "2026-09-18T03:40:08.026188Z",
      "slug": "btc-updown-5m-1789702800",
      "status": "skip_too_early_to_enter",
      "seconds_left": 291.9738190174103,
      "min_entry_seconds_left": 90,
      "max_entry_seconds_left": 150
    },
    {
      "ts": "2026-09-18T03:40:13.321630Z",
      "slug": "btc-updown-5m-1789702800",
      "status": "skip_too_early_to_enter",
      "seconds_left": 286.67837619781494,
      "min_entry_seconds_left": 90,
      "max_entry_seconds_left": 150
    },
    {
      "ts": "2026-09-18T03:40:15.649754Z",
      "slug": "btc-updown-5m-1789702800",
      "status": "skip_too_early_to_enter",
      "seconds_left": 284.35024976730347,
      "min_entry_seconds_left": 90,
      "max_entry_seconds_left": 150
    },
    {
      "ts": "2026-09-18T03:40:17.943537Z",
      "slug": "btc-updown-5m-1789702800",
      "status": "skip_too_early_to_enter",
      "seconds_left": 282.05647015571594,
      "min_entry_seconds_left": 90,
      "max_entry_seconds_left": 150
    },
    {
      "ts": "2026-09-18T03:40:20.243465Z",
      "slug": "btc-updown-5m-1789702800",
      "status": "skip_too_early_to_enter",
      "seconds_left": 279.75654220581055,
      "min_entry_seconds_left": 90,
      "max_entry_seconds_left": 150
    },
    {
      "ts": "2026-09-18T03:40:22.561203Z",
      "slug": "btc-updown-5m-1789702800",
      "status": "skip_too_early_to_enter",
      "seconds_left": 277.4388036727905,
      "min_entry_seconds_left": 90,
      "max_entry_seconds_left": 150
    },
    {
      "ts": "2026-09-18T03:40:24.881339Z",
      "slug": "btc-updown-5m-1789702800",
      "status": "skip_too_early_to_enter",
      "seconds_left": 275.1186680793762,
      "min_entry_seconds_left": 90,
      "max_entry_seconds_left": 150
    },
    {
      "ts": "2026-09-18T03:40:27.182797Z",
      "slug": "btc-updown-5m-1789702800",
      "status": "skip_too_early_to_enter",
      "seconds_left": 272.817209482193,
      "min_entry_seconds_left": 90,
      "max_entry_seconds_left": 150
    },
    {
      "ts": "2026-09-18T03:40:29.476332Z",
      "slug": "btc-updown-5m-1789702800",
      "status": "skip_too_early_to_enter",
      "seconds_left": 270.52367424964905,
      "min_entry_seconds_left": 90,
      "max_entry_seconds_left": 150
    },
    {
      "ts": "2026-09-18T03:40:31.763942Z",
      "slug": "btc-updown-5m-1789702800",
      "status": "skip_too_early_to_enter",
      "seconds_left": 268.23606419563293,
      "min_entry_seconds_left": 90,
      "max_entry_seconds_left": 150
    },
    {
      "ts": "2026-09-18T03:40:34.066382Z",
      "slug": "btc-updown-5m-1789702800",
      "status": "skip_too_early_to_enter",
      "seconds_left": 265.9336221218109,
      "min_entry_seconds_left": 90,
      "max_entry_seconds_left": 150
    },
    {
      "ts": "2026-09-18T03:40:36.370821Z",
      "slug": "btc-updown-5m-1789702800",
      "status": "skip_too_early_to_enter",
      "seconds_left": 263.6291856765747,
      "min_entry_seconds_left": 90,
      "max_entry_seconds_left": 150
    },
    {
      "ts": "2026-09-18T03:40:38.835899Z",
      "slug": "btc-updown-5m-1789702800",
      "status": "skip_too_early_to_enter",
      "seconds_left": 261.16410875320435,
      "min_entry_seconds_left": 90,
      "max_entry_seconds_left": 150
    },
    {
      "ts": "2026-09-18T03:40:41.125920Z",
      "slug": "btc-updown-5m-1789702800",
      "status": "skip_too_early_to_enter",
      "seconds_left": 258.8740870952606,
      "min_entry_seconds_left": 90,
      "max_entry_seconds_left": 150
    },
    {
      "ts": "2026-09-18T03:40:43.429185Z",
      "slug": "btc-updown-5m-1789702800",
      "status": "skip_too_early_to_enter",
      "seconds_left": 256.5708224773407,
      "min_entry_seconds_left": 90,
      "max_entry_seconds_left": 150
    },
    {
      "ts": "2026-09-18T03:40:48.694210Z",
      "slug": "btc-updown-5m-1789702800",
      "status": "skip_too_early_to_enter",
      "seconds_left": 251.3057942390442,
      "min_entry_seconds_left": 90,
      "max_entry_seconds_left": 150
    },
    {
      "ts": "2026-09-18T03:40:51.040711Z",
      "slug": "btc-updown-5m-1789702800",
      "status": "skip_too_early_to_enter",
      "seconds_left": 248.95929622650146,
      "min_entry_seconds_left": 90,
      "max_entry_seconds_left": 150
    },
    {
      "ts": "2026-09-18T03:40:53.387992Z",
      "slug": "btc-updown-5m-1789702800",
      "status": "skip_too_early_to_enter",
      "seconds_left": 246.6120147705078,
      "min_entry_seconds_left": 90,
      "max_entry_seconds_left": 150
    },
    {
      "ts": "2026-09-18T03:40:55.863356Z",
      "slug": "btc-updown-5m-1789702800",
      "status": "skip_too_early_to_enter",
      "seconds_left": 244.13665103912354,
      "min_entry_seconds_left": 90,
      "max_entry_seconds_left": 150
    },
    {
      "ts": "2026-09-18T03:40:58.142935Z",
      "slug": "btc-updown-5m-1789702800",
      "status": "skip_too_early_to_enter",
      "seconds_left": 241.8570716381073,
      "min_entry_seconds_left": 90,
      "max_entry_seconds_left": 150
    },
    {
      "ts": "2026-09-18T03:41:00.435835Z",
      "slug": "btc-updown-5m-1789702800",
      "status": "skip_too_early_to_enter",
      "seconds_left": 239.5641713142395,
      "min_entry_seconds_left": 90,
      "max_entry_seconds_left": 150
    },
    {
      "ts": "2026-09-18T03:41:02.716772Z",
      "slug": "btc-updown-5m-1789702800",
      "status": "skip_too_early_to_enter",
      "seconds_left": 237.28323483467102,
      "min_entry_seconds_left": 90,
      "max_entry_seconds_left": 150
    },
    {
      "ts": "2026-09-18T03:41:05.195378Z",
      "slug": "btc-updown-5m-1789702800",
      "status": "skip_too_early_to_enter",
      "seconds_left": 234.8046293258667,
      "min_entry_seconds_left": 90,
      "max_entry_seconds_left": 150
    },
    {
      "ts": "2026-09-18T03:41:07.487638Z",
      "slug": "btc-updown-5m-1789702800",
      "status": "skip_too_early_to_enter",
      "seconds_left": 232.5123689174652,
      "min_entry_seconds_left": 90,
      "max_entry_seconds_left": 150
    },
    {
      "ts": "2026-09-18T03:41:09.785417Z",
      "slug": "btc-updown-5m-1789702800",
      "status": "skip_too_early_to_enter",
      "seconds_left": 230.21459102630615,
      "min_entry_seconds_left": 90,
      "max_entry_seconds_left": 150
    },
    {
      "ts": "2026-09-18T03:41:12.079020Z",
      "slug": "btc-updown-5m-1789702800",
      "status": "skip_too_early_to_enter",
      "seconds_left": 227.92098426818848,
      "min_entry_seconds_left": 90,
      "max_entry_seconds_left": 150
    },
    {
      "ts": "2026-09-18T03:41:14.376645Z",
      "slug": "btc-updown-5m-1789702800",
      "status": "skip_too_early_to_enter",
      "seconds_left": 225.623361825943,
      "min_entry_seconds_left": 90,
      "max_entry_seconds_left": 150
    },
    {
      "ts": "2026-09-18T03:41:16.695594Z",
      "slug": "btc-updown-5m-1789702800",
      "status": "skip_too_early_to_enter",
      "seconds_left": 223.30441308021545,
      "min_entry_seconds_left": 90,
      "max_entry_seconds_left": 150
    },
    {
      "ts": "2026-09-18T03:41:18.988717Z",
      "slug": "btc-updown-5m-1789702800",
      "status": "skip_too_early_to_enter",
      "seconds_left": 221.0112864971161,
      "min_entry_seconds_left": 90,
      "max_entry_seconds_left": 150
    },
    {
      "ts": "2026-09-18T03:41:24.235251Z",
      "slug": "btc-updown-5m-1789702800",
      "status": "skip_too_early_to_enter",
      "seconds_left": 215.76475644111633,
      "min_entry_seconds_left": 90,
      "max_entry_seconds_left": 150
    },
    {
      "ts": "2026-09-18T03:41:26.554391Z",
      "slug": "btc-updown-5m-1789702800",
      "status": "skip_too_early_to_enter",
      "seconds_left": 213.4456124305725,
      "min_entry_seconds_left": 90,
      "max_entry_seconds_left": 150
    },
    {
      "ts": "2026-09-18T03:41:28.856578Z",
      "slug": "btc-updown-5m-1789702800",
      "status": "skip_too_early_to_enter",
      "seconds_left": 211.1434290409088,
      "min_entry_seconds_left": 90,
      "max_entry_seconds_left": 150
    },
    {
      "ts": "2026-09-18T03:41:31.157703Z",
      "slug": "btc-updown-5m-1789702800",
      "status": "skip_too_early_to_enter",
      "seconds_left": 208.842303276062,
      "min_entry_seconds_left": 90,
      "max_entry_seconds_left": 150
    },
    {
      "ts": "2026-09-18T03:41:33.456064Z",
      "slug": "btc-updown-5m-1789702800",
      "status": "skip_too_early_to_enter",
      "seconds_left": 206.54394245147705,
      "min_entry_seconds_left": 90,
      "max_entry_seconds_left": 150
    },
    {
      "ts": "2026-09-18T03:41:35.841512Z",
      "slug": "btc-updown-5m-1789702800",
      "status": "skip_too_early_to_enter",
      "seconds_left": 204.15849423408508,
      "min_entry_seconds_left": 90,
      "max_entry_seconds_left": 150
    },
    {
      "ts": "2026-09-18T03:41:38.141544Z",
      "slug": "btc-updown-5m-1789702800",
      "status": "skip_too_early_to_enter",
      "seconds_left": 201.85846066474915,
      "min_entry_seconds_left": 90,
      "max_entry_seconds_left": 150
    },
    {
      "ts": "2026-09-18T03:41:40.493038Z",
      "slug": "btc-updown-5m-1789702800",
      "status": "skip_too_early_to_enter",
      "seconds_left": 199.50696635246277,
      "min_entry_seconds_left": 90,
      "max_entry_seconds_left": 150
    },
    {
      "ts": "2026-09-18T03:41:42.808875Z",
      "slug": "btc-updown-5m-1789702800",
      "status": "skip_too_early_to_enter",
      "seconds_left": 197.19113087654114,
      "min_entry_seconds_left": 90,
      "max_entry_seconds_left": 150
    },
    {
      "ts": "2026-09-18T03:41:45.132090Z",
      "slug": "btc-updown-5m-1789702800",
      "status": "skip_too_early_to_enter",
      "seconds_left": 194.86791944503784,
      "min_entry_seconds_left": 90,
      "max_entry_seconds_left": 150
    },
    {
      "ts": "2026-09-18T03:41:47.426837Z",
      "slug": "btc-updown-5m-1789702800",
      "status": "skip_too_early_to_enter",
      "seconds_left": 192.57317066192627,
      "min_entry_seconds_left": 90,
      "max_entry_seconds_left": 150
    },
    {
      "ts": "2026-09-18T03:41:49.734423Z",
      "slug": "btc-updown-5m-1789702800",
      "status": "skip_too_early_to_enter",
      "seconds_left": 190.26558709144592,
      "min_entry_seconds_left": 90,
      "max_entry_seconds_left": 150
    },
    {
      "ts": "2026-09-18T03:41:52.062226Z",
      "slug": "btc-updown-5m-1789702800",
      "status": "skip_too_early_to_enter",
      "seconds_left": 187.93778133392334,
      "min_entry_seconds_left": 90,
      "max_entry_seconds_left": 150
    },
    {
      "ts": "2026-09-18T03:41:54.500026Z",
      "slug": "btc-updown-5m-1789702800",
      "status": "skip_too_early_to_enter",
      "seconds_left": 185.49997997283936,
      "min_entry_seconds_left": 90,
      "max_entry_seconds_left": 150
    },
    {
      "ts": "2026-09-18T03:41:56.795436Z",
      "slug": "btc-updown-5m-1789702800",
      "status": "skip_too_early_to_enter",
      "seconds_left": 183.20457077026367,
      "min_entry_seconds_left": 90,
      "max_entry_seconds_left": 150
    },
    {
      "ts": "2026-09-18T03:41:59.118799Z",
      "slug": "btc-updown-5m-1789702800",
      "status": "skip_too_early_to_enter",
      "seconds_left": 180.88120865821838,
      "min_entry_seconds_left": 90,
      "max_entry_seconds_left": 150
    },
    {
      "ts": "2026-09-18T03:42:01.460671Z",
      "slug": "btc-updown-5m-1789702800",
      "status": "skip_too_early_to_enter",
      "seconds_left": 178.53933358192444,
      "min_entry_seconds_left": 90,
      "max_entry_seconds_left": 150
    },
    {
      "ts": "2026-09-18T03:42:03.762493Z",
      "slug": "btc-updown-5m-1789702800",
      "status": "skip_too_early_to_enter",
      "seconds_left": 176.23751401901245,
      "min_entry_seconds_left": 90,
      "max_entry_seconds_left": 150
    },
    {
      "ts": "2026-09-18T03:42:06.052508Z",
      "slug": "btc-updown-5m-1789702800",
      "status": "skip_too_early_to_enter",
      "seconds_left": 173.94749784469604,
      "min_entry_seconds_left": 90,
      "max_entry_seconds_left": 150
    },
    {
      "ts": "2026-09-18T03:42:08.355262Z",
      "slug": "btc-updown-5m-1789702800",
      "status": "skip_too_early_to_enter",
      "seconds_left": 171.6447470188141,
      "min_entry_seconds_left": 90,
      "max_entry_seconds_left": 150
    },
    {
      "ts": "2026-09-18T03:42:14.970642Z",
      "slug": "btc-updown-5m-1789702800",
      "status": "skip_too_early_to_enter",
      "seconds_left": 165.0293641090393,
      "min_entry_seconds_left": 90,
      "max_entry_seconds_left": 150
    },
    {
      "ts": "2026-09-18T03:42:17.284908Z",
      "slug": "btc-updown-5m-1789702800",
      "status": "skip_too_early_to_enter",
      "seconds_left": 162.7150959968567,
      "min_entry_seconds_left": 90,
      "max_entry_seconds_left": 150
    },
    {
      "ts": "2026-09-18T03:42:19.723654Z",
      "slug": "btc-updown-5m-1789702800",
      "status": "skip_too_early_to_enter",
      "seconds_left": 160.27635312080383,
      "min_entry_seconds_left": 90,
      "max_entry_seconds_left": 150
    },
    {
      "ts": "2026-09-18T03:42:22.066057Z",
      "slug": "btc-updown-5m-1789702800",
      "status": "skip_too_early_to_enter",
      "seconds_left": 157.93394827842712,
      "min_entry_seconds_left": 90,
      "max_entry_seconds_left": 150
    },
    {
      "ts": "2026-09-18T03:42:24.349663Z",
      "slug": "btc-updown-5m-1789702800",
      "status": "skip_too_early_to_enter",
      "seconds_left": 155.65034341812134,
      "min_entry_seconds_left": 90,
      "max_entry_seconds_left": 150
    },
    {
      "ts": "2026-09-18T03:42:26.690563Z",
      "slug": "btc-updown-5m-1789702800",
      "status": "skip_too_early_to_enter",
      "seconds_left": 153.30944275856018,
      "min_entry_seconds_left": 90,
      "max_entry_seconds_left": 150
    },
    {
      "ts": "2026-09-18T03:42:29.050696Z",
      "slug": "btc-updown-5m-1789702800",
      "status": "skip_too_early_to_enter",
      "seconds_left": 150.94931364059448,
      "min_entry_seconds_left": 90,
      "max_entry_seconds_left": 150
    },
    {
      "ts": "2026-09-18T03:42:32.209092Z",
      "slug": "btc-updown-5m-1789702800",
      "status": "heartbeat",
      "gamma_up": 0.495,
      "gamma_down": 0.505,
      "clob_up_ask": 0.59,
      "clob_down_ask": 0.42,
      "seconds_left": 148.6782932281494,
      "min_spread": 0.010000000000000009
    },
    {
      "ts": "2026-09-18T03:42:32.209127Z",
      "slug": "btc-updown-5m-1789702800",
      "status": "skip_price_below_threshold",
      "threshold": 0.7,
      "max_ask": 0.85,
      "win_streak": 5,
      "clob_up_ask": 0.59,
      "clob_down_ask": 0.42,
      "seconds_left": 148.6782932281494,
      "trigger_price": null
    },
    {
      "ts": "2026-09-18T03:42:35.148832Z",
      "slug": "btc-updown-5m-1789702800",
      "status": "heartbeat",
      "gamma_up": 0.495,
      "gamma_down": 0.505,
      "clob_up_ask": 0.56,
      "clob_down_ask": 0.45,
      "seconds_left": 145.49009919166565,
      "min_spread": 0.010000000000000009
    },
    {
      "ts": "2026-09-18T03:42:35.148858Z",
      "slug": "btc-updown-5m-1789702800",
      "status": "skip_price_below_threshold",
      "threshold": 0.7,
      "max_ask": 0.85,
      "win_streak": 5,
      "clob_up_ask": 0.56,
      "clob_down_ask": 0.45,
      "seconds_left": 145.49009919166565,
      "trigger_price": null
    },
    {
      "ts": "2026-09-18T03:42:38.033380Z",
      "slug": "btc-updown-5m-1789702800",
      "status": "heartbeat",
      "gamma_up": 0.495,
      "gamma_down": 0.505,
      "clob_up_ask": 0.56,
      "clob_down_ask": 0.45,
      "seconds_left": 142.57459712028503,
      "min_spread": 0.010000000000000009
    },
    {
      "ts": "2026-09-18T03:42:38.033402Z",
      "slug": "btc-updown-5m-1789702800",
      "status": "skip_price_below_threshold",
      "threshold": 0.7,
      "max_ask": 0.85,
      "win_streak": 5,
      "clob_up_ask": 0.56,
      "clob_down_ask": 0.45,
      "seconds_left": 142.57459712028503,
      "trigger_price": null
    },
    {
      "ts": "2026-09-18T03:42:40.936277Z",
      "slug": "btc-updown-5m-1789702800",
      "status": "heartbeat",
      "gamma_up": 0.495,
      "gamma_down": 0.505,
      "clob_up_ask": 0.58,
      "clob_down_ask": 0.43,
      "seconds_left": 139.67983055114746,
      "min_spread": 0.010000000000000009
    },
    {
      "ts": "2026-09-18T03:42:40.936300Z",
      "slug": "btc-updown-5m-1789702800",
      "status": "skip_price_below_threshold",
      "threshold": 0.7,
      "max_ask": 0.85,
      "win_streak": 5,
      "clob_up_ask": 0.58,
      "clob_down_ask": 0.43,
      "seconds_left": 139.67983055114746,
      "trigger_price": null
    },
    {
      "ts": "2026-09-18T03:42:43.934984Z",
      "slug": "btc-updown-5m-1789702800",
      "status": "heartbeat",
      "gamma_up": 0.495,
      "gamma_down": 0.505,
      "clob_up_ask": 0.49,
      "clob_down_ask": 0.52,
      "seconds_left": 136.73499035835266,
      "min_spread": 0.010000000000000009
    },
    {
      "ts": "2026-09-18T03:42:43.935009Z",
      "slug": "btc-updown-5m-1789702800",
      "status": "skip_price_below_threshold",
      "threshold": 0.7,
      "max_ask": 0.85,
      "win_streak": 5,
      "clob_up_ask": 0.49,
      "clob_down_ask": 0.52,
      "seconds_left": 136.73499035835266,
      "trigger_price": null
    },
    {
      "ts": "2026-09-18T03:42:46.885900Z",
      "slug": "btc-updown-5m-1789702800",
      "status": "heartbeat",
      "gamma_up": 0.495,
      "gamma_down": 0.505,
      "clob_up_ask": 0.5,
      "clob_down_ask": 0.59,
      "seconds_left": 133.73418426513672,
      "min_spread": 0.010000000000000009
    },
    {
      "ts": "2026-09-18T03:42:46.885926Z",
      "slug": "btc-updown-5m-1789702800",
      "status": "skip_price_below_threshold",
      "threshold": 0.7,
      "max_ask": 0.85,
      "win_streak": 5,
      "clob_up_ask": 0.5,
      "clob_down_ask": 0.59,
      "seconds_left": 133.73418426513672,
      "trigger_price": null
    },
    {
      "ts": "2026-09-18T03:42:52.844778Z",
      "slug": "btc-updown-5m-1789702800",
      "status": "heartbeat",
      "gamma_up": 0.495,
      "gamma_down": 0.505,
      "clob_up_ask": 0.4,
      "clob_down_ask": 0.61,
      "seconds_left": 127.81200861930847,
      "min_spread": 0.010000000000000009
    },
    {
      "ts": "2026-09-18T03:42:52.844805Z",
      "slug": "btc-updown-5m-1789702800",
      "status": "skip_price_below_threshold",
      "threshold": 0.7,
      "max_ask": 0.85,
      "win_streak": 5,
      "clob_up_ask": 0.4,
      "clob_down_ask": 0.61,
      "seconds_left": 127.81200861930847,
      "trigger_price": null
    },
    {
      "ts": "2026-09-18T03:42:55.784129Z",
      "slug": "btc-updown-5m-1789702800",
      "status": "heartbeat",
      "gamma_up": 0.495,
      "gamma_down": 0.505,
      "clob_up_ask": 0.39,
      "clob_down_ask": 0.62,
      "seconds_left": 124.84486603736877,
      "min_spread": 0.010000000000000009
    },
    {
      "ts": "2026-09-18T03:42:55.784155Z",
      "slug": "btc-updown-5m-1789702800",
      "status": "skip_price_below_threshold",
      "threshold": 0.7,
      "max_ask": 0.85,
      "win_streak": 5,
      "clob_up_ask": 0.39,
      "clob_down_ask": 0.62,
      "seconds_left": 124.84486603736877,
      "trigger_price": null
    },
    {
      "ts": "2026-09-18T03:42:58.784374Z",
      "slug": "btc-updown-5m-1789702800",
      "status": "heartbeat",
      "gamma_up": 0.495,
      "gamma_down": 0.505,
      "clob_up_ask": 0.34,
      "clob_down_ask": 0.67,
      "seconds_left": 121.88325548171997,
      "min_spread": 0.010000000000000009
    },
    {
      "ts": "2026-09-18T03:42:58.784395Z",
      "slug": "btc-updown-5m-1789702800",
      "status": "skip_price_below_threshold",
      "threshold": 0.7,
      "max_ask": 0.85,
      "win_streak": 5,
      "clob_up_ask": 0.34,
      "clob_down_ask": 0.67,
      "seconds_left": 121.88325548171997,
      "trigger_price": null
    },
    {
      "ts": "2026-09-18T03:43:01.696018Z",
      "slug": "btc-updown-5m-1789702800",
      "status": "heartbeat",
      "gamma_up": 0.495,
      "gamma_down": 0.505,
      "clob_up_ask": 0.27,
      "clob_down_ask": 0.74,
      "seconds_left": 118.91384291648865,
      "min_spread": 0.010000000000000009
    }
  ],
  "open_raw": "{\"mode\": \"open\", \"execute\": true, \"market_slug\": \"btc-updown-5m-1789702800\", \"force_side\": \"DOWN\", \"token_id\": \"87719248038193401899313555791685833838127757439264771826590864779525539056209\", \"entry_price\": 0.72, \"notional_usd\": 5.0, \"top_ask_notional_usd\": 288.2088, \"collateral_pusd\": 428.101449, \"order_post_result\": {\"errorMsg\": \"\", \"orderID\": \"0xf0b3cd3e12b6a2016bf9b971f926fbd8c57e8df9b7a5b975ac49d6ba3cc0475f\", \"takingAmount\": \"7.35294\", \"makingAmount\": \"4.999999\", \"status\": \"matched\", \"transactionsHashes\": [\"0x327764a3d616223477937ddb5a45934266b72df799c46593e8e379d48b78fe13\"], \"success\": true}}\n\n[py_clob_client_v2] request error status=400 url=https://clob.polymarket.com/auth/api-key body={\"error\":\"Could not create api key\"}\n\n",
  "opened": {
    "opened_at": "2026-09-18T03:43:06.621309Z",
    "market_slug": "btc-updown-5m-1789702800",
    "market_end_iso": "2026-09-18T03:45:00Z",
    "side": "DOWN",
    "token_id": "87719248038193401899313555791685833838127757439264771826590864779525539056209",
    "entry_price": 0.72,
    "shares": 7.35294,
    "cost_usdc": 4.999999,
    "open_order_id": "0xf0b3cd3e12b6a2016bf9b971f926fbd8c57e8df9b7a5b975ac49d6ba3cc0475f",
    "open_tx": "0x327764a3d616223477937ddb5a45934266b72df799c46593e8e379d48b78fe13"
  },
  "stop_loss_price": 0.54,
  "last_side_price": 0.505,
  "last_clob_bid": 0.67,
  "last_check_at": "2026-09-18T03:43:07.376633Z",
  "close_debug": [
    {
      "ts": "2026-09-18T03:43:11.763778Z",
      "attempt": 1,
      "order_type": "FAK",
      "status": "error",
      "close_skipped": ""
    },
    {
      "ts": "2026-09-18T03:43:15.291069Z",
      "attempt": 1,
      "order_type": "GTC",
      "status": "",
      "close_skipped": "",
      "limit_price": 0.66
    },
    {
      "ts": "2026-09-18T03:43:18.958628Z",
      "attempt": 2,
      "order_type": "FAK",
      "status": "skipped",
      "close_skipped": "zero_effective_shares"
    },
    {
      "ts": "2026-09-18T03:43:22.613133Z",
      "attempt": 3,
      "order_type": "FAK",
      "status": "skipped",
      "close_skipped": "zero_effective_shares"
    },
    {
      "ts": "2026-09-18T03:43:29.293710Z",
      "attempt": 4,
      "order_type": "FAK",
      "status": "skipped",
      "close_skipped": "zero_effective_shares"
    },
    {
      "ts": "2026-09-18T03:43:33.027780Z",
      "attempt": 5,
      "order_type": "FAK",
      "status": "skipped",
      "close_skipped": "zero_effective_shares"
    },
    {
      "ts": "2026-09-18T03:43:36.858972Z",
      "attempt": 6,
      "order_type": "FAK",
      "status": "skipped",
      "close_skipped": "zero_effective_shares"
    },
    {
      "ts": "2026-09-18T03:43:40.587797Z",
      "attempt": 7,
      "order_type": "FAK",
      "status": "skipped",
      "close_skipped": "zero_effective_shares"
    },
    {
      "ts": "2026-09-18T03:43:44.267911Z",
      "attempt": 8,
      "order_type": "FAK",
      "status": "skipped",
      "close_skipped": "zero_effective_shares"
    },
    {
      "ts": "2026-09-18T03:43:48.094166Z",
      "attempt": 9,
      "order_type": "FAK",
      "status": "skipped",
      "close_skipped": "zero_effective_shares"
    },
    {
      "ts": "2026-09-18T03:43:51.728858Z",
      "attempt": 10,
      "order_type": "FAK",
      "status": "skipped",
      "close_skipped": "zero_effective_shares"
    },
    {
      "ts": "2026-09-18T03:43:55.360778Z",
      "attempt": 11,
      "order_type": "FAK",
      "status": "skipped",
      "close_skipped": "zero_effective_shares"
    },
    {
      "ts": "2026-09-18T03:44:01.948393Z",
      "attempt": 12,
      "order_type": "FAK",
      "status": "skipped",
      "close_skipped": "zero_effective_shares"
    },
    {
      "ts": "2026-09-18T03:44:05.663591Z",
      "attempt": 13,
      "order_type": "FAK",
      "status": "skipped",
      "close_skipped": "zero_effective_shares"
    },
    {
      "ts": "2026-09-18T03:44:09.284583Z",
      "attempt": 14,
      "order_type": "FAK",
      "status": "skipped",
      "close_skipped": "zero_effective_shares"
    },
    {
      "ts": "2026-09-18T03:44:12.944825Z",
      "attempt": 15,
      "order_type": "FAK",
      "status": "skipped",
      "close_skipped": "zero_effective_shares"
    },
    {
      "ts": "2026-09-18T03:44:16.569054Z",
      "attempt": 16,
      "order_type": "FAK",
      "status": "skipped",
      "close_skipped": "zero_effective_shares"
    },
    {
      "ts": "2026-09-18T03:44:20.149084Z",
      "attempt": 17,
      "order_type": "FAK",
      "status": "skipped",
      "close_skipped": "zero_effective_shares"
    },
    {
      "ts": "2026-09-18T03:44:23.930224Z",
      "attempt": 18,
      "order_type": "FAK",
      "status": "skipped",
      "close_skipped": "zero_effective_shares"
    },
    {
      "ts": "2026-09-18T03:44:27.652130Z",
      "attempt": 19,
      "order_type": "FAK",
      "status": "skipped",
      "close_skipped": "zero_effective_shares"
    },
    {
      "ts": "2026-09-18T03:44:31.438732Z",
      "attempt": 20,
      "order_type": "FAK",
      "status": "skipped",
      "close_skipped": "zero_effective_shares"
    },
    {
      "ts": "2026-09-18T03:44:38.206018Z",
      "attempt": 21,
      "order_type": "FAK",
      "status": "skipped",
      "close_skipped": "zero_effective_shares"
    },
    {
      "ts": "2026-09-18T03:44:41.916272Z",
      "attempt": 22,
      "order_type": "FAK",
      "status": "skipped",
      "close_skipped": "zero_effective_shares"
    },
    {
      "ts": "2026-09-18T03:44:45.564799Z",
      "attempt": 23,
      "order_type": "FAK",
      "status": "skipped",
      "close_skipped": "zero_effective_shares"
    },
    {
      "ts": "2026-09-18T03:44:49.397002Z",
      "attempt": 24,
      "order_type": "FAK",
      "status": "skipped",
      "close_skipped": "zero_effective_shares"
    },
    {
      "ts": "2026-09-18T03:44:53.150027Z",
      "attempt": 25,
      "order_type": "FAK",
      "status": "skipped",
      "close_skipped": "zero_effective_shares"
    },
    {
      "ts": "2026-09-18T03:44:56.912016Z",
      "attempt": 26,
      "order_type": "FAK",
      "status": "skipped",
      "close_skipped": "zero_effective_shares"
    },
    {
      "ts": "2026-09-18T03:45:00.686266Z",
      "attempt": 27,
      "order_type": "FAK",
      "status": "skipped",
      "close_skipped": "zero_effective_shares"
    },
    {
      "ts": "2026-09-18T03:45:04.325755Z",
      "attempt": 28,
      "order_type": "FAK",
      "status": "skipped",
      "close_skipped": "zero_effective_shares"
    },
    {
      "ts": "2026-09-18T03:45:08.014000Z",
      "attempt": 29,
      "order_type": "FAK",
      "status": "skipped",
      "close_skipped": "zero_effective_shares"
    },
    {
      "ts": "2026-09-18T03:45:14.620208Z",
      "attempt": 30,
      "order_type": "FAK",
      "status": "skipped",
      "close_skipped": "zero_effective_shares"
    }
  ],
  "close_fallback": {
    "type": "GTC_LIMIT",
    "price": 0.66
  },
  "close_raw": "{\"mode\": \"close\", \"execute\": true, \"market_slug\": \"btc-updown-5m-1789702800\", \"token_id\": \"87719248038193401899313555791685833838127757439264771826590864779525539056209\", \"requested_shares\": 7.35294, \"close_order_type\": \"FAK\", \"close_limit_price\": null, \"available_shares\": 0.00294, \"sell_shares\": 0.0029, \"close_skipped\": \"zero_effective_shares\", \"order_post_result\": {\"success\": false, \"status\": \"skipped\"}}\n\n[py_clob_client_v2] request error status=400 url=https://clob.polymarket.com/auth/api-key body={\"error\":\"Could not create api key\"}\n\n",
  "closed": {
    "close_reason": "stop_loss_25pct",
    "closed_at": "2026-09-18T03:45:16.620356Z",
    "close_success": false,
    "close_status": "skipped",
    "close_order_id": null,
    "close_tx": null,
    "close_shares": 0.0,
    "close_usdc": 0.0,
    "close_skipped": "zero_effective_shares"
  },
  "realized_cashflow_pnl_usdc": null,
  "finished_at": "2026-09-18T03:45:16.620402Z",
  "result": "done"
}
[2026-09-18T03:45:16Z] session_end rc=0 sessions=11 stake_usd=5
journal_ok trades=197 md=/home/yukeen/polymarketbot/5min-btc-polymarket/data/live_trades.md json=/home/yukeen/polymarketbot/5min-btc-polymarket/data/live_trades.json
[2026-09-18T03:46:25Z] fills=10/10 sessions=11/36
[2026-09-18T03:46:25Z] stop_max_fills=10
[2026-09-18T03:46:25Z] loop_exit
