[py_clob_client_v2] request error status=400 url=https://clob.polymarket.com/auth/api-key body={"error":"Could not create api key"}

[py_clob_client_v2] request error status=400 url=https://clob.polymarket.com/auth/api-key body={"error":"Could not create api key"}

026-09-18T04:47:17.252153Z",
  "params": {
    "profile": "conservative",
    "threshold": 0.7,
    "stake_usd": 5.0,
    "stop_loss_pct": 0.25,
    "exit_before_sec": 20,
    "min_entry_seconds_left": 90,
    "max_entry_seconds_left": 150,
    "entry_timeout_min": 20,
    "poll_sec": 2.0,
    "max_ask": 0.85,
    "expensive_ask": 0.8,
    "expensive_after_wins": 3,
    "clob_cut_bid": 0.4,
    "close_retry_max": 30,
    "close_retry_delay_sec": 2.0,
    "no_gamma_sl": false,
    "execute": true,
    "win_streak": 2
  },
  "attempts": [
    {
      "ts": "2026-09-18T04:47:17.607499Z",
      "slug": "btc-updown-5m-1789706700",
      "status": "skip_too_early_to_enter",
      "seconds_left": 162.3925075531006,
      "min_entry_seconds_left": 90,
      "max_entry_seconds_left": 150
    },
    {
      "ts": "2026-09-18T04:47:19.913790Z",
      "slug": "btc-updown-5m-1789706700",
      "status": "skip_too_early_to_enter",
      "seconds_left": 160.08621740341187,
      "min_entry_seconds_left": 90,
      "max_entry_seconds_left": 150
    },
    {
      "ts": "2026-09-18T04:47:22.232082Z",
      "slug": "btc-updown-5m-1789706700",
      "status": "skip_too_early_to_enter",
      "seconds_left": 157.76792573928833,
      "min_entry_seconds_left": 90,
      "max_entry_seconds_left": 150
    },
    {
      "ts": "2026-09-18T04:47:24.625512Z",
      "slug": "btc-updown-5m-1789706700",
      "status": "skip_too_early_to_enter",
      "seconds_left": 155.37449145317078,
      "min_entry_seconds_left": 90,
      "max_entry_seconds_left": 150
    },
    {
      "ts": "2026-09-18T04:47:27.047019Z",
      "slug": "btc-updown-5m-1789706700",
      "status": "skip_too_early_to_enter",
      "seconds_left": 152.9529905319214,
      "min_entry_seconds_left": 90,
      "max_entry_seconds_left": 150
    },
    {
      "ts": "2026-09-18T04:47:29.409466Z",
      "slug": "btc-updown-5m-1789706700",
      "status": "skip_too_early_to_enter",
      "seconds_left": 150.5905418395996,
      "min_entry_seconds_left": 90,
      "max_entry_seconds_left": 150
    },
    {
      "ts": "2026-09-18T04:47:32.476389Z",
      "slug": "btc-updown-5m-1789706700",
      "status": "heartbeat",
      "gamma_up": 0.495,
      "gamma_down": 0.505,
      "clob_up_ask": 0.6,
      "clob_down_ask": 0.44,
      "seconds_left": 148.2682888507843,
      "min_spread": 0.010000000000000009
    },
    {
      "ts": "2026-09-18T04:47:32.476418Z",
      "slug": "btc-updown-5m-1789706700",
      "status": "skip_price_below_threshold",
      "threshold": 0.7,
      "max_ask": 0.85,
      "win_streak": 2,
      "clob_up_ask": 0.6,
      "clob_down_ask": 0.44,
      "seconds_left": 148.2682888507843,
      "trigger_price": null
    },
    {
      "ts": "2026-09-18T04:47:35.388105Z",
      "slug": "btc-updown-5m-1789706700",
      "status": "heartbeat",
      "gamma_up": 0.495,
      "gamma_down": 0.505,
      "clob_up_ask": 0.65,
      "clob_down_ask": 0.33,
      "seconds_left": 145.24389958381653,
      "min_spread": 0.010000000000000009
    },
    {
      "ts": "2026-09-18T04:47:35.388134Z",
      "slug": "btc-updown-5m-1789706700",
      "status": "skip_price_below_threshold",
      "threshold": 0.7,
      "max_ask": 0.85,
      "win_streak": 2,
      "clob_up_ask": 0.65,
      "clob_down_ask": 0.33,
      "seconds_left": 145.24389958381653,
      "trigger_price": null
    },
    {
      "ts": "2026-09-18T04:47:41.998911Z",
      "slug": "btc-updown-5m-1789706700",
      "status": "heartbeat",
      "gamma_up": 0.495,
      "gamma_down": 0.505,
      "clob_up_ask": 0.65,
      "clob_down_ask": 0.37,
      "seconds_left": 138.58368229866028,
      "min_spread": 0.010000000000000009
    },
    {
      "ts": "2026-09-18T04:47:41.998926Z",
      "slug": "btc-updown-5m-1789706700",
      "status": "skip_price_below_threshold",
      "threshold": 0.7,
      "max_ask": 0.85,
      "win_streak": 2,
      "clob_up_ask": 0.65,
      "clob_down_ask": 0.37,
      "seconds_left": 138.58368229866028,
      "trigger_price": null
    },
    {
      "ts": "2026-09-18T04:47:44.882996Z",
      "slug": "btc-updown-5m-1789706700",
      "status": "heartbeat",
      "gamma_up": 0.495,
      "gamma_down": 0.505,
      "clob_up_ask": 0.62,
      "clob_down_ask": 0.38,
      "seconds_left": 135.71259117126465,
      "min_spread": 0.010000000000000009
    },
    {
      "ts": "2026-09-18T04:47:44.883011Z",
      "slug": "btc-updown-5m-1789706700",
      "status": "skip_price_below_threshold",
      "threshold": 0.7,
      "max_ask": 0.85,
      "win_streak": 2,
      "clob_up_ask": 0.62,
      "clob_down_ask": 0.38,
      "seconds_left": 135.71259117126465,
      "trigger_price": null
    },
    {
      "ts": "2026-09-18T04:47:47.944541Z",
      "slug": "btc-updown-5m-1789706700",
      "status": "heartbeat",
      "gamma_up": 0.495,
      "gamma_down": 0.505,
      "clob_up_ask": 0.57,
      "clob_down_ask": 0.44,
      "seconds_left": 132.695307970047,
      "min_spread": 0.009999999999999898
    },
    {
      "ts": "2026-09-18T04:47:47.944562Z",
      "slug": "btc-updown-5m-1789706700",
      "status": "skip_price_below_threshold",
      "threshold": 0.7,
      "max_ask": 0.85,
      "win_streak": 2,
      "clob_up_ask": 0.57,
      "clob_down_ask": 0.44,
      "seconds_left": 132.695307970047,
      "trigger_price": null
    },
    {
      "ts": "2026-09-18T04:47:50.874291Z",
      "slug": "btc-updown-5m-1789706700",
      "status": "heartbeat",
      "gamma_up": 0.495,
      "gamma_down": 0.505,
      "clob_up_ask": 0.69,
      "clob_down_ask": 0.32,
      "seconds_left": 129.76135301589966,
      "min_spread": 0.010000000000000009
    },
    {
      "ts": "2026-09-18T04:47:50.874318Z",
      "slug": "btc-updown-5m-1789706700",
      "status": "skip_price_below_threshold",
      "threshold": 0.7,
      "max_ask": 0.85,
      "win_streak": 2,
      "clob_up_ask": 0.69,
      "clob_down_ask": 0.32,
      "seconds_left": 129.76135301589966,
      "trigger_price": null
    },
    {
      "ts": "2026-09-18T04:47:53.745511Z",
      "slug": "btc-updown-5m-1789706700",
      "status": "heartbeat",
      "gamma_up": 0.495,
      "gamma_down": 0.505,
      "clob_up_ask": 0.46,
      "clob_down_ask": 0.55,
      "seconds_left": 126.83333444595337,
      "min_spread": 0.010000000000000009
    },
    {
      "ts": "2026-09-18T04:47:53.745534Z",
      "slug": "btc-updown-5m-1789706700",
      "status": "skip_price_below_threshold",
      "threshold": 0.7,
      "max_ask": 0.85,
      "win_streak": 2,
      "clob_up_ask": 0.46,
      "clob_down_ask": 0.55,
      "seconds_left": 126.83333444595337,
      "trigger_price": null
    },
    {
      "ts": "2026-09-18T04:47:56.624772Z",
      "slug": "btc-updown-5m-1789706700",
      "status": "heartbeat",
      "gamma_up": 0.495,
      "gamma_down": 0.505,
      "clob_up_ask": 0.48,
      "clob_down_ask": 0.53,
      "seconds_left": 123.9616847038269,
      "min_spread": 0.010000000000000009
    },
    {
      "ts": "2026-09-18T04:47:56.624840Z",
      "slug": "btc-updown-5m-1789706700",
      "status": "skip_price_below_threshold",
      "threshold": 0.7,
      "max_ask": 0.85,
      "win_streak": 2,
      "clob_up_ask": 0.48,
      "clob_down_ask": 0.53,
      "seconds_left": 123.9616847038269,
      "trigger_price": null
    },
    {
      "ts": "2026-09-18T04:47:59.531600Z",
      "slug": "btc-updown-5m-1789706700",
      "status": "heartbeat",
      "gamma_up": 0.495,
      "gamma_down": 0.505,
      "clob_up_ask": 0.47,
      "clob_down_ask": 0.55,
      "seconds_left": 121.08154845237732,
      "min_spread": 0.009999999999999953
    },
    {
      "ts": "2026-09-18T04:47:59.531624Z",
      "slug": "btc-updown-5m-1789706700",
      "status": "skip_price_below_threshold",
      "threshold": 0.7,
      "max_ask": 0.85,
      "win_streak": 2,
      "clob_up_ask": 0.47,
      "clob_down_ask": 0.55,
      "seconds_left": 121.08154845237732,
      "trigger_price": null
    },
    {
      "ts": "2026-09-18T04:48:02.429823Z",
      "slug": "btc-updown-5m-1789706700",
      "status": "heartbeat",
      "gamma_up": 0.495,
      "gamma_down": 0.505,
      "clob_up_ask": 0.34,
      "clob_down_ask": 0.69,
      "seconds_left": 118.17282938957214,
      "min_spread": 0.009999999999999898
    },
    {
      "ts": "2026-09-18T04:48:02.429849Z",
      "slug": "btc-updown-5m-1789706700",
      "status": "skip_price_below_threshold",
      "threshold": 0.7,
      "max_ask": 0.85,
      "win_streak": 2,
      "clob_up_ask": 0.34,
      "clob_down_ask": 0.69,
      "seconds_left": 118.17282938957214,
      "trigger_price": null
    },
    {
      "ts": "2026-09-18T04:48:05.352891Z",
      "slug": "btc-updown-5m-1789706700",
      "status": "heartbeat",
      "gamma_up": 0.495,
      "gamma_down": 0.505,
      "clob_up_ask": 0.37,
      "clob_down_ask": 0.65,
      "seconds_left": 115.28499436378479,
      "min_spread": 0.010000000000000009
    },
    {
      "ts": "2026-09-18T04:48:05.352915Z",
      "slug": "btc-updown-5m-1789706700",
      "status": "skip_price_below_threshold",
      "threshold": 0.7,
      "max_ask": 0.85,
      "win_streak": 2,
      "clob_up_ask": 0.37,
      "clob_down_ask": 0.65,
      "seconds_left": 115.28499436378479,
      "trigger_price": null
    },
    {
      "ts": "2026-09-18T04:48:08.449299Z",
      "slug": "btc-updown-5m-1789706700",
      "status": "heartbeat",
      "gamma_up": 0.495,
      "gamma_down": 0.505,
      "clob_up_ask": 0.34,
      "clob_down_ask": 0.65,
      "seconds_left": 112.3252272605896,
      "min_spread": 0.010000000000000009
    },
    {
      "ts": "2026-09-18T04:48:08.449325Z",
      "slug": "btc-updown-5m-1789706700",
      "status": "skip_price_below_threshold",
      "threshold": 0.7,
      "max_ask": 0.85,
      "win_streak": 2,
      "clob_up_ask": 0.34,
      "clob_down_ask": 0.65,
      "seconds_left": 112.3252272605896,
      "trigger_price": null
    },
    {
      "ts": "2026-09-18T04:48:11.349779Z",
      "slug": "btc-updown-5m-1789706700",
      "status": "heartbeat",
      "gamma_up": 0.495,
      "gamma_down": 0.505,
      "clob_up_ask": 0.36,
      "clob_down_ask": 0.65,
      "seconds_left": 109.24319171905518,
      "min_spread": 0.010000000000000009
    },
    {
      "ts": "2026-09-18T04:48:11.349805Z",
      "slug": "btc-updown-5m-1789706700",
      "status": "skip_price_below_threshold",
      "threshold": 0.7,
      "max_ask": 0.85,
      "win_streak": 2,
      "clob_up_ask": 0.36,
      "clob_down_ask": 0.65,
      "seconds_left": 109.24319171905518,
      "trigger_price": null
    },
    {
      "ts": "2026-09-18T04:48:17.845605Z",
      "slug": "btc-updown-5m-1789706700",
      "status": "heartbeat",
      "gamma_up": 0.495,
      "gamma_down": 0.505,
      "clob_up_ask": 0.23,
      "clob_down_ask": 0.81,
      "seconds_left": 106.33814096450806,
      "min_spread": 0.010000000000000009
    },
    {
      "ts": "2026-09-18T04:48:26.135728Z",
      "slug": "btc-updown-5m-1789706700",
      "status": "heartbeat",
      "gamma_up": 0.495,
      "gamma_down": 0.505,
      "clob_up_ask": 0.16,
      "clob_down_ask": 0.86,
      "seconds_left": 94.69007849693298,
      "min_spread": 0.010000000000000009
    },
    {
      "ts": "2026-09-18T04:48:26.135754Z",
      "slug": "btc-updown-5m-1789706700",
      "status": "skip_ask_too_expensive",
      "threshold": 0.7,
      "max_ask": 0.85,
      "win_streak": 2,
      "clob_up_ask": 0.16,
      "clob_down_ask": 0.86,
      "seconds_left": 94.69007849693298,
      "trigger_price": 0.86
    },
    {
      "ts": "2026-09-18T04:48:29.035824Z",
      "slug": "btc-updown-5m-1789706700",
      "status": "heartbeat",
      "gamma_up": 0.495,
      "gamma_down": 0.505,
      "clob_up_ask": 0.13,
      "clob_down_ask": 0.88,
      "seconds_left": 91.58747291564941,
      "min_spread": 0.010000000000000009
    },
    {
      "ts": "2026-09-18T04:48:29.035849Z",
      "slug": "btc-updown-5m-1789706700",
      "status": "skip_ask_too_expensive",
      "threshold": 0.7,
      "max_ask": 0.85,
      "win_streak": 2,
      "clob_up_ask": 0.13,
      "clob_down_ask": 0.88,
      "seconds_left": 91.58747291564941,
      "trigger_price": 0.88
    },
    {
      "ts": "2026-09-18T04:48:31.483926Z",
      "slug": "btc-updown-5m-1789706700",
      "status": "skip_too_late_to_enter",
      "seconds_left": 88.51607823371887,
      "min_entry_seconds_left": 90,
      "max_entry_seconds_left": 150
    },
    {
      "ts": "2026-09-18T04:48:33.770143Z",
      "slug": "btc-updown-5m-1789706700",
      "status": "skip_too_late_to_enter",
      "seconds_left": 86.22986650466919,
      "min_entry_seconds_left": 90,
      "max_entry_seconds_left": 150
    },
    {
      "ts": "2026-09-18T04:48:36.128966Z",
      "slug": "btc-updown-5m-1789706700",
      "status": "skip_too_late_to_enter",
      "seconds_left": 83.87104105949402,
      "min_entry_seconds_left": 90,
      "max_entry_seconds_left": 150
    },
    {
      "ts": "2026-09-18T04:48:38.437095Z",
      "slug": "btc-updown-5m-1789706700",
      "status": "skip_too_late_to_enter",
      "seconds_left": 81.56291317939758,
      "min_entry_seconds_left": 90,
      "max_entry_seconds_left": 150
    },
    {
      "ts": "2026-09-18T04:48:40.720581Z",
      "slug": "btc-updown-5m-1789706700",
      "status": "skip_too_late_to_enter",
      "seconds_left": 79.2794234752655,
      "min_entry_seconds_left": 90,
      "max_entry_seconds_left": 150
    },
    {
      "ts": "2026-09-18T04:48:43.008423Z",
      "slug": "btc-updown-5m-1789706700",
      "status": "skip_too_late_to_enter",
      "seconds_left": 76.99158716201782,
      "min_entry_seconds_left": 90,
      "max_entry_seconds_left": 150
    },
    {
      "ts": "2026-09-18T04:48:45.311764Z",
      "slug": "btc-updown-5m-1789706700",
      "status": "skip_too_late_to_enter",
      "seconds_left": 74.68824481964111,
      "min_entry_seconds_left": 90,
      "max_entry_seconds_left": 150
    },
    {
      "ts": "2026-09-18T04:48:47.605333Z",
      "slug": "btc-updown-5m-1789706700",
      "status": "skip_too_late_to_enter",
      "seconds_left": 72.39467477798462,
      "min_entry_seconds_left": 90,
      "max_entry_seconds_left": 150
    },
    {
      "ts": "2026-09-18T04:48:53.509362Z",
      "slug": "btc-updown-5m-1789706700",
      "status": "skip_too_late_to_enter",
      "seconds_left": 66.49064493179321,
      "min_entry_seconds_left": 90,
      "max_entry_seconds_left": 150
    },
    {
      "ts": "2026-09-18T04:48:55.828072Z",
      "slug": "btc-updown-5m-1789706700",
      "status": "skip_too_late_to_enter",
      "seconds_left": 64.17193579673767,
      "min_entry_seconds_left": 90,
      "max_entry_seconds_left": 150
    },
    {
      "ts": "2026-09-18T04:48:58.140311Z",
      "slug": "btc-updown-5m-1789706700",
      "status": "skip_too_late_to_enter",
      "seconds_left": 61.8596978187561,
      "min_entry_seconds_left": 90,
      "max_entry_seconds_left": 150
    },
    {
      "ts": "2026-09-18T04:49:00.551629Z",
      "slug": "btc-updown-5m-1789706700",
      "status": "skip_too_late_to_enter",
      "seconds_left": 59.44837474822998,
      "min_entry_seconds_left": 90,
      "max_entry_seconds_left": 150
    },
    {
      "ts": "2026-09-18T04:49:02.846086Z",
      "slug": "btc-updown-5m-1789706700",
      "status": "skip_too_late_to_enter",
      "seconds_left": 57.15392255783081,
      "min_entry_seconds_left": 90,
      "max_entry_seconds_left": 150
    },
    {
      "ts": "2026-09-18T04:49:05.148430Z",
      "slug": "btc-updown-5m-1789706700",
      "status": "skip_too_late_to_enter",
      "seconds_left": 54.85157799720764,
      "min_entry_seconds_left": 90,
      "max_entry_seconds_left": 150
    },
    {
      "ts": "2026-09-18T04:49:07.578098Z",
      "slug": "btc-updown-5m-1789706700",
      "status": "skip_too_late_to_enter",
      "seconds_left": 52.42190599441528,
      "min_entry_seconds_left": 90,
      "max_entry_seconds_left": 150
    },
    {
      "ts": "2026-09-18T04:49:09.954168Z",
      "slug": "btc-updown-5m-1789706700",
      "status": "skip_too_late_to_enter",
      "seconds_left": 50.045838356018066,
      "min_entry_seconds_left": 90,
      "max_entry_seconds_left": 150
    },
    {
      "ts": "2026-09-18T04:49:12.273303Z",
      "slug": "btc-updown-5m-1789706700",
      "status": "skip_too_late_to_enter",
      "seconds_left": 47.7267050743103,
      "min_entry_seconds_left": 90,
      "max_entry_seconds_left": 150
    },
    {
      "ts": "2026-09-18T04:49:14.571882Z",
      "slug": "btc-updown-5m-1789706700",
      "status": "skip_too_late_to_enter",
      "seconds_left": 45.42812466621399,
      "min_entry_seconds_left": 90,
      "max_entry_seconds_left": 150
    },
    {
      "ts": "2026-09-18T04:49:16.866827Z",
      "slug": "btc-updown-5m-1789706700",
      "status": "skip_too_late_to_enter",
      "seconds_left": 43.133180379867554,
      "min_entry_seconds_left": 90,
      "max_entry_seconds_left": 150
    },
    {
      "ts": "2026-09-18T04:49:19.170837Z",
      "slug": "btc-updown-5m-1789706700",
      "status": "skip_too_late_to_enter",
      "seconds_left": 40.82917094230652,
      "min_entry_seconds_left": 90,
      "max_entry_seconds_left": 150
    },
    {
      "ts": "2026-09-18T04:49:21.473378Z",
      "slug": "btc-updown-5m-1789706700",
      "status": "skip_too_late_to_enter",
      "seconds_left": 38.52663230895996,
      "min_entry_seconds_left": 90,
      "max_entry_seconds_left": 150
    },
    {
      "ts": "2026-09-18T04:49:23.769722Z",
      "slug": "btc-updown-5m-1789706700",
      "status": "skip_too_late_to_enter",
      "seconds_left": 36.23028779029846,
      "min_entry_seconds_left": 90,
      "max_entry_seconds_left": 150
    },
    {
      "ts": "2026-09-18T04:49:29.686070Z",
      "slug": "btc-updown-5m-1789706700",
      "status": "skip_too_late_to_enter",
      "seconds_left": 30.313937664031982,
      "min_entry_seconds_left": 90,
      "max_entry_seconds_left": 150
    },
    {
      "ts": "2026-09-18T04:49:32.060269Z",
      "slug": "btc-updown-5m-1789706700",
      "status": "skip_too_late_to_enter",
      "seconds_left": 27.93976402282715,
      "min_entry_seconds_left": 90,
      "max_entry_seconds_left": 150
    },
    {
      "ts": "2026-09-18T04:49:34.351643Z",
      "slug": "btc-updown-5m-1789706700",
      "status": "skip_too_late_to_enter",
      "seconds_left": 25.648364543914795,
      "min_entry_seconds_left": 90,
      "max_entry_seconds_left": 150
    },
    {
      "ts": "2026-09-18T04:49:36.671017Z",
      "slug": "btc-updown-5m-1789706700",
      "status": "skip_too_late_to_enter",
      "seconds_left": 23.32898998260498,
      "min_entry_seconds_left": 90,
      "max_entry_seconds_left": 150
    },
    {
      "ts": "2026-09-18T04:49:38.991507Z",
      "slug": "btc-updown-5m-1789706700",
      "status": "skip_too_late_to_enter",
      "seconds_left": 21.008501768112183,
      "min_entry_seconds_left": 90,
      "max_entry_seconds_left": 150
    },
    {
      "ts": "2026-09-18T04:49:41.304095Z",
      "slug": "btc-updown-5m-1789706700",
      "status": "skip_too_late_to_enter",
      "seconds_left": 18.6959125995636,
      "min_entry_seconds_left": 90,
      "max_entry_seconds_left": 150
    },
    {
      "ts": "2026-09-18T04:49:43.710675Z",
      "slug": "btc-updown-5m-1789706700",
      "status": "skip_too_late_to_enter",
      "seconds_left": 16.28933310508728,
      "min_entry_seconds_left": 90,
      "max_entry_seconds_left": 150
    },
    {
      "ts": "2026-09-18T04:49:46.010682Z",
      "slug": "btc-updown-5m-1789706700",
      "status": "skip_too_late_to_enter",
      "seconds_left": 13.989325761795044,
      "min_entry_seconds_left": 90,
      "max_entry_seconds_left": 150
    },
    {
      "ts": "2026-09-18T04:49:48.334520Z",
      "slug": "btc-updown-5m-1789706700",
      "status": "skip_too_late_to_enter",
      "seconds_left": 11.665484428405762,
      "min_entry_seconds_left": 90,
      "max_entry_seconds_left": 150
    },
    {
      "ts": "2026-09-18T04:49:50.655490Z",
      "slug": "btc-updown-5m-1789706700",
      "status": "skip_too_late_to_enter",
      "seconds_left": 9.344514846801758,
      "min_entry_seconds_left": 90,
      "max_entry_seconds_left": 150
    },
    {
      "ts": "2026-09-18T04:49:52.932360Z",
      "slug": "btc-updown-5m-1789706700",
      "status": "skip_too_late_to_enter",
      "seconds_left": 7.0676493644714355,
      "min_entry_seconds_left": 90,
      "max_entry_seconds_left": 150
    },
    {
      "ts": "2026-09-18T04:49:55.313165Z",
      "status": "heartbeat_no_current_market"
    },
    {
      "ts": "2026-09-18T04:49:57.605415Z",
      "status": "heartbeat_no_current_market"
    },
    {
      "ts": "2026-09-18T04:49:59.923478Z",
      "status": "heartbeat_no_current_market"
    },
    {
      "ts": "2026-09-18T04:50:05.836526Z",
      "slug": "btc-updown-5m-1789707000",
      "status": "skip_too_early_to_enter",
      "seconds_left": 294.1634819507599,
      "min_entry_seconds_left": 90,
      "max_entry_seconds_left": 150
    },
    {
      "ts": "2026-09-18T04:50:08.140431Z",
      "slug": "btc-updown-5m-1789707000",
      "status": "skip_too_early_to_enter",
      "seconds_left": 291.85957622528076,
      "min_entry_seconds_left": 90,
      "max_entry_seconds_left": 150
    },
    {
      "ts": "2026-09-18T04:50:10.596002Z",
      "slug": "btc-updown-5m-1789707000",
      "status": "skip_too_early_to_enter",
      "seconds_left": 289.4040026664734,
      "min_entry_seconds_left": 90,
      "max_entry_seconds_left": 150
    },
    {
      "ts": "2026-09-18T04:50:12.948890Z",
      "slug": "btc-updown-5m-1789707000",
      "status": "skip_too_early_to_enter",
      "seconds_left": 287.0511155128479,
      "min_entry_seconds_left": 90,
      "max_entry_seconds_left": 150
    },
    {
      "ts": "2026-09-18T04:50:15.292252Z",
      "slug": "btc-updown-5m-1789707000",
      "status": "skip_too_early_to_enter",
      "seconds_left": 284.7077851295471,
      "min_entry_seconds_left": 90,
      "max_entry_seconds_left": 150
    },
    {
      "ts": "2026-09-18T04:50:17.593974Z",
      "slug": "btc-updown-5m-1789707000",
      "status": "skip_too_early_to_enter",
      "seconds_left": 282.40603494644165,
      "min_entry_seconds_left": 90,
      "max_entry_seconds_left": 150
    },
    {
      "ts": "2026-09-18T04:50:19.926266Z",
      "slug": "btc-updown-5m-1789707000",
      "status": "skip_too_early_to_enter",
      "seconds_left": 280.0737416744232,
      "min_entry_seconds_left": 90,
      "max_entry_seconds_left": 150
    },
    {
      "ts": "2026-09-18T04:50:22.262985Z",
      "slug": "btc-updown-5m-1789707000",
      "status": "skip_too_early_to_enter",
      "seconds_left": 277.7370228767395,
      "min_entry_seconds_left": 90,
      "max_entry_seconds_left": 150
    },
    {
      "ts": "2026-09-18T04:50:24.598360Z",
      "slug": "btc-updown-5m-1789707000",
      "status": "skip_too_early_to_enter",
      "seconds_left": 275.40164375305176,
      "min_entry_seconds_left": 90,
      "max_entry_seconds_left": 150
    },
    {
      "ts": "2026-09-18T04:50:26.926445Z",
      "slug": "btc-updown-5m-1789707000",
      "status": "skip_too_early_to_enter",
      "seconds_left": 273.07356309890747,
      "min_entry_seconds_left": 90,
      "max_entry_seconds_left": 150
    },
    {
      "ts": "2026-09-18T04:50:29.233130Z",
      "slug": "btc-updown-5m-1789707000",
      "status": "skip_too_early_to_enter",
      "seconds_left": 270.766877412796,
      "min_entry_seconds_left": 90,
      "max_entry_seconds_left": 150
    },
    {
      "ts": "2026-09-18T04:50:31.539049Z",
      "slug": "btc-updown-5m-1789707000",
      "status": "skip_too_early_to_enter",
      "seconds_left": 268.4609582424164,
      "min_entry_seconds_left": 90,
      "max_entry_seconds_left": 150
    },
    {
      "ts": "2026-09-18T04:50:33.866581Z",
      "slug": "btc-updown-5m-1789707000",
      "status": "skip_too_early_to_enter",
      "seconds_left": 266.13342571258545,
      "min_entry_seconds_left": 90,
      "max_entry_seconds_left": 150
    },
    {
      "ts": "2026-09-18T04:50:36.171949Z",
      "slug": "btc-updown-5m-1789707000",
      "status": "skip_too_early_to_enter",
      "seconds_left": 263.828058719635,
      "min_entry_seconds_left": 90,
      "max_entry_seconds_left": 150
    },
    {
      "ts": "2026-09-18T04:50:42.129948Z",
      "slug": "btc-updown-5m-1789707000",
      "status": "skip_too_early_to_enter",
      "seconds_left": 257.8700592517853,
      "min_entry_seconds_left": 90,
      "max_entry_seconds_left": 150
    },
    {
      "ts": "2026-09-18T04:50:44.443372Z",
      "slug": "btc-updown-5m-1789707000",
      "status": "skip_too_early_to_enter",
      "seconds_left": 255.556631565094,
      "min_entry_seconds_left": 90,
      "max_entry_seconds_left": 150
    },
    {
      "ts": "2026-09-18T04:50:46.803255Z",
      "slug": "btc-updown-5m-1789707000",
      "status": "skip_too_early_to_enter",
      "seconds_left": 253.19675254821777,
      "min_entry_seconds_left": 90,
      "max_entry_seconds_left": 150
    },
    {
      "ts": "2026-09-18T04:50:49.099884Z",
      "slug": "btc-updown-5m-1789707000",
      "status": "skip_too_early_to_enter",
      "seconds_left": 250.90015172958374,
      "min_entry_seconds_left": 90,
      "max_entry_seconds_left": 150
    },
    {
      "ts": "2026-09-18T04:50:51.489950Z",
      "slug": "btc-updown-5m-1789707000",
      "status": "skip_too_early_to_enter",
      "seconds_left": 248.51005697250366,
      "min_entry_seconds_left": 90,
      "max_entry_seconds_left": 150
    },
    {
      "ts": "2026-09-18T04:50:53.805369Z",
      "slug": "btc-updown-5m-1789707000",
      "status": "skip_too_early_to_enter",
      "seconds_left": 246.1946382522583,
      "min_entry_seconds_left": 90,
      "max_entry_seconds_left": 150
    },
    {
      "ts": "2026-09-18T04:50:56.133164Z",
      "slug": "btc-updown-5m-1789707000",
      "status": "skip_too_early_to_enter",
      "seconds_left": 243.86684036254883,
      "min_entry_seconds_left": 90,
      "max_entry_seconds_left": 150
    },
    {
      "ts": "2026-09-18T04:50:58.429469Z",
      "slug": "btc-updown-5m-1789707000",
      "status": "skip_too_early_to_enter",
      "seconds_left": 241.5705382823944,
      "min_entry_seconds_left": 90,
      "max_entry_seconds_left": 150
    },
    {
      "ts": "2026-09-18T04:51:00.764626Z",
      "slug": "btc-updown-5m-1789707000",
      "status": "skip_too_early_to_enter",
      "seconds_left": 239.23538064956665,
      "min_entry_seconds_left": 90,
      "max_entry_seconds_left": 150
    },
    {
      "ts": "2026-09-18T04:51:03.056502Z",
      "slug": "btc-updown-5m-1789707000",
      "status": "skip_too_early_to_enter",
      "seconds_left": 236.94350457191467,
      "min_entry_seconds_left": 90,
      "max_entry_seconds_left": 150
    },
    {
      "ts": "2026-09-18T04:51:05.386468Z",
      "slug": "btc-updown-5m-1789707000",
      "status": "skip_too_early_to_enter",
      "seconds_left": 234.61353969573975,
      "min_entry_seconds_left": 90,
      "max_entry_seconds_left": 150
    },
    {
      "ts": "2026-09-18T04:51:07.904870Z",
      "slug": "btc-updown-5m-1789707000",
      "status": "skip_too_early_to_enter",
      "seconds_left": 232.09513783454895,
      "min_entry_seconds_left": 90,
      "max_entry_seconds_left": 150
    },
    {
      "ts": "2026-09-18T04:51:10.343677Z",
      "slug": "btc-updown-5m-1789707000",
      "status": "skip_too_early_to_enter",
      "seconds_left": 229.65632724761963,
      "min_entry_seconds_left": 90,
      "max_entry_seconds_left": 150
    },
    {
      "ts": "2026-09-18T04:51:12.688902Z",
      "slug": "btc-updown-5m-1789707000",
      "status": "skip_too_early_to_enter",
      "seconds_left": 227.31110620498657,
      "min_entry_seconds_left": 90,
      "max_entry_seconds_left": 150
    },
    {
      "ts": "2026-09-18T04:51:19.042246Z",
      "slug": "btc-updown-5m-1789707000",
      "status": "skip_too_early_to_enter",
      "seconds_left": 220.95776081085205,
      "min_entry_seconds_left": 90,
      "max_entry_seconds_left": 150
    },
    {
      "ts": "2026-09-18T04:51:21.365953Z",
      "slug": "btc-updown-5m-1789707000",
      "status": "skip_too_early_to_enter",
      "seconds_left": 218.634051322937,
      "min_entry_seconds_left": 90,
      "max_entry_seconds_left": 150
    },
    {
      "ts": "2026-09-18T04:51:23.768801Z",
      "slug": "btc-updown-5m-1789707000",
      "status": "skip_too_early_to_enter",
      "seconds_left": 216.2312262058258,
      "min_entry_seconds_left": 90,
      "max_entry_seconds_left": 150
    },
    {
      "ts": "2026-09-18T04:51:26.347972Z",
      "slug": "btc-updown-5m-1789707000",
      "status": "skip_too_early_to_enter",
      "seconds_left": 213.65203547477722,
      "min_entry_seconds_left": 90,
      "max_entry_seconds_left": 150
    },
    {
      "ts": "2026-09-18T04:51:28.814590Z",
      "slug": "btc-updown-5m-1789707000",
      "status": "skip_too_early_to_enter",
      "seconds_left": 211.18541765213013,
      "min_entry_seconds_left": 90,
      "max_entry_seconds_left": 150
    },
    {
      "ts": "2026-09-18T04:51:31.138955Z",
      "slug": "btc-updown-5m-1789707000",
      "status": "skip_too_early_to_enter",
      "seconds_left": 208.86118149757385,
      "min_entry_seconds_left": 90,
      "max_entry_seconds_left": 150
    },
    {
      "ts": "2026-09-18T04:51:33.478929Z",
      "slug": "btc-updown-5m-1789707000",
      "status": "skip_too_early_to_enter",
      "seconds_left": 206.52107787132263,
      "min_entry_seconds_left": 90,
      "max_entry_seconds_left": 150
    },
    {
      "ts": "2026-09-18T04:51:35.912329Z",
      "slug": "btc-updown-5m-1789707000",
      "status": "skip_too_early_to_enter",
      "seconds_left": 204.08767914772034,
      "min_entry_seconds_left": 90,
      "max_entry_seconds_left": 150
    },
    {
      "ts": "2026-09-18T04:51:38.214353Z",
      "slug": "btc-updown-5m-1789707000",
      "status": "skip_too_early_to_enter",
      "seconds_left": 201.78565430641174,
      "min_entry_seconds_left": 90,
      "max_entry_seconds_left": 150
    },
    {
      "ts": "2026-09-18T04:51:40.638900Z",
      "slug": "btc-updown-5m-1789707000",
      "status": "skip_too_early_to_enter",
      "seconds_left": 199.36110830307007,
      "min_entry_seconds_left": 90,
      "max_entry_seconds_left": 150
    },
    {
      "ts": "2026-09-18T04:51:42.935311Z",
      "slug": "btc-updown-5m-1789707000",
      "status": "skip_too_early_to_enter",
      "seconds_left": 197.06469678878784,
      "min_entry_seconds_left": 90,
      "max_entry_seconds_left": 150
    },
    {
      "ts": "2026-09-18T04:51:45.247188Z",
      "slug": "btc-updown-5m-1789707000",
      "status": "skip_too_early_to_enter",
      "seconds_left": 194.7528200149536,
      "min_entry_seconds_left": 90,
      "max_entry_seconds_left": 150
    },
    {
      "ts": "2026-09-18T04:51:47.582358Z",
      "slug": "btc-updown-5m-1789707000",
      "status": "skip_too_early_to_enter",
      "seconds_left": 192.4176504611969,
      "min_entry_seconds_left": 90,
      "max_entry_seconds_left": 150
    },
    {
      "ts": "2026-09-18T04:51:49.938853Z",
      "slug": "btc-updown-5m-1789707000",
      "status": "skip_too_early_to_enter",
      "seconds_left": 190.0611572265625,
      "min_entry_seconds_left": 90,
      "max_entry_seconds_left": 150
    },
    {
      "ts": "2026-09-18T04:51:55.797450Z",
      "slug": "btc-updown-5m-1789707000",
      "status": "skip_too_early_to_enter",
      "seconds_left": 184.20255851745605,
      "min_entry_seconds_left": 90,
      "max_entry_seconds_left": 150
    },
    {
      "ts": "2026-09-18T04:51:58.078663Z",
      "slug": "btc-updown-5m-1789707000",
      "status": "skip_too_early_to_enter",
      "seconds_left": 181.92134499549866,
      "min_entry_seconds_left": 90,
      "max_entry_seconds_left": 150
    },
    {
      "ts": "2026-09-18T04:52:00.370318Z",
      "slug": "btc-updown-5m-1789707000",
      "status": "skip_too_early_to_enter",
      "seconds_left": 179.6296887397766,
      "min_entry_seconds_left": 90,
      "max_entry_seconds_left": 150
    },
    {
      "ts": "2026-09-18T04:52:02.670534Z",
      "slug": "btc-updown-5m-1789707000",
      "status": "skip_too_early_to_enter",
      "seconds_left": 177.32947373390198,
      "min_entry_seconds_left": 90,
      "max_entry_seconds_left": 150
    },
    {
      "ts": "2026-09-18T04:52:04.963476Z",
      "slug": "btc-updown-5m-1789707000",
      "status": "skip_too_early_to_enter",
      "seconds_left": 175.03653168678284,
      "min_entry_seconds_left": 90,
      "max_entry_seconds_left": 150
    },
    {
      "ts": "2026-09-18T04:52:07.254083Z",
      "slug": "btc-updown-5m-1789707000",
      "status": "skip_too_early_to_enter",
      "seconds_left": 172.74592542648315,
      "min_entry_seconds_left": 90,
      "max_entry_seconds_left": 150
    },
    {
      "ts": "2026-09-18T04:52:09.557289Z",
      "slug": "btc-updown-5m-1789707000",
      "status": "skip_too_early_to_enter",
      "seconds_left": 170.4427206516266,
      "min_entry_seconds_left": 90,
      "max_entry_seconds_left": 150
    },
    {
      "ts": "2026-09-18T04:52:11.843311Z",
      "slug": "btc-updown-5m-1789707000",
      "status": "skip_too_early_to_enter",
      "seconds_left": 168.15669631958008,
      "min_entry_seconds_left": 90,
      "max_entry_seconds_left": 150
    },
    {
      "ts": "2026-09-18T04:52:14.127280Z",
      "slug": "btc-updown-5m-1789707000",
      "status": "skip_too_early_to_enter",
      "seconds_left": 165.87272334098816,
      "min_entry_seconds_left": 90,
      "max_entry_seconds_left": 150
    },
    {
      "ts": "2026-09-18T04:52:16.414048Z",
      "slug": "btc-updown-5m-1789707000",
      "status": "skip_too_early_to_enter",
      "seconds_left": 163.5859591960907,
      "min_entry_seconds_left": 90,
      "max_entry_seconds_left": 150
    },
    {
      "ts": "2026-09-18T04:52:18.777369Z",
      "slug": "btc-updown-5m-1789707000",
      "status": "skip_too_early_to_enter",
      "seconds_left": 161.222638130188,
      "min_entry_seconds_left": 90,
      "max_entry_seconds_left": 150
    },
    {
      "ts": "2026-09-18T04:52:21.083236Z",
      "slug": "btc-updown-5m-1789707000",
      "status": "skip_too_early_to_enter",
      "seconds_left": 158.91677141189575,
      "min_entry_seconds_left": 90,
      "max_entry_seconds_left": 150
    },
    {
      "ts": "2026-09-18T04:52:23.386506Z",
      "slug": "btc-updown-5m-1789707000",
      "status": "skip_too_early_to_enter",
      "seconds_left": 156.61350274085999,
      "min_entry_seconds_left": 90,
      "max_entry_seconds_left": 150
    },
    {
      "ts": "2026-09-18T04:52:25.703200Z",
      "slug": "btc-updown-5m-1789707000",
      "status": "skip_too_early_to_enter",
      "seconds_left": 154.2968077659607,
      "min_entry_seconds_left": 90,
      "max_entry_seconds_left": 150
    },
    {
      "ts": "2026-09-18T04:52:32.561019Z",
      "slug": "btc-updown-5m-1789707000",
      "status": "heartbeat",
      "gamma_up": 0.485,
      "gamma_down": 0.515,
      "clob_up_ask": 0.92,
      "clob_down_ask": 0.09,
      "seconds_left": 148.32168769836426,
      "min_spread": 0.009999999999999995
    },
    {
      "ts": "2026-09-18T04:52:32.561769Z",
      "slug": "btc-updown-5m-1789707000",
      "status": "skip_ask_too_expensive",
      "threshold": 0.7,
      "max_ask": 0.85,
      "win_streak": 2,
      "clob_up_ask": 0.92,
      "clob_down_ask": 0.09,
      "seconds_left": 148.32168769836426,
      "trigger_price": 0.92
    },
    {
      "ts": "2026-09-18T04:52:35.593982Z",
      "slug": "btc-updown-5m-1789707000",
      "status": "heartbeat",
      "gamma_up": 0.485,
      "gamma_down": 0.515,
      "clob_up_ask": 0.94,
      "clob_down_ask": 0.06,
      "seconds_left": 145.09859824180603,
      "min_spread": 0.009999999999999898
    },
    {
      "ts": "2026-09-18T04:52:35.594018Z",
      "slug": "btc-updown-5m-1789707000",
      "status": "skip_ask_too_expensive",
      "threshold": 0.7,
      "max_ask": 0.85,
      "win_streak": 2,
      "clob_up_ask": 0.94,
      "clob_down_ask": 0.06,
      "seconds_left": 145.09859824180603,
      "trigger_price": 0.94
    },
    {
      "ts": "2026-09-18T04:52:38.514135Z",
      "slug": "btc-updown-5m-1789707000",
      "status": "heartbeat",
      "gamma_up": 0.485,
      "gamma_down": 0.515,
      "clob_up_ask": 0.96,
      "clob_down_ask": 0.05,
      "seconds_left": 142.08895707130432,
      "min_spread": 0.010000000000000002
    },
    {
      "ts": "2026-09-18T04:52:38.514164Z",
      "slug": "btc-updown-5m-1789707000",
      "status": "skip_ask_too_expensive",
      "threshold": 0.7,
      "max_ask": 0.85,
      "win_streak": 2,
      "clob_up_ask": 0.96,
      "clob_down_ask": 0.05,
      "seconds_left": 142.08895707130432,
      "trigger_price": 0.96
    },
    {
      "ts": "2026-09-18T04:52:41.797588Z",
      "slug": "btc-updown-5m-1789707000",
      "status": "heartbeat",
      "gamma_up": 0.485,
      "gamma_down": 0.515,
      "clob_up_ask": 0.96,
      "clob_down_ask": 0.05,
      "seconds_left": 138.88584160804749,
      "min_spread": 0.010000000000000002
    },
    {
      "ts": "2026-09-18T04:52:41.797617Z",
      "slug": "btc-updown-5m-1789707000",
      "status": "skip_ask_too_expensive",
      "threshold": 0.7,
      "max_ask": 0.85,
      "win_streak": 2,
      "clob_up_ask": 0.96,
      "clob_down_ask": 0.05,
      "seconds_left": 138.88584160804749,
      "trigger_price": 0.96
    },
    {
      "ts": "2026-09-18T04:52:44.673125Z",
      "slug": "btc-updown-5m-1789707000",
      "status": "heartbeat",
      "gamma_up": 0.485,
      "gamma_down": 0.515,
      "clob_up_ask": 0.96,
      "clob_down_ask": 0.05,
      "seconds_left": 135.91305088996887,
      "min_spread": 0.010000000000000002
    },
    {
      "ts": "2026-09-18T04:52:44.673192Z",
      "slug": "btc-updown-5m-1789707000",
      "status": "skip_ask_too_expensive",
      "threshold": 0.7,
      "max_ask": 0.85,
      "win_streak": 2,
      "clob_up_ask": 0.96,
      "clob_down_ask": 0.05,
      "seconds_left": 135.91305088996887,
      "trigger_price": 0.96
    },
    {
      "ts": "2026-09-18T04:52:47.568643Z",
      "slug": "btc-updown-5m-1789707000",
      "status": "heartbeat",
      "gamma_up": 0.485,
      "gamma_down": 0.515,
      "clob_up_ask": 0.96,
      "clob_down_ask": 0.05,
      "seconds_left": 133.02675867080688,
      "min_spread": 0.010000000000000002
    },
    {
      "ts": "2026-09-18T04:52:47.568672Z",
      "slug": "btc-updown-5m-1789707000",
      "status": "skip_ask_too_expensive",
      "threshold": 0.7,
      "max_ask": 0.85,
      "win_streak": 2,
      "clob_up_ask": 0.96,
      "clob_down_ask": 0.05,
      "seconds_left": 133.02675867080688,
      "trigger_price": 0.96
    },
    {
      "ts": "2026-09-18T04:52:50.494102Z",
      "slug": "btc-updown-5m-1789707000",
      "status": "heartbeat",
      "gamma_up": 0.485,
      "gamma_down": 0.515,
      "clob_up_ask": 0.96,
      "clob_down_ask": 0.05,
      "seconds_left": 130.10171008110046,
      "min_spread": 0.010000000000000002
    },
    {
      "ts": "2026-09-18T04:52:50.494119Z",
      "slug": "btc-updown-5m-1789707000",
      "status": "skip_ask_too_expensive",
      "threshold": 0.7,
      "max_ask": 0.85,
      "win_streak": 2,
      "clob_up_ask": 0.96,
      "clob_down_ask": 0.05,
      "seconds_left": 130.10171008110046,
      "trigger_price": 0.96
    },
    {
      "ts": "2026-09-18T04:52:53.412980Z",
      "slug": "btc-updown-5m-1789707000",
      "status": "heartbeat",
      "gamma_up": 0.485,
      "gamma_down": 0.515,
      "clob_up_ask": 0.97,
      "clob_down_ask": 0.04,
      "seconds_left": 127.20974922180176,
      "min_spread": 0.010000000000000002
    },
    {
      "ts": "2026-09-18T04:52:53.413000Z",
      "slug": "btc-updown-5m-1789707000",
      "status": "skip_ask_too_expensive",
      "threshold": 0.7,
      "max_ask": 0.85,
      "win_streak": 2,
      "clob_up_ask": 0.97,
      "clob_down_ask": 0.04,
      "seconds_left": 127.20974922180176,
      "trigger_price": 0.97
    },
    {
      "ts": "2026-09-18T04:52:56.442038Z",
      "slug": "btc-updown-5m-1789707000",
      "status": "heartbeat",
      "gamma_up": 0.485,
      "gamma_down": 0.515,
      "clob_up_ask": 0.97,
      "clob_down_ask": 0.04,
      "seconds_left": 124.25297117233276,
      "min_spread": 0.010000000000000002
    },
    {
      "ts": "2026-09-18T04:52:56.442069Z",
      "slug": "btc-updown-5m-1789707000",
      "status": "skip_ask_too_expensive",
      "threshold": 0.7,
      "max_ask": 0.85,
      "win_streak": 2,
      "clob_up_ask": 0.97,
      "clob_down_ask": 0.04,
      "seconds_left": 124.25297117233276,
      "trigger_price": 0.97
    },
    {
      "ts": "2026-09-18T04:52:59.354616Z",
      "slug": "btc-updown-5m-1789707000",
      "status": "heartbeat",
      "gamma_up": 0.485,
      "gamma_down": 0.515,
      "clob_up_ask": 0.98,
      "clob_down_ask": 0.03,
      "seconds_left": 121.24807572364807,
      "min_spread": 0.009999999999999998
    },
    {
      "ts": "2026-09-18T04:52:59.354635Z",
      "slug": "btc-updown-5m-1789707000",
      "status": "skip_ask_too_expensive",
      "threshold": 0.7,
      "max_ask": 0.85,
      "win_streak": 2,
      "clob_up_ask": 0.98,
      "clob_down_ask": 0.03,
      "seconds_left": 121.24807572364807,
      "trigger_price": 0.98
    },
    {
      "ts": "2026-09-18T04:53:02.228020Z",
      "slug": "btc-updown-5m-1789707000",
      "status": "heartbeat",
      "gamma_up": 0.485,
      "gamma_down": 0.515,
      "clob_up_ask": 0.98,
      "clob_down_ask": 0.03,
      "seconds_left": 118.34392857551575,
      "min_spread": 0.009999999999999998
    },
    {
      "ts": "2026-09-18T04:53:02.228051Z",
      "slug": "btc-updown-5m-1789707000",
      "status": "skip_ask_too_expensive",
      "threshold": 0.7,
      "max_ask": 0.85,
      "win_streak": 2,
      "clob_up_ask": 0.98,
      "clob_down_ask": 0.03,
      "seconds_left": 118.34392857551575,
      "trigger_price": 0.98
    },
    {
      "ts": "2026-09-18T04:53:08.755837Z",
      "slug": "btc-updown-5m-1789707000",
      "status": "heartbeat",
      "gamma_up": 0.485,
      "gamma_down": 0.515,
      "clob_up_ask": 0.98,
      "clob_down_ask": 0.03,
      "seconds_left": 111.84445834159851,
      "min_spread": 0.009999999999999998
    },
    {
      "ts": "2026-09-18T04:53:08.755870Z",
      "slug": "btc-updown-5m-1789707000",
      "status": "skip_ask_too_expensive",
      "threshold": 0.7,
      "max_ask": 0.85,
      "win_streak": 2,
      "clob_up_ask": 0.98,
      "clob_down_ask": 0.03,
      "seconds_left": 111.84445834159851,
      "trigger_price": 0.98
    },
    {
      "ts": "2026-09-18T04:53:11.724646Z",
      "slug": "btc-updown-5m-1789707000",
      "status": "heartbeat",
      "gamma_up": 0.965,
      "gamma_down": 0.035,
      "clob_up_ask": 0.98,
      "clob_down_ask": 0.03,
      "seconds_left": 108.93366551399231,
      "min_spread": 0.009999999999999998
    },
    {
      "ts": "2026-09-18T04:53:11.724677Z",
      "slug": "btc-updown-5m-1789707000",
      "status": "skip_ask_too_expensive",
      "threshold": 0.7,
      "max_ask": 0.85,
      "win_streak": 2,
      "clob_up_ask": 0.98,
      "clob_down_ask": 0.03,
      "seconds_left": 108.93366551399231,
      "trigger_price": 0.98
    },
    {
      "ts": "2026-09-18T04:53:14.621723Z",
      "slug": "btc-updown-5m-1789707000",
      "status": "heartbeat",
      "gamma_up": 0.965,
      "gamma_down": 0.035,
      "clob_up_ask": 0.99,
      "clob_down_ask": 0.02,
      "seconds_left": 105.96942710876465,
      "min_spread": 0.01
    },
    {
      "ts": "2026-09-18T04:53:14.621751Z",
      "slug": "btc-updown-5m-1789707000",
      "status": "skip_ask_too_expensive",
      "threshold": 0.7,
      "max_ask": 0.85,
      "win_streak": 2,
      "clob_up_ask": 0.99,
      "clob_down_ask": 0.02,
      "seconds_left": 105.96942710876465,
      "trigger_price": 0.99
    },
    {
      "ts": "2026-09-18T04:53:17.637342Z",
      "slug": "btc-updown-5m-1789707000",
      "status": "heartbeat",
      "gamma_up": 0.965,
      "gamma_down": 0.035,
      "clob_up_ask": null,
      "clob_down_ask": 0.01,
      "seconds_left": 103.03534817695618,
      "min_spread": null
    },
    {
      "ts": "2026-09-18T04:53:17.637369Z",
      "slug": "btc-updown-5m-1789707000",
      "status": "skip_price_below_threshold",
      "threshold": 0.7,
      "max_ask": 0.85,
      "win_streak": 2,
      "clob_up_ask": null,
      "clob_down_ask": 0.01,
      "seconds_left": 103.03534817695618,
      "trigger_price": null
    },
    {
      "ts": "2026-09-18T04:53:20.650981Z",
      "slug": "btc-updown-5m-1789707000",
      "status": "heartbeat",
      "gamma_up": 0.965,
      "gamma_down": 0.035,
      "clob_up_ask": null,
      "clob_down_ask": 0.01,
      "seconds_left": 100.00964593887329,
      "min_spread": null
    },
    {
      "ts": "2026-09-18T04:53:20.651006Z",
      "slug": "btc-updown-5m-1789707000",
      "status": "skip_price_below_threshold",
      "threshold": 0.7,
      "max_ask": 0.85,
      "win_streak": 2,
      "clob_up_ask": null,
      "clob_down_ask": 0.01,
      "seconds_left": 100.00964593887329,
      "trigger_price": null
    },
    {
      "ts": "2026-09-18T04:53:23.573506Z",
      "slug": "btc-updown-5m-1789707000",
      "status": "heartbeat",
      "gamma_up": 0.965,
      "gamma_down": 0.035,
      "clob_up_ask": null,
      "clob_down_ask": 0.01,
      "seconds_left": 97.03963446617126,
      "min_spread": null
    },
    {
      "ts": "2026-09-18T04:53:23.573533Z",
      "slug": "btc-updown-5m-1789707000",
      "status": "skip_price_below_threshold",
      "threshold": 0.7,
      "max_ask": 0.85,
      "win_streak": 2,
      "clob_up_ask": null,
      "clob_down_ask": 0.01,
      "seconds_left": 97.03963446617126,
      "trigger_price": null
    },
    {
      "ts": "2026-09-18T04:53:26.646327Z",
      "slug": "btc-updown-5m-1789707000",
      "status": "heartbeat",
      "gamma_up": 0.965,
      "gamma_down": 0.035,
      "clob_up_ask": null,
      "clob_down_ask": 0.01,
      "seconds_left": 94.07793354988098,
      "min_spread": null
    },
    {
      "ts": "2026-09-18T04:53:26.646353Z",
      "slug": "btc-updown-5m-1789707000",
      "status": "skip_price_below_threshold",
      "threshold": 0.7,
      "max_ask": 0.85,
      "win_streak": 2,
      "clob_up_ask": null,
      "clob_down_ask": 0.01,
      "seconds_left": 94.07793354988098,
      "trigger_price": null
    },
    {
      "ts": "2026-09-18T04:53:29.651879Z",
      "slug": "btc-updown-5m-1789707000",
      "status": "heartbeat",
      "gamma_up": 0.965,
      "gamma_down": 0.035,
      "clob_up_ask": null,
      "clob_down_ask": 0.01,
      "seconds_left": 91.02357983589172,
      "min_spread": null
    },
    {
      "ts": "2026-09-18T04:53:29.651904Z",
      "slug": "btc-updown-5m-1789707000",
      "status": "skip_price_below_threshold",
      "threshold": 0.7,
      "max_ask": 0.85,
      "win_streak": 2,
      "clob_up_ask": null,
      "clob_down_ask": 0.01,
      "seconds_left": 91.02357983589172,
      "trigger_price": null
    },
    {
      "ts": "2026-09-18T04:53:32.023812Z",
      "slug": "btc-updown-5m-1789707000",
      "status": "skip_too_late_to_enter",
      "seconds_left": 87.97619652748108,
      "min_entry_seconds_left": 90,
      "max_entry_seconds_left": 150
    },
    {
      "ts": "2026-09-18T04:53:34.343007Z",
      "slug": "btc-updown-5m-1789707000",
      "status": "skip_too_late_to_enter",
      "seconds_left": 85.65700125694275,
      "min_entry_seconds_left": 90,
      "max_entry_seconds_left": 150
    },
    {
      "ts": "2026-09-18T04:53:36.645676Z",
      "slug": "btc-updown-5m-1789707000",
      "status": "skip_too_late_to_enter",
      "seconds_left": 83.35433268547058,
      "min_entry_seconds_left": 90,
      "max_entry_seconds_left": 150
    },
    {
      "ts": "2026-09-18T04:53:42.622672Z",
      "slug": "btc-updown-5m-1789707000",
      "status": "skip_too_late_to_enter",
      "seconds_left": 77.37733602523804,
      "min_entry_seconds_left": 90,
      "max_entry_seconds_left": 150
    },
    {
      "ts": "2026-09-18T04:53:45.037170Z",
      "slug": "btc-updown-5m-1789707000",
      "status": "skip_too_late_to_enter",
      "seconds_left": 74.96283769607544,
      "min_entry_seconds_left": 90,
      "max_entry_seconds_left": 150
    },
    {
      "ts": "2026-09-18T04:53:47.345812Z",
      "slug": "btc-updown-5m-1789707000",
      "status": "skip_too_late_to_enter",
      "seconds_left": 72.65419292449951,
      "min_entry_seconds_left": 90,
      "max_entry_seconds_left": 150
    },
    {
      "ts": "2026-09-18T04:53:49.660274Z",
      "slug": "btc-updown-5m-1789707000",
      "status": "skip_too_late_to_enter",
      "seconds_left": 70.33973360061646,
      "min_entry_seconds_left": 90,
      "max_entry_seconds_left": 150
    },
    {
      "ts": "2026-09-18T04:53:51.960588Z",
      "slug": "btc-updown-5m-1789707000",
      "status": "skip_too_late_to_enter",
      "seconds_left": 68.0394196510315,
      "min_entry_seconds_left": 90,
      "max_entry_seconds_left": 150
    },
    {
      "ts": "2026-09-18T04:53:54.253440Z",
      "slug": "btc-updown-5m-1789707000",
      "status": "skip_too_late_to_enter",
      "seconds_left": 65.74656844139099,
      "min_entry_seconds_left": 90,
      "max_entry_seconds_left": 150
    },
    {
      "ts": "2026-09-18T04:53:56.563779Z",
      "slug": "btc-updown-5m-1789707000",
      "status": "skip_too_late_to_enter",
      "seconds_left": 63.43623089790344,
      "min_entry_seconds_left": 90,
      "max_entry_seconds_left": 150
    },
    {
      "ts": "2026-09-18T04:53:58.849957Z",
      "slug": "btc-updown-5m-1789707000",
      "status": "skip_too_late_to_enter",
      "seconds_left": 61.15005135536194,
      "min_entry_seconds_left": 90,
      "max_entry_seconds_left": 150
    },
    {
      "ts": "2026-09-18T04:54:01.384025Z",
      "slug": "btc-updown-5m-1789707000",
      "status": "skip_too_late_to_enter",
      "seconds_left": 58.6159827709198,
      "min_entry_seconds_left": 90,
      "max_entry_seconds_left": 150
    },
    {
      "ts": "2026-09-18T04:54:03.690334Z",
      "slug": "btc-updown-5m-1789707000",
      "status": "skip_too_late_to_enter",
      "seconds_left": 56.30967116355896,
      "min_entry_seconds_left": 90,
      "max_entry_seconds_left": 150
    },
    {
      "ts": "2026-09-18T04:54:06.054676Z",
      "slug": "btc-updown-5m-1789707000",
      "status": "skip_too_late_to_enter",
      "seconds_left": 53.94533443450928,
      "min_entry_seconds_left": 90,
      "max_entry_seconds_left": 150
    },
    {
      "ts": "2026-09-18T04:54:08.364376Z",
      "slug": "btc-updown-5m-1789707000",
      "status": "skip_too_late_to_enter",
      "seconds_left": 51.63563275337219,
      "min_entry_seconds_left": 90,
      "max_entry_seconds_left": 150
    },
    {
      "ts": "2026-09-18T04:54:10.656051Z",
      "slug": "btc-updown-5m-1789707000",
      "status": "skip_too_late_to_enter",
      "seconds_left": 49.34395623207092,
      "min_entry_seconds_left": 90,
      "max_entry_seconds_left": 150
    },
    {
      "ts": "2026-09-18T04:54:12.951435Z",
      "slug": "btc-updown-5m-1789707000",
      "status": "skip_too_late_to_enter",
      "seconds_left": 47.048569679260254,
      "min_entry_seconds_left": 90,
      "max_entry_seconds_left": 150
    },
    {
      "ts": "2026-09-18T04:54:18.805615Z",
      "slug": "btc-updown-5m-1789707000",
      "status": "skip_too_late_to_enter",
      "seconds_left": 41.194392919540405,
      "min_entry_seconds_left": 90,
      "max_entry_seconds_left": 150
    },
    {
      "ts": "2026-09-18T04:54:21.254518Z",
      "slug": "btc-updown-5m-1789707000",
      "status": "skip_too_late_to_enter",
      "seconds_left": 38.74548625946045,
      "min_entry_seconds_left": 90,
      "max_entry_seconds_left": 150
    },
    {
      "ts": "2026-09-18T04:54:23.626441Z",
      "slug": "btc-updown-5m-1789707000",
      "status": "skip_too_late_to_enter",
      "seconds_left": 36.373565673828125,
      "min_entry_seconds_left": 90,
      "max_entry_seconds_left": 150
    },
    {
      "ts": "2026-09-18T04:54:25.970829Z",
      "slug": "btc-updown-5m-1789707000",
      "status": "skip_too_late_to_enter",
      "seconds_left": 34.02917551994324,
      "min_entry_seconds_left": 90,
      "max_entry_seconds_left": 150
    },
    {
      "ts": "2026-09-18T04:54:28.263432Z",
      "slug": "btc-updown-5m-1789707000",
      "status": "skip_too_late_to_enter",
      "seconds_left": 31.736576080322266,
      "min_entry_seconds_left": 90,
      "max_entry_seconds_left": 150
    },
    {
      "ts": "2026-09-18T04:54:30.552654Z",
      "slug": "btc-updown-5m-1789707000",
      "status": "skip_too_late_to_enter",
      "seconds_left": 29.44735360145569,
      "min_entry_seconds_left": 90,
      "max_entry_seconds_left": 150
    },
    {
      "ts": "2026-09-18T04:54:32.891962Z",
      "slug": "btc-updown-5m-1789707000",
      "status": "skip_too_late_to_enter",
      "seconds_left": 27.10804557800293,
      "min_entry_seconds_left": 90,
      "max_entry_seconds_left": 150
    },
    {
      "ts": "2026-09-18T04:54:35.163339Z",
      "slug": "btc-updown-5m-1789707000",
      "status": "skip_too_late_to_enter",
      "seconds_left": 24.836668252944946,
      "min_entry_seconds_left": 90,
      "max_entry_seconds_left": 150
    },
    {
      "ts": "2026-09-18T04:54:37.462711Z",
      "slug": "btc-updown-5m-1789707000",
      "status": "skip_too_late_to_enter",
      "seconds_left": 22.53729510307312,
      "min_entry_seconds_left": 90,
      "max_entry_seconds_left": 150
    },
    {
      "ts": "2026-09-18T04:54:39.747742Z",
      "slug": "btc-updown-5m-1789707000",
      "status": "skip_too_late_to_enter",
      "seconds_left": 20.25226616859436,
      "min_entry_seconds_left": 90,
      "max_entry_seconds_left": 150
    },
    {
      "ts": "2026-09-18T04:54:42.051586Z",
      "slug": "btc-updown-5m-1789707000",
      "status": "skip_too_late_to_enter",
      "seconds_left": 17.94842267036438,
      "min_entry_seconds_left": 90,
      "max_entry_seconds_left": 150
    },
    {
      "ts": "2026-09-18T04:54:44.476387Z",
      "slug": "btc-updown-5m-1789707000",
      "status": "skip_too_late_to_enter",
      "seconds_left": 15.523622035980225,
      "min_entry_seconds_left": 90,
      "max_entry_seconds_left": 150
    },
    {
      "ts": "2026-09-18T04:54:46.787651Z",
      "slug": "btc-updown-5m-1789707000",
      "status": "skip_too_late_to_enter",
      "seconds_left": 13.212357521057129,
      "min_entry_seconds_left": 90,
      "max_entry_seconds_left": 150
    },
    {
      "ts": "2026-09-18T04:54:49.073652Z",
      "slug": "btc-updown-5m-1789707000",
      "status": "skip_too_late_to_enter",
      "seconds_left": 10.92635440826416,
      "min_entry_seconds_left": 90,
      "max_entry_seconds_left": 150
    },
    {
      "ts": "2026-09-18T04:54:54.957476Z",
      "slug": "btc-updown-5m-1789707000",
      "status": "skip_too_late_to_enter",
      "seconds_left": 5.04254412651062,
      "min_entry_seconds_left": 90,
      "max_entry_seconds_left": 150
    },
    {
      "ts": "2026-09-18T04:54:57.269678Z",
      "status": "heartbeat_no_current_market"
    },
    {
      "ts": "2026-09-18T04:54:59.567976Z",
      "status": "heartbeat_no_current_market"
    },
    {
      "ts": "2026-09-18T04:55:01.851984Z",
      "slug": "btc-updown-5m-1789707300",
      "status": "skip_too_early_to_enter",
      "seconds_left": 298.14802169799805,
      "min_entry_seconds_left": 90,
      "max_entry_seconds_left": 150
    },
    {
      "ts": "2026-09-18T04:55:04.155662Z",
      "slug": "btc-updown-5m-1789707300",
      "status": "skip_too_early_to_enter",
      "seconds_left": 295.84434247016907,
      "min_entry_seconds_left": 90,
      "max_entry_seconds_left": 150
    },
    {
      "ts": "2026-09-18T04:55:06.444378Z",
      "slug": "btc-updown-5m-1789707300",
      "status": "skip_too_early_to_enter",
      "seconds_left": 293.55562949180603,
      "min_entry_seconds_left": 90,
      "max_entry_seconds_left": 150
    },
    {
      "ts": "2026-09-18T04:55:08.736406Z",
      "slug": "btc-updown-5m-1789707300",
      "status": "skip_too_early_to_enter",
      "seconds_left": 291.2636020183563,
      "min_entry_seconds_left": 90,
      "max_entry_seconds_left": 150
    },
    {
      "ts": "2026-09-18T04:55:11.050055Z",
      "slug": "btc-updown-5m-1789707300",
      "status": "skip_too_early_to_enter",
      "seconds_left": 288.94995188713074,
      "min_entry_seconds_left": 90,
      "max_entry_seconds_left": 150
    },
    {
      "ts": "2026-09-18T04:55:13.346393Z",
      "slug": "btc-updown-5m-1789707300",
      "status": "skip_too_early_to_enter",
      "seconds_left": 286.6536147594452,
      "min_entry_seconds_left": 90,
      "max_entry_seconds_left": 150
    },
    {
      "ts": "2026-09-18T04:55:15.658822Z",
      "slug": "btc-updown-5m-1789707300",
      "status": "skip_too_early_to_enter",
      "seconds_left": 284.34118604660034,
      "min_entry_seconds_left": 90,
      "max_entry_seconds_left": 150
    },
    {
      "ts": "2026-09-18T04:55:18.207019Z",
      "slug": "btc-updown-5m-1789707300",
      "status": "skip_too_early_to_enter",
      "seconds_left": 281.7929890155792,
      "min_entry_seconds_left": 90,
      "max_entry_seconds_left": 150
    },
    {
      "ts": "2026-09-18T04:55:20.501059Z",
      "slug": "btc-updown-5m-1789707300",
      "status": "skip_too_early_to_enter",
      "seconds_left": 279.49894857406616,
      "min_entry_seconds_left": 90,
      "max_entry_seconds_left": 150
    },
    {
      "ts": "2026-09-18T04:55:23.078514Z",
      "slug": "btc-updown-5m-1789707300",
      "status": "skip_too_early_to_enter",
      "seconds_left": 276.92149448394775,
      "min_entry_seconds_left": 90,
      "max_entry_seconds_left": 150
    },
    {
      "ts": "2026-09-18T04:55:25.369031Z",
      "slug": "btc-updown-5m-1789707300",
      "status": "skip_too_early_to_enter",
      "seconds_left": 274.6309769153595,
      "min_entry_seconds_left": 90,
      "max_entry_seconds_left": 150
    },
    {
      "ts": "2026-09-18T04:55:31.304102Z",
      "slug": "btc-updown-5m-1789707300",
      "status": "skip_too_early_to_enter",
      "seconds_left": 268.6959021091461,
      "min_entry_seconds_left": 90,
      "max_entry_seconds_left": 150
    },
    {
      "ts": "2026-09-18T04:55:33.613310Z",
      "slug": "btc-updown-5m-1789707300",
      "status": "skip_too_early_to_enter",
      "seconds_left": 266.3866980075836,
      "min_entry_seconds_left": 90,
      "max_entry_seconds_left": 150
    },
    {
      "ts": "2026-09-18T04:55:35.925545Z",
      "slug": "btc-updown-5m-1789707300",
      "status": "skip_too_early_to_enter",
      "seconds_left": 264.07446122169495,
      "min_entry_seconds_left": 90,
      "max_entry_seconds_left": 150
    },
    {
      "ts": "2026-09-18T04:55:38.222598Z",
      "slug": "btc-updown-5m-1789707300",
      "status": "skip_too_early_to_enter",
      "seconds_left": 261.7774107456207,
      "min_entry_seconds_left": 90,
      "max_entry_seconds_left": 150
    },
    {
      "ts": "2026-09-18T04:55:40.513091Z",
      "slug": "btc-updown-5m-1789707300",
      "status": "skip_too_early_to_enter",
      "seconds_left": 259.4869179725647,
      "min_entry_seconds_left": 90,
      "max_entry_seconds_left": 150
    },
    {
      "ts": "2026-09-18T04:55:42.928531Z",
      "slug": "btc-updown-5m-1789707300",
      "status": "skip_too_early_to_enter",
      "seconds_left": 257.0714764595032,
      "min_entry_seconds_left": 90,
      "max_entry_seconds_left": 150
    },
    {
      "ts": "2026-09-18T04:55:45.217766Z",
      "slug": "btc-updown-5m-1789707300",
      "status": "skip_too_early_to_enter",
      "seconds_left": 254.78224277496338,
      "min_entry_seconds_left": 90,
      "max_entry_seconds_left": 150
    },
    {
      "ts": "2026-09-18T04:55:47.503366Z",
      "slug": "btc-updown-5m-1789707300",
      "status": "skip_too_early_to_enter",
      "seconds_left": 252.49664330482483,
      "min_entry_seconds_left": 90,
      "max_entry_seconds_left": 150
    },
    {
      "ts": "2026-09-18T04:55:49.786772Z",
      "slug": "btc-updown-5m-1789707300",
      "status": "skip_too_early_to_enter",
      "seconds_left": 250.21323680877686,
      "min_entry_seconds_left": 90,
      "max_entry_seconds_left": 150
    },
    {
      "ts": "2026-09-18T04:55:52.071486Z",
      "slug": "btc-updown-5m-1789707300",
      "status": "skip_too_early_to_enter",
      "seconds_left": 247.92852234840393,
      "min_entry_seconds_left": 90,
      "max_entry_seconds_left": 150
    },
    {
      "ts": "2026-09-18T04:55:54.351546Z",
      "slug": "btc-updown-5m-1789707300",
      "status": "skip_too_early_to_enter",
      "seconds_left": 245.6484615802765,
      "min_entry_seconds_left": 90,
      "max_entry_seconds_left": 150
    },
    {
      "ts": "2026-09-18T04:55:56.643678Z",
      "slug": "btc-updown-5m-1789707300",
      "status": "skip_too_early_to_enter",
      "seconds_left": 243.3563265800476,
      "min_entry_seconds_left": 90,
      "max_entry_seconds_left": 150
    },
    {
      "ts": "2026-09-18T04:55:58.915792Z",
      "slug": "btc-updown-5m-1789707300",
      "status": "skip_too_early_to_enter",
      "seconds_left": 241.08421325683594,
      "min_entry_seconds_left": 90,
      "max_entry_seconds_left": 150
    },
    {
      "ts": "2026-09-18T04:56:01.205145Z",
      "slug": "btc-updown-5m-1789707300",
      "status": "skip_too_early_to_enter",
      "seconds_left": 238.7948694229126,
      "min_entry_seconds_left": 90,
      "max_entry_seconds_left": 150
    },
    {
      "ts": "2026-09-18T04:56:03.484522Z",
      "slug": "btc-updown-5m-1789707300",
      "status": "skip_too_early_to_enter",
      "seconds_left": 236.51548409461975,
      "min_entry_seconds_left": 90,
      "max_entry_seconds_left": 150
    },
    {
      "ts": "2026-09-18T04:56:05.774377Z",
      "slug": "btc-updown-5m-1789707300",
      "status": "skip_too_early_to_enter",
      "seconds_left": 234.2256302833557,
      "min_entry_seconds_left": 90,
      "max_entry_seconds_left": 150
    },
    {
      "ts": "2026-09-18T04:56:08.095602Z",
      "slug": "btc-updown-5m-1789707300",
      "status": "skip_too_early_to_enter",
      "seconds_left": 231.90440344810486,
      "min_entry_seconds_left": 90,
      "max_entry_seconds_left": 150
    },
    {
      "ts": "2026-09-18T04:56:10.371602Z",
      "slug": "btc-updown-5m-1789707300",
      "status": "skip_too_early_to_enter",
      "seconds_left": 229.62840223312378,
      "min_entry_seconds_left": 90,
      "max_entry_seconds_left": 150
    },
    {
      "ts": "2026-09-18T04:56:12.750497Z",
      "slug": "btc-updown-5m-1789707300",
      "status": "skip_too_early_to_enter",
      "seconds_left": 227.2495081424713,
      "min_entry_seconds_left": 90,
      "max_entry_seconds_left": 150
    },
    {
      "ts": "2026-09-18T04:56:15.087308Z",
      "slug": "btc-updown-5m-1789707300",
      "status": "skip_too_early_to_enter",
      "seconds_left": 224.91271829605103,
      "min_entry_seconds_left": 90,
      "max_entry_seconds_left": 150
    },
    {
      "ts": "2026-09-18T04:56:17.369130Z",
      "slug": "btc-updown-5m-1789707300",
      "status": "skip_too_early_to_enter",
      "seconds_left": 222.63087797164917,
      "min_entry_seconds_left": 90,
      "max_entry_seconds_left": 150
    },
    {
      "ts": "2026-09-18T04:56:24.972660Z",
      "slug": "btc-updown-5m-1789707300",
      "status": "skip_too_early_to_enter",
      "seconds_left": 215.0273470878601,
      "min_entry_seconds_left": 90,
      "max_entry_seconds_left": 150
    },
    {
      "ts": "2026-09-18T04:56:27.269116Z",
      "slug": "btc-updown-5m-1789707300",
      "status": "skip_too_early_to_enter",
      "seconds_left": 212.73088812828064,
      "min_entry_seconds_left": 90,
      "max_entry_seconds_left": 150
    },
    {
      "ts": "2026-09-18T04:56:29.539397Z",
      "slug": "btc-updown-5m-1789707300",
      "status": "skip_too_early_to_enter",
      "seconds_left": 210.46061086654663,
      "min_entry_seconds_left": 90,
      "max_entry_seconds_left": 150
    },
    {
      "ts": "2026-09-18T04:56:31.825118Z",
      "slug": "btc-updown-5m-1789707300",
      "status": "skip_too_early_to_enter",
      "seconds_left": 208.17488837242126,
      "min_entry_seconds_left": 90,
      "max_entry_seconds_left": 150
    },
    {
      "ts": "2026-09-18T04:56:34.130149Z",
      "slug": "btc-updown-5m-1789707300",
      "status": "skip_too_early_to_enter",
      "seconds_left": 205.86985850334167,
      "min_entry_seconds_left": 90,
      "max_entry_seconds_left": 150
    },
    {
      "ts": "2026-09-18T04:56:36.440164Z",
      "slug": "btc-updown-5m-1789707300",
      "status": "skip_too_early_to_enter",
      "seconds_left": 203.5598430633545,
      "min_entry_seconds_left": 90,
      "max_entry_seconds_left": 150
    },
    {
      "ts": "2026-09-18T04:56:38.755898Z",
      "slug": "btc-updown-5m-1789707300",
      "status": "skip_too_early_to_enter",
      "seconds_left": 201.24410963058472,
      "min_entry_seconds_left": 90,
      "max_entry_seconds_left": 150
    },
    {
      "ts": "2026-09-18T04:56:41.045695Z",
      "slug": "btc-updown-5m-1789707300",
      "status": "skip_too_early_to_enter",
      "seconds_left": 198.95431303977966,
      "min_entry_seconds_left": 90,
      "max_entry_seconds_left": 150
    },
    {
      "ts": "2026-09-18T04:56:43.348028Z",
      "slug": "btc-updown-5m-1789707300",
      "status": "skip_too_early_to_enter",
      "seconds_left": 196.6519775390625,
      "min_entry_seconds_left": 90,
      "max_entry_seconds_left": 150
    },
    {
      "ts": "2026-09-18T04:56:45.659131Z",
      "slug": "btc-updown-5m-1789707300",
      "status": "skip_too_early_to_enter",
      "seconds_left": 194.3408763408661,
      "min_entry_seconds_left": 90,
      "max_entry_seconds_left": 150
    },
    {
      "ts": "2026-09-18T04:56:47.953729Z",
      "slug": "btc-updown-5m-1789707300",
      "status": "skip_too_early_to_enter",
      "seconds_left": 192.04627752304077,
      "min_entry_seconds_left": 90,
      "max_entry_seconds_left": 150
    },
    {
      "ts": "2026-09-18T04:56:50.273787Z",
      "slug": "btc-updown-5m-1789707300",
      "status": "skip_too_early_to_enter",
      "seconds_left": 189.72622060775757,
      "min_entry_seconds_left": 90,
      "max_entry_seconds_left": 150
    },
    {
      "ts": "2026-09-18T04:56:52.593267Z",
      "slug": "btc-updown-5m-1789707300",
      "status": "skip_too_early_to_enter",
      "seconds_left": 187.40674114227295,
      "min_entry_seconds_left": 90,
      "max_entry_seconds_left": 150
    },
    {
      "ts": "2026-09-18T04:56:54.904970Z",
      "slug": "btc-updown-5m-1789707300",
      "status": "skip_too_early_to_enter",
      "seconds_left": 185.09503412246704,
      "min_entry_seconds_left": 90,
      "max_entry_seconds_left": 150
    },
    {
      "ts": "2026-09-18T04:57:00.819424Z",
      "slug": "btc-updown-5m-1789707300",
      "status": "skip_too_early_to_enter",
      "seconds_left": 179.180584192276,
      "min_entry_seconds_left": 90,
      "max_entry_seconds_left": 150
    },
    {
      "ts": "2026-09-18T04:57:03.101908Z",
      "slug": "btc-updown-5m-1789707300",
      "status": "skip_too_early_to_enter",
      "seconds_left": 176.8980996608734,
      "min_entry_seconds_left": 90,
      "max_entry_seconds_left": 150
    },
    {
      "ts": "2026-09-18T04:57:05.395810Z",
      "slug": "btc-updown-5m-1789707300",
      "status": "skip_too_early_to_enter",
      "seconds_left": 174.60419535636902,
      "min_entry_seconds_left": 90,
      "max_entry_seconds_left": 150
    },
    {
      "ts": "2026-09-18T04:57:07.779097Z",
      "slug": "btc-updown-5m-1789707300",
      "status": "skip_too_early_to_enter",
      "seconds_left": 172.22090792655945,
      "min_entry_seconds_left": 90,
      "max_entry_seconds_left": 150
    },
    {
      "ts": "2026-09-18T04:57:10.068886Z",
      "slug": "btc-updown-5m-1789707300",
      "status": "skip_too_early_to_enter",
      "seconds_left": 169.9311215877533,
      "min_entry_seconds_left": 90,
      "max_entry_seconds_left": 150
    },
    {
      "ts": "2026-09-18T04:57:12.377744Z",
      "slug": "btc-updown-5m-1789707300",
      "status": "skip_too_early_to_enter",
      "seconds_left": 167.6222631931305,
      "min_entry_seconds_left": 90,
      "max_entry_seconds_left": 150
    },
    {
      "ts": "2026-09-18T04:57:14.666067Z",
      "slug": "btc-updown-5m-1789707300",
      "status": "skip_too_early_to_enter",
      "seconds_left": 165.33393955230713,
      "min_entry_seconds_left": 90,
      "max_entry_seconds_left": 150
    },
    {
      "ts": "2026-09-18T04:57:16.975486Z",
      "slug": "btc-updown-5m-1789707300",
      "status": "skip_too_early_to_enter",
      "seconds_left": 163.02452111244202,
      "min_entry_seconds_left": 90,
      "max_entry_seconds_left": 150
    },
    {
      "ts": "2026-09-18T04:57:19.268479Z",
      "slug": "btc-updown-5m-1789707300",
      "status": "skip_too_early_to_enter",
      "seconds_left": 160.73154997825623,
      "min_entry_seconds_left": 90,
      "max_entry_seconds_left": 150
    },
    {
      "ts": "2026-09-18T04:57:21.560795Z",
      "slug": "btc-updown-5m-1789707300",
      "status": "skip_too_early_to_enter",
      "seconds_left": 158.43921208381653,
      "min_entry_seconds_left": 90,
      "max_entry_seconds_left": 150
    },
    {
      "ts": "2026-09-18T04:57:23.882253Z",
      "slug": "btc-updown-5m-1789707300",
      "status": "skip_too_early_to_enter",
      "seconds_left": 156.11776280403137,
      "min_entry_seconds_left": 90,
      "max_entry_seconds_left": 150
    },
    {
      "ts": "2026-09-18T04:57:26.192084Z",
      "slug": "btc-updown-5m-1789707300",
      "status": "skip_too_early_to_enter",
      "seconds_left": 153.80792427062988,
      "min_entry_seconds_left": 90,
      "max_entry_seconds_left": 150
    },
    {
      "ts": "2026-09-18T04:57:28.500862Z",
      "slug": "btc-updown-5m-1789707300",
      "status": "skip_too_early_to_enter",
      "seconds_left": 151.49914574623108,
      "min_entry_seconds_left": 90,
      "max_entry_seconds_left": 150
    },
    {
      "ts": "2026-09-18T04:57:31.689262Z",
      "slug": "btc-updown-5m-1789707300",
      "status": "heartbeat",
      "gamma_up": 0.965,
      "gamma_down": 0.035,
      "clob_up_ask": 0.97,
      "clob_down_ask": 0.04,
      "seconds_left": 149.18029952049255,
      "min_spread": 0.010000000000000002
    },
    {
      "ts": "2026-09-18T04:57:31.689331Z",
      "slug": "btc-updown-5m-1789707300",
      "status": "skip_ask_too_expensive",
      "threshold": 0.7,
      "max_ask": 0.85,
      "win_streak": 2,
      "clob_up_ask": 0.97,
      "clob_down_ask": 0.04,
      "seconds_left": 149.18029952049255,
      "trigger_price": 0.97
    },
    {
      "ts": "2026-09-18T04:57:38.278463Z",
      "slug": "btc-updown-5m-1789707300",
      "status": "heartbeat",
      "gamma_up": 0.965,
      "gamma_down": 0.035,
      "clob_up_ask": 0.98,
      "clob_down_ask": 0.03,
      "seconds_left": 142.33195209503174,
      "min_spread": 0.009999999999999998
    },
    {
      "ts": "2026-09-18T04:57:38.278493Z",
      "slug": "btc-updown-5m-1789707300",
      "status": "skip_ask_too_expensive",
      "threshold": 0.7,
      "max_ask": 0.85,
      "win_streak": 2,
      "clob_up_ask": 0.98,
      "clob_down_ask": 0.03,
      "seconds_left": 142.33195209503174,
      "trigger_price": 0.98
    },
    {
      "ts": "2026-09-18T04:57:41.180363Z",
      "slug": "btc-updown-5m-1789707300",
      "status": "heartbeat",
      "gamma_up": 0.965,
      "gamma_down": 0.035,
      "clob_up_ask": 0.98,
      "clob_down_ask": 0.03,
      "seconds_left": 139.41949200630188,
      "min_spread": 0.009999999999999998
    },
    {
      "ts": "2026-09-18T04:57:41.180392Z",
      "slug": "btc-updown-5m-1789707300",
      "status": "skip_ask_too_expensive",
      "threshold": 0.7,
      "max_ask": 0.85,
      "win_streak": 2,
      "clob_up_ask": 0.98,
      "clob_down_ask": 0.03,
      "seconds_left": 139.41949200630188,
      "trigger_price": 0.98
    },
    {
      "ts": "2026-09-18T04:57:44.088519Z",
      "slug": "btc-updown-5m-1789707300",
      "status": "heartbeat",
      "gamma_up": 0.965,
      "gamma_down": 0.035,
      "clob_up_ask": 0.98,
      "clob_down_ask": 0.03,
      "seconds_left": 136.5346701145172,
      "min_spread": 0.009999999999999998
    },
    {
      "ts": "2026-09-18T04:57:44.088535Z",
      "slug": "btc-updown-5m-1789707300",
      "status": "skip_ask_too_expensive",
      "threshold": 0.7,
      "max_ask": 0.85,
      "win_streak": 2,
      "clob_up_ask": 0.98,
      "clob_down_ask": 0.03,
      "seconds_left": 136.5346701145172,
      "trigger_price": 0.98
    },
    {
      "ts": "2026-09-18T04:57:46.975944Z",
      "slug": "btc-updown-5m-1789707300",
      "status": "heartbeat",
      "gamma_up": 0.965,
      "gamma_down": 0.035,
      "clob_up_ask": 0.97,
      "clob_down_ask": 0.04,
      "seconds_left": 133.61087465286255,
      "min_spread": 0.010000000000000002
    },
    {
      "ts": "2026-09-18T04:57:46.975976Z",
      "slug": "btc-updown-5m-1789707300",
      "status": "skip_ask_too_expensive",
      "threshold": 0.7,
      "max_ask": 0.85,
      "win_streak": 2,
      "clob_up_ask": 0.97,
      "clob_down_ask": 0.04,
      "seconds_left": 133.61087465286255,
      "trigger_price": 0.97
    },
    {
      "ts": "2026-09-18T04:57:49.879823Z",
      "slug": "btc-updown-5m-1789707300",
      "status": "heartbeat",
      "gamma_up": 0.965,
      "gamma_down": 0.035,
      "clob_up_ask": 0.94,
      "clob_down_ask": 0.07,
      "seconds_left": 130.7264358997345,
      "min_spread": 0.009999999999999898
    },
    {
      "ts": "2026-09-18T04:57:49.879847Z",
      "slug": "btc-updown-5m-1789707300",
      "status": "skip_ask_too_expensive",
      "threshold": 0.7,
      "max_ask": 0.85,
      "win_streak": 2,
      "clob_up_ask": 0.94,
      "clob_down_ask": 0.07,
      "seconds_left": 130.7264358997345,
      "trigger_price": 0.94
    },
    {
      "ts": "2026-09-18T04:57:52.925739Z",
      "slug": "btc-updown-5m-1789707300",
      "status": "heartbeat",
      "gamma_up": 0.965,
      "gamma_down": 0.035,
      "clob_up_ask": 0.96,
      "clob_down_ask": 0.05,
      "seconds_left": 127.83247685432434,
      "min_spread": 0.010000000000000002
    },
    {
      "ts": "2026-09-18T04:57:52.925766Z",
      "slug": "btc-updown-5m-1789707300",
      "status": "skip_ask_too_expensive",
      "threshold": 0.7,
      "max_ask": 0.85,
      "win_streak": 2,
      "clob_up_ask": 0.96,
      "clob_down_ask": 0.05,
      "seconds_left": 127.83247685432434,
      "trigger_price": 0.96
    },
    {
      "ts": "2026-09-18T04:57:55.806096Z",
      "slug": "btc-updown-5m-1789707300",
      "status": "heartbeat",
      "gamma_up": 0.965,
      "gamma_down": 0.035,
      "clob_up_ask": 0.97,
      "clob_down_ask": 0.04,
      "seconds_left": 124.78710746765137,
      "min_spread": 0.010000000000000002
    },
    {
      "ts": "2026-09-18T04:57:55.806126Z",
      "slug": "btc-updown-5m-1789707300",
      "status": "skip_ask_too_expensive",
      "threshold": 0.7,
      "max_ask": 0.85,
      "win_streak": 2,
      "clob_up_ask": 0.97,
      "clob_down_ask": 0.04,
      "seconds_left": 124.78710746765137,
      "trigger_price": 0.97
    },
    {
      "ts": "2026-09-18T04:57:58.721457Z",
      "slug": "btc-updown-5m-1789707300",
      "status": "heartbeat",
      "gamma_up": 0.965,
      "gamma_down": 0.035,
      "clob_up_ask": 0.98,
      "clob_down_ask": 0.04,
      "seconds_left": 121.89937376976013,
      "min_spread": 0.010000000000000002
    },
    {
      "ts": "2026-09-18T04:57:58.721473Z",
      "slug": "btc-updown-5m-1789707300",
      "status": "skip_ask_too_expensive",
      "threshold": 0.7,
      "max_ask": 0.85,
      "win_streak": 2,
      "clob_up_ask": 0.98,
      "clob_down_ask": 0.04,
      "seconds_left": 121.89937376976013,
      "trigger_price": 0.98
    },
    {
      "ts": "2026-09-18T04:58:01.620705Z",
      "slug": "btc-updown-5m-1789707300",
      "status": "heartbeat",
      "gamma_up": 0.965,
      "gamma_down": 0.035,
      "clob_up_ask": 0.97,
      "clob_down_ask": 0.04,
      "seconds_left": 118.9985203742981,
      "min_spread": 0.010000000000000002
    },
    {
      "ts": "2026-09-18T04:58:01.620735Z",
      "slug": "btc-updown-5m-1789707300",
      "status": "skip_ask_too_expensive",
      "threshold": 0.7,
      "max_ask": 0.85,
      "win_streak": 2,
      "clob_up_ask": 0.97,
      "clob_down_ask": 0.04,
      "seconds_left": 118.9985203742981,
      "trigger_price": 0.97
    },
    {
      "ts": "2026-09-18T04:58:04.496795Z",
      "slug": "btc-updown-5m-1789707300",
      "status": "heartbeat",
      "gamma_up": 0.965,
      "gamma_down": 0.035,
      "clob_up_ask": 0.98,
      "clob_down_ask": 0.03,
      "seconds_left": 116.10191440582275,
      "min_spread": 0.009999999999999998
    },
    {
      "ts": "2026-09-18T04:58:04.496813Z",
      "slug": "btc-updown-5m-1789707300",
      "status": "skip_ask_too_expensive",
      "threshold": 0.7,
      "max_ask": 0.85,
      "win_streak": 2,
      "clob_up_ask": 0.98,
      "clob_down_ask": 0.03,
      "seconds_left": 116.10191440582275,
      "trigger_price": 0.98
    },
    {
      "ts": "2026-09-18T04:58:07.401729Z",
      "slug": "btc-updown-5m-1789707300",
      "status": "heartbeat",
      "gamma_up": 0.965,
      "gamma_down": 0.035,
      "clob_up_ask": 0.98,
      "clob_down_ask": 0.03,
      "seconds_left": 113.20526957511902,
      "min_spread": 0.009999999999999998
    },
    {
      "ts": "2026-09-18T04:58:07.401758Z",
      "slug": "btc-updown-5m-1789707300",
      "status": "skip_ask_too_expensive",
      "threshold": 0.7,
      "max_ask": 0.85,
      "win_streak": 2,
      "clob_up_ask": 0.98,
      "clob_down_ask": 0.03,
      "seconds_left": 113.20526957511902,
      "trigger_price": 0.98
    },
    {
      "ts": "2026-09-18T04:58:13.958804Z",
      "slug": "btc-updown-5m-1789707300",
      "status": "heartbeat",
      "gamma_up": 0.965,
      "gamma_down": 0.035,
      "clob_up_ask": 0.98,
      "clob_down_ask": 0.03,
      "seconds_left": 106.71696519851685,
      "min_spread": 0.009999999999999998
    },
    {
      "ts": "2026-09-18T04:58:13.958820Z",
      "slug": "btc-updown-5m-1789707300",
      "status": "skip_ask_too_expensive",
      "threshold": 0.7,
      "max_ask": 0.85,
      "win_streak": 2,
      "clob_up_ask": 0.98,
      "clob_down_ask": 0.03,
      "seconds_left": 106.71696519851685,
      "trigger_price": 0.98
    },
    {
      "ts": "2026-09-18T04:58:16.826407Z",
      "slug": "btc-updown-5m-1789707300",
      "status": "heartbeat",
      "gamma_up": 0.965,
      "gamma_down": 0.035,
      "clob_up_ask": 0.98,
      "clob_down_ask": 0.03,
      "seconds_left": 103.75407981872559,
      "min_spread": 0.009999999999999998
    },
    {
      "ts": "2026-09-18T04:58:16.826438Z",
      "slug": "btc-updown-5m-1789707300",
      "status": "skip_ask_too_expensive",
      "threshold": 0.7,
      "max_ask": 0.85,
      "win_streak": 2,
      "clob_up_ask": 0.98,
      "clob_down_ask": 0.03,
      "seconds_left": 103.75407981872559,
      "trigger_price": 0.98
    },
    {
      "ts": "2026-09-18T04:58:19.783912Z",
      "slug": "btc-updown-5m-1789707300",
      "status": "heartbeat",
      "gamma_up": 0.965,
      "gamma_down": 0.035,
      "clob_up_ask": 0.98,
      "clob_down_ask": 0.03,
      "seconds_left": 100.82629990577698,
      "min_spread": 0.009999999999999998
    },
    {
      "ts": "2026-09-18T04:58:19.783930Z",
      "slug": "btc-updown-5m-1789707300",
      "status": "skip_ask_too_expensive",
      "threshold": 0.7,
      "max_ask": 0.85,
      "win_streak": 2,
      "clob_up_ask": 0.98,
      "clob_down_ask": 0.03,
      "seconds_left": 100.82629990577698,
      "trigger_price": 0.98
    },
    {
      "ts": "2026-09-18T04:58:22.704252Z",
      "slug": "btc-updown-5m-1789707300",
      "status": "heartbeat",
      "gamma_up": 0.965,
      "gamma_down": 0.035,
      "clob_up_ask": 0.98,
      "clob_down_ask": 0.03,
      "seconds_left": 97.89325523376465,
      "min_spread": 0.009999999999999998
    },
    {
      "ts": "2026-09-18T04:58:22.704282Z",
      "slug": "btc-updown-5m-1789707300",
      "status": "skip_ask_too_expensive",
      "threshold": 0.7,
      "max_ask": 0.85,
      "win_streak": 2,
      "clob_up_ask": 0.98,
      "clob_down_ask": 0.03,
      "seconds_left": 97.89325523376465,
      "trigger_price": 0.98
    },
    {
      "ts": "2026-09-18T04:58:25.617941Z",
      "slug": "btc-updown-5m-1789707300",
      "status": "heartbeat",
      "gamma_up": 0.965,
      "gamma_down": 0.035,
      "clob_up_ask": 0.98,
      "clob_down_ask": 0.02,
      "seconds_left": 94.98754811286926,
      "min_spread": 0.01
    },
    {
      "ts": "2026-09-18T04:58:25.617969Z",
      "slug": "btc-updown-5m-1789707300",
      "status": "skip_ask_too_expensive",
      "threshold": 0.7,
      "max_ask": 0.85,
      "win_streak": 2,
      "clob_up_ask": 0.98,
      "clob_down_ask": 0.02,
      "seconds_left": 94.98754811286926,
      "trigger_price": 0.98
    },
    {
      "ts": "2026-09-18T04:58:28.515537Z",
      "slug": "btc-updown-5m-1789707300",
      "status": "heartbeat",
      "gamma_up": 0.965,
      "gamma_down": 0.035,
      "clob_up_ask": 0.99,
      "clob_down_ask": 0.02,
      "seconds_left": 92.09818983078003,
      "min_spread": 0.01
    },
    {
      "ts": "2026-09-18T04:58:28.515568Z",
      "slug": "btc-updown-5m-1789707300",
      "status": "skip_ask_too_expensive",
      "threshold": 0.7,
      "max_ask": 0.85,
      "win_streak": 2,
      "clob_up_ask": 0.99,
      "clob_down_ask": 0.02,
      "seconds_left": 92.09818983078003,
      "trigger_price": 0.99
    },
    {
      "ts": "2026-09-18T04:58:30.798294Z",
      "slug": "btc-updown-5m-1789707300",
      "status": "skip_too_late_to_enter",
      "seconds_left": 89.20171332359314,
      "min_entry_seconds_left": 90,
      "max_entry_seconds_left": 150
    },
    {
      "ts": "2026-09-18T04:58:33.122352Z",
      "slug": "btc-updown-5m-1789707300",
      "status": "skip_too_late_to_enter",
      "seconds_left": 86.87765622138977,
      "min_entry_seconds_left": 90,
      "max_entry_seconds_left": 150
    },
    {
      "ts": "2026-09-18T04:58:35.413396Z",
      "slug": "btc-updown-5m-1789707300",
      "status": "skip_too_late_to_enter",
      "seconds_left": 84.58661127090454,
      "min_entry_seconds_left": 90,
      "max_entry_seconds_left": 150
    },
    {
      "ts": "2026-09-18T04:58:37.713049Z",
      "slug": "btc-updown-5m-1789707300",
      "status": "skip_too_late_to_enter",
      "seconds_left": 82.28695893287659,
      "min_entry_seconds_left": 90,
      "max_entry_seconds_left": 150
    },
    {
      "ts": "2026-09-18T04:58:40.119654Z",
      "slug": "btc-updown-5m-1789707300",
      "status": "skip_too_late_to_enter",
      "seconds_left": 79.88035464286804,
      "min_entry_seconds_left": 90,
      "max_entry_seconds_left": 150
    },
    {
      "ts": "2026-09-18T04:58:42.501780Z",
      "slug": "btc-updown-5m-1789707300",
      "status": "skip_too_late_to_enter",
      "seconds_left": 77.49822354316711,
      "min_entry_seconds_left": 90,
      "max_entry_seconds_left": 150
    },
    {
      "ts": "2026-09-18T04:58:44.804512Z",
      "slug": "btc-updown-5m-1789707300",
      "status": "skip_too_late_to_enter",
      "seconds_left": 75.19549560546875,
      "min_entry_seconds_left": 90,
      "max_entry_seconds_left": 150
    },
    {
      "ts": "2026-09-18T04:58:47.147759Z",
      "slug": "btc-updown-5m-1789707300",
      "status": "skip_too_late_to_enter",
      "seconds_left": 72.8522469997406,
      "min_entry_seconds_left": 90,
      "max_entry_seconds_left": 150
    },
    {
      "ts": "2026-09-18T04:58:49.434768Z",
      "slug": "btc-updown-5m-1789707300",
      "status": "skip_too_late_to_enter",
      "seconds_left": 70.56523990631104,
      "min_entry_seconds_left": 90,
      "max_entry_seconds_left": 150
    },
    {
      "ts": "2026-09-18T04:58:51.753652Z",
      "slug": "btc-updown-5m-1789707300",
      "status": "skip_too_late_to_enter",
      "seconds_left": 68.24635577201843,
      "min_entry_seconds_left": 90,
      "max_entry_seconds_left": 150
    },
    {
      "ts": "2026-09-18T04:58:54.015627Z",
      "slug": "btc-updown-5m-1789707300",
      "status": "skip_too_late_to_enter",
      "seconds_left": 65.98437786102295,
      "min_entry_seconds_left": 90,
      "max_entry_seconds_left": 150
    },
    {
      "ts": "2026-09-18T04:58:56.338020Z",
      "slug": "btc-updown-5m-1789707300",
      "status": "skip_too_late_to_enter",
      "seconds_left": 63.661986351013184,
      "min_entry_seconds_left": 90,
      "max_entry_seconds_left": 150
    },
    {
      "ts": "2026-09-18T04:58:58.637815Z",
      "slug": "btc-updown-5m-1789707300",
      "status": "skip_too_late_to_enter",
      "seconds_left": 61.36219096183777,
      "min_entry_seconds_left": 90,
      "max_entry_seconds_left": 150
    },
    {
      "ts": "2026-09-18T04:59:06.235233Z",
      "slug": "btc-updown-5m-1789707300",
      "status": "skip_too_late_to_enter",
      "seconds_left": 53.764774322509766,
      "min_entry_seconds_left": 90,
      "max_entry_seconds_left": 150
    },
    {
      "ts": "2026-09-18T04:59:08.523214Z",
      "slug": "btc-updown-5m-1789707300",
      "status": "skip_too_late_to_enter",
      "seconds_left": 51.476794719696045,
      "min_entry_seconds_left": 90,
      "max_entry_seconds_left": 150
    },
    {
      "ts": "2026-09-18T04:59:10.826346Z",
      "slug": "btc-updown-5m-1789707300",
      "status": "skip_too_late_to_enter",
      "seconds_left": 49.17366337776184,
      "min_entry_seconds_left": 90,
      "max_entry_seconds_left": 150
    },
    {
      "ts": "2026-09-18T04:59:13.112061Z",
      "slug": "btc-updown-5m-1789707300",
      "status": "skip_too_late_to_enter",
      "seconds_left": 46.88794422149658,
      "min_entry_seconds_left": 90,
      "max_entry_seconds_left": 150
    },
    {
      "ts": "2026-09-18T04:59:15.496763Z",
      "slug": "btc-updown-5m-1789707300",
      "status": "skip_too_late_to_enter",
      "seconds_left": 44.50324320793152,
      "min_entry_seconds_left": 90,
      "max_entry_seconds_left": 150
    },
    {
      "ts": "2026-09-18T04:59:17.801098Z",
      "slug": "btc-updown-5m-1789707300",
      "status": "skip_too_late_to_enter",
      "seconds_left": 42.19891047477722,
      "min_entry_seconds_left": 90,
      "max_entry_seconds_left": 150
    },
    {
      "ts": "2026-09-18T04:59:20.088767Z",
      "slug": "btc-updown-5m-1789707300",
      "status": "skip_too_late_to_enter",
      "seconds_left": 39.91124081611633,
      "min_entry_seconds_left": 90,
      "max_entry_seconds_left": 150
    },
    {
      "ts": "2026-09-18T04:59:22.417373Z",
      "slug": "btc-updown-5m-1789707300",
      "status": "skip_too_late_to_enter",
      "seconds_left": 37.58263444900513,
      "min_entry_seconds_left": 90,
      "max_entry_seconds_left": 150
    },
    {
      "ts": "2026-09-18T04:59:24.843828Z",
      "slug": "btc-updown-5m-1789707300",
      "status": "skip_too_late_to_enter",
      "seconds_left": 35.156179666519165,
      "min_entry_seconds_left": 90,
      "max_entry_seconds_left": 150
    },
    {
      "ts": "2026-09-18T04:59:27.156127Z",
      "slug": "btc-updown-5m-1789707300",
      "status": "skip_too_late_to_enter",
      "seconds_left": 32.84388279914856,
      "min_entry_seconds_left": 90,
      "max_entry_seconds_left": 150
    },
    {
      "ts": "2026-09-18T04:59:29.449355Z",
      "slug": "btc-updown-5m-1789707300",
      "status": "skip_too_late_to_enter",
      "seconds_left": 30.5506534576416,
      "min_entry_seconds_left": 90,
      "max_entry_seconds_left": 150
    },
    {
      "ts": "2026-09-18T04:59:31.753563Z",
      "slug": "btc-updown-5m-1789707300",
      "status": "skip_too_late_to_enter",
      "seconds_left": 28.24644374847412,
      "min_entry_seconds_left": 90,
      "max_entry_seconds_left": 150
    },
    {
      "ts": "2026-09-18T04:59:34.055695Z",
      "slug": "btc-updown-5m-1789707300",
      "status": "skip_too_late_to_enter",
      "seconds_left": 25.94431447982788,
      "min_entry_seconds_left": 90,
      "max_entry_seconds_left": 150
    },
    {
      "ts": "2026-09-18T04:59:36.440916Z",
      "slug": "btc-updown-5m-1789707300",
      "status": "skip_too_late_to_enter",
      "seconds_left": 23.559090614318848,
      "min_entry_seconds_left": 90,
      "max_entry_seconds_left": 150
    },
    {
      "ts": "2026-09-18T04:59:42.342825Z",
      "slug": "btc-updown-5m-1789707300",
      "status": "skip_too_late_to_enter",
      "seconds_left": 17.657182455062866,
      "min_entry_seconds_left": 90,
      "max_entry_seconds_left": 150
    },
    {
      "ts": "2026-09-18T04:59:44.643559Z",
      "slug": "btc-updown-5m-1789707300",
      "status": "skip_too_late_to_enter",
      "seconds_left": 15.356446266174316,
      "min_entry_seconds_left": 90,
      "max_entry_seconds_left": 150
    },
    {
      "ts": "2026-09-18T04:59:46.939712Z",
      "slug": "btc-updown-5m-1789707300",
      "status": "skip_too_late_to_enter",
      "seconds_left": 13.06029486656189,
      "min_entry_seconds_left": 90,
      "max_entry_seconds_left": 150
    },
    {
      "ts": "2026-09-18T04:59:49.267301Z",
      "slug": "btc-updown-5m-1789707300",
      "status": "skip_too_late_to_enter",
      "seconds_left": 10.732707738876343,
      "min_entry_seconds_left": 90,
      "max_entry_seconds_left": 150
    },
    {
      "ts": "2026-09-18T04:59:51.526825Z",
      "slug": "btc-updown-5m-1789707300",
      "status": "skip_too_late_to_enter",
      "seconds_left": 8.473182916641235,
      "min_entry_seconds_left": 90,
      "max_entry_seconds_left": 150
    },
    {
      "ts": "2026-09-18T04:59:53.820270Z",
      "slug": "btc-updown-5m-1789707300",
      "status": "skip_too_late_to_enter",
      "seconds_left": 6.1797590255737305,
      "min_entry_seconds_left": 90,
      "max_entry_seconds_left": 150
    },
    {
      "ts": "2026-09-18T04:59:56.113408Z",
      "status": "heartbeat_no_current_market"
    },
    {
      "ts": "2026-09-18T04:59:58.405982Z",
      "status": "heartbeat_no_current_market"
    },
    {
      "ts": "2026-09-18T05:00:00.703498Z",
      "slug": "btc-updown-5m-1789707600",
      "status": "skip_too_early_to_enter",
      "seconds_left": 299.2965090274811,
      "min_entry_seconds_left": 90,
      "max_entry_seconds_left": 150
    },
    {
      "ts": "2026-09-18T05:00:02.960431Z",
      "slug": "btc-updown-5m-1789707600",
      "status": "skip_too_early_to_enter",
      "seconds_left": 297.0395724773407,
      "min_entry_seconds_left": 90,
      "max_entry_seconds_left": 150
    },
    {
      "ts": "2026-09-18T05:00:05.275358Z",
      "slug": "btc-updown-5m-1789707600",
      "status": "skip_too_early_to_enter",
      "seconds_left": 294.7246494293213,
      "min_entry_seconds_left": 90,
      "max_entry_seconds_left": 150
    },
    {
      "ts": "2026-09-18T05:00:07.555967Z",
      "slug": "btc-updown-5m-1789707600",
      "status": "skip_too_early_to_enter",
      "seconds_left": 292.44404315948486,
      "min_entry_seconds_left": 90,
      "max_entry_seconds_left": 150
    },
    {
      "ts": "2026-09-18T05:00:09.859147Z",
      "slug": "btc-updown-5m-1789707600",
      "status": "skip_too_early_to_enter",
      "seconds_left": 290.1408610343933,
      "min_entry_seconds_left": 90,
      "max_entry_seconds_left": 150
    },
    {
      "ts": "2026-09-18T05:00:12.163499Z",
      "slug": "btc-updown-5m-1789707600",
      "status": "skip_too_early_to_enter",
      "seconds_left": 287.83650946617126,
      "min_entry_seconds_left": 90,
      "max_entry_seconds_left": 150
    },
    {
      "ts": "2026-09-18T05:00:18.082988Z",
      "slug": "btc-updown-5m-1789707600",
      "status": "skip_too_early_to_enter",
      "seconds_left": 281.9170174598694,
      "min_entry_seconds_left": 90,
      "max_entry_seconds_left": 150
    },
    {
      "ts": "2026-09-18T05:00:20.422363Z",
      "slug": "btc-updown-5m-1789707600",
      "status": "skip_too_early_to_enter",
      "seconds_left": 279.5776448249817,
      "min_entry_seconds_left": 90,
      "max_entry_seconds_left": 150
    },
    {
      "ts": "2026-09-18T05:00:22.725722Z",
      "slug": "btc-updown-5m-1789707600",
      "status": "skip_too_early_to_enter",
      "seconds_left": 277.2742819786072,
      "min_entry_seconds_left": 90,
      "max_entry_seconds_left": 150
    },
    {
      "ts": "2026-09-18T05:00:25.026055Z",
      "slug": "btc-updown-5m-1789707600",
      "status": "skip_too_early_to_enter",
      "seconds_left": 274.97395181655884,
      "min_entry_seconds_left": 90,
      "max_entry_seconds_left": 150
    },
    {
      "ts": "2026-09-18T05:00:27.317111Z",
      "slug": "btc-updown-5m-1789707600",
      "status": "skip_too_early_to_enter",
      "seconds_left": 272.68289709091187,
      "min_entry_seconds_left": 90,
      "max_entry_seconds_left": 150
    },
    {
      "ts": "2026-09-18T05:00:29.609892Z",
      "slug": "btc-updown-5m-1789707600",
      "status": "skip_too_early_to_enter",
      "seconds_left": 270.3901164531708,
      "min_entry_seconds_left": 90,
      "max_entry_seconds_left": 150
    },
    {
      "ts": "2026-09-18T05:00:31.924136Z",
      "slug": "btc-updown-5m-1789707600",
      "status": "skip_too_early_to_enter",
      "seconds_left": 268.07587122917175,
      "min_entry_seconds_left": 90,
      "max_entry_seconds_left": 150
    },
    {
      "ts": "2026-09-18T05:00:34.334243Z",
      "slug": "btc-updown-5m-1789707600",
      "status": "skip_too_early_to_enter",
      "seconds_left": 265.66576409339905,
      "min_entry_seconds_left": 90,
      "max_entry_seconds_left": 150
    },
    {
      "ts": "2026-09-18T05:00:36.642748Z",
      "slug": "btc-updown-5m-1789707600",
      "status": "skip_too_early_to_enter",
      "seconds_left": 263.3572607040405,
      "min_entry_seconds_left": 90,
      "max_entry_seconds_left": 150
    },
    {
      "ts": "2026-09-18T05:00:38.936341Z",
      "slug": "btc-updown-5m-1789707600",
      "status": "skip_too_early_to_enter",
      "seconds_left": 261.0636637210846,
      "min_entry_seconds_left": 90,
      "max_entry_seconds_left": 150
    },
    {
      "ts": "2026-09-18T05:00:41.333847Z",
      "slug": "btc-updown-5m-1789707600",
      "status": "skip_too_early_to_enter",
      "seconds_left": 258.66617918014526,
      "min_entry_seconds_left": 90,
      "max_entry_seconds_left": 150
    },
    {
      "ts": "2026-09-18T05:00:43.585727Z",
      "slug": "btc-updown-5m-1789707600",
      "status": "skip_too_early_to_enter",
      "seconds_left": 256.41427755355835,
      "min_entry_seconds_left": 90,
      "max_entry_seconds_left": 150
    },
    {
      "ts": "2026-09-18T05:00:45.890318Z",
      "slug": "btc-updown-5m-1789707600",
      "status": "skip_too_early_to_enter",
      "seconds_left": 254.10968780517578,
      "min_entry_seconds_left": 90,
      "max_entry_seconds_left": 150
    },
    {
      "ts": "2026-09-18T05:00:48.165732Z",
      "slug": "btc-updown-5m-1789707600",
      "status": "skip_too_early_to_enter",
      "seconds_left": 251.83427333831787,
      "min_entry_seconds_left": 90,
      "max_entry_seconds_left": 150
    },
    {
      "ts": "2026-09-18T05:00:54.062409Z",
      "slug": "btc-updown-5m-1789707600",
      "status": "skip_too_early_to_enter",
      "seconds_left": 245.93759846687317,
      "min_entry_seconds_left": 90,
      "max_entry_seconds_left": 150
    },
    {
      "ts": "2026-09-18T05:00:56.375968Z",
      "slug": "btc-updown-5m-1789707600",
      "status": "skip_too_early_to_enter",
      "seconds_left": 243.6240427494049,
      "min_entry_seconds_left": 90,
      "max_entry_seconds_left": 150
    },
    {
      "ts": "2026-09-18T05:00:58.659166Z",
      "slug": "btc-updown-5m-1789707600",
      "status": "skip_too_early_to_enter",
      "seconds_left": 241.34083795547485,
      "min_entry_seconds_left": 90,
      "max_entry_seconds_left": 150
    },
    {
      "ts": "2026-09-18T05:01:00.952406Z",
      "slug": "btc-updown-5m-1789707600",
      "status": "skip_too_early_to_enter",
      "seconds_left": 239.04760146141052,
      "min_entry_seconds_left": 90,
      "max_entry_seconds_left": 150
    },
    {
      "ts": "2026-09-18T05:01:03.222527Z",
      "slug": "btc-updown-5m-1789707600",
      "status": "skip_too_early_to_enter",
      "seconds_left": 236.77747774124146,
      "min_entry_seconds_left": 90,
      "max_entry_seconds_left": 150
    },
    {
      "ts": "2026-09-18T05:01:05.487110Z",
      "slug": "btc-updown-5m-1789707600",
      "status": "skip_too_early_to_enter",
      "seconds_left": 234.51289558410645,
      "min_entry_seconds_left": 90,
      "max_entry_seconds_left": 150
    },
    {
      "ts": "2026-09-18T05:01:07.772548Z",
      "slug": "btc-updown-5m-1789707600",
      "status": "skip_too_early_to_enter",
      "seconds_left": 232.22745966911316,
      "min_entry_seconds_left": 90,
      "max_entry_seconds_left": 150
    },
    {
      "ts": "2026-09-18T05:01:10.069501Z",
      "slug": "btc-updown-5m-1789707600",
      "status": "skip_too_early_to_enter",
      "seconds_left": 229.93050932884216,
      "min_entry_seconds_left": 90,
      "max_entry_seconds_left": 150
    },
    {
      "ts": "2026-09-18T05:01:12.349088Z",
      "slug": "btc-updown-5m-1789707600",
      "status": "skip_too_early_to_enter",
      "seconds_left": 227.6509199142456,
      "min_entry_seconds_left": 90,
      "max_entry_seconds_left": 150
    },
    {
      "ts": "2026-09-18T05:01:14.642007Z",
      "slug": "btc-updown-5m-1789707600",
      "status": "skip_too_early_to_enter",
      "seconds_left": 225.35800194740295,
      "min_entry_seconds_left": 90,
      "max_entry_seconds_left": 150
    },
    {
      "ts": "2026-09-18T05:01:16.997556Z",
      "slug": "btc-updown-5m-1789707600",
      "status": "skip_too_early_to_enter",
      "seconds_left": 223.00245094299316,
      "min_entry_seconds_left": 90,
      "max_entry_seconds_left": 150
    },
    {
      "ts": "2026-09-18T05:01:19.271765Z",
      "slug": "btc-updown-5m-1789707600",
      "status": "skip_too_early_to_enter",
      "seconds_left": 220.7282419204712,
      "min_entry_seconds_left": 90,
      "max_entry_seconds_left": 150
    },
    {
      "ts": "2026-09-18T05:01:21.557407Z",
      "slug": "btc-updown-5m-1789707600",
      "status": "skip_too_early_to_enter",
      "seconds_left": 218.44260168075562,
      "min_entry_seconds_left": 90,
      "max_entry_seconds_left": 150
    },
    {
      "ts": "2026-09-18T05:01:23.843730Z",
      "slug": "btc-updown-5m-1789707600",
      "status": "skip_too_early_to_enter",
      "seconds_left": 216.15627479553223,
      "min_entry_seconds_left": 90,
      "max_entry_seconds_left": 150
    },
    {
      "ts": "2026-09-18T05:01:29.747460Z",
      "slug": "btc-updown-5m-1789707600",
      "status": "skip_too_early_to_enter",
      "seconds_left": 210.2525453567505,
      "min_entry_seconds_left": 90,
      "max_entry_seconds_left": 150
    },
    {
      "ts": "2026-09-18T05:01:32.182775Z",
      "slug": "btc-updown-5m-1789707600",
      "status": "skip_too_early_to_enter",
      "seconds_left": 207.817232131958,
      "min_entry_seconds_left": 90,
      "max_entry_seconds_left": 150
    },
    {
      "ts": "2026-09-18T05:01:34.477171Z",
      "slug": "btc-updown-5m-1789707600",
      "status": "skip_too_early_to_enter",
      "seconds_left": 205.52283644676208,
      "min_entry_seconds_left": 90,
      "max_entry_seconds_left": 150
    },
    {
      "ts": "2026-09-18T05:01:36.774644Z",
      "slug": "btc-updown-5m-1789707600",
      "status": "skip_too_early_to_enter",
      "seconds_left": 203.22535967826843,
      "min_entry_seconds_left": 90,
      "max_entry_seconds_left": 150
    },
    {
      "ts": "2026-09-18T05:01:39.063646Z",
      "slug": "btc-updown-5m-1789707600",
      "status": "skip_too_early_to_enter",
      "seconds_left": 200.93635869026184,
      "min_entry_seconds_left": 90,
      "max_entry_seconds_left": 150
    },
    {
      "ts": "2026-09-18T05:01:41.347007Z",
      "slug": "btc-updown-5m-1789707600",
      "status": "skip_too_early_to_enter",
      "seconds_left": 198.65300011634827,
      "min_entry_seconds_left": 90,
      "max_entry_seconds_left": 150
    },
    {
      "ts": "2026-09-18T05:01:43.627712Z",
      "slug": "btc-updown-5m-1789707600",
      "status": "skip_too_early_to_enter",
      "seconds_left": 196.372328042984,
      "min_entry_seconds_left": 90,
      "max_entry_seconds_left": 150
    },
    {
      "ts": "2026-09-18T05:01:45.962044Z",
      "slug": "btc-updown-5m-1789707600",
      "status": "skip_too_early_to_enter",
      "seconds_left": 194.03796362876892,
      "min_entry_seconds_left": 90,
      "max_entry_seconds_left": 150
    },
    {
      "ts": "2026-09-18T05:01:48.304563Z",
      "slug": "btc-updown-5m-1789707600",
      "status": "skip_too_early_to_enter",
      "seconds_left": 191.6954460144043,
      "min_entry_seconds_left": 90,
      "max_entry_seconds_left": 150
    },
    {
      "ts": "2026-09-18T05:01:50.581749Z",
      "slug": "btc-updown-5m-1789707600",
      "status": "skip_too_early_to_enter",
      "seconds_left": 189.41825938224792,
      "min_entry_seconds_left": 90,
      "max_entry_seconds_left": 150
    },
    {
      "ts": "2026-09-18T05:01:52.929402Z",
      "slug": "btc-updown-5m-1789707600",
      "status": "skip_too_early_to_enter",
      "seconds_left": 187.0706057548523,
      "min_entry_seconds_left": 90,
      "max_entry_seconds_left": 150
    },
    {
      "ts": "2026-09-18T05:01:55.224065Z",
      "slug": "btc-updown-5m-1789707600",
      "status": "skip_too_early_to_enter",
      "seconds_left": 184.77594351768494,
      "min_entry_seconds_left": 90,
      "max_entry_seconds_left": 150
    },
    {
      "ts": "2026-09-18T05:01:57.499689Z",
      "slug": "btc-updown-5m-1789707600",
      "status": "skip_too_early_to_enter",
      "seconds_left": 182.5003159046173,
      "min_entry_seconds_left": 90,
      "max_entry_seconds_left": 150
    },
    {
      "ts": "2026-09-18T05:01:59.842900Z",
      "slug": "btc-updown-5m-1789707600",
      "status": "skip_too_early_to_enter",
      "seconds_left": 180.1571056842804,
      "min_entry_seconds_left": 90,
      "max_entry_seconds_left": 150
    },
    {
      "ts": "2026-09-18T05:02:05.751928Z",
      "slug": "btc-updown-5m-1789707600",
      "status": "skip_too_early_to_enter",
      "seconds_left": 174.2480821609497,
      "min_entry_seconds_left": 90,
      "max_entry_seconds_left": 150
    },
    {
      "ts": "2026-09-18T05:02:08.063217Z",
      "slug": "btc-updown-5m-1789707600",
      "status": "skip_too_early_to_enter",
      "seconds_left": 171.93679118156433,
      "min_entry_seconds_left": 90,
      "max_entry_seconds_left": 150
    },
    {
      "ts": "2026-09-18T05:02:10.367381Z",
      "slug": "btc-updown-5m-1789707600",
      "status": "skip_too_early_to_enter",
      "seconds_left": 169.63262796401978,
      "min_entry_seconds_left": 90,
      "max_entry_seconds_left": 150
    },
    {
      "ts": "2026-09-18T05:02:12.730509Z",
      "slug": "btc-updown-5m-1789707600",
      "status": "skip_too_early_to_enter",
      "seconds_left": 167.26949858665466,
      "min_entry_seconds_left": 90,
      "max_entry_seconds_left": 150
    },
    {
      "ts": "2026-09-18T05:02:15.056422Z",
      "slug": "btc-updown-5m-1789707600",
      "status": "skip_too_early_to_enter",
      "seconds_left": 164.94358491897583,
      "min_entry_seconds_left": 90,
      "max_entry_seconds_left": 150
    },
    {
      "ts": "2026-09-18T05:02:17.339066Z",
      "slug": "btc-updown-5m-1789707600",
      "status": "skip_too_early_to_enter",
      "seconds_left": 162.6609387397766,
      "min_entry_seconds_left": 90,
      "max_entry_seconds_left": 150
    },
    {
      "ts": "2026-09-18T05:02:19.661590Z",
      "slug": "btc-updown-5m-1789707600",
      "status": "skip_too_early_to_enter",
      "seconds_left": 160.33841848373413,
      "min_entry_seconds_left": 90,
      "max_entry_seconds_left": 150
    },
    {
      "ts": "2026-09-18T05:02:21.959644Z",
      "slug": "btc-updown-5m-1789707600",
      "status": "skip_too_early_to_enter",
      "seconds_left": 158.0403652191162,
      "min_entry_seconds_left": 90,
      "max_entry_seconds_left": 150
    },
    {
      "ts": "2026-09-18T05:02:24.318163Z",
      "slug": "btc-updown-5m-1789707600",
      "status": "skip_too_early_to_enter",
      "seconds_left": 155.68184542655945,
      "min_entry_seconds_left": 90,
      "max_entry_seconds_left": 150
    },
    {
      "ts": "2026-09-18T05:02:26.661025Z",
      "slug": "btc-updown-5m-1789707600",
      "status": "skip_too_early_to_enter",
      "seconds_left": 153.33898401260376,
      "min_entry_seconds_left": 90,
      "max_entry_seconds_left": 150
    },
    {
      "ts": "2026-09-18T05:02:28.971521Z",
      "slug": "btc-updown-5m-1789707600",
      "status": "skip_too_early_to_enter",
      "seconds_left": 151.02848768234253,
      "min_entry_seconds_left": 90,
      "max_entry_seconds_left": 150
    },
    {
      "ts": "2026-09-18T05:02:32.207681Z",
      "slug": "btc-updown-5m-1789707600",
      "status": "heartbeat",
      "gamma_up": 0.495,
      "gamma_down": 0.505,
      "clob_up_ask": 0.51,
      "clob_down_ask": 0.5,
      "seconds_left": 148.68378162384033,
      "min_spread": 0.010000000000000009
    },
    {
      "ts": "2026-09-18T05:02:32.207876Z",
      "slug": "btc-updown-5m-1789707600",
      "status": "skip_price_below_threshold",
      "threshold": 0.7,
      "max_ask": 0.85,
      "win_streak": 2,
      "clob_up_ask": 0.51,
      "clob_down_ask": 0.5,
      "seconds_left": 148.68378162384033,
      "trigger_price": null
    },
    {
      "ts": "2026-09-18T05:02:35.208443Z",
      "slug": "btc-updown-5m-1789707600",
      "status": "heartbeat",
      "gamma_up": 0.495,
      "gamma_down": 0.505,
      "clob_up_ask": 0.52,
      "clob_down_ask": 0.49,
      "seconds_left": 145.38879799842834,
      "min_spread": 0.010000000000000009
    },
    {
      "ts": "2026-09-18T05:02:35.208467Z",
      "slug": "btc-updown-5m-1789707600",
      "status": "skip_price_below_threshold",
      "threshold": 0.7,
      "max_ask": 0.85,
      "win_streak": 2,
      "clob_up_ask": 0.52,
      "clob_down_ask": 0.49,
      "seconds_left": 145.38879799842834,
      "trigger_price": null
    },
    {
      "ts": "2026-09-18T05:02:38.155214Z",
      "slug": "btc-updown-5m-1789707600",
      "status": "heartbeat",
      "gamma_up": 0.495,
      "gamma_down": 0.505,
      "clob_up_ask": 0.51,
      "clob_down_ask": 0.5,
      "seconds_left": 142.44430923461914,
      "min_spread": 0.010000000000000009
    },
    {
      "ts": "2026-09-18T05:02:38.155241Z",
      "slug": "btc-updown-5m-1789707600",
      "status": "skip_price_below_threshold",
      "threshold": 0.7,
      "max_ask": 0.85,
      "win_streak": 2,
      "clob_up_ask": 0.51,
      "clob_down_ask": 0.5,
      "seconds_left": 142.44430923461914,
      "trigger_price": null
    },
    {
      "ts": "2026-09-18T05:02:44.662044Z",
      "slug": "btc-updown-5m-1789707600",
      "status": "heartbeat",
      "gamma_up": 0.495,
      "gamma_down": 0.505,
      "clob_up_ask": 0.49,
      "clob_down_ask": 0.52,
      "seconds_left": 135.96123909950256,
      "min_spread": 0.010000000000000009
    },
    {
      "ts": "2026-09-18T05:02:44.662070Z",
      "slug": "btc-updown-5m-1789707600",
      "status": "skip_price_below_threshold",
      "threshold": 0.7,
      "max_ask": 0.85,
      "win_streak": 2,
      "clob_up_ask": 0.49,
      "clob_down_ask": 0.52,
      "seconds_left": 135.96123909950256,
      "trigger_price": null
    },
    {
      "ts": "2026-09-18T05:02:47.613487Z",
      "slug": "btc-updown-5m-1789707600",
      "status": "heartbeat",
      "gamma_up": 0.495,
      "gamma_down": 0.505,
      "clob_up_ask": 0.44,
      "clob_down_ask": 0.58,
      "seconds_left": 133.04882407188416,
      "min_spread": 0.010000000000000009
    },
    {
      "ts": "2026-09-18T05:02:47.613510Z",
      "slug": "btc-updown-5m-1789707600",
      "status": "skip_price_below_threshold",
      "threshold": 0.7,
      "max_ask": 0.85,
      "win_streak": 2,
      "clob_up_ask": 0.44,
      "clob_down_ask": 0.58,
      "seconds_left": 133.04882407188416,
      "trigger_price": null
    },
    {
      "ts": "2026-09-18T05:02:50.513305Z",
      "slug": "btc-updown-5m-1789707600",
      "status": "heartbeat",
      "gamma_up": 0.495,
      "gamma_down": 0.505,
      "clob_up_ask": 0.38,
      "clob_down_ask": 0.63,
      "seconds_left": 130.09671592712402,
      "min_spread": 0.010000000000000009
    },
    {
      "ts": "2026-09-18T05:02:50.513365Z",
      "slug": "btc-updown-5m-1789707600",
      "status": "skip_price_below_threshold",
      "threshold": 0.7,
      "max_ask": 0.85,
      "win_streak": 2,
      "clob_up_ask": 0.38,
      "clob_down_ask": 0.63,
      "seconds_left": 130.09671592712402,
      "trigger_price": null
    },
    {
      "ts": "2026-09-18T05:02:53.450039Z",
      "slug": "btc-updown-5m-1789707600",
      "status": "heartbeat",
      "gamma_up": 0.495,
      "gamma_down": 0.505,
      "clob_up_ask": 0.41,
      "clob_down_ask": 0.6,
      "seconds_left": 127.18618297576904,
      "min_spread": 0.009999999999999953
    },
    {
      "ts": "2026-09-18T05:02:53.450057Z",
      "slug": "btc-updown-5m-1789707600",
      "status": "skip_price_below_threshold",
      "threshold": 0.7,
      "max_ask": 0.85,
      "win_streak": 2,
      "clob_up_ask": 0.41,
      "clob_down_ask": 0.6,
      "seconds_left": 127.18618297576904,
      "trigger_price": null
    },
    {
      "ts": "2026-09-18T05:02:56.357123Z",
      "slug": "btc-updown-5m-1789707600",
      "status": "heartbeat",
      "gamma_up": 0.495,
      "gamma_down": 0.505,
      "clob_up_ask": 0.4,
      "clob_down_ask": 0.62,
      "seconds_left": 124.26080822944641,
      "min_spread": 0.010000000000000009
    },
    {
      "ts": "2026-09-18T05:02:56.357139Z",
      "slug": "btc-updown-5m-1789707600",
      "status": "skip_price_below_threshold",
      "threshold": 0.7,
      "max_ask": 0.85,
      "win_streak": 2,
      "clob_up_ask": 0.4,
      "clob_down_ask": 0.62,
      "seconds_left": 124.26080822944641,
      "trigger_price": null
    },
    {
      "ts": "2026-09-18T05:02:59.292803Z",
      "slug": "btc-updown-5m-1789707600",
      "status": "heartbeat",
      "gamma_up": 0.495,
      "gamma_down": 0.505,
      "clob_up_ask": 0.39,
      "clob_down_ask": 0.61,
      "seconds_left": 121.31518697738647,
      "min_spread": 0.010000000000000009
    },
    {
      "ts": "2026-09-18T05:02:59.292824Z",
      "slug": "btc-updown-5m-1789707600",
      "status": "skip_price_below_threshold",
      "threshold": 0.7,
      "max_ask": 0.85,
      "win_streak": 2,
      "clob_up_ask": 0.39,
      "clob_down_ask": 0.61,
      "seconds_left": 121.31518697738647,
      "trigger_price": null
    },
    {
      "ts": "2026-09-18T05:03:02.157923Z",
      "slug": "btc-updown-5m-1789707600",
      "status": "heartbeat",
      "gamma_up": 0.495,
      "gamma_down": 0.505,
      "clob_up_ask": 0.48,
      "clob_down_ask": 0.6,
      "seconds_left": 118.42594909667969,
      "min_spread": 0.04999999999999993
    },
    {
      "ts": "2026-09-18T05:03:02.157946Z",
      "slug": "btc-updown-5m-1789707600",
      "status": "skip_price_below_threshold",
      "threshold": 0.7,
      "max_ask": 0.85,
      "win_streak": 2,
      "clob_up_ask": 0.48,
      "clob_down_ask": 0.6,
      "seconds_left": 118.42594909667969,
      "trigger_price": null
    },
    {
      "ts": "2026-09-18T05:03:05.055739Z",
      "slug": "btc-updown-5m-1789707600",
      "status": "heartbeat",
      "gamma_up": 0.495,
      "gamma_down": 0.505,
      "clob_up_ask": 0.33,
      "clob_down_ask": 0.68,
      "seconds_left": 115.5560576915741,
      "min_spread": 0.010000000000000009
    },
    {
      "ts": "2026-09-18T05:03:05.055763Z",
      "slug": "btc-updown-5m-1789707600",
      "status": "skip_price_below_threshold",
      "threshold": 0.7,
      "max_ask": 0.85,
      "win_streak": 2,
      "clob_up_ask": 0.33,
      "clob_down_ask": 0.68,
      "seconds_left": 115.5560576915741,
      "trigger_price": null
    },
    {
      "ts": "2026-09-18T05:03:07.900808Z",
      "slug": "btc-updown-5m-1789707600",
      "status": "heartbeat",
      "gamma_up": 0.495,
      "gamma_down": 0.505,
      "clob_up_ask": 0.29,
      "clob_down_ask": 0.72,
      "seconds_left": 112.68661284446716,
      "min_spread": 0.009999999999999953
    },
    {
      "ts": "2026-09-18T05:03:19.137642Z",
      "slug": "btc-updown-5m-1789707600",
      "status": "heartbeat",
      "gamma_up": 0.495,
      "gamma_down": 0.505,
      "clob_up_ask": 0.27,
      "clob_down_ask": 0.75,
      "seconds_left": 101.62004017829895,
      "min_spread": 0.010000000000000009
    },
    {
      "ts": "2026-09-18T05:03:26.963253Z",
      "slug": "btc-updown-5m-1789707600",
      "status": "heartbeat",
      "gamma_up": 0.495,
      "gamma_down": 0.505,
      "clob_up_ask": 0.12,
      "clob_down_ask": 0.9,
      "seconds_left": 93.7742702960968,
      "min_spread": 0.009999999999999995
    },
    {
      "ts": "2026-09-18T05:03:26.963281Z",
      "slug": "btc-updown-5m-1789707600",
      "status": "skip_ask_too_expensive",
      "threshold": 0.7,
      "max_ask": 0.85,
      "win_streak": 2,
      "clob_up_ask": 0.12,
      "clob_down_ask": 0.9,
      "seconds_left": 93.7742702960968,
      "trigger_price": 0.9
    },
    {
      "ts": "2026-09-18T05:03:29.829456Z",
      "slug": "btc-updown-5m-1789707600",
      "status": "heartbeat",
      "gamma_up": 0.495,
      "gamma_down": 0.505,
      "clob_up_ask": 0.11,
      "clob_down_ask": 0.9,
      "seconds_left": 90.76813793182373,
      "min_spread": 0.009999999999999995
    },
    {
      "ts": "2026-09-18T05:03:29.829479Z",
      "slug": "btc-updown-5m-1789707600",
      "status": "skip_ask_too_expensive",
      "threshold": 0.7,
      "max_ask": 0.85,
      "win_streak": 2,
      "clob_up_ask": 0.11,
      "clob_down_ask": 0.9,
      "seconds_left": 90.76813793182373,
      "trigger_price": 0.9
    },
    {
      "ts": "2026-09-18T05:03:32.125527Z",
      "slug": "btc-updown-5m-1789707600",
      "status": "skip_too_late_to_enter",
      "seconds_left": 87.87448215484619,
      "min_entry_seconds_left": 90,
      "max_entry_seconds_left": 150
    },
    {
      "ts": "2026-09-18T05:03:34.471332Z",
      "slug": "btc-updown-5m-1789707600",
      "status": "skip_too_late_to_enter",
      "seconds_left": 85.52867555618286,
      "min_entry_seconds_left": 90,
      "max_entry_seconds_left": 150
    },
    {
      "ts": "2026-09-18T05:03:36.762754Z",
      "slug": "btc-updown-5m-1789707600",
      "status": "skip_too_late_to_enter",
      "seconds_left": 83.23725199699402,
      "min_entry_seconds_left": 90,
      "max_entry_seconds_left": 150
    },
    {
      "ts": "2026-09-18T05:03:39.093128Z",
      "slug": "btc-updown-5m-1789707600",
      "status": "skip_too_late_to_enter",
      "seconds_left": 80.90687870979309,
      "min_entry_seconds_left": 90,
      "max_entry_seconds_left": 150
    },
    {
      "ts": "2026-09-18T05:03:41.375798Z",
      "slug": "btc-updown-5m-1789707600",
      "status": "skip_too_late_to_enter",
      "seconds_left": 78.6242094039917,
      "min_entry_seconds_left": 90,
      "max_entry_seconds_left": 150
    },
    {
      "ts": "2026-09-18T05:03:43.694515Z",
      "slug": "btc-updown-5m-1789707600",
      "status": "skip_too_late_to_enter",
      "seconds_left": 76.3054928779602,
      "min_entry_seconds_left": 90,
      "max_entry_seconds_left": 150
    },
    {
      "ts": "2026-09-18T05:03:46.025146Z",
      "slug": "btc-updown-5m-1789707600",
      "status": "skip_too_late_to_enter",
      "seconds_left": 73.97486019134521,
      "min_entry_seconds_left": 90,
      "max_entry_seconds_left": 150
    },
    {
      "ts": "2026-09-18T05:03:48.319070Z",
      "slug": "btc-updown-5m-1789707600",
      "status": "skip_too_late_to_enter",
      "seconds_left": 71.68093490600586,
      "min_entry_seconds_left": 90,
      "max_entry_seconds_left": 150
    },
    {
      "ts": "2026-09-18T05:03:54.235502Z",
      "slug": "btc-updown-5m-1789707600",
      "status": "skip_too_late_to_enter",
      "seconds_left": 65.76450562477112,
      "min_entry_seconds_left": 90,
      "max_entry_seconds_left": 150
    },
    {
      "ts": "2026-09-18T05:03:56.509658Z",
      "slug": "btc-updown-5m-1789707600",
      "status": "skip_too_late_to_enter",
      "seconds_left": 63.490349769592285,
      "min_entry_seconds_left": 90,
      "max_entry_seconds_left": 150
    },
    {
      "ts": "2026-09-18T05:03:58.801195Z",
      "slug": "btc-updown-5m-1789707600",
      "status": "skip_too_late_to_enter",
      "seconds_left": 61.19881343841553,
      "min_entry_seconds_left": 90,
      "max_entry_seconds_left": 150
    },
    {
      "ts": "2026-09-18T05:04:01.210480Z",
      "slug": "btc-updown-5m-1789707600",
      "status": "skip_too_late_to_enter",
      "seconds_left": 58.78952956199646,
      "min_entry_seconds_left": 90,
      "max_entry_seconds_left": 150
    },
    {
      "ts": "2026-09-18T05:04:03.498139Z",
      "slug": "btc-updown-5m-1789707600",
      "status": "skip_too_late_to_enter",
      "seconds_left": 56.50187134742737,
      "min_entry_seconds_left": 90,
      "max_entry_seconds_left": 150
    },
    {
      "ts": "2026-09-18T05:04:05.814082Z",
      "slug": "btc-updown-5m-1789707600",
      "status": "skip_too_late_to_enter",
      "seconds_left": 54.18592810630798,
      "min_entry_seconds_left": 90,
      "max_entry_seconds_left": 150
    },
    {
      "ts": "2026-09-18T05:04:08.097860Z",
      "slug": "btc-updown-5m-1789707600",
      "status": "skip_too_late_to_enter",
      "seconds_left": 51.90214800834656,
      "min_entry_seconds_left": 90,
      "max_entry_seconds_left": 150
    },
    {
      "ts": "2026-09-18T05:04:10.393417Z",
      "slug": "btc-updown-5m-1789707600",
      "status": "skip_too_late_to_enter",
      "seconds_left": 49.60659193992615,
      "min_entry_seconds_left": 90,
      "max_entry_seconds_left": 150
    },
    {
      "ts": "2026-09-18T05:04:12.740824Z",
      "slug": "btc-updown-5m-1789707600",
      "status": "skip_too_late_to_enter",
      "seconds_left": 47.25921177864075,
      "min_entry_seconds_left": 90,
      "max_entry_seconds_left": 150
    },
    {
      "ts": "2026-09-18T05:04:15.034944Z",
      "slug": "btc-updown-5m-1789707600",
      "status": "skip_too_late_to_enter",
      "seconds_left": 44.96517586708069,
      "min_entry_seconds_left": 90,
      "max_entry_seconds_left": 150
    },
    {
      "ts": "2026-09-18T05:04:17.357194Z",
      "slug": "btc-updown-5m-1789707600",
      "status": "skip_too_late_to_enter",
      "seconds_left": 42.64292573928833,
      "min_entry_seconds_left": 90,
      "max_entry_seconds_left": 150
    },
    {
      "ts": "2026-09-18T05:04:19.652252Z",
      "slug": "btc-updown-5m-1789707600",
      "status": "skip_too_late_to_enter",
      "seconds_left": 40.34775686264038,
      "min_entry_seconds_left": 90,
      "max_entry_seconds_left": 150
    },
    {
      "ts": "2026-09-18T05:04:21.950312Z",
      "slug": "btc-updown-5m-1789707600",
      "status": "skip_too_late_to_enter",
      "seconds_left": 38.04969906806946,
      "min_entry_seconds_left": 90,
      "max_entry_seconds_left": 150
    },
    {
      "ts": "2026-09-18T05:04:24.240725Z",
      "slug": "btc-updown-5m-1789707600",
      "status": "skip_too_late_to_enter",
      "seconds_left": 35.75928449630737,
      "min_entry_seconds_left": 90,
      "max_entry_seconds_left": 150
    },
    {
      "ts": "2026-09-18T05:04:26.526338Z",
      "slug": "btc-updown-5m-1789707600",
      "status": "skip_too_late_to_enter",
      "seconds_left": 33.473670959472656,
      "min_entry_seconds_left": 90,
      "max_entry_seconds_left": 150
    },
    {
      "ts": "2026-09-18T05:04:32.431369Z",
      "slug": "btc-updown-5m-1789707600",
      "status": "skip_too_late_to_enter",
      "seconds_left": 27.568641185760498,
      "min_entry_seconds_left": 90,
      "max_entry_seconds_left": 150
    },
    {
      "ts": "2026-09-18T05:04:34.772008Z",
      "slug": "btc-updown-5m-1789707600",
      "status": "skip_too_late_to_enter",
      "seconds_left": 25.228001594543457,
      "min_entry_seconds_left": 90,
      "max_entry_seconds_left": 150
    },
    {
      "ts": "2026-09-18T05:04:37.066446Z",
      "slug": "btc-updown-5m-1789707600",
      "status": "skip_too_late_to_enter",
      "seconds_left": 22.93356156349182,
      "min_entry_seconds_left": 90,
      "max_entry_seconds_left": 150
    },
    {
      "ts": "2026-09-18T05:04:39.414571Z",
      "slug": "btc-updown-5m-1789707600",
      "status": "skip_too_late_to_enter",
      "seconds_left": 20.585436582565308,
      "min_entry_seconds_left": 90,
      "max_entry_seconds_left": 150
    },
    {
      "ts": "2026-09-18T05:04:41.702825Z",
      "slug": "btc-updown-5m-1789707600",
      "status": "skip_too_late_to_enter",
      "seconds_left": 18.297184467315674,
      "min_entry_seconds_left": 90,
      "max_entry_seconds_left": 150
    },
    {
      "ts": "2026-09-18T05:04:43.996858Z",
      "slug": "btc-updown-5m-1789707600",
      "status": "skip_too_late_to_enter",
      "seconds_left": 16.00315260887146,
      "min_entry_seconds_left": 90,
      "max_entry_seconds_left": 150
    },
    {
      "ts": "2026-09-18T05:04:46.409933Z",
      "slug": "btc-updown-5m-1789707600",
      "status": "skip_too_late_to_enter",
      "seconds_left": 13.590075254440308,
      "min_entry_seconds_left": 90,
      "max_entry_seconds_left": 150
    },
    {
      "ts": "2026-09-18T05:04:48.939308Z",
      "slug": "btc-updown-5m-1789707600",
      "status": "skip_too_late_to_enter",
      "seconds_left": 11.06070065498352,
      "min_entry_seconds_left": 90,
      "max_entry_seconds_left": 150
    },
    {
      "ts": "2026-09-18T05:04:51.268563Z",
      "slug": "btc-updown-5m-1789707600",
      "status": "skip_too_late_to_enter",
      "seconds_left": 8.731446504592896,
      "min_entry_seconds_left": 90,
      "max_entry_seconds_left": 150
    },
    {
      "ts": "2026-09-18T05:04:53.559698Z",
      "slug": "btc-updown-5m-1789707600",
      "status": "skip_too_late_to_enter",
      "seconds_left": 6.440306901931763,
      "min_entry_seconds_left": 90,
      "max_entry_seconds_left": 150
    },
    {
      "ts": "2026-09-18T05:04:55.852585Z",
      "status": "heartbeat_no_current_market"
    },
    {
      "ts": "2026-09-18T05:04:58.180845Z",
      "status": "heartbeat_no_current_market"
    },
    {
      "ts": "2026-09-18T05:05:00.467821Z",
      "slug": "btc-updown-5m-1789707900",
      "status": "skip_too_early_to_enter",
      "seconds_left": 299.53219079971313,
      "min_entry_seconds_left": 90,
      "max_entry_seconds_left": 150
    },
    {
      "ts": "2026-09-18T05:05:06.377323Z",
      "slug": "btc-updown-5m-1789707900",
      "status": "skip_too_early_to_enter",
      "seconds_left": 293.62268567085266,
      "min_entry_seconds_left": 90,
      "max_entry_seconds_left": 150
    },
    {
      "ts": "2026-09-18T05:05:08.700664Z",
      "slug": "btc-updown-5m-1789707900",
      "status": "skip_too_early_to_enter",
      "seconds_left": 291.2993440628052,
      "min_entry_seconds_left": 90,
      "max_entry_seconds_left": 150
    },
    {
      "ts": "2026-09-18T05:05:11.012265Z",
      "slug": "btc-updown-5m-1789707900",
      "status": "skip_too_early_to_enter",
      "seconds_left": 288.98774242401123,
      "min_entry_seconds_left": 90,
      "max_entry_seconds_left": 150
    },
    {
      "ts": "2026-09-18T05:05:13.299634Z",
      "slug": "btc-updown-5m-1789707900",
      "status": "skip_too_early_to_enter",
      "seconds_left": 286.7003755569458,
      "min_entry_seconds_left": 90,
      "max_entry_seconds_left": 150
    },
    {
      "ts": "2026-09-18T05:05:15.583636Z",
      "slug": "btc-updown-5m-1789707900",
      "status": "skip_too_early_to_enter",
      "seconds_left": 284.4163691997528,
      "min_entry_seconds_left": 90,
      "max_entry_seconds_left": 150
    },
    {
      "ts": "2026-09-18T05:05:17.869930Z",
      "slug": "btc-updown-5m-1789707900",
      "status": "skip_too_early_to_enter",
      "seconds_left": 282.1300778388977,
      "min_entry_seconds_left": 90,
      "max_entry_seconds_left": 150
    },
    {
      "ts": "2026-09-18T05:05:20.272978Z",
      "slug": "btc-updown-5m-1789707900",
      "status": "skip_too_early_to_enter",
      "seconds_left": 279.7270302772522,
      "min_entry_seconds_left": 90,
      "max_entry_seconds_left": 150
    },
    {
      "ts": "2026-09-18T05:05:22.555301Z",
      "slug": "btc-updown-5m-1789707900",
      "status": "skip_too_early_to_enter",
      "seconds_left": 277.44470381736755,
      "min_entry_seconds_left": 90,
      "max_entry_seconds_left": 150
    },
    {
      "ts": "2026-09-18T05:05:24.834898Z",
      "slug": "btc-updown-5m-1789707900",
      "status": "skip_too_early_to_enter",
      "seconds_left": 275.1651089191437,
      "min_entry_seconds_left": 90,
      "max_entry_seconds_left": 150
    },
    {
      "ts": "2026-09-18T05:05:27.203578Z",
      "slug": "btc-updown-5m-1789707900",
      "status": "skip_too_early_to_enter",
      "seconds_left": 272.7964313030243,
      "min_entry_seconds_left": 90,
      "max_entry_seconds_left": 150
    },
    {
      "ts": "2026-09-18T05:05:29.587958Z",
      "slug": "btc-updown-5m-1789707900",
      "status": "skip_too_early_to_enter",
      "seconds_left": 270.4120509624481,
      "min_entry_seconds_left": 90,
      "max_entry_seconds_left": 150
    },
    {
      "ts": "2026-09-18T05:05:31.892128Z",
      "slug": "btc-updown-5m-1789707900",
      "status": "skip_too_early_to_enter",
      "seconds_left": 268.1078803539276,
      "min_entry_seconds_left": 90,
      "max_entry_seconds_left": 150
    },
    {
      "ts": "2026-09-18T05:05:34.196007Z",
      "slug": "btc-updown-5m-1789707900",
      "status": "skip_too_early_to_enter",
      "seconds_left": 265.80400466918945,
      "min_entry_seconds_left": 90,
      "max_entry_seconds_left": 150
    },
    {
      "ts": "2026-09-18T05:05:36.503696Z",
      "slug": "btc-updown-5m-1789707900",
      "status": "skip_too_early_to_enter",
      "seconds_left": 263.4963126182556,
      "min_entry_seconds_left": 90,
      "max_entry_seconds_left": 150
    },
    {
      "ts": "2026-09-18T05:05:42.433857Z",
      "slug": "btc-updown-5m-1789707900",
      "status": "skip_too_early_to_enter",
      "seconds_left": 257.5661516189575,
      "min_entry_seconds_left": 90,
      "max_entry_seconds_left": 150
    },
    {
      "ts": "2026-09-18T05:05:44.792742Z",
      "slug": "btc-updown-5m-1789707900",
      "status": "skip_too_early_to_enter",
      "seconds_left": 255.2072639465332,
      "min_entry_seconds_left": 90,
      "max_entry_seconds_left": 150
    },
    {
      "ts": "2026-09-18T05:05:47.100887Z",
      "slug": "btc-updown-5m-1789707900",
      "status": "skip_too_early_to_enter",
      "seconds_left": 252.89912223815918,
      "min_entry_seconds_left": 90,
      "max_entry_seconds_left": 150
    },
    {
      "ts": "2026-09-18T05:05:49.414030Z",
      "slug": "btc-updown-5m-1789707900",
      "status": "skip_too_early_to_enter",
      "seconds_left": 250.5859785079956,
      "min_entry_seconds_left": 90,
      "max_entry_seconds_left": 150
    },
    {
      "ts": "2026-09-18T05:05:51.711362Z",
      "slug": "btc-updown-5m-1789707900",
      "status": "skip_too_early_to_enter",
      "seconds_left": 248.2886462211609,
      "min_entry_seconds_left": 90,
      "max_entry_seconds_left": 150
    },
    {
      "ts": "2026-09-18T05:05:54.005443Z",
      "slug": "btc-updown-5m-1789707900",
      "status": "skip_too_early_to_enter",
      "seconds_left": 245.99456763267517,
      "min_entry_seconds_left": 90,
      "max_entry_seconds_left": 150
    },
    {
      "ts": "2026-09-18T05:05:56.310504Z",
      "slug": "btc-updown-5m-1789707900",
      "status": "skip_too_early_to_enter",
      "seconds_left": 243.68950414657593,
      "min_entry_seconds_left": 90,
      "max_entry_seconds_left": 150
    },
    {
      "ts": "2026-09-18T05:05:58.610262Z",
      "slug": "btc-updown-5m-1789707900",
      "status": "skip_too_early_to_enter",
      "seconds_left": 241.38974571228027,
      "min_entry_seconds_left": 90,
      "max_entry_seconds_left": 150
    },
    {
      "ts": "2026-09-18T05:06:00.927974Z",
      "slug": "btc-updown-5m-1789707900",
      "status": "skip_too_early_to_enter",
      "seconds_left": 239.07203555107117,
      "min_entry_seconds_left": 90,
      "max_entry_seconds_left": 150
    },
    {
      "ts": "2026-09-18T05:06:03.219704Z",
      "slug": "btc-updown-5m-1789707900",
      "status": "skip_too_early_to_enter",
      "seconds_left": 236.78030490875244,
      "min_entry_seconds_left": 90,
      "max_entry_seconds_left": 150
    },
    {
      "ts": "2026-09-18T05:06:05.513153Z",
      "slug": "btc-updown-5m-1789707900",
      "status": "skip_too_early_to_enter",
      "seconds_left": 234.48685431480408,
      "min_entry_seconds_left": 90,
      "max_entry_seconds_left": 150
    },
    {
      "ts": "2026-09-18T05:06:07.791885Z",
      "slug": "btc-updown-5m-1789707900",
      "status": "skip_too_early_to_enter",
      "seconds_left": 232.20812320709229,
      "min_entry_seconds_left": 90,
      "max_entry_seconds_left": 150
    },
    {
      "ts": "2026-09-18T05:06:10.081499Z",
      "slug": "btc-updown-5m-1789707900",
      "status": "skip_too_early_to_enter",
      "seconds_left": 229.91850900650024,
      "min_entry_seconds_left": 90,
      "max_entry_seconds_left": 150
    },
    {
      "ts": "2026-09-18T05:06:12.382337Z",
      "slug": "btc-updown-5m-1789707900",
      "status": "skip_too_early_to_enter",
      "seconds_left": 227.61766695976257,
      "min_entry_seconds_left": 90,
      "max_entry_seconds_left": 150
    },
    {
      "ts": "2026-09-18T05:06:14.672577Z",
      "slug": "btc-updown-5m-1789707900",
      "status": "skip_too_early_to_enter",
      "seconds_left": 225.32743096351624,
      "min_entry_seconds_left": 90,
      "max_entry_seconds_left": 150
    },
    {
      "ts": "2026-09-18T05:06:20.551624Z",
      "slug": "btc-updown-5m-1789707900",
      "status": "skip_too_early_to_enter",
      "seconds_left": 219.44838500022888,
      "min_entry_seconds_left": 90,
      "max_entry_seconds_left": 150
    },
    {
      "ts": "2026-09-18T05:06:22.866622Z",
      "slug": "btc-updown-5m-1789707900",
      "status": "skip_too_early_to_enter",
      "seconds_left": 217.13338685035706,
      "min_entry_seconds_left": 90,
      "max_entry_seconds_left": 150
    },
    {
      "ts": "2026-09-18T05:06:25.188669Z",
      "slug": "btc-updown-5m-1789707900",
      "status": "skip_too_early_to_enter",
      "seconds_left": 214.81134128570557,
      "min_entry_seconds_left": 90,
      "max_entry_seconds_left": 150
    },
    {
      "ts": "2026-09-18T05:06:27.492832Z",
      "slug": "btc-updown-5m-1789707900",
      "status": "skip_too_early_to_enter",
      "seconds_left": 212.5071771144867,
      "min_entry_seconds_left": 90,
      "max_entry_seconds_left": 150
    },
    {
      "ts": "2026-09-18T05:06:30.033766Z",
      "slug": "btc-updown-5m-1789707900",
      "status": "skip_too_early_to_enter",
      "seconds_left": 209.96624112129211,
      "min_entry_seconds_left": 90,
      "max_entry_seconds_left": 150
    },
    {
      "ts": "2026-09-18T05:06:32.339259Z",
      "slug": "btc-updown-5m-1789707900",
      "status": "skip_too_early_to_enter",
      "seconds_left": 207.66074633598328,
      "min_entry_seconds_left": 90,
      "max_entry_seconds_left": 150
    },
    {
      "ts": "2026-09-18T05:06:34.595632Z",
      "slug": "btc-updown-5m-1789707900",
      "status": "skip_too_early_to_enter",
      "seconds_left": 205.40437364578247,
      "min_entry_seconds_left": 90,
      "max_entry_seconds_left": 150
    },
    {
      "ts": "2026-09-18T05:06:36.875802Z",
      "slug": "btc-updown-5m-1789707900",
      "status": "skip_too_early_to_enter",
      "seconds_left": 203.1242024898529,
      "min_entry_seconds_left": 90,
      "max_entry_seconds_left": 150
    },
    {
      "ts": "2026-09-18T05:06:39.158358Z",
      "slug": "btc-updown-5m-1789707900",
      "status": "skip_too_early_to_enter",
      "seconds_left": 200.8416509628296,
      "min_entry_seconds_left": 90,
      "max_entry_seconds_left": 150
    },
    {
      "ts": "2026-09-18T05:06:41.459828Z",
      "slug": "btc-updown-5m-1789707900",
      "status": "skip_too_early_to_enter",
      "seconds_left": 198.54017901420593,
      "min_entry_seconds_left": 90,
      "max_entry_seconds_left": 150
    },
    {
      "ts": "2026-09-18T05:06:43.741540Z",
      "slug": "btc-updown-5m-1789707900",
      "status": "skip_too_early_to_enter",
      "seconds_left": 196.25846600532532,
      "min_entry_seconds_left": 90,
      "max_entry_seconds_left": 150
    },
    {
      "ts": "2026-09-18T05:06:46.041283Z",
      "slug": "btc-updown-5m-1789707900",
      "status": "skip_too_early_to_enter",
      "seconds_left": 193.95872592926025,
      "min_entry_seconds_left": 90,
      "max_entry_seconds_left": 150
    },
    {
      "ts": "2026-09-18T05:06:48.318237Z",
      "slug": "btc-updown-5m-1789707900",
      "status": "skip_too_early_to_enter",
      "seconds_left": 191.68179559707642,
      "min_entry_seconds_left": 90,
      "max_entry_seconds_left": 150
    },
    {
      "ts": "2026-09-18T05:06:50.609780Z",
      "slug": "btc-updown-5m-1789707900",
      "status": "skip_too_early_to_enter",
      "seconds_left": 189.39028358459473,
      "min_entry_seconds_left": 90,
      "max_entry_seconds_left": 150
    },
    {
      "ts": "2026-09-18T05:06:56.511669Z",
      "slug": "btc-updown-5m-1789707900",
      "status": "skip_too_early_to_enter",
      "seconds_left": 183.48833584785461,
      "min_entry_seconds_left": 90,
      "max_entry_seconds_left": 150
    },
    {
      "ts": "2026-09-18T05:06:58.805285Z",
      "slug": "btc-updown-5m-1789707900",
      "status": "skip_too_early_to_enter",
      "seconds_left": 181.19471907615662,
      "min_entry_seconds_left": 90,
      "max_entry_seconds_left": 150
    },
    {
      "ts": "2026-09-18T05:07:01.274359Z",
      "slug": "btc-updown-5m-1789707900",
      "status": "skip_too_early_to_enter",
      "seconds_left": 178.72564911842346,
      "min_entry_seconds_left": 90,
      "max_entry_seconds_left": 150
    },
    {
      "ts": "2026-09-18T05:07:03.667472Z",
      "slug": "btc-updown-5m-1789707900",
      "status": "skip_too_early_to_enter",
      "seconds_left": 176.33253622055054,
      "min_entry_seconds_left": 90,
      "max_entry_seconds_left": 150
    },
    {
      "ts": "2026-09-18T05:07:05.961231Z",
      "slug": "btc-updown-5m-1789707900",
      "status": "skip_too_early_to_enter",
      "seconds_left": 174.03877520561218,
      "min_entry_seconds_left": 90,
      "max_entry_seconds_left": 150
    },
    {
      "ts": "2026-09-18T05:07:08.274445Z",
      "slug": "btc-updown-5m-1789707900",
      "status": "skip_too_early_to_enter",
      "seconds_left": 171.72556376457214,
      "min_entry_seconds_left": 90,
      "max_entry_seconds_left": 150
    },
    {
      "ts": "2026-09-18T05:07:10.699755Z",
      "slug": "btc-updown-5m-1789707900",
      "status": "skip_too_early_to_enter",
      "seconds_left": 169.3002529144287,
      "min_entry_seconds_left": 90,
      "max_entry_seconds_left": 150
    },
    {
      "ts": "2026-09-18T05:07:13.016295Z",
      "slug": "btc-updown-5m-1789707900",
      "status": "skip_too_early_to_enter",
      "seconds_left": 166.98371386528015,
      "min_entry_seconds_left": 90,
      "max_entry_seconds_left": 150
    },
    {
      "ts": "2026-09-18T05:07:15.312383Z",
      "slug": "btc-updown-5m-1789707900",
      "status": "skip_too_early_to_enter",
      "seconds_left": 164.6876254081726,
      "min_entry_seconds_left": 90,
      "max_entry_seconds_left": 150
    }
  ],
  "last_open_try": "{\"error\": \"PolyApiException[status_code=400, error_message={'error': 'no orders found to match with FAK order. FAK orders are partially filled or killed if no match is found.', 'orderID': '0xcdc4e49330b707c389631f2ce51aeec9031f4f96da85c27bda595ec4e2d3ce39'}]\", \"order_post_result\": {\"success\": false, \"status\": \"error\", \"errorMsg\": \"PolyApiException[status_code=400, error_message={'error': 'no orders found to match with FAK order. FAK orders are partially filled or killed if no match is found.', 'orderID': '0xcdc4e49330b707c389631f2ce51aeec9031f4f96da85c27bda595ec4e2d3ce39'}]\"}, \"close_skipped\": \"\"}\n\n[py_clob_client_v2] request error status=400 url=https://clob.polymarket.com/auth/api-key body={\"error\":\"Could not create api key\"}\n\n[py_clob_client_v2] request error status=400 url=https://clob.polymarket.com/order body={\"error\":\"no orders found to match with FAK order. FAK orders are partially filled or killed if no match is found.\",\"orderID\":\"0xcdc4e49330b707c389631f2ce51aeec9031f4f96da85c27bda595ec4e2d3ce39\"}\n",
  "finished_at": "2026-09-18T05:07:17.312549Z",
  "result": "no_entry_timeout"
}
[2026-09-18T05:07:17Z] session_end rc=0 sessions=1 stake_usd=5
journal_ok trades=203 md=/home/yukeen/polymarketbot/5min-btc-polymarket/data/live_trades.md json=/home/yukeen/polymarketbot/5min-btc-polymarket/data/live_trades.json
[2026-09-18T05:08:57Z] fills=0/80 sessions=1/200
[2026-09-18T05:09:14Z] cash=423.729512
[2026-09-18T05:09:26Z] session_begin sessions=1 fills=0 stake_usd=5
[py_clob_client_v2] request error status=400 url=https://clob.polymarket.com/auth/api-key body={"error":"Could not create api key"}

{
  "started_at": "2026-09-18T05:09:26.697781Z",
  "params": {
    "profile": "conservative",
    "threshold": 0.7,
    "stake_usd": 5.0,
    "stop_loss_pct": 0.25,
    "exit_before_sec": 20,
    "min_entry_seconds_left": 90,
    "max_entry_seconds_left": 150,
    "entry_timeout_min": 20,
    "poll_sec": 2.0,
    "max_ask": 0.85,
    "expensive_ask": 0.8,
    "expensive_after_wins": 3,
    "clob_cut_bid": 0.4,
    "close_retry_max": 30,
    "close_retry_delay_sec": 2.0,
    "no_gamma_sl": false,
    "execute": true,
    "win_streak": 2
  },
  "attempts": [
    {
      "ts": "2026-09-18T05:09:27.025629Z",
      "slug": "btc-updown-5m-1789707900",
      "status": "skip_too_late_to_enter",
      "seconds_left": 32.97437882423401,
      "min_entry_seconds_left": 90,
      "max_entry_seconds_left": 150
    },
    {
      "ts": "2026-09-18T05:09:29.334823Z",
      "slug": "btc-updown-5m-1789707900",
      "status": "skip_too_late_to_enter",
      "seconds_left": 30.665190935134888,
      "min_entry_seconds_left": 90,
      "max_entry_seconds_left": 150
    },
    {
      "ts": "2026-09-18T05:09:31.629589Z",
      "slug": "btc-updown-5m-1789707900",
      "status": "skip_too_late_to_enter",
      "seconds_left": 28.370417833328247,
      "min_entry_seconds_left": 90,
      "max_entry_seconds_left": 150
    },
    {
      "ts": "2026-09-18T05:09:33.916720Z",
      "slug": "btc-updown-5m-1789707900",
      "status": "skip_too_late_to_enter",
      "seconds_left": 26.08328413963318,
      "min_entry_seconds_left": 90,
      "max_entry_seconds_left": 150
    },
    {
      "ts": "2026-09-18T05:09:36.221336Z",
      "slug": "btc-updown-5m-1789707900",
      "status": "skip_too_late_to_enter",
      "seconds_left": 23.778671979904175,
      "min_entry_seconds_left": 90,
      "max_entry_seconds_left": 150
    },
    {
      "ts": "2026-09-18T05:09:38.518969Z",
      "slug": "btc-updown-5m-1789707900",
      "status": "skip_too_late_to_enter",
      "seconds_left": 21.48103904724121,
      "min_entry_seconds_left": 90,
      "max_entry_seconds_left": 150
    },
    {
      "ts": "2026-09-18T05:09:40.813699Z",
      "slug": "btc-updown-5m-1789707900",
      "status": "skip_too_late_to_enter",
      "seconds_left": 19.18630862236023,
      "min_entry_seconds_left": 90,
      "max_entry_seconds_left": 150
    },
    {
      "ts": "2026-09-18T05:09:43.121871Z",
      "slug": "btc-updown-5m-1789707900",
      "status": "skip_too_late_to_enter",
      "seconds_left": 16.878135442733765,
      "min_entry_seconds_left": 90,
      "max_entry_seconds_left": 150
    },
    {
      "ts": "2026-09-18T05:09:45.408632Z",
      "slug": "btc-updown-5m-1789707900",
      "status": "skip_too_late_to_enter",
      "seconds_left": 14.591375589370728,
      "min_entry_seconds_left": 90,
      "max_entry_seconds_left": 150
    },
    {
      "ts": "2026-09-18T05:09:47.833608Z",
      "slug": "btc-updown-5m-1789707900",
      "status": "skip_too_late_to_enter",
      "seconds_left": 12.16640043258667,
      "min_entry_seconds_left": 90,
      "max_entry_seconds_left": 150
    },
    {
      "ts": "2026-09-18T05:09:50.129552Z",
      "slug": "btc-updown-5m-1789707900",
      "status": "skip_too_late_to_enter",
      "seconds_left": 9.870455503463745,
      "min_entry_seconds_left": 90,
      "max_entry_seconds_left": 150
    },
    {
      "ts": "2026-09-18T05:09:52.446232Z",
      "slug": "btc-updown-5m-1789707900",
      "status": "skip_too_late_to_enter",
      "seconds_left": 7.55377459526062,
      "min_entry_seconds_left": 90,
      "max_entry_seconds_left": 150
    },
    {
      "ts": "2026-09-18T05:09:54.760341Z",
      "slug": "btc-updown-5m-1789707900",
      "status": "skip_too_late_to_enter",
      "seconds_left": 5.239666938781738,
      "min_entry_seconds_left": 90,
      "max_entry_seconds_left": 150
    },
    {
      "ts": "2026-09-18T05:09:57.036061Z",
      "status": "heartbeat_no_current_market"
    },
    {
      "ts": "2026-09-18T05:09:59.366660Z",
      "status": "heartbeat_no_current_market"
    },
    {
      "ts": "2026-09-18T05:10:01.664287Z",
      "slug": "btc-updown-5m-1789708200",
      "status": "skip_too_early_to_enter",
      "seconds_left": 298.33571791648865,
      "min_entry_seconds_left": 90,
      "max_entry_seconds_left": 150
    },
    {
      "ts": "2026-09-18T05:10:03.956671Z",
      "slug": "btc-updown-5m-1789708200",
      "status": "skip_too_early_to_enter",
      "seconds_left": 296.0433351993561,
      "min_entry_seconds_left": 90,
      "max_entry_seconds_left": 150
    },
    {
      "ts": "2026-09-18T05:10:06.280158Z",
      "slug": "btc-updown-5m-1789708200",
      "status": "skip_too_early_to_enter",
      "seconds_left": 293.7198474407196,
      "min_entry_seconds_left": 90,
      "max_entry_seconds_left": 150
    },
    {
      "ts": "2026-09-18T05:10:14.005464Z",
      "slug": "btc-updown-5m-1789708200",
      "status": "skip_too_early_to_enter",
      "seconds_left": 285.9945430755615,
      "min_entry_seconds_left": 90,
      "max_entry_seconds_left": 150
    },
    {
      "ts": "2026-09-18T05:10:16.290113Z",
      "slug": "btc-updown-5m-1789708200",
      "status": "skip_too_early_to_enter",
      "seconds_left": 283.7098927497864,
      "min_entry_seconds_left": 90,
      "max_entry_seconds_left": 150
    },
    {
      "ts": "2026-09-18T05:10:18.592905Z",
      "slug": "btc-updown-5m-1789708200",
      "status": "skip_too_early_to_enter",
      "seconds_left": 281.4071023464203,
      "min_entry_seconds_left": 90,
      "max_entry_seconds_left": 150
    },
    {
      "ts": "2026-09-18T05:10:20.929062Z",
      "slug": "btc-updown-5m-1789708200",
      "status": "skip_too_early_to_enter",
      "seconds_left": 279.07094502449036,
      "min_entry_seconds_left": 90,
      "max_entry_seconds_left": 150
    },
    {
      "ts": "2026-09-18T05:10:23.212931Z",
      "slug": "btc-updown-5m-1789708200",
      "status": "skip_too_early_to_enter",
      "seconds_left": 276.78707361221313,
      "min_entry_seconds_left": 90,
      "max_entry_seconds_left": 150
    },
    {
      "ts": "2026-09-18T05:10:25.519070Z",
      "slug": "btc-updown-5m-1789708200",
      "status": "skip_too_early_to_enter",
      "seconds_left": 274.4809353351593,
      "min_entry_seconds_left": 90,
      "max_entry_seconds_left": 150
    },
    {
      "ts": "2026-09-18T05:10:27.802488Z",
      "slug": "btc-updown-5m-1789708200",
      "status": "skip_too_early_to_enter",
      "seconds_left": 272.1975154876709,
      "min_entry_seconds_left": 90,
      "max_entry_seconds_left": 150
    },
    {
      "ts": "2026-09-18T05:10:30.143732Z",
      "slug": "btc-updown-5m-1789708200",
      "status": "skip_too_early_to_enter",
      "seconds_left": 269.85627484321594,
      "min_entry_seconds_left": 90,
      "max_entry_seconds_left": 150
    },
    {
      "ts": "2026-09-18T05:10:32.456286Z",
      "slug": "btc-updown-5m-1789708200",
      "status": "skip_too_early_to_enter",
      "seconds_left": 267.5437204837799,
      "min_entry_seconds_left": 90,
      "max_entry_seconds_left": 150
    },
    {
      "ts": "2026-09-18T05:10:34.823937Z",
      "slug": "btc-updown-5m-1789708200",
      "status": "skip_too_early_to_enter",
      "seconds_left": 265.1760718822479,
      "min_entry_seconds_left": 90,
      "max_entry_seconds_left": 150
    },
    {
      "ts": "2026-09-18T05:10:37.121913Z",
      "slug": "btc-updown-5m-1789708200",
      "status": "skip_too_early_to_enter",
      "seconds_left": 262.87809443473816,
      "min_entry_seconds_left": 90,
      "max_entry_seconds_left": 150
    },
    {
      "ts": "2026-09-18T05:10:39.417273Z",
      "slug": "btc-updown-5m-1789708200",
      "status": "skip_too_early_to_enter",
      "seconds_left": 260.58273434638977,
      "min_entry_seconds_left": 90,
      "max_entry_seconds_left": 150
    },
    {
      "ts": "2026-09-18T05:10:41.703634Z",
      "slug": "btc-updown-5m-1789708200",
      "status": "skip_too_early_to_enter",
      "seconds_left": 258.29637360572815,
      "min_entry_seconds_left": 90,
      "max_entry_seconds_left": 150
    },
    {
      "ts": "2026-09-18T05:10:44.040797Z",
      "slug": "btc-updown-5m-1789708200",
      "status": "skip_too_early_to_enter",
      "seconds_left": 255.95920705795288,
      "min_entry_seconds_left": 90,
      "max_entry_seconds_left": 150
    },
    {
      "ts": "2026-09-18T05:10:49.844180Z",
      "slug": "btc-updown-5m-1789708200",
      "status": "skip_too_early_to_enter",
      "seconds_left": 250.15582489967346,
      "min_entry_seconds_left": 90,
      "max_entry_seconds_left": 150
    },
    {
      "ts": "2026-09-18T05:10:52.136797Z",
      "slug": "btc-updown-5m-1789708200",
      "status": "skip_too_early_to_enter",
      "seconds_left": 247.86321020126343,
      "min_entry_seconds_left": 90,
      "max_entry_seconds_left": 150
    },
    {
      "ts": "2026-09-18T05:10:54.394013Z",
      "slug": "btc-updown-5m-1789708200",
      "status": "skip_too_early_to_enter",
      "seconds_left": 245.60599374771118,
      "min_entry_seconds_left": 90,
      "max_entry_seconds_left": 150
    },
    {
      "ts": "2026-09-18T05:10:56.700186Z",
      "slug": "btc-updown-5m-1789708200",
      "status": "skip_too_early_to_enter",
      "seconds_left": 243.29982161521912,
      "min_entry_seconds_left": 90,
      "max_entry_seconds_left": 150
    },
    {
      "ts": "2026-09-18T05:10:58.994443Z",
      "slug": "btc-updown-5m-1789708200",
      "status": "skip_too_early_to_enter",
      "seconds_left": 241.0055639743805,
      "min_entry_seconds_left": 90,
      "max_entry_seconds_left": 150
    },
    {
      "ts": "2026-09-18T05:11:01.277047Z",
      "slug": "btc-updown-5m-1789708200",
      "status": "skip_too_early_to_enter",
      "seconds_left": 238.72295928001404,
      "min_entry_seconds_left": 90,
      "max_entry_seconds_left": 150
    },
    {
      "ts": "2026-09-18T05:11:03.551529Z",
      "slug": "btc-updown-5m-1789708200",
      "status": "skip_too_early_to_enter",
      "seconds_left": 236.44847965240479,
      "min_entry_seconds_left": 90,
      "max_entry_seconds_left": 150
    },
    {
      "ts": "2026-09-18T05:11:05.892483Z",
      "slug": "btc-updown-5m-1789708200",
      "status": "skip_too_early_to_enter",
      "seconds_left": 234.1075246334076,
      "min_entry_seconds_left": 90,
      "max_entry_seconds_left": 150
    },
    {
      "ts": "2026-09-18T05:11:08.176673Z",
      "slug": "btc-updown-5m-1789708200",
      "status": "skip_too_early_to_enter",
      "seconds_left": 231.8233380317688,
      "min_entry_seconds_left": 90,
      "max_entry_seconds_left": 150
    },
    {
      "ts": "2026-09-18T05:11:10.459268Z",
      "slug": "btc-updown-5m-1789708200",
      "status": "skip_too_early_to_enter",
      "seconds_left": 229.5407361984253,
      "min_entry_seconds_left": 90,
      "max_entry_seconds_left": 150
    },
    {
      "ts": "2026-09-18T05:11:12.812799Z",
      "slug": "btc-updown-5m-1789708200",
      "status": "skip_too_early_to_enter",
      "seconds_left": 227.1872274875641,
      "min_entry_seconds_left": 90,
      "max_entry_seconds_left": 150
    },
    {
      "ts": "2026-09-18T05:11:15.098327Z",
      "slug": "btc-updown-5m-1789708200",
      "status": "skip_too_early_to_enter",
      "seconds_left": 224.90167951583862,
      "min_entry_seconds_left": 90,
      "max_entry_seconds_left": 150
    },
    {
      "ts": "2026-09-18T05:11:17.374359Z",
      "slug": "btc-updown-5m-1789708200",
      "status": "skip_too_early_to_enter",
      "seconds_left": 222.62564992904663,
      "min_entry_seconds_left": 90,
      "max_entry_seconds_left": 150
    },
    {
      "ts": "2026-09-18T05:11:19.670305Z",
      "slug": "btc-updown-5m-1789708200",
      "status": "skip_too_early_to_enter",
      "seconds_left": 220.3297016620636,
      "min_entry_seconds_left": 90,
      "max_entry_seconds_left": 150
    },
    {
      "ts": "2026-09-18T05:11:25.568123Z",
      "slug": "btc-updown-5m-1789708200",
      "status": "skip_too_early_to_enter",
      "seconds_left": 214.43188405036926,
      "min_entry_seconds_left": 90,
      "max_entry_seconds_left": 150
    },
    {
      "ts": "2026-09-18T05:11:27.877502Z",
      "slug": "btc-updown-5m-1789708200",
      "status": "skip_too_early_to_enter",
      "seconds_left": 212.12250566482544,
      "min_entry_seconds_left": 90,
      "max_entry_seconds_left": 150
    },
    {
      "ts": "2026-09-18T05:11:30.158642Z",
      "slug": "btc-updown-5m-1789708200",
      "status": "skip_too_early_to_enter",
      "seconds_left": 209.84136533737183,
      "min_entry_seconds_left": 90,
      "max_entry_seconds_left": 150
    },
    {
      "ts": "2026-09-18T05:11:32.456641Z",
      "slug": "btc-updown-5m-1789708200",
      "status": "skip_too_early_to_enter",
      "seconds_left": 207.54336810112,
      "min_entry_seconds_left": 90,
      "max_entry_seconds_left": 150
    },
    {
      "ts": "2026-09-18T05:11:34.739805Z",
      "slug": "btc-updown-5m-1789708200",
      "status": "skip_too_early_to_enter",
      "seconds_left": 205.26019859313965,
      "min_entry_seconds_left": 90,
      "max_entry_seconds_left": 150
    },
    {
      "ts": "2026-09-18T05:11:37.011655Z",
      "slug": "btc-updown-5m-1789708200",
      "status": "skip_too_early_to_enter",
      "seconds_left": 202.98835253715515,
      "min_entry_seconds_left": 90,
      "max_entry_seconds_left": 150
    },
    {
      "ts": "2026-09-18T05:11:39.300627Z",
      "slug": "btc-updown-5m-1789708200",
      "status": "skip_too_early_to_enter",
      "seconds_left": 200.6993772983551,
      "min_entry_seconds_left": 90,
      "max_entry_seconds_left": 150
    },
    {
      "ts": "2026-09-18T05:11:41.629753Z",
      "slug": "btc-updown-5m-1789708200",
      "status": "skip_too_early_to_enter",
      "seconds_left": 198.37025046348572,
      "min_entry_seconds_left": 90,
      "max_entry_seconds_left": 150
    },
    {
      "ts": "2026-09-18T05:11:43.920440Z",
      "slug": "btc-updown-5m-1789708200",
      "status": "skip_too_early_to_enter",
      "seconds_left": 196.07956719398499,
      "min_entry_seconds_left": 90,
      "max_entry_seconds_left": 150
    },
    {
      "ts": "2026-09-18T05:11:46.203104Z",
      "slug": "btc-updown-5m-1789708200",
      "status": "skip_too_early_to_enter",
      "seconds_left": 193.7969024181366,
      "min_entry_seconds_left": 90,
      "max_entry_seconds_left": 150
    },
    {
      "ts": "2026-09-18T05:11:48.470475Z",
      "slug": "btc-updown-5m-1789708200",
      "status": "skip_too_early_to_enter",
      "seconds_left": 191.52952885627747,
      "min_entry_seconds_left": 90,
      "max_entry_seconds_left": 150
    },
    {
      "ts": "2026-09-18T05:11:50.724072Z",
      "slug": "btc-updown-5m-1789708200",
      "status": "skip_too_early_to_enter",
      "seconds_left": 189.27593350410461,
      "min_entry_seconds_left": 90,
      "max_entry_seconds_left": 150
    },
    {
      "ts": "2026-09-18T05:11:53.002224Z",
      "slug": "btc-updown-5m-1789708200",
      "status": "skip_too_early_to_enter",
      "seconds_left": 186.9977831840515,
      "min_entry_seconds_left": 90,
      "max_entry_seconds_left": 150
    },
    {
      "ts": "2026-09-18T05:11:55.273345Z",
      "slug": "btc-updown-5m-1789708200",
      "status": "skip_too_early_to_enter",
      "seconds_left": 184.7266595363617,
      "min_entry_seconds_left": 90,
      "max_entry_seconds_left": 150
    },
    {
      "ts": "2026-09-18T05:12:01.143503Z",
      "slug": "btc-updown-5m-1789708200",
      "status": "skip_too_early_to_enter",
      "seconds_left": 178.85650420188904,
      "min_entry_seconds_left": 90,
      "max_entry_seconds_left": 150
    },
    {
      "ts": "2026-09-18T05:12:03.819273Z",
      "slug": "btc-updown-5m-1789708200",
      "status": "skip_too_early_to_enter",
      "seconds_left": 176.18073153495789,
      "min_entry_seconds_left": 90,
      "max_entry_seconds_left": 150
    },
    {
      "ts": "2026-09-18T05:12:06.114237Z",
      "slug": "btc-updown-5m-1789708200",
      "status": "skip_too_early_to_enter",
      "seconds_left": 173.88576936721802,
      "min_entry_seconds_left": 90,
      "max_entry_seconds_left": 150
    },
    {
      "ts": "2026-09-18T05:12:09.757211Z",
      "slug": "btc-updown-5m-1789708200",
      "status": "skip_too_early_to_enter",
      "seconds_left": 170.2427966594696,
      "min_entry_seconds_left": 90,
      "max_entry_seconds_left": 150
    },
    {
      "ts": "2026-09-18T05:12:12.391549Z",
      "slug": "btc-updown-5m-1789708200",
      "status": "skip_too_early_to_enter",
      "seconds_left": 167.60845685005188,
      "min_entry_seconds_left": 90,
      "max_entry_seconds_left": 150
    },
    {
      "ts": "2026-09-18T05:12:15.976138Z",
      "slug": "btc-updown-5m-1789708200",
      "status": "skip_too_early_to_enter",
      "seconds_left": 164.02387046813965,
      "min_entry_seconds_left": 90,
      "max_entry_seconds_left": 150
    },
    {
      "ts": "2026-09-18T05:12:18.450887Z",
      "slug": "btc-updown-5m-1789708200",
      "status": "skip_too_early_to_enter",
      "seconds_left": 161.54912042617798,
      "min_entry_seconds_left": 90,
      "max_entry_seconds_left": 150
    },
    {
      "ts": "2026-09-18T05:12:20.836638Z",
      "slug": "btc-updown-5m-1789708200",
      "status": "skip_too_early_to_enter",
      "seconds_left": 159.16336917877197,
      "min_entry_seconds_left": 90,
      "max_entry_seconds_left": 150
    },
    {
      "ts": "2026-09-18T05:12:23.111787Z",
      "slug": "btc-updown-5m-1789708200",
      "status": "skip_too_early_to_enter",
      "seconds_left": 156.8882200717926,
      "min_entry_seconds_left": 90,
      "max_entry_seconds_left": 150
    },
    {
      "ts": "2026-09-18T05:12:25.408104Z",
      "slug": "btc-updown-5m-1789708200",
      "status": "skip_too_early_to_enter",
      "seconds_left": 154.59190487861633,
      "min_entry_seconds_left": 90,
      "max_entry_seconds_left": 150
    },
    {
      "ts": "2026-09-18T05:12:27.721382Z",
      "slug": "btc-updown-5m-1789708200",
      "status": "skip_too_early_to_enter",
      "seconds_left": 152.27862524986267,
      "min_entry_seconds_left": 90,
      "max_entry_seconds_left": 150
    },
    {
      "ts": "2026-09-18T05:12:30.934571Z",
      "slug": "btc-updown-5m-1789708200",
      "status": "heartbeat",
      "gamma_up": 0.795,
      "gamma_down": 0.205,
      "clob_up_ask": 0.96,
      "clob_down_ask": 0.05,
      "seconds_left": 149.99787855148315,
      "min_spread": 0.010000000000000002
    },
    {
      "ts": "2026-09-18T05:12:30.934591Z",
      "slug": "btc-updown-5m-1789708200",
      "status": "skip_ask_too_expensive",
      "threshold": 0.7,
      "max_ask": 0.85,
      "win_streak": 2,
      "clob_up_ask": 0.96,
      "clob_down_ask": 0.05,
      "seconds_left": 149.99787855148315,
      "trigger_price": 0.96
    },
    {
      "ts": "2026-09-18T05:12:37.539831Z",
      "slug": "btc-updown-5m-1789708200",
      "status": "heartbeat",
      "gamma_up": 0.795,
      "gamma_down": 0.205,
      "clob_up_ask": 0.95,
      "clob_down_ask": 0.06,
      "seconds_left": 143.0986111164093,
      "min_spread": 0.009999999999999995
    },
    {
      "ts": "2026-09-18T05:12:37.539863Z",
      "slug": "btc-updown-5m-1789708200",
      "status": "skip_ask_too_expensive",
      "threshold": 0.7,
      "max_ask": 0.85,
      "win_streak": 2,
      "clob_up_ask": 0.95,
      "clob_down_ask": 0.06,
      "seconds_left": 143.0986111164093,
      "trigger_price": 0.95
    },
    {
      "ts": "2026-09-18T05:12:40.582259Z",
      "slug": "btc-updown-5m-1789708200",
      "status": "heartbeat",
      "gamma_up": 0.795,
      "gamma_down": 0.205,
      "clob_up_ask": 0.97,
      "clob_down_ask": 0.04,
      "seconds_left": 140.0654592514038,
      "min_spread": 0.010000000000000002
    },
    {
      "ts": "2026-09-18T05:12:40.582288Z",
      "slug": "btc-updown-5m-1789708200",
      "status": "skip_ask_too_expensive",
      "threshold": 0.7,
      "max_ask": 0.85,
      "win_streak": 2,
      "clob_up_ask": 0.97,
      "clob_down_ask": 0.04,
      "seconds_left": 140.0654592514038,
      "trigger_price": 0.97
    },
    {
      "ts": "2026-09-18T05:12:43.462017Z",
      "slug": "btc-updown-5m-1789708200",
      "status": "heartbeat",
      "gamma_up": 0.795,
      "gamma_down": 0.205,
      "clob_up_ask": 0.97,
      "clob_down_ask": 0.04,
      "seconds_left": 137.12940859794617,
      "min_spread": 0.010000000000000002
    },
    {
      "ts": "2026-09-18T05:12:43.462045Z",
      "slug": "btc-updown-5m-1789708200",
      "status": "skip_ask_too_expensive",
      "threshold": 0.7,
      "max_ask": 0.85,
      "win_streak": 2,
      "clob_up_ask": 0.97,
      "clob_down_ask": 0.04,
      "seconds_left": 137.12940859794617,
      "trigger_price": 0.97
    },
    {
      "ts": "2026-09-18T05:12:46.385107Z",
      "slug": "btc-updown-5m-1789708200",
      "status": "heartbeat",
      "gamma_up": 0.795,
      "gamma_down": 0.205,
      "clob_up_ask": 0.97,
      "clob_down_ask": 0.04,
      "seconds_left": 134.24116015434265,
      "min_spread": 0.010000000000000002
    },
    {
      "ts": "2026-09-18T05:12:46.385135Z",
      "slug": "btc-updown-5m-1789708200",
      "status": "skip_ask_too_expensive",
      "threshold": 0.7,
      "max_ask": 0.85,
      "win_streak": 2,
      "clob_up_ask": 0.97,
      "clob_down_ask": 0.04,
      "seconds_left": 134.24116015434265,
      "trigger_price": 0.97
    },
    {
      "ts": "2026-09-18T05:12:49.430028Z",
      "slug": "btc-updown-5m-1789708200",
      "status": "heartbeat",
      "gamma_up": 0.795,
      "gamma_down": 0.205,
      "clob_up_ask": 0.98,
      "clob_down_ask": 0.03,
      "seconds_left": 131.2981243133545,
      "min_spread": 0.009999999999999998
    },
    {
      "ts": "2026-09-18T05:12:49.430043Z",
      "slug": "btc-updown-5m-1789708200",
      "status": "skip_ask_too_expensive",
      "threshold": 0.7,
      "max_ask": 0.85,
      "win_streak": 2,
      "clob_up_ask": 0.98,
      "clob_down_ask": 0.03,
      "seconds_left": 131.2981243133545,
      "trigger_price": 0.98
    },
    {
      "ts": "2026-09-18T05:12:52.390176Z",
      "slug": "btc-updown-5m-1789708200",
      "status": "heartbeat",
      "gamma_up": 0.795,
      "gamma_down": 0.205,
      "clob_up_ask": null,
      "clob_down_ask": 0.01,
      "seconds_left": 128.25534653663635,
      "min_spread": null
    },
    {
      "ts": "2026-09-18T05:12:52.390201Z",
      "slug": "btc-updown-5m-1789708200",
      "status": "skip_price_below_threshold",
      "threshold": 0.7,
      "max_ask": 0.85,
      "win_streak": 2,
      "clob_up_ask": null,
      "clob_down_ask": 0.01,
      "seconds_left": 128.25534653663635,
      "trigger_price": null
    },
    {
      "ts": "2026-09-18T05:12:55.363436Z",
      "slug": "btc-updown-5m-1789708200",
      "status": "heartbeat",
      "gamma_up": 0.795,
      "gamma_down": 0.205,
      "clob_up_ask": null,
      "clob_down_ask": 0.01,
      "seconds_left": 125.21393156051636,
      "min_spread": null
    },
    {
      "ts": "2026-09-18T05:12:55.363461Z",
      "slug": "btc-updown-5m-1789708200",
      "status": "skip_price_below_threshold",
      "threshold": 0.7,
      "max_ask": 0.85,
      "win_streak": 2,
      "clob_up_ask": null,
      "clob_down_ask": 0.01,
      "seconds_left": 125.21393156051636,
      "trigger_price": null
    },
    {
      "ts": "2026-09-18T05:12:58.311006Z",
      "slug": "btc-updown-5m-1789708200",
      "status": "heartbeat",
      "gamma_up": 0.795,
      "gamma_down": 0.205,
      "clob_up_ask": 0.98,
      "clob_down_ask": 0.03,
      "seconds_left": 122.28006434440613,
      "min_spread": 0.009999999999999998
    },
    {
      "ts": "2026-09-18T05:12:58.311035Z",
      "slug": "btc-updown-5m-1789708200",
      "status": "skip_ask_too_expensive",
      "threshold": 0.7,
      "max_ask": 0.85,
      "win_streak": 2,
      "clob_up_ask": 0.98,
      "clob_down_ask": 0.03,
      "seconds_left": 122.28006434440613,
      "trigger_price": 0.98
    },
    {
      "ts": "2026-09-18T05:13:01.268088Z",
      "slug": "btc-updown-5m-1789708200",
      "status": "heartbeat",
      "gamma_up": 0.795,
      "gamma_down": 0.205,
      "clob_up_ask": 0.98,
      "clob_down_ask": 0.03,
      "seconds_left": 119.31075739860535,
      "min_spread": 0.009999999999999998
    },
    {
      "ts": "2026-09-18T05:13:01.268117Z",
      "slug": "btc-updown-5m-1789708200",
      "status": "skip_ask_too_expensive",
      "threshold": 0.7,
      "max_ask": 0.85,
      "win_streak": 2,
      "clob_up_ask": 0.98,
      "clob_down_ask": 0.03,
      "seconds_left": 119.31075739860535,
      "trigger_price": 0.98
    },
    {
      "ts": "2026-09-18T05:13:04.345538Z",
      "slug": "btc-updown-5m-1789708200",
      "status": "heartbeat",
      "gamma_up": 0.795,
      "gamma_down": 0.205,
      "clob_up_ask": 0.97,
      "clob_down_ask": 0.04,
      "seconds_left": 116.36426997184753,
      "min_spread": 0.010000000000000002
    },
    {
      "ts": "2026-09-18T05:13:04.345565Z",
      "slug": "btc-updown-5m-1789708200",
      "status": "skip_ask_too_expensive",
      "threshold": 0.7,
      "max_ask": 0.85,
      "win_streak": 2,
      "clob_up_ask": 0.97,
      "clob_down_ask": 0.04,
      "seconds_left": 116.36426997184753,
      "trigger_price": 0.97
    },
    {
      "ts": "2026-09-18T05:13:07.378108Z",
      "slug": "btc-updown-5m-1789708200",
      "status": "heartbeat",
      "gamma_up": 0.795,
      "gamma_down": 0.205,
      "clob_up_ask": 0.99,
      "clob_down_ask": 0.02,
      "seconds_left": 113.27946043014526,
      "min_spread": 0.01
    },
    {
      "ts": "2026-09-18T05:13:07.378135Z",
      "slug": "btc-updown-5m-1789708200",
      "status": "skip_ask_too_expensive",
      "threshold": 0.7,
      "max_ask": 0.85,
      "win_streak": 2,
      "clob_up_ask": 0.99,
      "clob_down_ask": 0.02,
      "seconds_left": 113.27946043014526,
      "trigger_price": 0.99
    },
    {
      "ts": "2026-09-18T05:13:13.872024Z",
      "slug": "btc-updown-5m-1789708200",
      "status": "heartbeat",
      "gamma_up": 0.795,
      "gamma_down": 0.205,
      "clob_up_ask": null,
      "clob_down_ask": 0.01,
      "seconds_left": 106.7236099243164,
      "min_spread": null
    },
    {
      "ts": "2026-09-18T05:13:13.872046Z",
      "slug": "btc-updown-5m-1789708200",
      "status": "skip_price_below_threshold",
      "threshold": 0.7,
      "max_ask": 0.85,
      "win_streak": 2,
      "clob_up_ask": null,
      "clob_down_ask": 0.01,
      "seconds_left": 106.7236099243164,
      "trigger_price": null
    },
    {
      "ts": "2026-09-18T05:13:17.113740Z",
      "slug": "btc-updown-5m-1789708200",
      "status": "heartbeat",
      "gamma_up": 0.795,
      "gamma_down": 0.205,
      "clob_up_ask": null,
      "clob_down_ask": 0.01,
      "seconds_left": 103.54579639434814,
      "min_spread": null
    },
    {
      "ts": "2026-09-18T05:13:17.113767Z",
      "slug": "btc-updown-5m-1789708200",
      "status": "skip_price_below_threshold",
      "threshold": 0.7,
      "max_ask": 0.85,
      "win_streak": 2,
      "clob_up_ask": null,
      "clob_down_ask": 0.01,
      "seconds_left": 103.54579639434814,
      "trigger_price": null
    },
    {
      "ts": "2026-09-18T05:13:20.051765Z",
      "slug": "btc-updown-5m-1789708200",
      "status": "heartbeat",
      "gamma_up": 0.795,
      "gamma_down": 0.205,
      "clob_up_ask": null,
      "clob_down_ask": 0.01,
      "seconds_left": 100.57084465026855,
      "min_spread": null
    },
    {
      "ts": "2026-09-18T05:13:20.051782Z",
      "slug": "btc-updown-5m-1789708200",
      "status": "skip_price_below_threshold",
      "threshold": 0.7,
      "max_ask": 0.85,
      "win_streak": 2,
      "clob_up_ask": null,
      "clob_down_ask": 0.01,
      "seconds_left": 100.57084465026855,
      "trigger_price": null
    },
    {
      "ts": "2026-09-18T05:13:22.929496Z",
      "slug": "btc-updown-5m-1789708200",
      "status": "heartbeat",
      "gamma_up": 0.795,
      "gamma_down": 0.205,
      "clob_up_ask": null,
      "clob_down_ask": 0.01,
      "seconds_left": 97.65987372398376,
      "min_spread": null
    },
    {
      "ts": "2026-09-18T05:13:22.929521Z",
      "slug": "btc-updown-5m-1789708200",
      "status": "skip_price_below_threshold",
      "threshold": 0.7,
      "max_ask": 0.85,
      "win_streak": 2,
      "clob_up_ask": null,
      "clob_down_ask": 0.01,
      "seconds_left": 97.65987372398376,
      "trigger_price": null
    },
    {
      "ts": "2026-09-18T05:13:25.824737Z",
      "slug": "btc-updown-5m-1789708200",
      "status": "heartbeat",
      "gamma_up": 0.795,
      "gamma_down": 0.205,
      "clob_up_ask": null,
      "clob_down_ask": 0.01,
      "seconds_left": 94.76123976707458,
      "min_spread": null
    },
    {
      "ts": "2026-09-18T05:13:25.824752Z",
      "slug": "btc-updown-5m-1789708200",
      "status": "skip_price_below_threshold",
      "threshold": 0.7,
      "max_ask": 0.85,
      "win_streak": 2,
      "clob_up_ask": null,
      "clob_down_ask": 0.01,
      "seconds_left": 94.76123976707458,
      "trigger_price": null
    },
    {
      "ts": "2026-09-18T05:13:28.762080Z",
      "slug": "btc-updown-5m-1789708200",
      "status": "heartbeat",
      "gamma_up": 0.795,
      "gamma_down": 0.205,
      "clob_up_ask": null,
      "clob_down_ask": 0.01,
      "seconds_left": 91.88391709327698,
      "min_spread": null
    },
    {
      "ts": "2026-09-18T05:13:28.762103Z",
      "slug": "btc-updown-5m-1789708200",
      "status": "skip_price_below_threshold",
      "threshold": 0.7,
      "max_ask": 0.85,
      "win_streak": 2,
      "clob_up_ask": null,
      "clob_down_ask": 0.01,
      "seconds_left": 91.88391709327698,
      "trigger_price": null
    },
    {
      "ts": "2026-09-18T05:13:31.336053Z",
      "slug": "btc-updown-5m-1789708200",
      "status": "skip_too_late_to_enter",
      "seconds_left": 88.66395115852356,
      "min_entry_seconds_left": 90,
      "max_entry_seconds_left": 150
    },
    {
      "ts": "2026-09-18T05:13:33.625817Z",
      "slug": "btc-updown-5m-1789708200",
      "status": "skip_too_late_to_enter",
      "seconds_left": 86.37419033050537,
      "min_entry_seconds_left": 90,
      "max_entry_seconds_left": 150
    },
    {
      "ts": "2026-09-18T05:13:35.966676Z",
      "slug": "btc-updown-5m-1789708200",
      "status": "skip_too_late_to_enter",
      "seconds_left": 84.03333187103271,
      "min_entry_seconds_left": 90,
      "max_entry_seconds_left": 150
    },
    {
      "ts": "2026-09-18T05:13:38.258742Z",
      "slug": "btc-updown-5m-1789708200",
      "status": "skip_too_late_to_enter",
      "seconds_left": 81.74126648902893,
      "min_entry_seconds_left": 90,
      "max_entry_seconds_left": 150
    },
    {
      "ts": "2026-09-18T05:13:40.536302Z",
      "slug": "btc-updown-5m-1789708200",
      "status": "skip_too_late_to_enter",
      "seconds_left": 79.46370553970337,
      "min_entry_seconds_left": 90,
      "max_entry_seconds_left": 150
    },
    {
      "ts": "2026-09-18T05:13:42.950366Z",
      "slug": "btc-updown-5m-1789708200",
      "status": "skip_too_late_to_enter",
      "seconds_left": 77.0496416091919,
      "min_entry_seconds_left": 90,
      "max_entry_seconds_left": 150
    },
    {
      "ts": "2026-09-18T05:13:45.228265Z",
      "slug": "btc-updown-5m-1789708200",
      "status": "skip_too_late_to_enter",
      "seconds_left": 74.77175617218018,
      "min_entry_seconds_left": 90,
      "max_entry_seconds_left": 150
    },
    {
      "ts": "2026-09-18T05:13:51.206075Z",
      "slug": "btc-updown-5m-1789708200",
      "status": "skip_too_late_to_enter",
      "seconds_left": 68.79392910003662,
      "min_entry_seconds_left": 90,
      "max_entry_seconds_left": 150
    },
    {
      "ts": "2026-09-18T05:13:53.493702Z",
      "slug": "btc-updown-5m-1789708200",
      "status": "skip_too_late_to_enter",
      "seconds_left": 66.5063054561615,
      "min_entry_seconds_left": 90,
      "max_entry_seconds_left": 150
    },
    {
      "ts": "2026-09-18T05:13:55.773748Z",
      "slug": "btc-updown-5m-1789708200",
      "status": "skip_too_late_to_enter",
      "seconds_left": 64.22625946998596,
      "min_entry_seconds_left": 90,
      "max_entry_seconds_left": 150
    },
    {
      "ts": "2026-09-18T05:13:58.047069Z",
      "slug": "btc-updown-5m-1789708200",
      "status": "skip_too_late_to_enter",
      "seconds_left": 61.952938079833984,
      "min_entry_seconds_left": 90,
      "max_entry_seconds_left": 150
    },
    {
      "ts": "2026-09-18T05:14:00.368143Z",
      "slug": "btc-updown-5m-1789708200",
      "status": "skip_too_late_to_enter",
      "seconds_left": 59.631866455078125,
      "min_entry_seconds_left": 90,
      "max_entry_seconds_left": 150
    },
    {
      "ts": "2026-09-18T05:14:02.636340Z",
      "slug": "btc-updown-5m-1789708200",
      "status": "skip_too_late_to_enter",
      "seconds_left": 57.36366820335388,
      "min_entry_seconds_left": 90,
      "max_entry_seconds_left": 150
    },
    {
      "ts": "2026-09-18T05:14:04.924660Z",
      "slug": "btc-updown-5m-1789708200",
      "status": "skip_too_late_to_enter",
      "seconds_left": 55.075347661972046,
      "min_entry_seconds_left": 90,
      "max_entry_seconds_left": 150
    },
    {
      "ts": "2026-09-18T05:14:07.217884Z",
      "slug": "btc-updown-5m-1789708200",
      "status": "skip_too_late_to_enter",
      "seconds_left": 52.78212285041809,
      "min_entry_seconds_left": 90,
      "max_entry_seconds_left": 150
    },
    {
      "ts": "2026-09-18T05:14:09.501327Z",
      "slug": "btc-updown-5m-1789708200",
      "status": "skip_too_late_to_enter",
      "seconds_left": 50.498679876327515,
      "min_entry_seconds_left": 90,
      "max_entry_seconds_left": 150
    },
    {
      "ts": "2026-09-18T05:14:11.782734Z",
      "slug": "btc-updown-5m-1789708200",
      "status": "skip_too_late_to_enter",
      "seconds_left": 48.21727418899536,
      "min_entry_seconds_left": 90,
      "max_entry_seconds_left": 150
    },
    {
      "ts": "2026-09-18T05:14:14.105239Z",
      "slug": "btc-updown-5m-1789708200",
      "status": "skip_too_late_to_enter",
      "seconds_left": 45.89476943016052,
      "min_entry_seconds_left": 90,
      "max_entry_seconds_left": 150
    },
    {
      "ts": "2026-09-18T05:14:16.379691Z",
      "slug": "btc-updown-5m-1789708200",
      "status": "skip_too_late_to_enter",
      "seconds_left": 43.62031698226929,
      "min_entry_seconds_left": 90,
      "max_entry_seconds_left": 150
    },
    {
      "ts": "2026-09-18T05:14:18.675681Z",
      "slug": "btc-updown-5m-1789708200",
      "status": "skip_too_late_to_enter",
      "seconds_left": 41.324323654174805,
      "min_entry_seconds_left": 90,
      "max_entry_seconds_left": 150
    },
    {
      "ts": "2026-09-18T05:14:20.995489Z",
      "slug": "btc-updown-5m-1789708200",
      "status": "skip_too_late_to_enter",
      "seconds_left": 39.004518032073975,
      "min_entry_seconds_left": 90,
      "max_entry_seconds_left": 150
    },
    {
      "ts": "2026-09-18T05:14:26.909279Z",
      "slug": "btc-updown-5m-1789708200",
      "status": "skip_too_late_to_enter",
      "seconds_left": 33.09072923660278,
      "min_entry_seconds_left": 90,
      "max_entry_seconds_left": 150
    },
    {
      "ts": "2026-09-18T05:14:29.187215Z",
      "slug": "btc-updown-5m-1789708200",
      "status": "skip_too_late_to_enter",
      "seconds_left": 30.812792539596558,
      "min_entry_seconds_left": 90,
      "max_entry_seconds_left": 150
    },
    {
      "ts": "2026-09-18T05:14:31.475480Z",
      "slug": "btc-updown-5m-1789708200",
      "status": "skip_too_late_to_enter",
      "seconds_left": 28.524527072906494,
      "min_entry_seconds_left": 90,
      "max_entry_seconds_left": 150
    },
    {
      "ts": "2026-09-18T05:14:33.758771Z",
      "slug": "btc-updown-5m-1789708200",
      "status": "skip_too_late_to_enter",
      "seconds_left": 26.241235733032227,
      "min_entry_seconds_left": 90,
      "max_entry_seconds_left": 150
    },
    {
      "ts": "2026-09-18T05:14:36.046123Z",
      "slug": "btc-updown-5m-1789708200",
      "status": "skip_too_late_to_enter",
      "seconds_left": 23.95388650894165,
      "min_entry_seconds_left": 90,
      "max_entry_seconds_left": 150
    },
    {
      "ts": "2026-09-18T05:14:38.330520Z",
      "slug": "btc-updown-5m-1789708200",
      "status": "skip_too_late_to_enter",
      "seconds_left": 21.669487476348877,
      "min_entry_seconds_left": 90,
      "max_entry_seconds_left": 150
    },
    {
      "ts": "2026-09-18T05:14:40.614795Z",
      "slug": "btc-updown-5m-1789708200",
      "status": "skip_too_late_to_enter",
      "seconds_left": 19.385209798812866,
      "min_entry_seconds_left": 90,
      "max_entry_seconds_left": 150
    },
    {
      "ts": "2026-09-18T05:14:42.897149Z",
      "slug": "btc-updown-5m-1789708200",
      "status": "skip_too_late_to_enter",
      "seconds_left": 17.10286021232605,
      "min_entry_seconds_left": 90,
      "max_entry_seconds_left": 150
    },
    {
      "ts": "2026-09-18T05:14:45.179873Z",
      "slug": "btc-updown-5m-1789708200",
      "status": "skip_too_late_to_enter",
      "seconds_left": 14.820133686065674,
      "min_entry_seconds_left": 90,
      "max_entry_seconds_left": 150
    },
    {
      "ts": "2026-09-18T05:14:47.533603Z",
      "slug": "btc-updown-5m-1789708200",
      "status": "skip_too_late_to_enter",
      "seconds_left": 12.466404676437378,
      "min_entry_seconds_left": 90,
      "max_entry_seconds_left": 150
    },
    {
      "ts": "2026-09-18T05:14:49.813919Z",
      "slug": "btc-updown-5m-1789708200",
      "status": "skip_too_late_to_enter",
      "seconds_left": 10.186087369918823,
      "min_entry_seconds_left": 90,
      "max_entry_seconds_left": 150
    },
    {
      "ts": "2026-09-18T05:14:52.094165Z",
      "slug": "btc-updown-5m-1789708200",
      "status": "skip_too_late_to_enter",
      "seconds_left": 7.905843019485474,
      "min_entry_seconds_left": 90,
      "max_entry_seconds_left": 150
    },
    {
      "ts": "2026-09-18T05:14:54.375430Z",
      "slug": "btc-updown-5m-1789708200",
      "status": "skip_too_late_to_enter",
      "seconds_left": 5.624576568603516,
      "min_entry_seconds_left": 90,
      "max_entry_seconds_left": 150
    },
    {
      "ts": "2026-09-18T05:14:56.720798Z",
      "status": "heartbeat_no_current_market"
    },
    {
      "ts": "2026-09-18T05:15:02.629785Z",
      "slug": "btc-updown-5m-1789708500",
      "status": "skip_too_early_to_enter",
      "seconds_left": 297.37022256851196,
      "min_entry_seconds_left": 90,
      "max_entry_seconds_left": 150
    },
    {
      "ts": "2026-09-18T05:15:04.901496Z",
      "slug": "btc-updown-5m-1789708500",
      "status": "skip_too_early_to_enter",
      "seconds_left": 295.0985107421875,
      "min_entry_seconds_left": 90,
      "max_entry_seconds_left": 150
    },
    {
      "ts": "2026-09-18T05:15:07.191445Z",
      "slug": "btc-updown-5m-1789708500",
      "status": "skip_too_early_to_enter",
      "seconds_left": 292.8085629940033,
      "min_entry_seconds_left": 90,
      "max_entry_seconds_left": 150
    },
    {
      "ts": "2026-09-18T05:15:09.517798Z",
      "slug": "btc-updown-5m-1789708500",
      "status": "skip_too_early_to_enter",
      "seconds_left": 290.4822106361389,
      "min_entry_seconds_left": 90,
      "max_entry_seconds_left": 150
    },
    {
      "ts": "2026-09-18T05:15:12.038178Z",
      "slug": "btc-updown-5m-1789708500",
      "status": "skip_too_early_to_enter",
      "seconds_left": 287.9618299007416,
      "min_entry_seconds_left": 90,
      "max_entry_seconds_left": 150
    },
    {
      "ts": "2026-09-18T05:15:14.411165Z",
      "slug": "btc-updown-5m-1789708500",
      "status": "skip_too_early_to_enter",
      "seconds_left": 285.58884358406067,
      "min_entry_seconds_left": 90,
      "max_entry_seconds_left": 150
    },
    {
      "ts": "2026-09-18T05:15:16.727697Z",
      "slug": "btc-updown-5m-1789708500",
      "status": "skip_too_early_to_enter",
      "seconds_left": 283.27230763435364,
      "min_entry_seconds_left": 90,
      "max_entry_seconds_left": 150
    },
    {
      "ts": "2026-09-18T05:15:19.084133Z",
      "slug": "btc-updown-5m-1789708500",
      "status": "skip_too_early_to_enter",
      "seconds_left": 280.91587471961975,
      "min_entry_seconds_left": 90,
      "max_entry_seconds_left": 150
    },
    {
      "ts": "2026-09-18T05:15:21.380314Z",
      "slug": "btc-updown-5m-1789708500",
      "status": "skip_too_early_to_enter",
      "seconds_left": 278.61969351768494,
      "min_entry_seconds_left": 90,
      "max_entry_seconds_left": 150
    },
    {
      "ts": "2026-09-18T05:15:23.702309Z",
      "slug": "btc-updown-5m-1789708500",
      "status": "skip_too_early_to_enter",
      "seconds_left": 276.29769802093506,
      "min_entry_seconds_left": 90,
      "max_entry_seconds_left": 150
    },
    {
      "ts": "2026-09-18T05:15:26.003606Z",
      "slug": "btc-updown-5m-1789708500",
      "status": "skip_too_early_to_enter",
      "seconds_left": 273.99640130996704,
      "min_entry_seconds_left": 90,
      "max_entry_seconds_left": 150
    },
    {
      "ts": "2026-09-18T05:15:28.287588Z",
      "slug": "btc-updown-5m-1789708500",
      "status": "skip_too_early_to_enter",
      "seconds_left": 271.7124195098877,
      "min_entry_seconds_left": 90,
      "max_entry_seconds_left": 150
    },
    {
      "ts": "2026-09-18T05:15:30.565726Z",
      "slug": "btc-updown-5m-1789708500",
      "status": "skip_too_early_to_enter",
      "seconds_left": 269.43428325653076,
      "min_entry_seconds_left": 90,
      "max_entry_seconds_left": 150
    },
    {
      "ts": "2026-09-18T05:15:32.899686Z",
      "slug": "btc-updown-5m-1789708500",
      "status": "skip_too_early_to_enter",
      "seconds_left": 267.10032057762146,
      "min_entry_seconds_left": 90,
      "max_entry_seconds_left": 150
    },
    {
      "ts": "2026-09-18T05:15:38.816659Z",
      "slug": "btc-updown-5m-1789708500",
      "status": "skip_too_early_to_enter",
      "seconds_left": 261.1833481788635,
      "min_entry_seconds_left": 90,
      "max_entry_seconds_left": 150
    },
    {
      "ts": "2026-09-18T05:15:41.172804Z",
      "slug": "btc-updown-5m-1789708500",
      "status": "skip_too_early_to_enter",
      "seconds_left": 258.8272006511688,
      "min_entry_seconds_left": 90,
      "max_entry_seconds_left": 150
    },
    {
      "ts": "2026-09-18T05:15:53.468324Z",
      "slug": "btc-updown-5m-1789708500",
      "status": "skip_too_early_to_enter",
      "seconds_left": 246.53168201446533,
      "min_entry_seconds_left": 90,
      "max_entry_seconds_left": 150
    },
    {
      "ts": "2026-09-18T05:15:55.747790Z",
      "slug": "btc-updown-5m-1789708500",
      "status": "skip_too_early_to_enter",
      "seconds_left": 244.25221514701843,
      "min_entry_seconds_left": 90,
      "max_entry_seconds_left": 150
    },
    {
      "ts": "2026-09-18T05:15:58.035187Z",
      "slug": "btc-updown-5m-1789708500",
      "status": "skip_too_early_to_enter",
      "seconds_left": 241.96482062339783,
      "min_entry_seconds_left": 90,
      "max_entry_seconds_left": 150
    },
    {
      "ts": "2026-09-18T05:16:00.302720Z",
      "slug": "btc-updown-5m-1789708500",
      "status": "skip_too_early_to_enter",
      "seconds_left": 239.6972885131836,
      "min_entry_seconds_left": 90,
      "max_entry_seconds_left": 150
    },
    {
      "ts": "2026-09-18T05:16:02.559281Z",
      "slug": "btc-updown-5m-1789708500",
      "status": "skip_too_early_to_enter",
      "seconds_left": 237.44072365760803,
      "min_entry_seconds_left": 90,
      "max_entry_seconds_left": 150
    },
    {
      "ts": "2026-09-18T05:16:04.856979Z",
      "slug": "btc-updown-5m-1789708500",
      "status": "skip_too_early_to_enter",
      "seconds_left": 235.1430275440216,
      "min_entry_seconds_left": 90,
      "max_entry_seconds_left": 150
    },
    {
      "ts": "2026-09-18T05:16:07.153676Z",
      "slug": "btc-updown-5m-1789708500",
      "status": "skip_too_early_to_enter",
      "seconds_left": 232.84633111953735,
      "min_entry_seconds_left": 90,
      "max_entry_seconds_left": 150
    },
    {
      "ts": "2026-09-18T05:16:09.448295Z",
      "slug": "btc-updown-5m-1789708500",
      "status": "skip_too_early_to_enter",
      "seconds_left": 230.55171036720276,
      "min_entry_seconds_left": 90,
      "max_entry_seconds_left": 150
    },
    {
      "ts": "2026-09-18T05:16:15.328775Z",
      "slug": "btc-updown-5m-1789708500",
      "status": "skip_too_early_to_enter",
      "seconds_left": 224.67123198509216,
      "min_entry_seconds_left": 90,
      "max_entry_seconds_left": 150
    },
    {
      "ts": "2026-09-18T05:16:17.614878Z",
      "slug": "btc-updown-5m-1789708500",
      "status": "skip_too_early_to_enter",
      "seconds_left": 222.38512873649597,
      "min_entry_seconds_left": 90,
      "max_entry_seconds_left": 150
    },
    {
      "ts": "2026-09-18T05:16:19.894487Z",
      "slug": "btc-updown-5m-1789708500",
      "status": "skip_too_early_to_enter",
      "seconds_left": 220.1055178642273,
      "min_entry_seconds_left": 90,
      "max_entry_seconds_left": 150
    },
    {
      "ts": "2026-09-18T05:16:22.167042Z",
      "slug": "btc-updown-5m-1789708500",
      "status": "skip_too_early_to_enter",
      "seconds_left": 217.83296275138855,
      "min_entry_seconds_left": 90,
      "max_entry_seconds_left": 150
    },
    {
      "ts": "2026-09-18T05:16:24.448993Z",
      "slug": "btc-updown-5m-1789708500",
      "status": "skip_too_early_to_enter",
      "seconds_left": 215.55101585388184,
      "min_entry_seconds_left": 90,
      "max_entry_seconds_left": 150
    },
    {
      "ts": "2026-09-18T05:16:26.836376Z",
      "slug": "btc-updown-5m-1789708500",
      "status": "skip_too_early_to_enter",
      "seconds_left": 213.1636323928833,
      "min_entry_seconds_left": 90,
      "max_entry_seconds_left": 150
    },
    {
      "ts": "2026-09-18T05:16:29.317333Z",
      "slug": "btc-updown-5m-1789708500",
      "status": "skip_too_early_to_enter",
      "seconds_left": 210.68267440795898,
      "min_entry_seconds_left": 90,
      "max_entry_seconds_left": 150
    },
    {
      "ts": "2026-09-18T05:16:31.773552Z",
      "slug": "btc-updown-5m-1789708500",
      "status": "skip_too_early_to_enter",
      "seconds_left": 208.22645688056946,
      "min_entry_seconds_left": 90,
      "max_entry_seconds_left": 150
    },
    {
      "ts": "2026-09-18T05:16:34.104102Z",
      "slug": "btc-updown-5m-1789708500",
      "status": "skip_too_early_to_enter",
      "seconds_left": 205.89590573310852,
      "min_entry_seconds_left": 90,
      "max_entry_seconds_left": 150
    },
    {
      "ts": "2026-09-18T05:16:36.378498Z",
      "slug": "btc-updown-5m-1789708500",
      "status": "skip_too_early_to_enter",
      "seconds_left": 203.62150645256042,
      "min_entry_seconds_left": 90,
      "max_entry_seconds_left": 150
    },
    {
      "ts": "2026-09-18T05:16:38.650709Z",
      "slug": "btc-updown-5m-1789708500",
      "status": "skip_too_early_to_enter",
      "seconds_left": 201.34929895401,
      "min_entry_seconds_left": 90,
      "max_entry_seconds_left": 150
    },
    {
      "ts": "2026-09-18T05:16:40.929059Z",
      "slug": "btc-updown-5m-1789708500",
      "status": "skip_too_early_to_enter",
      "seconds_left": 199.07094836235046,
      "min_entry_seconds_left": 90,
      "max_entry_seconds_left": 150
    },
    {
      "ts": "2026-09-18T05:16:43.328279Z",
      "slug": "btc-updown-5m-1789708500",
      "status": "skip_too_early_to_enter",
      "seconds_left": 196.6717278957367,
      "min_entry_seconds_left": 90,
      "max_entry_seconds_left": 150
    },
    {
      "ts": "2026-09-18T05:16:45.620138Z",
      "slug": "btc-updown-5m-1789708500",
      "status": "skip_too_early_to_enter",
      "seconds_left": 194.37986969947815,
      "min_entry_seconds_left": 90,
      "max_entry_seconds_left": 150
    },
    {
      "ts": "2026-09-18T05:16:51.526643Z",
      "slug": "btc-updown-5m-1789708500",
      "status": "skip_too_early_to_enter",
      "seconds_left": 188.47336339950562,
      "min_entry_seconds_left": 90,
      "max_entry_seconds_left": 150
    },
    {
      "ts": "2026-09-18T05:16:53.808656Z",
      "slug": "btc-updown-5m-1789708500",
      "status": "skip_too_early_to_enter",
      "seconds_left": 186.19135308265686,
      "min_entry_seconds_left": 90,
      "max_entry_seconds_left": 150
    },
    {
      "ts": "2026-09-18T05:16:56.128943Z",
      "slug": "btc-updown-5m-1789708500",
      "status": "skip_too_early_to_enter",
      "seconds_left": 183.8710618019104,
      "min_entry_seconds_left": 90,
      "max_entry_seconds_left": 150
    },
    {
      "ts": "2026-09-18T05:16:58.420068Z",
      "slug": "btc-updown-5m-1789708500",
      "status": "skip_too_early_to_enter",
      "seconds_left": 181.57993984222412,
      "min_entry_seconds_left": 90,
      "max_entry_seconds_left": 150
    },
    {
      "ts": "2026-09-18T05:17:00.707724Z",
      "slug": "btc-updown-5m-1789708500",
      "status": "skip_too_early_to_enter",
      "seconds_left": 179.29228329658508,
      "min_entry_seconds_left": 90,
      "max_entry_seconds_left": 150
    },
    {
      "ts": "2026-09-18T05:17:02.985132Z",
      "slug": "btc-updown-5m-1789708500",
      "status": "skip_too_early_to_enter",
      "seconds_left": 177.01487469673157,
      "min_entry_seconds_left": 90,
      "max_entry_seconds_left": 150
    },
    {
      "ts": "2026-09-18T05:17:05.381048Z",
      "slug": "btc-updown-5m-1789708500",
      "status": "skip_too_early_to_enter",
      "seconds_left": 174.61895728111267,
      "min_entry_seconds_left": 90,
      "max_entry_seconds_left": 150
    },
    {
      "ts": "2026-09-18T05:17:07.757773Z",
      "slug": "btc-updown-5m-1789708500",
      "status": "skip_too_early_to_enter",
      "seconds_left": 172.2422320842743,
      "min_entry_seconds_left": 90,
      "max_entry_seconds_left": 150
    },
    {
      "ts": "2026-09-18T05:17:10.047796Z",
      "slug": "btc-updown-5m-1789708500",
      "status": "skip_too_early_to_enter",
      "seconds_left": 169.95221066474915,
      "min_entry_seconds_left": 90,
      "max_entry_seconds_left": 150
    },
    {
      "ts": "2026-09-18T05:17:12.399257Z",
      "slug": "btc-updown-5m-1789708500",
      "status": "skip_too_early_to_enter",
      "seconds_left": 167.60075449943542,
      "min_entry_seconds_left": 90,
      "max_entry_seconds_left": 150
    },
    {
      "ts": "2026-09-18T05:17:14.958102Z",
      "slug": "btc-updown-5m-1789708500",
      "status": "skip_too_early_to_enter",
      "seconds_left": 165.04190850257874,
      "min_entry_seconds_left": 90,
      "max_entry_seconds_left": 150
    },
    {
      "ts": "2026-09-18T05:17:17.221673Z",
      "slug": "btc-updown-5m-1789708500",
      "status": "skip_too_early_to_enter",
      "seconds_left": 162.77833104133606,
      "min_entry_seconds_left": 90,
      "max_entry_seconds_left": 150
    },
    {
      "ts": "2026-09-18T05:17:19.637323Z",
      "slug": "btc-updown-5m-1789708500",
      "status": "skip_too_early_to_enter",
      "seconds_left": 160.36268138885498,
      "min_entry_seconds_left": 90,
      "max_entry_seconds_left": 150
    },
    {
      "ts": "2026-09-18T05:17:22.025094Z",
      "slug": "btc-updown-5m-1789708500",
      "status": "skip_too_early_to_enter",
      "seconds_left": 157.97491335868835,
      "min_entry_seconds_left": 90,
      "max_entry_seconds_left": 150
    },
    {
      "ts": "2026-09-18T05:17:28.033675Z",
      "slug": "btc-updown-5m-1789708500",
      "status": "skip_too_early_to_enter",
      "seconds_left": 151.96633005142212,
      "min_entry_seconds_left": 90,
      "max_entry_seconds_left": 150
    },
    {
      "ts": "2026-09-18T05:17:31.231181Z",
      "slug": "btc-updown-5m-1789708500",
      "status": "heartbeat",
      "gamma_up": 0.595,
      "gamma_down": 0.405,
      "clob_up_ask": 0.4,
      "clob_down_ask": 0.63,
      "seconds_left": 149.6441638469696,
      "min_spread": 0.010000000000000009
    },
    {
      "ts": "2026-09-18T05:17:31.231212Z",
      "slug": "btc-updown-5m-1789708500",
      "status": "skip_price_below_threshold",
      "threshold": 0.7,
      "max_ask": 0.85,
      "win_streak": 2,
      "clob_up_ask": 0.4,
      "clob_down_ask": 0.63,
      "seconds_left": 149.6441638469696,
      "trigger_price": null
    },
    {
      "ts": "2026-09-18T05:17:34.144245Z",
      "slug": "btc-updown-5m-1789708500",
      "status": "heartbeat",
      "gamma_up": 0.595,
      "gamma_down": 0.405,
      "clob_up_ask": 0.4,
      "clob_down_ask": 0.62,
      "seconds_left": 146.48263311386108,
      "min_spread": 0.010000000000000009
    },
    {
      "ts": "2026-09-18T05:17:34.144271Z",
      "slug": "btc-updown-5m-1789708500",
      "status": "skip_price_below_threshold",
      "threshold": 0.7,
      "max_ask": 0.85,
      "win_streak": 2,
      "clob_up_ask": 0.4,
      "clob_down_ask": 0.62,
      "seconds_left": 146.48263311386108,
      "trigger_price": null
    },
    {
      "ts": "2026-09-18T05:17:36.996924Z",
      "slug": "btc-updown-5m-1789708500",
      "status": "heartbeat",
      "gamma_up": 0.595,
      "gamma_down": 0.405,
      "clob_up_ask": 0.25,
      "clob_down_ask": 0.76,
      "seconds_left": 143.58558797836304,
      "min_spread": 0.010000000000000009
    },
    {
      "ts": "2026-09-18T05:17:44.853652Z",
      "slug": "btc-updown-5m-1789708500",
      "status": "heartbeat",
      "gamma_up": 0.595,
      "gamma_down": 0.405,
      "clob_up_ask": 0.27,
      "clob_down_ask": 0.74,
      "seconds_left": 135.96563363075256,
      "min_spread": 0.010000000000000009
    }
  ],
  "last_open_try": "{\"error\": \"PolyApiException[status_code=400, error_message={'error': 'no orders found to match with FAK order. FAK orders are partially filled or killed if no match is found.', 'orderID': '0x6037092d91759479da8658e6675d437cf620316bf2553a78558f2f4bbf5d681c'}]\", \"order_post_result\": {\"success\": false, \"status\": \"error\", \"errorMsg\": \"PolyApiException[status_code=400, error_message={'error': 'no orders found to match with FAK order. FAK orders are partially filled or killed if no match is found.', 'orderID': '0x6037092d91759479da8658e6675d437cf620316bf2553a78558f2f4bbf5d681c'}]\"}, \"close_skipped\": \"\"}\n\n[py_clob_client_v2] request error status=400 url=https://clob.polymarket.com/auth/api-key body={\"error\":\"Could not create api key\"}\n\n[py_clob_client_v2] request error status=400 url=https://clob.polymarket.com/order body={\"error\":\"no orders found to match with FAK order. FAK orders are partially filled or killed if no match is found.\",\"orderID\":\"0x6037092d91759479da8658e6675d437cf620316bf2553a78558f2f4bbf5d681c\"}\n",
  "open_raw": "{\"mode\": \"open\", \"execute\": true, \"market_slug\": \"btc-updown-5m-1789708500\", \"force_side\": \"DOWN\", \"token_id\": \"36877424233240536328282362192020624567527180824054910111620667932568820933012\", \"entry_price\": 0.73, \"notional_usd\": 5.0, \"top_ask_notional_usd\": 743.3152, \"collateral_pusd\": 423.729512, \"order_post_result\": {\"errorMsg\": \"\", \"orderID\": \"0xad56987063c9d8f0de1332868f4507e2389ff2cab469d39a088fda345af2392c\", \"takingAmount\": \"6.756757\", \"makingAmount\": \"5\", \"status\": \"matched\", \"transactionsHashes\": [\"0x8553f29211a4351eeb910b2c9ea03dc2ebd6310c6ec9561b221ad9593f75b341\"], \"success\": true}}\n\n[py_clob_client_v2] request error status=400 url=https://clob.polymarket.com/auth/api-key body={\"error\":\"Could not create api key\"}\n\n",
  "opened": {
    "opened_at": "2026-09-18T05:17:49.428831Z",
    "market_slug": "btc-updown-5m-1789708500",
    "market_end_iso": "2026-09-18T05:20:00Z",
    "side": "DOWN",
    "token_id": "36877424233240536328282362192020624567527180824054910111620667932568820933012",
    "entry_price": 0.73,
    "shares": 6.756757,
    "cost_usdc": 5.0,
    "open_order_id": "0xad56987063c9d8f0de1332868f4507e2389ff2cab469d39a088fda345af2392c",
    "open_tx": "0x8553f29211a4351eeb910b2c9ea03dc2ebd6310c6ec9561b221ad9593f75b341"
  },
  "stop_loss_price": 0.5475,
  "last_side_price": 0.405,
  "last_clob_bid": 0.71,
  "last_check_at": "2026-09-18T05:17:50.090423Z",
  "close_debug": [
    {
      "ts": "2026-09-18T05:17:54.544310Z",
      "attempt": 1,
      "order_type": "FAK",
      "status": "error",
      "close_skipped": ""
    },
    {
      "ts": "2026-09-18T05:17:58.085069Z",
      "attempt": 1,
      "order_type": "GTC",
      "status": "",
      "close_skipped": "",
      "limit_price": 0.63
    },
    {
      "ts": "2026-09-18T05:18:05.723935Z",
      "attempt": 2,
      "order_type": "FAK",
      "status": "skipped",
      "close_skipped": "zero_effective_shares"
    },
    {
      "ts": "2026-09-18T05:18:09.469294Z",
      "attempt": 3,
      "order_type": "FAK",
      "status": "skipped",
      "close_skipped": "zero_effective_shares"
    },
    {
      "ts": "2026-09-18T05:18:13.135774Z",
      "attempt": 4,
      "order_type": "FAK",
      "status": "skipped",
      "close_skipped": "zero_effective_shares"
    },
    {
      "ts": "2026-09-18T05:18:16.864095Z",
      "attempt": 5,
      "order_type": "FAK",
      "status": "skipped",
      "close_skipped": "zero_effective_shares"
    },
    {
      "ts": "2026-09-18T05:18:20.614251Z",
      "attempt": 6,
      "order_type": "FAK",
      "status": "skipped",
      "close_skipped": "zero_effective_shares"
    },
    {
      "ts": "2026-09-18T05:18:24.391145Z",
      "attempt": 7,
      "order_type": "FAK",
      "status": "skipped",
      "close_skipped": "zero_effective_shares"
    },
    {
      "ts": "2026-09-18T05:18:27.980445Z",
      "attempt": 8,
      "order_type": "FAK",
      "status": "skipped",
      "close_skipped": "zero_effective_shares"
    },
    {
      "ts": "2026-09-18T05:18:31.565020Z",
      "attempt": 9,
      "order_type": "FAK",
      "status": "skipped",
      "close_skipped": "zero_effective_shares"
    },
    {
      "ts": "2026-09-18T05:18:39.058130Z",
      "attempt": 10,
      "order_type": "FAK",
      "status": "skipped",
      "close_skipped": "zero_effective_shares"
    },
    {
      "ts": "2026-09-18T05:18:42.661746Z",
      "attempt": 11,
      "order_type": "FAK",
      "status": "skipped",
      "close_skipped": "zero_effective_shares"
    },
    {
      "ts": "2026-09-18T05:18:46.284170Z",
      "attempt": 12,
      "order_type": "FAK",
      "status": "skipped",
      "close_skipped": "zero_effective_shares"
    },
    {
      "ts": "2026-09-18T05:18:49.876955Z",
      "attempt": 13,
      "order_type": "FAK",
      "status": "skipped",
      "close_skipped": "zero_effective_shares"
    },
    {
      "ts": "2026-09-18T05:18:53.492790Z",
      "attempt": 14,
      "order_type": "FAK",
      "status": "skipped",
      "close_skipped": "zero_effective_shares"
    },
    {
      "ts": "2026-09-18T05:18:57.181105Z",
      "attempt": 15,
      "order_type": "FAK",
      "status": "skipped",
      "close_skipped": "zero_effective_shares"
    },
    {
      "ts": "2026-09-18T05:19:01.007531Z",
      "attempt": 16,
      "order_type": "FAK",
      "status": "skipped",
      "close_skipped": "zero_effective_shares"
    },
    {
      "ts": "2026-09-18T05:19:04.630624Z",
      "attempt": 17,
      "order_type": "FAK",
      "status": "skipped",
      "close_skipped": "zero_effective_shares"
    },
    {
      "ts": "2026-09-18T05:19:08.212346Z",
      "attempt": 18,
      "order_type": "FAK",
      "status": "skipped",
      "close_skipped": "zero_effective_shares"
    },
    {
      "ts": "2026-09-18T05:19:15.442400Z",
      "attempt": 19,
      "order_type": "FAK",
      "status": "skipped",
      "close_skipped": "zero_effective_shares"
    },
    {
      "ts": "2026-09-18T05:19:18.987262Z",
      "attempt": 20,
      "order_type": "FAK",
      "status": "skipped",
      "close_skipped": "zero_effective_shares"
    },
    {
      "ts": "2026-09-18T05:19:22.592609Z",
      "attempt": 21,
      "order_type": "FAK",
      "status": "skipped",
      "close_skipped": "zero_effective_shares"
    },
    {
      "ts": "2026-09-18T05:19:26.366490Z",
      "attempt": 22,
      "order_type": "FAK",
      "status": "skipped",
      "close_skipped": "zero_effective_shares"
    },
    {
      "ts": "2026-09-18T05:19:29.896064Z",
      "attempt": 23,
      "order_type": "FAK",
      "status": "skipped",
      "close_skipped": "zero_effective_shares"
    },
    {
      "ts": "2026-09-18T05:19:33.482305Z",
      "attempt": 24,
      "order_type": "FAK",
      "status": "skipped",
      "close_skipped": "zero_effective_shares"
    },
    {
      "ts": "2026-09-18T05:19:37.055723Z",
      "attempt": 25,
      "order_type": "FAK",
      "status": "skipped",
      "close_skipped": "zero_effective_shares"
    },
    {
      "ts": "2026-09-18T05:19:40.641797Z",
      "attempt": 26,
      "order_type": "FAK",
      "status": "skipped",
      "close_skipped": "zero_effective_shares"
    },
    {
      "ts": "2026-09-18T05:19:44.222734Z",
      "attempt": 27,
      "order_type": "FAK",
      "status": "skipped",
      "close_skipped": "zero_effective_shares"
    },
    {
      "ts": "2026-09-18T05:19:51.418783Z",
      "attempt": 28,
      "order_type": "FAK",
      "status": "skipped",
      "close_skipped": "zero_effective_shares"
    },
    {
      "ts": "2026-09-18T05:19:55.044748Z",
      "attempt": 29,
      "order_type": "FAK",
      "status": "skipped",
      "close_skipped": "zero_effective_shares"
    },
    {
      "ts": "2026-09-18T05:19:58.684689Z",
      "attempt": 30,
      "order_type": "FAK",
      "status": "skipped",
      "close_skipped": "zero_effective_shares"
    }
  ],
  "close_fallback": {
    "type": "GTC_LIMIT",
    "price": 0.63
  },
  "close_raw": "{\"mode\": \"close\", \"execute\": true, \"market_slug\": \"btc-updown-5m-1789708500\", \"token_id\": \"36877424233240536328282362192020624567527180824054910111620667932568820933012\", \"requested_shares\": 6.756757, \"close_order_type\": \"FAK\", \"close_limit_price\": null, \"available_shares\": 0.006757, \"sell_shares\": 0.0067, \"close_skipped\": \"zero_effective_shares\", \"order_post_result\": {\"success\": false, \"status\": \"skipped\"}}\n\n[py_clob_client_v2] request error status=400 url=https://clob.polymarket.com/auth/api-key body={\"error\":\"Could not create api key\"}\n\n",
  "closed": {
    "close_reason": "stop_loss_25pct",
    "closed_at": "2026-09-18T05:20:00.684831Z",
    "close_success": false,
    "close_status": "skipped",
    "close_order_id": null,
    "close_tx": null,
    "close_shares": 0.0,
    "close_usdc": 0.0,
    "close_skipped": "zero_effective_shares"
  },
  "realized_cashflow_pnl_usdc": null,
  "finished_at": "2026-09-18T05:20:00.684886Z",
  "result": "done"
}
[2026-09-18T05:20:00Z] session_end rc=0 sessions=2 stake_usd=5
journal_ok trades=204 md=/home/yukeen/polymarketbot/5min-btc-polymarket/data/live_trades.md json=/home/yukeen/polymarketbot/5min-btc-polymarket/data/live_trades.json
[2026-09-18T05:21:31Z] fills=1/80 sessions=2/200
[py_clob_client_v2] request error status=400 url=https://clob.polymarket.com/auth/api-key body={"error":"Could not create api key"}

[2026-09-18T05:21:51Z] cash=423.056552
[2026-09-18T05:21:59Z] session_begin sessions=2 fills=1 stake_usd=5
{
  "started_at": "2026-09-18T05:22:00.336675Z",
  "params": {
    "profile": "conservative",
    "threshold": 0.7,
    "stake_usd": 5.0,
    "stop_loss_pct": 0.25,
    "exit_before_sec": 20,
    "min_entry_seconds_left": 90,
    "max_entry_seconds_left": 150,
    "entry_timeout_min": 20,
    "poll_sec": 2.0,
    "max_ask": 0.85,
    "expensive_ask": 0.8,
    "expensive_after_wins": 3,
    "clob_cut_bid": 0.4,
    "close_retry_max": 30,
    "close_retry_delay_sec": 2.0,
    "no_gamma_sl": false,
    "execute": true,
    "win_streak": 3
  },
  "attempts": [
    {
      "ts": "2026-09-18T05:22:00.717228Z",
      "slug": "btc-updown-5m-1789708800",
      "status": "skip_too_early_to_enter",
      "seconds_left": 179.28278398513794,
      "min_entry_seconds_left": 90,
      "max_entry_seconds_left": 150
    },
    {
      "ts": "2026-09-18T05:22:02.979757Z",
      "slug": "btc-updown-5m-1789708800",
      "status": "skip_too_early_to_enter",
      "seconds_left": 177.02025604248047,
      "min_entry_seconds_left": 90,
      "max_entry_seconds_left": 150
    },
    {
      "ts": "2026-09-18T05:22:05.262132Z",
      "slug": "btc-updown-5m-1789708800",
      "status": "skip_too_early_to_enter",
      "seconds_left": 174.7378752231598,
      "min_entry_seconds_left": 90,
      "max_entry_seconds_left": 150
    },
    {
      "ts": "2026-09-18T05:22:07.555511Z",
      "slug": "btc-updown-5m-1789708800",
      "status": "skip_too_early_to_enter",
      "seconds_left": 172.44449710845947,
      "min_entry_seconds_left": 90,
      "max_entry_seconds_left": 150
    },
    {
      "ts": "2026-09-18T05:22:09.838601Z",
      "slug": "btc-updown-5m-1789708800",
      "status": "skip_too_early_to_enter",
      "seconds_left": 170.16140627861023,
      "min_entry_seconds_left": 90,
      "max_entry_seconds_left": 150
    },
    {
      "ts": "2026-09-18T05:22:15.747879Z",
      "slug": "btc-updown-5m-1789708800",
      "status": "skip_too_early_to_enter",
      "seconds_left": 164.2521252632141,
      "min_entry_seconds_left": 90,
      "max_entry_seconds_left": 150
    },
    {
      "ts": "2026-09-18T05:22:18.019575Z",
      "slug": "btc-updown-5m-1789708800",
      "status": "skip_too_early_to_enter",
      "seconds_left": 161.98042964935303,
      "min_entry_seconds_left": 90,
      "max_entry_seconds_left": 150
    },
    {
      "ts": "2026-09-18T05:22:20.292175Z",
      "slug": "btc-updown-5m-1789708800",
      "status": "skip_too_early_to_enter",
      "seconds_left": 159.70782923698425,
      "min_entry_seconds_left": 90,
      "max_entry_seconds_left": 150
    },
    {
      "ts": "2026-09-18T05:22:22.577003Z",
      "slug": "btc-updown-5m-1789708800",
      "status": "skip_too_early_to_enter",
      "seconds_left": 157.42300605773926,
      "min_entry_seconds_left": 90,
      "max_entry_seconds_left": 150
    },
    {
      "ts": "2026-09-18T05:22:24.875193Z",
      "slug": "btc-updown-5m-1789708800",
      "status": "skip_too_early_to_enter",
      "seconds_left": 155.1248140335083,
      "min_entry_seconds_left": 90,
      "max_entry_seconds_left": 150
    },
    {
      "ts": "2026-09-18T05:22:27.159236Z",
      "slug": "btc-updown-5m-1789708800",
      "status": "skip_too_early_to_enter",
      "seconds_left": 152.8407723903656,
      "min_entry_seconds_left": 90,
      "max_entry_seconds_left": 150
    },
    {
      "ts": "2026-09-18T05:22:29.440544Z",
      "slug": "btc-updown-5m-1789708800",
      "status": "skip_too_early_to_enter",
      "seconds_left": 150.55945992469788,
      "min_entry_seconds_left": 90,
      "max_entry_seconds_left": 150
    },
    {
      "ts": "2026-09-18T05:22:32.559015Z",
      "slug": "btc-updown-5m-1789708800",
      "status": "heartbeat",
      "gamma_up": 0.615,
      "gamma_down": 0.385,
      "clob_up_ask": 0.17,
      "clob_down_ask": 0.84,
      "seconds_left": 148.27879810333252,
      "min_spread": 0.010000000000000009
    },
    {
      "ts": "2026-09-18T05:22:32.559052Z",
      "slug": "btc-updown-5m-1789708800",
      "status": "skip_expensive_after_wins",
      "threshold": 0.7,
      "max_ask": 0.85,
      "win_streak": 3,
      "clob_up_ask": 0.17,
      "clob_down_ask": 0.84,
      "seconds_left": 148.27879810333252,
      "trigger_price": 0.84
    },
    {
      "ts": "2026-09-18T05:22:35.588761Z",
      "slug": "btc-updown-5m-1789708800",
      "status": "heartbeat",
      "gamma_up": 0.615,
      "gamma_down": 0.385,
      "clob_up_ask": 0.16,
      "clob_down_ask": 0.87,
      "seconds_left": 145.16294169425964,
      "min_spread": 0.010000000000000009
    },
    {
      "ts": "2026-09-18T05:22:35.588797Z",
      "slug": "btc-updown-5m-1789708800",
      "status": "skip_ask_too_expensive",
      "threshold": 0.7,
      "max_ask": 0.85,
      "win_streak": 3,
      "clob_up_ask": 0.16,
      "clob_down_ask": 0.87,
      "seconds_left": 145.16294169425964,
      "trigger_price": 0.87
    },
    {
      "ts": "2026-09-18T05:22:38.509517Z",
      "slug": "btc-updown-5m-1789708800",
      "status": "heartbeat",
      "gamma_up": 0.615,
      "gamma_down": 0.385,
      "clob_up_ask": 0.13,
      "clob_down_ask": 0.88,
      "seconds_left": 142.09154629707336,
      "min_spread": 0.010000000000000009
    },
    {
      "ts": "2026-09-18T05:22:38.509550Z",
      "slug": "btc-updown-5m-1789708800",
      "status": "skip_ask_too_expensive",
      "threshold": 0.7,
      "max_ask": 0.85,
      "win_streak": 3,
      "clob_up_ask": 0.13,
      "clob_down_ask": 0.88,
      "seconds_left": 142.09154629707336,
      "trigger_price": 0.88
    },
    {
      "ts": "2026-09-18T05:22:41.373523Z",
      "slug": "btc-updown-5m-1789708800",
      "status": "heartbeat",
      "gamma_up": 0.615,
      "gamma_down": 0.385,
      "clob_up_ask": 0.09,
      "clob_down_ask": 0.92,
      "seconds_left": 139.22259974479675,
      "min_spread": 0.009999999999999995
    },
    {
      "ts": "2026-09-18T05:22:41.373539Z",
      "slug": "btc-updown-5m-1789708800",
      "status": "skip_ask_too_expensive",
      "threshold": 0.7,
      "max_ask": 0.85,
      "win_streak": 3,
      "clob_up_ask": 0.09,
      "clob_down_ask": 0.92,
      "seconds_left": 139.22259974479675,
      "trigger_price": 0.92
    },
    {
      "ts": "2026-09-18T05:22:44.231992Z",
      "slug": "btc-updown-5m-1789708800",
      "status": "heartbeat",
      "gamma_up": 0.615,
      "gamma_down": 0.385,
      "clob_up_ask": 0.08,
      "clob_down_ask": 0.91,
      "seconds_left": 136.35328435897827,
      "min_spread": 0.009999999999999995
    },
    {
      "ts": "2026-09-18T05:22:44.232008Z",
      "slug": "btc-updown-5m-1789708800",
      "status": "skip_ask_too_expensive",
      "threshold": 0.7,
      "max_ask": 0.85,
      "win_streak": 3,
      "clob_up_ask": 0.08,
      "clob_down_ask": 0.91,
      "seconds_left": 136.35328435897827,
      "trigger_price": 0.91
    },
    {
      "ts": "2026-09-18T05:22:50.700589Z",
      "slug": "btc-updown-5m-1789708800",
      "status": "heartbeat",
      "gamma_up": 0.615,
      "gamma_down": 0.385,
      "clob_up_ask": 0.08,
      "clob_down_ask": 0.93,
      "seconds_left": 133.48951268196106,
      "min_spread": 0.009999999999999995
    },
    {
      "ts": "2026-09-18T05:22:50.700617Z",
      "slug": "btc-updown-5m-1789708800",
      "status": "skip_ask_too_expensive",
      "threshold": 0.7,
      "max_ask": 0.85,
      "win_streak": 3,
      "clob_up_ask": 0.08,
      "clob_down_ask": 0.93,
      "seconds_left": 133.48951268196106,
      "trigger_price": 0.93
    },
    {
      "ts": "2026-09-18T05:22:53.630051Z",
      "slug": "btc-updown-5m-1789708800",
      "status": "heartbeat",
      "gamma_up": 0.615,
      "gamma_down": 0.385,
      "clob_up_ask": 0.18,
      "clob_down_ask": 0.85,
      "seconds_left": 126.9757969379425,
      "min_spread": 0.009999999999999981
    },
    {
      "ts": "2026-09-18T05:22:53.630080Z",
      "slug": "btc-updown-5m-1789708800",
      "status": "skip_ask_too_expensive",
      "threshold": 0.7,
      "max_ask": 0.85,
      "win_streak": 3,
      "clob_up_ask": 0.18,
      "clob_down_ask": 0.85,
      "seconds_left": 126.9757969379425,
      "trigger_price": 0.85
    },
    {
      "ts": "2026-09-18T05:22:56.518461Z",
      "slug": "btc-updown-5m-1789708800",
      "status": "heartbeat",
      "gamma_up": 0.615,
      "gamma_down": 0.385,
      "clob_up_ask": 0.14,
      "clob_down_ask": 0.87,
      "seconds_left": 124.08635902404785,
      "min_spread": 0.010000000000000009
    },
    {
      "ts": "2026-09-18T05:22:56.518489Z",
      "slug": "btc-updown-5m-1789708800",
      "status": "skip_ask_too_expensive",
      "threshold": 0.7,
      "max_ask": 0.85,
      "win_streak": 3,
      "clob_up_ask": 0.14,
      "clob_down_ask": 0.87,
      "seconds_left": 124.08635902404785,
      "trigger_price": 0.87
    },
    {
      "ts": "2026-09-18T05:22:59.433178Z",
      "slug": "btc-updown-5m-1789708800",
      "status": "heartbeat",
      "gamma_up": 0.615,
      "gamma_down": 0.385,
      "clob_up_ask": 0.14,
      "clob_down_ask": 0.87,
      "seconds_left": 121.21431136131287,
      "min_spread": 0.010000000000000009
    },
    {
      "ts": "2026-09-18T05:22:59.433209Z",
      "slug": "btc-updown-5m-1789708800",
      "status": "skip_ask_too_expensive",
      "threshold": 0.7,
      "max_ask": 0.85,
      "win_streak": 3,
      "clob_up_ask": 0.14,
      "clob_down_ask": 0.87,
      "seconds_left": 121.21431136131287,
      "trigger_price": 0.87
    },
    {
      "ts": "2026-09-18T05:23:02.300711Z",
      "slug": "btc-updown-5m-1789708800",
      "status": "heartbeat",
      "gamma_up": 0.615,
      "gamma_down": 0.385,
      "clob_up_ask": 0.13,
      "clob_down_ask": 0.89,
      "seconds_left": 118.29308032989502,
      "min_spread": 0.010000000000000009
    },
    {
      "ts": "2026-09-18T05:23:02.300726Z",
      "slug": "btc-updown-5m-1789708800",
      "status": "skip_ask_too_expensive",
      "threshold": 0.7,
      "max_ask": 0.85,
      "win_streak": 3,
      "clob_up_ask": 0.13,
      "clob_down_ask": 0.89,
      "seconds_left": 118.29308032989502,
      "trigger_price": 0.89
    },
    {
      "ts": "2026-09-18T05:23:05.155522Z",
      "slug": "btc-updown-5m-1789708800",
      "status": "heartbeat",
      "gamma_up": 0.615,
      "gamma_down": 0.385,
      "clob_up_ask": 0.13,
      "clob_down_ask": 0.88,
      "seconds_left": 115.42932367324829,
      "min_spread": 0.010000000000000009
    },
    {
      "ts": "2026-09-18T05:23:05.155554Z",
      "slug": "btc-updown-5m-1789708800",
      "status": "skip_ask_too_expensive",
      "threshold": 0.7,
      "max_ask": 0.85,
      "win_streak": 3,
      "clob_up_ask": 0.13,
      "clob_down_ask": 0.88,
      "seconds_left": 115.42932367324829,
      "trigger_price": 0.88
    },
    {
      "ts": "2026-09-18T05:23:08.143131Z",
      "slug": "btc-updown-5m-1789708800",
      "status": "heartbeat",
      "gamma_up": 0.615,
      "gamma_down": 0.385,
      "clob_up_ask": 0.04,
      "clob_down_ask": 0.97,
      "seconds_left": 112.45607614517212,
      "min_spread": 0.010000000000000002
    },
    {
      "ts": "2026-09-18T05:23:08.143158Z",
      "slug": "btc-updown-5m-1789708800",
      "status": "skip_ask_too_expensive",
      "threshold": 0.7,
      "max_ask": 0.85,
      "win_streak": 3,
      "clob_up_ask": 0.04,
      "clob_down_ask": 0.97,
      "seconds_left": 112.45607614517212,
      "trigger_price": 0.97
    },
    {
      "ts": "2026-09-18T05:23:11.056303Z",
      "slug": "btc-updown-5m-1789708800",
      "status": "heartbeat",
      "gamma_up": 0.615,
      "gamma_down": 0.385,
      "clob_up_ask": 0.08,
      "clob_down_ask": 0.91,
      "seconds_left": 109.55710339546204,
      "min_spread": 0.009999999999999995
    },
    {
      "ts": "2026-09-18T05:23:11.056329Z",
      "slug": "btc-updown-5m-1789708800",
      "status": "skip_ask_too_expensive",
      "threshold": 0.7,
      "max_ask": 0.85,
      "win_streak": 3,
      "clob_up_ask": 0.08,
      "clob_down_ask": 0.91,
      "seconds_left": 109.55710339546204,
      "trigger_price": 0.91
    },
    {
      "ts": "2026-09-18T05:23:13.936496Z",
      "slug": "btc-updown-5m-1789708800",
      "status": "heartbeat",
      "gamma_up": 0.615,
      "gamma_down": 0.385,
      "clob_up_ask": 0.06,
      "clob_down_ask": 0.95,
      "seconds_left": 106.66271591186523,
      "min_spread": 0.009999999999999995
    },
    {
      "ts": "2026-09-18T05:23:13.936513Z",
      "slug": "btc-updown-5m-1789708800",
      "status": "skip_ask_too_expensive",
      "threshold": 0.7,
      "max_ask": 0.85,
      "win_streak": 3,
      "clob_up_ask": 0.06,
      "clob_down_ask": 0.95,
      "seconds_left": 106.66271591186523,
      "trigger_price": 0.95
    },
    {
      "ts": "2026-09-18T05:23:16.795669Z",
      "slug": "btc-updown-5m-1789708800",
      "status": "heartbeat",
      "gamma_up": 0.615,
      "gamma_down": 0.385,
      "clob_up_ask": 0.11,
      "clob_down_ask": 0.91,
      "seconds_left": 103.78884053230286,
      "min_spread": 0.009999999999999995
    },
    {
      "ts": "2026-09-18T05:23:16.795704Z",
      "slug": "btc-updown-5m-1789708800",
      "status": "skip_ask_too_expensive",
      "threshold": 0.7,
      "max_ask": 0.85,
      "win_streak": 3,
      "clob_up_ask": 0.11,
      "clob_down_ask": 0.91,
      "seconds_left": 103.78884053230286,
      "trigger_price": 0.91
    },
    {
      "ts": "2026-09-18T05:23:19.735242Z",
      "slug": "btc-updown-5m-1789708800",
      "status": "heartbeat",
      "gamma_up": 0.615,
      "gamma_down": 0.385,
      "clob_up_ask": 0.15,
      "clob_down_ask": 0.88,
      "seconds_left": 100.92372679710388,
      "min_spread": 0.009999999999999981
    },
    {
      "ts": "2026-09-18T05:23:19.735258Z",
      "slug": "btc-updown-5m-1789708800",
      "status": "skip_ask_too_expensive",
      "threshold": 0.7,
      "max_ask": 0.85,
      "win_streak": 3,
      "clob_up_ask": 0.15,
      "clob_down_ask": 0.88,
      "seconds_left": 100.92372679710388,
      "trigger_price": 0.88
    },
    {
      "ts": "2026-09-18T05:23:22.641429Z",
      "slug": "btc-updown-5m-1789708800",
      "status": "heartbeat",
      "gamma_up": 0.615,
      "gamma_down": 0.385,
      "clob_up_ask": 0.27,
      "clob_down_ask": 0.67,
      "seconds_left": 98.00105929374695,
      "min_spread": 0.010000000000000009
    },
    {
      "ts": "2026-09-18T05:23:22.641469Z",
      "slug": "btc-updown-5m-1789708800",
      "status": "skip_price_below_threshold",
      "threshold": 0.7,
      "max_ask": 0.85,
      "win_streak": 3,
      "clob_up_ask": 0.27,
      "clob_down_ask": 0.67,
      "seconds_left": 98.00105929374695,
      "trigger_price": null
    },
    {
      "ts": "2026-09-18T05:23:29.192236Z",
      "slug": "btc-updown-5m-1789708800",
      "status": "heartbeat",
      "gamma_up": 0.615,
      "gamma_down": 0.385,
      "clob_up_ask": 0.32,
      "clob_down_ask": 0.69,
      "seconds_left": 91.49083352088928,
      "min_spread": 0.009999999999999898
    },
    {
      "ts": "2026-09-18T05:23:29.192259Z",
      "slug": "btc-updown-5m-1789708800",
      "status": "skip_price_below_threshold",
      "threshold": 0.7,
      "max_ask": 0.85,
      "win_streak": 3,
      "clob_up_ask": 0.32,
      "clob_down_ask": 0.69,
      "seconds_left": 91.49083352088928,
      "trigger_price": null
    },
    {
      "ts": "2026-09-18T05:23:31.456266Z",
      "slug": "btc-updown-5m-1789708800",
      "status": "skip_too_late_to_enter",
      "seconds_left": 88.54374241828918,
      "min_entry_seconds_left": 90,
      "max_entry_seconds_left": 150
    },
    {
      "ts": "2026-09-18T05:23:33.740053Z",
      "slug": "btc-updown-5m-1789708800",
      "status": "skip_too_late_to_enter",
      "seconds_left": 86.25995373725891,
      "min_entry_seconds_left": 90,
      "max_entry_seconds_left": 150
    },
    {
      "ts": "2026-09-18T05:23:36.002896Z",
      "slug": "btc-updown-5m-1789708800",
      "status": "skip_too_late_to_enter",
      "seconds_left": 83.99710822105408,
      "min_entry_seconds_left": 90,
      "max_entry_seconds_left": 150
    },
    {
      "ts": "2026-09-18T05:23:38.297829Z",
      "slug": "btc-updown-5m-1789708800",
      "status": "skip_too_late_to_enter",
      "seconds_left": 81.70217895507812,
      "min_entry_seconds_left": 90,
      "max_entry_seconds_left": 150
    },
    {
      "ts": "2026-09-18T05:23:40.571863Z",
      "slug": "btc-updown-5m-1789708800",
      "status": "skip_too_late_to_enter",
      "seconds_left": 79.42814254760742,
      "min_entry_seconds_left": 90,
      "max_entry_seconds_left": 150
    },
    {
      "ts": "2026-09-18T05:23:42.841205Z",
      "slug": "btc-updown-5m-1789708800",
      "status": "skip_too_late_to_enter",
      "seconds_left": 77.15879917144775,
      "min_entry_seconds_left": 90,
      "max_entry_seconds_left": 150
    },
    {
      "ts": "2026-09-18T05:23:45.113690Z",
      "slug": "btc-updown-5m-1789708800",
      "status": "skip_too_late_to_enter",
      "seconds_left": 74.88631701469421,
      "min_entry_seconds_left": 90,
      "max_entry_seconds_left": 150
    },
    {
      "ts": "2026-09-18T05:23:47.371692Z",
      "slug": "btc-updown-5m-1789708800",
      "status": "skip_too_late_to_enter",
      "seconds_left": 72.62831401824951,
      "min_entry_seconds_left": 90,
      "max_entry_seconds_left": 150
    },
    {
      "ts": "2026-09-18T05:23:49.638486Z",
      "slug": "btc-updown-5m-1789708800",
      "status": "skip_too_late_to_enter",
      "seconds_left": 70.36151909828186,
      "min_entry_seconds_left": 90,
      "max_entry_seconds_left": 150
    },
    {
      "ts": "2026-09-18T05:23:51.971831Z",
      "slug": "btc-updown-5m-1789708800",
      "status": "skip_too_late_to_enter",
      "seconds_left": 68.02819991111755,
      "min_entry_seconds_left": 90,
      "max_entry_seconds_left": 150
    },
    {
      "ts": "2026-09-18T05:23:54.238820Z",
      "slug": "btc-updown-5m-1789708800",
      "status": "skip_too_late_to_enter",
      "seconds_left": 65.76118803024292,
      "min_entry_seconds_left": 90,
      "max_entry_seconds_left": 150
    },
    {
      "ts": "2026-09-18T05:23:56.509978Z",
      "slug": "btc-updown-5m-1789708800",
      "status": "skip_too_late_to_enter",
      "seconds_left": 63.490031003952026,
      "min_entry_seconds_left": 90,
      "max_entry_seconds_left": 150
    },
    {
      "ts": "2026-09-18T05:23:58.777067Z",
      "slug": "btc-updown-5m-1789708800",
      "status": "skip_too_late_to_enter",
      "seconds_left": 61.2229380607605,
      "min_entry_seconds_left": 90,
      "max_entry_seconds_left": 150
    },
    {
      "ts": "2026-09-18T05:24:04.690598Z",
      "slug": "btc-updown-5m-1789708800",
      "status": "skip_too_late_to_enter",
      "seconds_left": 55.30941033363342,
      "min_entry_seconds_left": 90,
      "max_entry_seconds_left": 150
    },
    {
      "ts": "2026-09-18T05:24:06.986396Z",
      "slug": "btc-updown-5m-1789708800",
      "status": "skip_too_late_to_enter",
      "seconds_left": 53.01361131668091,
      "min_entry_seconds_left": 90,
      "max_entry_seconds_left": 150
    },
    {
      "ts": "2026-09-18T05:24:09.270007Z",
      "slug": "btc-updown-5m-1789708800",
      "status": "skip_too_late_to_enter",
      "seconds_left": 50.72999882698059,
      "min_entry_seconds_left": 90,
      "max_entry_seconds_left": 150
    },
    {
      "ts": "2026-09-18T05:24:11.563539Z",
      "slug": "btc-updown-5m-1789708800",
      "status": "skip_too_late_to_enter",
      "seconds_left": 48.43646478652954,
      "min_entry_seconds_left": 90,
      "max_entry_seconds_left": 150
    },
    {
      "ts": "2026-09-18T05:24:13.844842Z",
      "slug": "btc-updown-5m-1789708800",
      "status": "skip_too_late_to_enter",
      "seconds_left": 46.15516257286072,
      "min_entry_seconds_left": 90,
      "max_entry_seconds_left": 150
    },
    {
      "ts": "2026-09-18T05:24:16.113410Z",
      "slug": "btc-updown-5m-1789708800",
      "status": "skip_too_late_to_enter",
      "seconds_left": 43.88659644126892,
      "min_entry_seconds_left": 90,
      "max_entry_seconds_left": 150
    },
    {
      "ts": "2026-09-18T05:24:18.388531Z",
      "slug": "btc-updown-5m-1789708800",
      "status": "skip_too_late_to_enter",
      "seconds_left": 41.61147618293762,
      "min_entry_seconds_left": 90,
      "max_entry_seconds_left": 150
    },
    {
      "ts": "2026-09-18T05:24:20.659940Z",
      "slug": "btc-updown-5m-1789708800",
      "status": "skip_too_late_to_enter",
      "seconds_left": 39.340065240859985,
      "min_entry_seconds_left": 90,
      "max_entry_seconds_left": 150
    },
    {
      "ts": "2026-09-18T05:24:22.927452Z",
      "slug": "btc-updown-5m-1789708800",
      "status": "skip_too_late_to_enter",
      "seconds_left": 37.07255268096924,
      "min_entry_seconds_left": 90,
      "max_entry_seconds_left": 150
    },
    {
      "ts": "2026-09-18T05:24:25.262751Z",
      "slug": "btc-updown-5m-1789708800",
      "status": "skip_too_late_to_enter",
      "seconds_left": 34.73725461959839,
      "min_entry_seconds_left": 90,
      "max_entry_seconds_left": 150
    },
    {
      "ts": "2026-09-18T05:24:27.540769Z",
      "slug": "btc-updown-5m-1789708800",
      "status": "skip_too_late_to_enter",
      "seconds_left": 32.45923686027527,
      "min_entry_seconds_left": 90,
      "max_entry_seconds_left": 150
    },
    {
      "ts": "2026-09-18T05:24:29.861543Z",
      "slug": "btc-updown-5m-1789708800",
      "status": "skip_too_late_to_enter",
      "seconds_left": 30.138461589813232,
      "min_entry_seconds_left": 90,
      "max_entry_seconds_left": 150
    },
    {
      "ts": "2026-09-18T05:24:32.155803Z",
      "slug": "btc-updown-5m-1789708800",
      "status": "skip_too_late_to_enter",
      "seconds_left": 27.844203233718872,
      "min_entry_seconds_left": 90,
      "max_entry_seconds_left": 150
    },
    {
      "ts": "2026-09-18T05:24:34.421231Z",
      "slug": "btc-updown-5m-1789708800",
      "status": "skip_too_late_to_enter",
      "seconds_left": 25.578773975372314,
      "min_entry_seconds_left": 90,
      "max_entry_seconds_left": 150
    },
    {
      "ts": "2026-09-18T05:24:40.411351Z",
      "slug": "btc-updown-5m-1789708800",
      "status": "skip_too_late_to_enter",
      "seconds_left": 19.588656902313232,
      "min_entry_seconds_left": 90,
      "max_entry_seconds_left": 150
    },
    {
      "ts": "2026-09-18T05:24:42.687840Z",
      "slug": "btc-updown-5m-1789708800",
      "status": "skip_too_late_to_enter",
      "seconds_left": 17.31216526031494,
      "min_entry_seconds_left": 90,
      "max_entry_seconds_left": 150
    },
    {
      "ts": "2026-09-18T05:24:45.097966Z",
      "slug": "btc-updown-5m-1789708800",
      "status": "skip_too_late_to_enter",
      "seconds_left": 14.902046203613281,
      "min_entry_seconds_left": 90,
      "max_entry_seconds_left": 150
    },
    {
      "ts": "2026-09-18T05:24:47.372550Z",
      "slug": "btc-updown-5m-1789708800",
      "status": "skip_too_late_to_enter",
      "seconds_left": 12.627457618713379,
      "min_entry_seconds_left": 90,
      "max_entry_seconds_left": 150
    },
    {
      "ts": "2026-09-18T05:24:49.668489Z",
      "slug": "btc-updown-5m-1789708800",
      "status": "skip_too_late_to_enter",
      "seconds_left": 10.331519603729248,
      "min_entry_seconds_left": 90,
      "max_entry_seconds_left": 150
    },
    {
      "ts": "2026-09-18T05:24:51.943893Z",
      "slug": "btc-updown-5m-1789708800",
      "status": "skip_too_late_to_enter",
      "seconds_left": 8.056114435195923,
      "min_entry_seconds_left": 90,
      "max_entry_seconds_left": 150
    },
    {
      "ts": "2026-09-18T05:24:54.229674Z",
      "slug": "btc-updown-5m-1789708800",
      "status": "skip_too_late_to_enter",
      "seconds_left": 5.770328998565674,
      "min_entry_seconds_left": 90,
      "max_entry_seconds_left": 150
    },
    {
      "ts": "2026-09-18T05:24:56.511447Z",
      "status": "heartbeat_no_current_market"
    },
    {
      "ts": "2026-09-18T05:24:58.794143Z",
      "status": "heartbeat_no_current_market"
    },
    {
      "ts": "2026-09-18T05:25:01.075554Z",
      "slug": "btc-updown-5m-1789709100",
      "status": "skip_too_early_to_enter",
      "seconds_left": 298.92445397377014,
      "min_entry_seconds_left": 90,
      "max_entry_seconds_left": 150
    },
    {
      "ts": "2026-09-18T05:25:03.507746Z",
      "slug": "btc-updown-5m-1789709100",
      "status": "skip_too_early_to_enter",
      "seconds_left": 296.49228286743164,
      "min_entry_seconds_left": 90,
      "max_entry_seconds_left": 150
    },
    {
      "ts": "2026-09-18T05:25:05.778254Z",
      "slug": "btc-updown-5m-1789709100",
      "status": "skip_too_early_to_enter",
      "seconds_left": 294.2217514514923,
      "min_entry_seconds_left": 90,
      "max_entry_seconds_left": 150
    },
    {
      "ts": "2026-09-18T05:25:08.129133Z",
      "slug": "btc-updown-5m-1789709100",
      "status": "skip_too_early_to_enter",
      "seconds_left": 291.87087535858154,
      "min_entry_seconds_left": 90,
      "max_entry_seconds_left": 150
    },
    {
      "ts": "2026-09-18T05:25:10.412292Z",
      "slug": "btc-updown-5m-1789709100",
      "status": "skip_too_early_to_enter",
      "seconds_left": 289.58771204948425,
      "min_entry_seconds_left": 90,
      "max_entry_seconds_left": 150
    },
    {
      "ts": "2026-09-18T05:25:16.348542Z",
      "slug": "btc-updown-5m-1789709100",
      "status": "skip_too_early_to_enter",
      "seconds_left": 283.65146374702454,
      "min_entry_seconds_left": 90,
      "max_entry_seconds_left": 150
    },
    {
      "ts": "2026-09-18T05:25:18.639841Z",
      "slug": "btc-updown-5m-1789709100",
      "status": "skip_too_early_to_enter",
      "seconds_left": 281.36016368865967,
      "min_entry_seconds_left": 90,
      "max_entry_seconds_left": 150
    },
    {
      "ts": "2026-09-18T05:25:20.942998Z",
      "slug": "btc-updown-5m-1789709100",
      "status": "skip_too_early_to_enter",
      "seconds_left": 279.057009935379,
      "min_entry_seconds_left": 90,
      "max_entry_seconds_left": 150
    },
    {
      "ts": "2026-09-18T05:25:23.227442Z",
      "slug": "btc-updown-5m-1789709100",
      "status": "skip_too_early_to_enter",
      "seconds_left": 276.7725658416748,
      "min_entry_seconds_left": 90,
      "max_entry_seconds_left": 150
    },
    {
      "ts": "2026-09-18T05:25:25.523691Z",
      "slug": "btc-updown-5m-1789709100",
      "status": "skip_too_early_to_enter",
      "seconds_left": 274.47631764411926,
      "min_entry_seconds_left": 90,
      "max_entry_seconds_left": 150
    },
    {
      "ts": "2026-09-18T05:25:27.808898Z",
      "slug": "btc-updown-5m-1789709100",
      "status": "skip_too_early_to_enter",
      "seconds_left": 272.1911075115204,
      "min_entry_seconds_left": 90,
      "max_entry_seconds_left": 150
    },
    {
      "ts": "2026-09-18T05:25:30.110911Z",
      "slug": "btc-updown-5m-1789709100",
      "status": "skip_too_early_to_enter",
      "seconds_left": 269.8890974521637,
      "min_entry_seconds_left": 90,
      "max_entry_seconds_left": 150
    },
    {
      "ts": "2026-09-18T05:25:32.370587Z",
      "slug": "btc-updown-5m-1789709100",
      "status": "skip_too_early_to_enter",
      "seconds_left": 267.629421710968,
      "min_entry_seconds_left": 90,
      "max_entry_seconds_left": 150
    },
    {
      "ts": "2026-09-18T05:25:34.846307Z",
      "slug": "btc-updown-5m-1789709100",
      "status": "skip_too_early_to_enter",
      "seconds_left": 265.153701543808,
      "min_entry_seconds_left": 90,
      "max_entry_seconds_left": 150
    },
    {
      "ts": "2026-09-18T05:25:37.158923Z",
      "slug": "btc-updown-5m-1789709100",
      "status": "skip_too_early_to_enter",
      "seconds_left": 262.8410849571228,
      "min_entry_seconds_left": 90,
      "max_entry_seconds_left": 150
    },
    {
      "ts": "2026-09-18T05:25:39.450279Z",
      "slug": "btc-updown-5m-1789709100",
      "status": "skip_too_early_to_enter",
      "seconds_left": 260.54972887039185,
      "min_entry_seconds_left": 90,
      "max_entry_seconds_left": 150
    },
    {
      "ts": "2026-09-18T05:25:41.761792Z",
      "slug": "btc-updown-5m-1789709100",
      "status": "skip_too_early_to_enter",
      "seconds_left": 258.23821663856506,
      "min_entry_seconds_left": 90,
      "max_entry_seconds_left": 150
    },
    {
      "ts": "2026-09-18T05:25:44.047998Z",
      "slug": "btc-updown-5m-1789709100",
      "status": "skip_too_early_to_enter",
      "seconds_left": 255.95200991630554,
      "min_entry_seconds_left": 90,
      "max_entry_seconds_left": 150
    },
    {
      "ts": "2026-09-18T05:25:46.321192Z",
      "slug": "btc-updown-5m-1789709100",
      "status": "skip_too_early_to_enter",
      "seconds_left": 253.67881751060486,
      "min_entry_seconds_left": 90,
      "max_entry_seconds_left": 150
    },
    {
      "ts": "2026-09-18T05:25:52.184819Z",
      "slug": "btc-updown-5m-1789709100",
      "status": "skip_too_early_to_enter",
      "seconds_left": 247.8151879310608,
      "min_entry_seconds_left": 90,
      "max_entry_seconds_left": 150
    },
    {
      "ts": "2026-09-18T05:25:54.469602Z",
      "slug": "btc-updown-5m-1789709100",
      "status": "skip_too_early_to_enter",
      "seconds_left": 245.5304069519043,
      "min_entry_seconds_left": 90,
      "max_entry_seconds_left": 150
    },
    {
      "ts": "2026-09-18T05:25:56.756117Z",
      "slug": "btc-updown-5m-1789709100",
      "status": "skip_too_early_to_enter",
      "seconds_left": 243.2438929080963,
      "min_entry_seconds_left": 90,
      "max_entry_seconds_left": 150
    },
    {
      "ts": "2026-09-18T05:25:59.080769Z",
      "slug": "btc-updown-5m-1789709100",
      "status": "skip_too_early_to_enter",
      "seconds_left": 240.91923451423645,
      "min_entry_seconds_left": 90,
      "max_entry_seconds_left": 150
    },
    {
      "ts": "2026-09-18T05:26:01.399950Z",
      "slug": "btc-updown-5m-1789709100",
      "status": "skip_too_early_to_enter",
      "seconds_left": 238.60005712509155,
      "min_entry_seconds_left": 90,
      "max_entry_seconds_left": 150
    },
    {
      "ts": "2026-09-18T05:26:03.802861Z",
      "slug": "btc-updown-5m-1789709100",
      "status": "skip_too_early_to_enter",
      "seconds_left": 236.19714665412903,
      "min_entry_seconds_left": 90,
      "max_entry_seconds_left": 150
    },
    {
      "ts": "2026-09-18T05:26:06.099754Z",
      "slug": "btc-updown-5m-1789709100",
      "status": "skip_too_early_to_enter",
      "seconds_left": 233.90025448799133,
      "min_entry_seconds_left": 90,
      "max_entry_seconds_left": 150
    },
    {
      "ts": "2026-09-18T05:26:08.361627Z",
      "slug": "btc-updown-5m-1789709100",
      "status": "skip_too_early_to_enter",
      "seconds_left": 231.63837933540344,
      "min_entry_seconds_left": 90,
      "max_entry_seconds_left": 150
    },
    {
      "ts": "2026-09-18T05:26:10.639558Z",
      "slug": "btc-updown-5m-1789709100",
      "status": "skip_too_early_to_enter",
      "seconds_left": 229.36044788360596,
      "min_entry_seconds_left": 90,
      "max_entry_seconds_left": 150
    },
    {
      "ts": "2026-09-18T05:26:12.979633Z",
      "slug": "btc-updown-5m-1789709100",
      "status": "skip_too_early_to_enter",
      "seconds_left": 227.0203754901886,
      "min_entry_seconds_left": 90,
      "max_entry_seconds_left": 150
    },
    {
      "ts": "2026-09-18T05:26:15.253538Z",
      "slug": "btc-updown-5m-1789709100",
      "status": "skip_too_early_to_enter",
      "seconds_left": 224.74646663665771,
      "min_entry_seconds_left": 90,
      "max_entry_seconds_left": 150
    },
    {
      "ts": "2026-09-18T05:26:17.523659Z",
      "slug": "btc-updown-5m-1789709100",
      "status": "skip_too_early_to_enter",
      "seconds_left": 222.47635006904602,
      "min_entry_seconds_left": 90,
      "max_entry_seconds_left": 150
    },
    {
      "ts": "2026-09-18T05:26:19.808609Z",
      "slug": "btc-updown-5m-1789709100",
      "status": "skip_too_early_to_enter",
      "seconds_left": 220.1913983821869,
      "min_entry_seconds_left": 90,
      "max_entry_seconds_left": 150
    },
    {
      "ts": "2026-09-18T05:26:22.125255Z",
      "slug": "btc-updown-5m-1789709100",
      "status": "skip_too_early_to_enter",
      "seconds_left": 217.874751329422,
      "min_entry_seconds_left": 90,
      "max_entry_seconds_left": 150
    },
    {
      "ts": "2026-09-18T05:26:27.994711Z",
      "slug": "btc-updown-5m-1789709100",
      "status": "skip_too_early_to_enter",
      "seconds_left": 212.00529408454895,
      "min_entry_seconds_left": 90,
      "max_entry_seconds_left": 150
    },
    {
      "ts": "2026-09-18T05:26:30.280963Z",
      "slug": "btc-updown-5m-1789709100",
      "status": "skip_too_early_to_enter",
      "seconds_left": 209.7190456390381,
      "min_entry_seconds_left": 90,
      "max_entry_seconds_left": 150
    },
    {
      "ts": "2026-09-18T05:26:32.577842Z",
      "slug": "btc-updown-5m-1789709100",
      "status": "skip_too_early_to_enter",
      "seconds_left": 207.42216730117798,
      "min_entry_seconds_left": 90,
      "max_entry_seconds_left": 150
    },
    {
      "ts": "2026-09-18T05:26:34.845859Z",
      "slug": "btc-updown-5m-1789709100",
      "status": "skip_too_early_to_enter",
      "seconds_left": 205.15414571762085,
      "min_entry_seconds_left": 90,
      "max_entry_seconds_left": 150
    },
    {
      "ts": "2026-09-18T05:26:37.126170Z",
      "slug": "btc-updown-5m-1789709100",
      "status": "skip_too_early_to_enter",
      "seconds_left": 202.87383484840393,
      "min_entry_seconds_left": 90,
      "max_entry_seconds_left": 150
    },
    {
      "ts": "2026-09-18T05:26:39.401542Z",
      "slug": "btc-updown-5m-1789709100",
      "status": "skip_too_early_to_enter",
      "seconds_left": 200.5984616279602,
      "min_entry_seconds_left": 90,
      "max_entry_seconds_left": 150
    },
    {
      "ts": "2026-09-18T05:26:41.675107Z",
      "slug": "btc-updown-5m-1789709100",
      "status": "skip_too_early_to_enter",
      "seconds_left": 198.32490015029907,
      "min_entry_seconds_left": 90,
      "max_entry_seconds_left": 150
    },
    {
      "ts": "2026-09-18T05:26:43.949342Z",
      "slug": "btc-updown-5m-1789709100",
      "status": "skip_too_early_to_enter",
      "seconds_left": 196.05066633224487,
      "min_entry_seconds_left": 90,
      "max_entry_seconds_left": 150
    },
    {
      "ts": "2026-09-18T05:26:46.219733Z",
      "slug": "btc-updown-5m-1789709100",
      "status": "skip_too_early_to_enter",
      "seconds_left": 193.78027319908142,
      "min_entry_seconds_left": 90,
      "max_entry_seconds_left": 150
    },
    {
      "ts": "2026-09-18T05:26:48.600989Z",
      "slug": "btc-updown-5m-1789709100",
      "status": "skip_too_early_to_enter",
      "seconds_left": 191.3990182876587,
      "min_entry_seconds_left": 90,
      "max_entry_seconds_left": 150
    },
    {
      "ts": "2026-09-18T05:26:50.913811Z",
      "slug": "btc-updown-5m-1789709100",
      "status": "skip_too_early_to_enter",
      "seconds_left": 189.08619356155396,
      "min_entry_seconds_left": 90,
      "max_entry_seconds_left": 150
    },
    {
      "ts": "2026-09-18T05:26:53.186926Z",
      "slug": "btc-updown-5m-1789709100",
      "status": "skip_too_early_to_enter",
      "seconds_left": 186.8130805492401,
      "min_entry_seconds_left": 90,
      "max_entry_seconds_left": 150
    },
    {
      "ts": "2026-09-18T05:26:55.465949Z",
      "slug": "btc-updown-5m-1789709100",
      "status": "skip_too_early_to_enter",
      "seconds_left": 184.53405737876892,
      "min_entry_seconds_left": 90,
      "max_entry_seconds_left": 150
    },
    {
      "ts": "2026-09-18T05:26:57.749939Z",
      "slug": "btc-updown-5m-1789709100",
      "status": "skip_too_early_to_enter",
      "seconds_left": 182.2500684261322,
      "min_entry_seconds_left": 90,
      "max_entry_seconds_left": 150
    },
    {
      "ts": "2026-09-18T05:27:03.631781Z",
      "slug": "btc-updown-5m-1789709100",
      "status": "skip_too_early_to_enter",
      "seconds_left": 176.36822628974915,
      "min_entry_seconds_left": 90,
      "max_entry_seconds_left": 150
    },
    {
      "ts": "2026-09-18T05:27:06.017735Z",
      "slug": "btc-updown-5m-1789709100",
      "status": "skip_too_early_to_enter",
      "seconds_left": 173.98226928710938,
      "min_entry_seconds_left": 90,
      "max_entry_seconds_left": 150
    },
    {
      "ts": "2026-09-18T05:27:08.434075Z",
      "slug": "btc-updown-5m-1789709100",
      "status": "skip_too_early_to_enter",
      "seconds_left": 171.56593132019043,
      "min_entry_seconds_left": 90,
      "max_entry_seconds_left": 150
    },
    {
      "ts": "2026-09-18T05:27:10.743105Z",
      "slug": "btc-updown-5m-1789709100",
      "status": "skip_too_early_to_enter",
      "seconds_left": 169.25690031051636,
      "min_entry_seconds_left": 90,
      "max_entry_seconds_left": 150
    },
    {
      "ts": "2026-09-18T05:27:13.026986Z",
      "slug": "btc-updown-5m-1789709100",
      "status": "skip_too_early_to_enter",
      "seconds_left": 166.97302174568176,
      "min_entry_seconds_left": 90,
      "max_entry_seconds_left": 150
    },
    {
      "ts": "2026-09-18T05:27:15.335526Z",
      "slug": "btc-updown-5m-1789709100",
      "status": "skip_too_early_to_enter",
      "seconds_left": 164.66448044776917,
      "min_entry_seconds_left": 90,
      "max_entry_seconds_left": 150
    },
    {
      "ts": "2026-09-18T05:27:17.640088Z",
      "slug": "btc-updown-5m-1789709100",
      "status": "skip_too_early_to_enter",
      "seconds_left": 162.35991740226746,
      "min_entry_seconds_left": 90,
      "max_entry_seconds_left": 150
    },
    {
      "ts": "2026-09-18T05:27:19.956654Z",
      "slug": "btc-updown-5m-1789709100",
      "status": "skip_too_early_to_enter",
      "seconds_left": 160.04335379600525,
      "min_entry_seconds_left": 90,
      "max_entry_seconds_left": 150
    },
    {
      "ts": "2026-09-18T05:27:22.259322Z",
      "slug": "btc-updown-5m-1789709100",
      "status": "skip_too_early_to_enter",
      "seconds_left": 157.7406826019287,
      "min_entry_seconds_left": 90,
      "max_entry_seconds_left": 150
    },
    {
      "ts": "2026-09-18T05:27:24.536317Z",
      "slug": "btc-updown-5m-1789709100",
      "status": "skip_too_early_to_enter",
      "seconds_left": 155.46368765830994,
      "min_entry_seconds_left": 90,
      "max_entry_seconds_left": 150
    },
    {
      "ts": "2026-09-18T05:27:26.855470Z",
      "slug": "btc-updown-5m-1789709100",
      "status": "skip_too_early_to_enter",
      "seconds_left": 153.1445345878601,
      "min_entry_seconds_left": 90,
      "max_entry_seconds_left": 150
    },
    {
      "ts": "2026-09-18T05:27:29.169019Z",
      "slug": "btc-updown-5m-1789709100",
      "status": "skip_too_early_to_enter",
      "seconds_left": 150.83098912239075,
      "min_entry_seconds_left": 90,
      "max_entry_seconds_left": 150
    },
    {
      "ts": "2026-09-18T05:27:32.343331Z",
      "slug": "btc-updown-5m-1789709100",
      "status": "heartbeat",
      "gamma_up": 0.275,
      "gamma_down": 0.725,
      "clob_up_ask": 0.06,
      "clob_down_ask": 0.95,
      "seconds_left": 148.5184805393219,
      "min_spread": 0.009999999999999995
    },
    {
      "ts": "2026-09-18T05:27:32.343366Z",
      "slug": "btc-updown-5m-1789709100",
      "status": "skip_ask_too_expensive",
      "threshold": 0.7,
      "max_ask": 0.85,
      "win_streak": 3,
      "clob_up_ask": 0.06,
      "clob_down_ask": 0.95,
      "seconds_left": 148.5184805393219,
      "trigger_price": 0.95
    },
    {
      "ts": "2026-09-18T05:27:35.215325Z",
      "slug": "btc-updown-5m-1789709100",
      "status": "heartbeat",
      "gamma_up": 0.275,
      "gamma_down": 0.725,
      "clob_up_ask": 0.05,
      "clob_down_ask": 0.96,
      "seconds_left": 145.36882185935974,
      "min_spread": 0.010000000000000002
    },
    {
      "ts": "2026-09-18T05:27:35.215355Z",
      "slug": "btc-updown-5m-1789709100",
      "status": "skip_ask_too_expensive",
      "threshold": 0.7,
      "max_ask": 0.85,
      "win_streak": 3,
      "clob_up_ask": 0.05,
      "clob_down_ask": 0.96,
      "seconds_left": 145.36882185935974,
      "trigger_price": 0.96
    },
    {
      "ts": "2026-09-18T05:27:41.735934Z",
      "slug": "btc-updown-5m-1789709100",
      "status": "heartbeat",
      "gamma_up": 0.275,
      "gamma_down": 0.725,
      "clob_up_ask": 0.06,
      "clob_down_ask": 0.95,
      "seconds_left": 138.84962964057922,
      "min_spread": 0.009999999999999995
    },
    {
      "ts": "2026-09-18T05:27:41.735963Z",
      "slug": "btc-updown-5m-1789709100",
      "status": "skip_ask_too_expensive",
      "threshold": 0.7,
      "max_ask": 0.85,
      "win_streak": 3,
      "clob_up_ask": 0.06,
      "clob_down_ask": 0.95,
      "seconds_left": 138.84962964057922,
      "trigger_price": 0.95
    },
    {
      "ts": "2026-09-18T05:27:45.072107Z",
      "slug": "btc-updown-5m-1789709100",
      "status": "heartbeat",
      "gamma_up": 0.275,
      "gamma_down": 0.725,
      "clob_up_ask": 0.06,
      "clob_down_ask": 0.95,
      "seconds_left": 135.51136231422424,
      "min_spread": 0.009999999999999995
    },
    {
      "ts": "2026-09-18T05:27:45.072133Z",
      "slug": "btc-updown-5m-1789709100",
      "status": "skip_ask_too_expensive",
      "threshold": 0.7,
      "max_ask": 0.85,
      "win_streak": 3,
      "clob_up_ask": 0.06,
      "clob_down_ask": 0.95,
      "seconds_left": 135.51136231422424,
      "trigger_price": 0.95
    },
    {
      "ts": "2026-09-18T05:27:48.059591Z",
      "slug": "btc-updown-5m-1789709100",
      "status": "heartbeat",
      "gamma_up": 0.275,
      "gamma_down": 0.725,
      "clob_up_ask": 0.08,
      "clob_down_ask": 0.93,
      "seconds_left": 132.58610272407532,
      "min_spread": 0.009999999999999995
    },
    {
      "ts": "2026-09-18T05:27:48.059609Z",
      "slug": "btc-updown-5m-1789709100",
      "status": "skip_ask_too_expensive",
      "threshold": 0.7,
      "max_ask": 0.85,
      "win_streak": 3,
      "clob_up_ask": 0.08,
      "clob_down_ask": 0.93,
      "seconds_left": 132.58610272407532,
      "trigger_price": 0.93
    },
    {
      "ts": "2026-09-18T05:27:50.936560Z",
      "slug": "btc-updown-5m-1789709100",
      "status": "heartbeat",
      "gamma_up": 0.275,
      "gamma_down": 0.725,
      "clob_up_ask": 0.08,
      "clob_down_ask": 0.93,
      "seconds_left": 129.6608374118805,
      "min_spread": 0.009999999999999995
    },
    {
      "ts": "2026-09-18T05:27:50.936589Z",
      "slug": "btc-updown-5m-1789709100",
      "status": "skip_ask_too_expensive",
      "threshold": 0.7,
      "max_ask": 0.85,
      "win_streak": 3,
      "clob_up_ask": 0.08,
      "clob_down_ask": 0.93,
      "seconds_left": 129.6608374118805,
      "trigger_price": 0.93
    },
    {
      "ts": "2026-09-18T05:27:53.823456Z",
      "slug": "btc-updown-5m-1789709100",
      "status": "heartbeat",
      "gamma_up": 0.275,
      "gamma_down": 0.725,
      "clob_up_ask": 0.2,
      "clob_down_ask": 0.81,
      "seconds_left": 126.77924084663391,
      "min_spread": 0.010000000000000009
    },
    {
      "ts": "2026-09-18T05:27:53.823484Z",
      "slug": "btc-updown-5m-1789709100",
      "status": "skip_expensive_after_wins",
      "threshold": 0.7,
      "max_ask": 0.85,
      "win_streak": 3,
      "clob_up_ask": 0.2,
      "clob_down_ask": 0.81,
      "seconds_left": 126.77924084663391,
      "trigger_price": 0.81
    },
    {
      "ts": "2026-09-18T05:27:56.695241Z",
      "slug": "btc-updown-5m-1789709100",
      "status": "heartbeat",
      "gamma_up": 0.275,
      "gamma_down": 0.725,
      "clob_up_ask": 0.19,
      "clob_down_ask": 0.84,
      "seconds_left": 123.89934873580933,
      "min_spread": 0.010000000000000009
    },
    {
      "ts": "2026-09-18T05:27:56.695278Z",
      "slug": "btc-updown-5m-1789709100",
      "status": "skip_expensive_after_wins",
      "threshold": 0.7,
      "max_ask": 0.85,
      "win_streak": 3,
      "clob_up_ask": 0.19,
      "clob_down_ask": 0.84,
      "seconds_left": 123.89934873580933,
      "trigger_price": 0.84
    },
    {
      "ts": "2026-09-18T05:27:59.551022Z",
      "slug": "btc-updown-5m-1789709100",
      "status": "heartbeat",
      "gamma_up": 0.275,
      "gamma_down": 0.725,
      "clob_up_ask": 0.17,
      "clob_down_ask": 0.84,
      "seconds_left": 121.02646517753601,
      "min_spread": 0.010000000000000009
    },
    {
      "ts": "2026-09-18T05:27:59.551043Z",
      "slug": "btc-updown-5m-1789709100",
      "status": "skip_expensive_after_wins",
      "threshold": 0.7,
      "max_ask": 0.85,
      "win_streak": 3,
      "clob_up_ask": 0.17,
      "clob_down_ask": 0.84,
      "seconds_left": 121.02646517753601,
      "trigger_price": 0.84
    },
    {
      "ts": "2026-09-18T05:28:02.617989Z",
      "slug": "btc-updown-5m-1789709100",
      "status": "heartbeat",
      "gamma_up": 0.275,
      "gamma_down": 0.725,
      "clob_up_ask": 0.11,
      "clob_down_ask": 0.9,
      "seconds_left": 117.96784615516663,
      "min_spread": 0.009999999999999995
    },
    {
      "ts": "2026-09-18T05:28:02.618017Z",
      "slug": "btc-updown-5m-1789709100",
      "status": "skip_ask_too_expensive",
      "threshold": 0.7,
      "max_ask": 0.85,
      "win_streak": 3,
      "clob_up_ask": 0.11,
      "clob_down_ask": 0.9,
      "seconds_left": 117.96784615516663,
      "trigger_price": 0.9
    },
    {
      "ts": "2026-09-18T05:28:05.520705Z",
      "slug": "btc-updown-5m-1789709100",
      "status": "heartbeat",
      "gamma_up": 0.275,
      "gamma_down": 0.725,
      "clob_up_ask": 0.11,
      "clob_down_ask": 0.9,
      "seconds_left": 115.08868741989136,
      "min_spread": 0.009999999999999995
    },
    {
      "ts": "2026-09-18T05:28:05.520733Z",
      "slug": "btc-updown-5m-1789709100",
      "status": "skip_ask_too_expensive",
      "threshold": 0.7,
      "max_ask": 0.85,
      "win_streak": 3,
      "clob_up_ask": 0.11,
      "clob_down_ask": 0.9,
      "seconds_left": 115.08868741989136,
      "trigger_price": 0.9
    },
    {
      "ts": "2026-09-18T05:28:08.597295Z",
      "slug": "btc-updown-5m-1789709100",
      "status": "heartbeat",
      "gamma_up": 0.275,
      "gamma_down": 0.725,
      "clob_up_ask": 0.28,
      "clob_down_ask": 0.73,
      "seconds_left": 112.04272317886353,
      "min_spread": 0.010000000000000009
    },
    {
      "ts": "2026-09-18T05:28:19.825137Z",
      "slug": "btc-updown-5m-1789709100",
      "status": "heartbeat",
      "gamma_up": 0.275,
      "gamma_down": 0.725,
      "clob_up_ask": 0.23,
      "clob_down_ask": 0.78,
      "seconds_left": 100.89674162864685,
      "min_spread": 0.010000000000000009
    },
    {
      "ts": "2026-09-18T05:28:27.936858Z",
      "slug": "btc-updown-5m-1789709100",
      "status": "heartbeat",
      "gamma_up": 0.275,
      "gamma_down": 0.725,
      "clob_up_ask": 0.34,
      "clob_down_ask": 0.63,
      "seconds_left": 92.83899259567261,
      "min_spread": 0.010000000000000009
    },
    {
      "ts": "2026-09-18T05:28:27.936882Z",
      "slug": "btc-updown-5m-1789709100",
      "status": "skip_price_below_threshold",
      "threshold": 0.7,
      "max_ask": 0.85,
      "win_streak": 3,
      "clob_up_ask": 0.34,
      "clob_down_ask": 0.63,
      "seconds_left": 92.83899259567261,
      "trigger_price": null
    },
    {
      "ts": "2026-09-18T05:28:30.430444Z",
      "slug": "btc-updown-5m-1789709100",
      "status": "skip_too_late_to_enter",
      "seconds_left": 89.56956386566162,
      "min_entry_seconds_left": 90,
      "max_entry_seconds_left": 150
    },
    {
      "ts": "2026-09-18T05:28:34.180060Z",
      "slug": "btc-updown-5m-1789709100",
      "status": "skip_too_late_to_enter",
      "seconds_left": 85.8199474811554,
      "min_entry_seconds_left": 90,
      "max_entry_seconds_left": 150
    },
    {
      "ts": "2026-09-18T05:28:36.537376Z",
      "slug": "btc-updown-5m-1789709100",
      "status": "skip_too_late_to_enter",
      "seconds_left": 83.46263360977173,
      "min_entry_seconds_left": 90,
      "max_entry_seconds_left": 150
    },
    {
      "ts": "2026-09-18T05:28:38.895028Z",
      "slug": "btc-updown-5m-1789709100",
      "status": "skip_too_late_to_enter",
      "seconds_left": 81.10497832298279,
      "min_entry_seconds_left": 90,
      "max_entry_seconds_left": 150
    },
    {
      "ts": "2026-09-18T05:28:41.317564Z",
      "slug": "btc-updown-5m-1789709100",
      "status": "skip_too_late_to_enter",
      "seconds_left": 78.68244433403015,
      "min_entry_seconds_left": 90,
      "max_entry_seconds_left": 150
    },
    {
      "ts": "2026-09-18T05:28:43.613147Z",
      "slug": "btc-updown-5m-1789709100",
      "status": "skip_too_late_to_enter",
      "seconds_left": 76.38686156272888,
      "min_entry_seconds_left": 90,
      "max_entry_seconds_left": 150
    },
    {
      "ts": "2026-09-18T05:28:45.911028Z",
      "slug": "btc-updown-5m-1789709100",
      "status": "skip_too_late_to_enter",
      "seconds_left": 74.08897948265076,
      "min_entry_seconds_left": 90,
      "max_entry_seconds_left": 150
    },
    {
      "ts": "2026-09-18T05:28:51.810553Z",
      "slug": "btc-updown-5m-1789709100",
      "status": "skip_too_late_to_enter",
      "seconds_left": 68.18945455551147,
      "min_entry_seconds_left": 90,
      "max_entry_seconds_left": 150
    },
    {
      "ts": "2026-09-18T05:28:54.130827Z",
      "slug": "btc-updown-5m-1789709100",
      "status": "skip_too_late_to_enter",
      "seconds_left": 65.86918210983276,
      "min_entry_seconds_left": 90,
      "max_entry_seconds_left": 150
    },
    {
      "ts": "2026-09-18T05:28:56.590149Z",
      "slug": "btc-updown-5m-1789709100",
      "status": "skip_too_late_to_enter",
      "seconds_left": 63.40985989570618,
      "min_entry_seconds_left": 90,
      "max_entry_seconds_left": 150
    },
    {
      "ts": "2026-09-18T05:28:58.873788Z",
      "slug": "btc-updown-5m-1789709100",
      "status": "skip_too_late_to_enter",
      "seconds_left": 61.126221895217896,
      "min_entry_seconds_left": 90,
      "max_entry_seconds_left": 150
    },
    {
      "ts": "2026-09-18T05:29:01.137188Z",
      "slug": "btc-updown-5m-1789709100",
      "status": "skip_too_late_to_enter",
      "seconds_left": 58.862818241119385,
      "min_entry_seconds_left": 90,
      "max_entry_seconds_left": 150
    },
    {
      "ts": "2026-09-18T05:29:03.424735Z",
      "slug": "btc-updown-5m-1789709100",
      "status": "skip_too_late_to_enter",
      "seconds_left": 56.57527279853821,
      "min_entry_seconds_left": 90,
      "max_entry_seconds_left": 150
    },
    {
      "ts": "2026-09-18T05:29:05.709039Z",
      "slug": "btc-updown-5m-1789709100",
      "status": "skip_too_late_to_enter",
      "seconds_left": 54.29096555709839,
      "min_entry_seconds_left": 90,
      "max_entry_seconds_left": 150
    },
    {
      "ts": "2026-09-18T05:29:08.023894Z",
      "slug": "btc-updown-5m-1789709100",
      "status": "skip_too_late_to_enter",
      "seconds_left": 51.976109981536865,
      "min_entry_seconds_left": 90,
      "max_entry_seconds_left": 150
    },
    {
      "ts": "2026-09-18T05:29:10.391657Z",
      "slug": "btc-updown-5m-1789709100",
      "status": "skip_too_late_to_enter",
      "seconds_left": 49.608351945877075,
      "min_entry_seconds_left": 90,
      "max_entry_seconds_left": 150
    },
    {
      "ts": "2026-09-18T05:29:12.681531Z",
      "slug": "btc-updown-5m-1789709100",
      "status": "skip_too_late_to_enter",
      "seconds_left": 47.3184769153595,
      "min_entry_seconds_left": 90,
      "max_entry_seconds_left": 150
    },
    {
      "ts": "2026-09-18T05:29:14.994096Z",
      "slug": "btc-updown-5m-1789709100",
      "status": "skip_too_late_to_enter",
      "seconds_left": 45.005908727645874,
      "min_entry_seconds_left": 90,
      "max_entry_seconds_left": 150
    },
    {
      "ts": "2026-09-18T05:29:17.313732Z",
      "slug": "btc-updown-5m-1789709100",
      "status": "skip_too_late_to_enter",
      "seconds_left": 42.68627429008484,
      "min_entry_seconds_left": 90,
      "max_entry_seconds_left": 150
    },
    {
      "ts": "2026-09-18T05:29:19.614010Z",
      "slug": "btc-updown-5m-1789709100",
      "status": "skip_too_late_to_enter",
      "seconds_left": 40.385998249053955,
      "min_entry_seconds_left": 90,
      "max_entry_seconds_left": 150
    },
    {
      "ts": "2026-09-18T05:29:21.907391Z",
      "slug": "btc-updown-5m-1789709100",
      "status": "skip_too_late_to_enter",
      "seconds_left": 38.09261775016785,
      "min_entry_seconds_left": 90,
      "max_entry_seconds_left": 150
    },
    {
      "ts": "2026-09-18T05:29:24.191648Z",
      "slug": "btc-updown-5m-1789709100",
      "status": "skip_too_late_to_enter",
      "seconds_left": 35.80836033821106,
      "min_entry_seconds_left": 90,
      "max_entry_seconds_left": 150
    },
    {
      "ts": "2026-09-18T05:29:30.288961Z",
      "slug": "btc-updown-5m-1789709100",
      "status": "skip_too_late_to_enter",
      "seconds_left": 29.711048364639282,
      "min_entry_seconds_left": 90,
      "max_entry_seconds_left": 150
    },
    {
      "ts": "2026-09-18T05:29:32.580399Z",
      "slug": "btc-updown-5m-1789709100",
      "status": "skip_too_late_to_enter",
      "seconds_left": 27.41960883140564,
      "min_entry_seconds_left": 90,
      "max_entry_seconds_left": 150
    },
    {
      "ts": "2026-09-18T05:29:34.875681Z",
      "slug": "btc-updown-5m-1789709100",
      "status": "skip_too_late_to_enter",
      "seconds_left": 25.124324798583984,
      "min_entry_seconds_left": 90,
      "max_entry_seconds_left": 150
    },
    {
      "ts": "2026-09-18T05:29:37.292985Z",
      "slug": "btc-updown-5m-1789709100",
      "status": "skip_too_late_to_enter",
      "seconds_left": 22.707019090652466,
      "min_entry_seconds_left": 90,
      "max_entry_seconds_left": 150
    },
    {
      "ts": "2026-09-18T05:29:39.616657Z",
      "slug": "btc-updown-5m-1789709100",
      "status": "skip_too_late_to_enter",
      "seconds_left": 20.383347034454346,
      "min_entry_seconds_left": 90,
      "max_entry_seconds_left": 150
    },
    {
      "ts": "2026-09-18T05:29:41.901959Z",
      "slug": "btc-updown-5m-1789709100",
      "status": "skip_too_late_to_enter",
      "seconds_left": 18.098045349121094,
      "min_entry_seconds_left": 90,
      "max_entry_seconds_left": 150
    },
    {
      "ts": "2026-09-18T05:29:44.245240Z",
      "slug": "btc-updown-5m-1789709100",
      "status": "skip_too_late_to_enter",
      "seconds_left": 15.754769325256348,
      "min_entry_seconds_left": 90,
      "max_entry_seconds_left": 150
    },
    {
      "ts": "2026-09-18T05:29:46.527152Z",
      "slug": "btc-updown-5m-1789709100",
      "status": "skip_too_late_to_enter",
      "seconds_left": 13.472854852676392,
      "min_entry_seconds_left": 90,
      "max_entry_seconds_left": 150
    },
    {
      "ts": "2026-09-18T05:29:48.838226Z",
      "slug": "btc-updown-5m-1789709100",
      "status": "skip_too_late_to_enter",
      "seconds_left": 11.161782264709473,
      "min_entry_seconds_left": 90,
      "max_entry_seconds_left": 150
    },
    {
      "ts": "2026-09-18T05:29:51.611944Z",
      "slug": "btc-updown-5m-1789709100",
      "status": "skip_too_late_to_enter",
      "seconds_left": 8.388060331344604,
      "min_entry_seconds_left": 90,
      "max_entry_seconds_left": 150
    },
    {
      "ts": "2026-09-18T05:29:53.965961Z",
      "slug": "btc-updown-5m-1789709100",
      "status": "skip_too_late_to_enter",
      "seconds_left": 6.034043073654175,
      "min_entry_seconds_left": 90,
      "max_entry_seconds_left": 150
    },
    {
      "ts": "2026-09-18T05:29:56.236822Z",
      "status": "heartbeat_no_current_market"
    },
    {
      "ts": "2026-09-18T05:29:58.572347Z",
      "status": "heartbeat_no_current_market"
    },
    {
      "ts": "2026-09-18T05:30:04.500382Z",
      "slug": "btc-updown-5m-1789709400",
      "status": "skip_too_early_to_enter",
      "seconds_left": 295.49962520599365,
      "min_entry_seconds_left": 90,
      "max_entry_seconds_left": 150
    },
    {
      "ts": "2026-09-18T05:30:06.813971Z",
      "slug": "btc-updown-5m-1789709400",
      "status": "skip_too_early_to_enter",
      "seconds_left": 293.1860394477844,
      "min_entry_seconds_left": 90,
      "max_entry_seconds_left": 150
    },
    {
      "ts": "2026-09-18T05:30:09.097064Z",
      "slug": "btc-updown-5m-1789709400",
      "status": "skip_too_early_to_enter",
      "seconds_left": 290.9029440879822,
      "min_entry_seconds_left": 90,
      "max_entry_seconds_left": 150
    },
    {
      "ts": "2026-09-18T05:30:11.388492Z",
      "slug": "btc-updown-5m-1789709400",
      "status": "skip_too_early_to_enter",
      "seconds_left": 288.61151337623596,
      "min_entry_seconds_left": 90,
      "max_entry_seconds_left": 150
    },
    {
      "ts": "2026-09-18T05:30:13.678101Z",
      "slug": "btc-updown-5m-1789709400",
      "status": "skip_too_early_to_enter",
      "seconds_left": 286.32190442085266,
      "min_entry_seconds_left": 90,
      "max_entry_seconds_left": 150
    },
    {
      "ts": "2026-09-18T05:30:15.973577Z",
      "slug": "btc-updown-5m-1789709400",
      "status": "skip_too_early_to_enter",
      "seconds_left": 284.0264301300049,
      "min_entry_seconds_left": 90,
      "max_entry_seconds_left": 150
    },
    {
      "ts": "2026-09-18T05:30:18.267005Z",
      "slug": "btc-updown-5m-1789709400",
      "status": "skip_too_early_to_enter",
      "seconds_left": 281.73300409317017,
      "min_entry_seconds_left": 90,
      "max_entry_seconds_left": 150
    },
    {
      "ts": "2026-09-18T05:30:20.625232Z",
      "slug": "btc-updown-5m-1789709400",
      "status": "skip_too_early_to_enter",
      "seconds_left": 279.3747777938843,
      "min_entry_seconds_left": 90,
      "max_entry_seconds_left": 150
    },
    {
      "ts": "2026-09-18T05:30:22.916389Z",
      "slug": "btc-updown-5m-1789709400",
      "status": "skip_too_early_to_enter",
      "seconds_left": 277.083619594574,
      "min_entry_seconds_left": 90,
      "max_entry_seconds_left": 150
    },
    {
      "ts": "2026-09-18T05:30:25.214170Z",
      "slug": "btc-updown-5m-1789709400",
      "status": "skip_too_early_to_enter",
      "seconds_left": 274.7858376502991,
      "min_entry_seconds_left": 90,
      "max_entry_seconds_left": 150
    },
    {
      "ts": "2026-09-18T05:30:27.542303Z",
      "slug": "btc-updown-5m-1789709400",
      "status": "skip_too_early_to_enter",
      "seconds_left": 272.4577054977417,
      "min_entry_seconds_left": 90,
      "max_entry_seconds_left": 150
    },
    {
      "ts": "2026-09-18T05:30:29.836844Z",
      "slug": "btc-updown-5m-1789709400",
      "status": "skip_too_early_to_enter",
      "seconds_left": 270.1631624698639,
      "min_entry_seconds_left": 90,
      "max_entry_seconds_left": 150
    },
    {
      "ts": "2026-09-18T05:30:32.143539Z",
      "slug": "btc-updown-5m-1789709400",
      "status": "skip_too_early_to_enter",
      "seconds_left": 267.8564648628235,
      "min_entry_seconds_left": 90,
      "max_entry_seconds_left": 150
    },
    {
      "ts": "2026-09-18T05:30:34.428231Z",
      "slug": "btc-updown-5m-1789709400",
      "status": "skip_too_early_to_enter",
      "seconds_left": 265.5717771053314,
      "min_entry_seconds_left": 90,
      "max_entry_seconds_left": 150
    },
    {
      "ts": "2026-09-18T05:30:40.321702Z",
      "slug": "btc-updown-5m-1789709400",
      "status": "skip_too_early_to_enter",
      "seconds_left": 259.6783056259155,
      "min_entry_seconds_left": 90,
      "max_entry_seconds_left": 150
    },
    {
      "ts": "2026-09-18T05:30:42.597933Z",
      "slug": "btc-updown-5m-1789709400",
      "status": "skip_too_early_to_enter",
      "seconds_left": 257.40207409858704,
      "min_entry_seconds_left": 90,
      "max_entry_seconds_left": 150
    },
    {
      "ts": "2026-09-18T05:30:44.883761Z",
      "slug": "btc-updown-5m-1789709400",
      "status": "skip_too_early_to_enter",
      "seconds_left": 255.11624574661255,
      "min_entry_seconds_left": 90,
      "max_entry_seconds_left": 150
    },
    {
      "ts": "2026-09-18T05:30:47.160187Z",
      "slug": "btc-updown-5m-1789709400",
      "status": "skip_too_early_to_enter",
      "seconds_left": 252.8398220539093,
      "min_entry_seconds_left": 90,
      "max_entry_seconds_left": 150
    },
    {
      "ts": "2026-09-18T05:30:49.443909Z",
      "slug": "btc-updown-5m-1789709400",
      "status": "skip_too_early_to_enter",
      "seconds_left": 250.55609965324402,
      "min_entry_seconds_left": 90,
      "max_entry_seconds_left": 150
    },
    {
      "ts": "2026-09-18T05:30:51.813555Z",
      "slug": "btc-updown-5m-1789709400",
      "status": "skip_too_early_to_enter",
      "seconds_left": 248.18645310401917,
      "min_entry_seconds_left": 90,
      "max_entry_seconds_left": 150
    },
    {
      "ts": "2026-09-18T05:30:54.103920Z",
      "slug": "btc-updown-5m-1789709400",
      "status": "skip_too_early_to_enter",
      "seconds_left": 245.89608931541443,
      "min_entry_seconds_left": 90,
      "max_entry_seconds_left": 150
    },
    {
      "ts": "2026-09-18T05:30:56.429257Z",
      "slug": "btc-updown-5m-1789709400",
      "status": "skip_too_early_to_enter",
      "seconds_left": 243.57075119018555,
      "min_entry_seconds_left": 90,
      "max_entry_seconds_left": 150
    },
    {
      "ts": "2026-09-18T05:30:58.718293Z",
      "slug": "btc-updown-5m-1789709400",
      "status": "skip_too_early_to_enter",
      "seconds_left": 241.2817144393921,
      "min_entry_seconds_left": 90,
      "max_entry_seconds_left": 150
    },
    {
      "ts": "2026-09-18T05:31:01.026068Z",
      "slug": "btc-updown-5m-1789709400",
      "status": "skip_too_early_to_enter",
      "seconds_left": 238.9739363193512,
      "min_entry_seconds_left": 90,
      "max_entry_seconds_left": 150
    },
    {
      "ts": "2026-09-18T05:31:03.416946Z",
      "slug": "btc-updown-5m-1789709400",
      "status": "skip_too_early_to_enter",
      "seconds_left": 236.58306074142456,
      "min_entry_seconds_left": 90,
      "max_entry_seconds_left": 150
    },
    {
      "ts": "2026-09-18T05:31:05.709358Z",
      "slug": "btc-updown-5m-1789709400",
      "status": "skip_too_early_to_enter",
      "seconds_left": 234.29065132141113,
      "min_entry_seconds_left": 90,
      "max_entry_seconds_left": 150
    },
    {
      "ts": "2026-09-18T05:31:08.110592Z",
      "slug": "btc-updown-5m-1789709400",
      "status": "skip_too_early_to_enter",
      "seconds_left": 231.8894157409668,
      "min_entry_seconds_left": 90,
      "max_entry_seconds_left": 150
    },
    {
      "ts": "2026-09-18T05:31:10.399209Z",
      "slug": "btc-updown-5m-1789709400",
      "status": "skip_too_early_to_enter",
      "seconds_left": 229.60079956054688,
      "min_entry_seconds_left": 90,
      "max_entry_seconds_left": 150
    },
    {
      "ts": "2026-09-18T05:31:16.291812Z",
      "slug": "btc-updown-5m-1789709400",
      "status": "skip_too_early_to_enter",
      "seconds_left": 223.70819449424744,
      "min_entry_seconds_left": 90,
      "max_entry_seconds_left": 150
    },
    {
      "ts": "2026-09-18T05:31:18.571091Z",
      "slug": "btc-updown-5m-1789709400",
      "status": "skip_too_early_to_enter",
      "seconds_left": 221.42891669273376,
      "min_entry_seconds_left": 90,
      "max_entry_seconds_left": 150
    },
    {
      "ts": "2026-09-18T05:31:20.845539Z",
      "slug": "btc-updown-5m-1789709400",
      "status": "skip_too_early_to_enter",
      "seconds_left": 219.15446853637695,
      "min_entry_seconds_left": 90,
      "max_entry_seconds_left": 150
    },
    {
      "ts": "2026-09-18T05:31:23.130635Z",
      "slug": "btc-updown-5m-1789709400",
      "status": "skip_too_early_to_enter",
      "seconds_left": 216.8693733215332,
      "min_entry_seconds_left": 90,
      "max_entry_seconds_left": 150
    },
    {
      "ts": "2026-09-18T05:31:25.404642Z",
      "slug": "btc-updown-5m-1789709400",
      "status": "skip_too_early_to_enter",
      "seconds_left": 214.5953631401062,
      "min_entry_seconds_left": 90,
      "max_entry_seconds_left": 150
    },
    {
      "ts": "2026-09-18T05:31:27.707556Z",
      "slug": "btc-updown-5m-1789709400",
      "status": "skip_too_early_to_enter",
      "seconds_left": 212.29245233535767,
      "min_entry_seconds_left": 90,
      "max_entry_seconds_left": 150
    },
    {
      "ts": "2026-09-18T05:31:29.998242Z",
      "slug": "btc-updown-5m-1789709400",
      "status": "skip_too_early_to_enter",
      "seconds_left": 210.00176215171814,
      "min_entry_seconds_left": 90,
      "max_entry_seconds_left": 150
    },
    {
      "ts": "2026-09-18T05:31:32.344721Z",
      "slug": "btc-updown-5m-1789709400",
      "status": "skip_too_early_to_enter",
      "seconds_left": 207.65528750419617,
      "min_entry_seconds_left": 90,
      "max_entry_seconds_left": 150
    },
    {
      "ts": "2026-09-18T05:31:34.644381Z",
      "slug": "btc-updown-5m-1789709400",
      "status": "skip_too_early_to_enter",
      "seconds_left": 205.35562753677368,
      "min_entry_seconds_left": 90,
      "max_entry_seconds_left": 150
    },
    {
      "ts": "2026-09-18T05:31:36.965572Z",
      "slug": "btc-updown-5m-1789709400",
      "status": "skip_too_early_to_enter",
      "seconds_left": 203.03443574905396,
      "min_entry_seconds_left": 90,
      "max_entry_seconds_left": 150
    },
    {
      "ts": "2026-09-18T05:31:39.250506Z",
      "slug": "btc-updown-5m-1789709400",
      "status": "skip_too_early_to_enter",
      "seconds_left": 200.74950194358826,
      "min_entry_seconds_left": 90,
      "max_entry_seconds_left": 150
    },
    {
      "ts": "2026-09-18T05:31:41.555963Z",
      "slug": "btc-updown-5m-1789709400",
      "status": "skip_too_early_to_enter",
      "seconds_left": 198.44404435157776,
      "min_entry_seconds_left": 90,
      "max_entry_seconds_left": 150
    },
    {
      "ts": "2026-09-18T05:31:43.845599Z",
      "slug": "btc-updown-5m-1789709400",
      "status": "skip_too_early_to_enter",
      "seconds_left": 196.15440702438354,
      "min_entry_seconds_left": 90,
      "max_entry_seconds_left": 150
    },
    {
      "ts": "2026-09-18T05:31:46.179573Z",
      "slug": "btc-updown-5m-1789709400",
      "status": "skip_too_early_to_enter",
      "seconds_left": 193.82043147087097,
      "min_entry_seconds_left": 90,
      "max_entry_seconds_left": 150
    },
    {
      "ts": "2026-09-18T05:31:48.451613Z",
      "slug": "btc-updown-5m-1789709400",
      "status": "skip_too_early_to_enter",
      "seconds_left": 191.54839158058167,
      "min_entry_seconds_left": 90,
      "max_entry_seconds_left": 150
    },
    {
      "ts": "2026-09-18T05:31:54.344148Z",
      "slug": "btc-updown-5m-1789709400",
      "status": "skip_too_early_to_enter",
      "seconds_left": 185.65585684776306,
      "min_entry_seconds_left": 90,
      "max_entry_seconds_left": 150
    },
    {
      "ts": "2026-09-18T05:31:56.597509Z",
      "slug": "btc-updown-5m-1789709400",
      "status": "skip_too_early_to_enter",
      "seconds_left": 183.40249514579773,
      "min_entry_seconds_left": 90,
      "max_entry_seconds_left": 150
    },
    {
      "ts": "2026-09-18T05:31:58.894367Z",
      "slug": "btc-updown-5m-1789709400",
      "status": "skip_too_early_to_enter",
      "seconds_left": 181.10564064979553,
      "min_entry_seconds_left": 90,
      "max_entry_seconds_left": 150
    },
    {
      "ts": "2026-09-18T05:32:01.189490Z",
      "slug": "btc-updown-5m-1789709400",
      "status": "skip_too_early_to_enter",
      "seconds_left": 178.81051754951477,
      "min_entry_seconds_left": 90,
      "max_entry_seconds_left": 150
    },
    {
      "ts": "2026-09-18T05:32:03.585061Z",
      "slug": "btc-updown-5m-1789709400",
      "status": "skip_too_early_to_enter",
      "seconds_left": 176.41494369506836,
      "min_entry_seconds_left": 90,
      "max_entry_seconds_left": 150
    },
    {
      "ts": "2026-09-18T05:32:05.915817Z",
      "slug": "btc-updown-5m-1789709400",
      "status": "skip_too_early_to_enter",
      "seconds_left": 174.08419132232666,
      "min_entry_seconds_left": 90,
      "max_entry_seconds_left": 150
    },
    {
      "ts": "2026-09-18T05:32:08.220320Z",
      "slug": "btc-updown-5m-1789709400",
      "status": "skip_too_early_to_enter",
      "seconds_left": 171.7796881198883,
      "min_entry_seconds_left": 90,
      "max_entry_seconds_left": 150
    },
    {
      "ts": "2026-09-18T05:32:10.525148Z",
      "slug": "btc-updown-5m-1789709400",
      "status": "skip_too_early_to_enter",
      "seconds_left": 169.47485899925232,
      "min_entry_seconds_left": 90,
      "max_entry_seconds_left": 150
    },
    {
      "ts": "2026-09-18T05:32:12.841290Z",
      "slug": "btc-updown-5m-1789709400",
      "status": "skip_too_early_to_enter",
      "seconds_left": 167.1587176322937,
      "min_entry_seconds_left": 90,
      "max_entry_seconds_left": 150
    },
    {
      "ts": "2026-09-18T05:32:15.131750Z",
      "slug": "btc-updown-5m-1789709400",
      "status": "skip_too_early_to_enter",
      "seconds_left": 164.86825823783875,
      "min_entry_seconds_left": 90,
      "max_entry_seconds_left": 150
    },
    {
      "ts": "2026-09-18T05:32:17.427759Z",
      "slug": "btc-updown-5m-1789709400",
      "status": "skip_too_early_to_enter",
      "seconds_left": 162.57224917411804,
      "min_entry_seconds_left": 90,
      "max_entry_seconds_left": 150
    },
    {
      "ts": "2026-09-18T05:32:19.738963Z",
      "slug": "btc-updown-5m-1789709400",
      "status": "skip_too_early_to_enter",
      "seconds_left": 160.26104187965393,
      "min_entry_seconds_left": 90,
      "max_entry_seconds_left": 150
    },
    {
      "ts": "2026-09-18T05:32:22.007679Z",
      "slug": "btc-updown-5m-1789709400",
      "status": "skip_too_early_to_enter",
      "seconds_left": 157.99232816696167,
      "min_entry_seconds_left": 90,
      "max_entry_seconds_left": 150
    },
    {
      "ts": "2026-09-18T05:32:24.297211Z",
      "slug": "btc-updown-5m-1789709400",
      "status": "skip_too_early_to_enter",
      "seconds_left": 155.7027952671051,
      "min_entry_seconds_left": 90,
      "max_entry_seconds_left": 150
    },
    {
      "ts": "2026-09-18T05:32:31.091112Z",
      "slug": "btc-updown-5m-1789709400",
      "status": "heartbeat",
      "gamma_up": 0.735,
      "gamma_down": 0.265,
      "clob_up_ask": 0.78,
      "clob_down_ask": 0.23,
      "seconds_left": 149.75200366973877,
      "min_spread": 0.010000000000000009
    }
  ],
  "last_open_try": "{\"error\": \"PolyApiException[status_code=400, error_message={'error': 'no orders found to match with FAK order. FAK orders are partially filled or killed if no match is found.', 'orderID': '0xd21f2243523e634b9ed47ae1fa22387a59ed77ed50d6fd8da0056c3671942c3e'}]\", \"order_post_result\": {\"success\": false, \"status\": \"error\", \"errorMsg\": \"PolyApiException[status_code=400, error_message={'error': 'no orders found to match with FAK order. FAK orders are partially filled or killed if no match is found.', 'orderID': '0xd21f2243523e634b9ed47ae1fa22387a59ed77ed50d6fd8da0056c3671942c3e'}]\"}, \"close_skipped\": \"\"}\n\n[py_clob_client_v2] request error status=400 url=https://clob.polymarket.com/auth/api-key body={\"error\":\"Could not create api key\"}\n\n[py_clob_client_v2] request error status=400 url=https://clob.polymarket.com/order body={\"error\":\"no orders found to match with FAK order. FAK orders are partially filled or killed if no match is found.\",\"orderID\":\"0xd21f2243523e634b9ed47ae1fa22387a59ed77ed50d6fd8da0056c3671942c3e\"}\n",
  "open_raw": "{\"mode\": \"open\", \"execute\": true, \"market_slug\": \"btc-updown-5m-1789709400\", \"force_side\": \"UP\", \"token_id\": \"33080821648558157751633312587451983670949485368949986827011156568404418418738\", \"entry_price\": 0.8, \"notional_usd\": 5.0, \"top_ask_notional_usd\": 190.912, \"collateral_pusd\": 423.056552, \"order_post_result\": {\"errorMsg\": \"\", \"orderID\": \"0xebceee0d04663b0a9342f2048bc6f7007df9ee9551c59ca71addc78a5c39714f\", \"takingAmount\": \"6.410254\", \"makingAmount\": \"4.999998\", \"status\": \"matched\", \"transactionsHashes\": [\"0x2dfb9eb81f8e4b4510df48e4c6ab715bdcac0846a615981f350a8ea71de37bcf\"], \"success\": true}}\n\n[py_clob_client_v2] request error status=400 url=https://clob.polymarket.com/auth/api-key body={\"error\":\"Could not create api key\"}\n\n",
  "opened": {
    "opened_at": "2026-09-18T05:32:36.058260Z",
    "market_slug": "btc-updown-5m-1789709400",
    "market_end_iso": "2026-09-18T05:35:00Z",
    "side": "UP",
    "token_id": "33080821648558157751633312587451983670949485368949986827011156568404418418738",
    "entry_price": 0.8,
    "shares": 6.410254,
    "cost_usdc": 4.999998,
    "open_order_id": "0xebceee0d04663b0a9342f2048bc6f7007df9ee9551c59ca71addc78a5c39714f",
    "open_tx": "0x2dfb9eb81f8e4b4510df48e4c6ab715bdcac0846a615981f350a8ea71de37bcf"
  },
  "stop_loss_price": 0.6000000000000001,
  "last_side_price": 0.735,
  "last_clob_bid": 0.99,
  "last_check_at": "2026-09-18T05:34:40.456889Z",
  "closed": {
    "close_reason": "hold_to_settlement_winning_book",
    "closed_at": "2026-09-18T05:34:42.760321Z",
    "close_success": false,
    "close_status": "held",
    "close_order_id": null,
    "close_tx": null,
    "close_shares": 0.0,
    "close_usdc": 0.0,
    "close_skipped": "hold_to_settlement"
  },
  "realized_cashflow_pnl_usdc": null,
  "finished_at": "2026-09-18T05:34:42.760346Z",
  "result": "done"
}
[2026-09-18T05:34:42Z] session_end rc=0 sessions=3 stake_usd=5
journal_ok trades=205 md=/home/yukeen/polymarketbot/5min-btc-polymarket/data/live_trades.md json=/home/yukeen/polymarketbot/5min-btc-polymarket/data/live_trades.json
[2026-09-18T05:36:08Z] fills=2/80 sessions=3/200
[py_clob_client_v2] request error status=400 url=https://clob.polymarket.com/auth/api-key body={"error":"Could not create api key"}

[2026-09-18T05:36:25Z] cash=440.435918
[2026-09-18T05:36:33Z] session_begin sessions=3 fills=2 stake_usd=5
[py_clob_client_v2] request error status=400 url=https://clob.polymarket.com/auth/api-key body={"error":"Could not create api key"}

[py_clob_client_v2] request error status=404 url=https://clob.polymarket.com/book body={"error":"No orderbook exists for the requested token id"}

[py_clob_client_v2] request error status=404 url=https://clob.polymarket.com/book body={"error":"No orderbook exists for the requested token id"}

[py_clob_client_v2] request error status=404 url=https://clob.polymarket.com/book body={"error":"No orderbook exists for the requested token id"}

[py_clob_client_v2] request error status=404 url=https://clob.polymarket.com/book body={"error":"No orderbook exists for the requested token id"}

[py_clob_client_v2] request error status=404 url=https://clob.polymarket.com/book body={"error":"No orderbook exists for the requested token id"}

[py_clob_client_v2] request error status=404 url=https://clob.polymarket.com/book body={"error":"No orderbook exists for the requested token id"}

[py_clob_client_v2] request error status=404 url=https://clob.polymarket.com/book body={"error":"No orderbook exists for the requested token id"}

{
  "started_at": "2026-09-18T05:36:33.802410Z",
  "params": {
    "profile": "conservative",
    "threshold": 0.7,
    "stake_usd": 5.0,
    "stop_loss_pct": 0.25,
    "exit_before_sec": 20,
    "min_entry_seconds_left": 90,
    "max_entry_seconds_left": 150,
    "entry_timeout_min": 20,
    "poll_sec": 2.0,
    "max_ask": 0.85,
    "expensive_ask": 0.8,
    "expensive_after_wins": 3,
    "clob_cut_bid": 0.4,
    "close_retry_max": 30,
    "close_retry_delay_sec": 2.0,
    "no_gamma_sl": false,
    "execute": true,
    "win_streak": 4
  },
  "attempts": [
    {
      "ts": "2026-09-18T05:36:34.288137Z",
      "slug": "btc-updown-5m-1789709700",
      "status": "skip_too_early_to_enter",
      "seconds_left": 205.71186995506287,
      "min_entry_seconds_left": 90,
      "max_entry_seconds_left": 150
    },
    {
      "ts": "2026-09-18T05:36:36.731441Z",
      "slug": "btc-updown-5m-1789709700",
      "status": "skip_too_early_to_enter",
      "seconds_left": 203.2685661315918,
      "min_entry_seconds_left": 90,
      "max_entry_seconds_left": 150
    },
    {
      "ts": "2026-09-18T05:36:43.029367Z",
      "slug": "btc-updown-5m-1789709700",
      "status": "skip_too_early_to_enter",
      "seconds_left": 196.97063827514648,
      "min_entry_seconds_left": 90,
      "max_entry_seconds_left": 150
    },
    {
      "ts": "2026-09-18T05:36:45.761025Z",
      "slug": "btc-updown-5m-1789709700",
      "status": "skip_too_early_to_enter",
      "seconds_left": 194.23898077011108,
      "min_entry_seconds_left": 90,
      "max_entry_seconds_left": 150
    },
    {
      "ts": "2026-09-18T05:36:48.547091Z",
      "slug": "btc-updown-5m-1789709700",
      "status": "skip_too_early_to_enter",
      "seconds_left": 191.45291662216187,
      "min_entry_seconds_left": 90,
      "max_entry_seconds_left": 150
    },
    {
      "ts": "2026-09-18T05:36:50.834862Z",
      "slug": "btc-updown-5m-1789709700",
      "status": "skip_too_early_to_enter",
      "seconds_left": 189.16514492034912,
      "min_entry_seconds_left": 90,
      "max_entry_seconds_left": 150
    },
    {
      "ts": "2026-09-18T05:36:53.141924Z",
      "slug": "btc-updown-5m-1789709700",
      "status": "skip_too_early_to_enter",
      "seconds_left": 186.85808277130127,
      "min_entry_seconds_left": 90,
      "max_entry_seconds_left": 150
    },
    {
      "ts": "2026-09-18T05:36:55.427203Z",
      "slug": "btc-updown-5m-1789709700",
      "status": "skip_too_early_to_enter",
      "seconds_left": 184.5728018283844,
      "min_entry_seconds_left": 90,
      "max_entry_seconds_left": 150
    },
    {
      "ts": "2026-09-18T05:36:57.707137Z",
      "slug": "btc-updown-5m-1789709700",
      "status": "skip_too_early_to_enter",
      "seconds_left": 182.29287004470825,
      "min_entry_seconds_left": 90,
      "max_entry_seconds_left": 150
    },
    {
      "ts": "2026-09-18T05:36:59.994919Z",
      "slug": "btc-updown-5m-1789709700",
      "status": "skip_too_early_to_enter",
      "seconds_left": 180.0050880908966,
      "min_entry_seconds_left": 90,
      "max_entry_seconds_left": 150
    },
    {
      "ts": "2026-09-18T05:37:02.267284Z",
      "slug": "btc-updown-5m-1789709700",
      "status": "skip_too_early_to_enter",
      "seconds_left": 177.73272132873535,
      "min_entry_seconds_left": 90,
      "max_entry_seconds_left": 150
    },
    {
      "ts": "2026-09-18T05:37:04.655432Z",
      "slug": "btc-updown-5m-1789709700",
      "status": "skip_too_early_to_enter",
      "seconds_left": 175.34457445144653,
      "min_entry_seconds_left": 90,
      "max_entry_seconds_left": 150
    },
    {
      "ts": "2026-09-18T05:37:06.927007Z",
      "slug": "btc-updown-5m-1789709700",
      "status": "skip_too_early_to_enter",
      "seconds_left": 173.07299780845642,
      "min_entry_seconds_left": 90,
      "max_entry_seconds_left": 150
    },
    {
      "ts": "2026-09-18T05:37:09.250531Z",
      "slug": "btc-updown-5m-1789709700",
      "status": "skip_too_early_to_enter",
      "seconds_left": 170.74947500228882,
      "min_entry_seconds_left": 90,
      "max_entry_seconds_left": 150
    },
    {
      "ts": "2026-09-18T05:37:11.551127Z",
      "slug": "btc-updown-5m-1789709700",
      "status": "skip_too_early_to_enter",
      "seconds_left": 168.4488983154297,
      "min_entry_seconds_left": 90,
      "max_entry_seconds_left": 150
    },
    {
      "ts": "2026-09-18T05:37:17.416494Z",
      "slug": "btc-updown-5m-1789709700",
      "status": "skip_too_early_to_enter",
      "seconds_left": 162.5835144519806,
      "min_entry_seconds_left": 90,
      "max_entry_seconds_left": 150
    },
    {
      "ts": "2026-09-18T05:37:19.695901Z",
      "slug": "btc-updown-5m-1789709700",
      "status": "skip_too_early_to_enter",
      "seconds_left": 160.30410361289978,
      "min_entry_seconds_left": 90,
      "max_entry_seconds_left": 150
    },
    {
      "ts": "2026-09-18T05:37:21.971857Z",
      "slug": "btc-updown-5m-1789709700",
      "status": "skip_too_early_to_enter",
      "seconds_left": 158.0281467437744,
      "min_entry_seconds_left": 90,
      "max_entry_seconds_left": 150
    },
    {
      "ts": "2026-09-18T05:37:24.251446Z",
      "slug": "btc-updown-5m-1789709700",
      "status": "skip_too_early_to_enter",
      "seconds_left": 155.7485580444336,
      "min_entry_seconds_left": 90,
      "max_entry_seconds_left": 150
    },
    {
      "ts": "2026-09-18T05:37:26.580407Z",
      "slug": "btc-updown-5m-1789709700",
      "status": "skip_too_early_to_enter",
      "seconds_left": 153.41959881782532,
      "min_entry_seconds_left": 90,
      "max_entry_seconds_left": 150
    },
    {
      "ts": "2026-09-18T05:37:28.875089Z",
      "slug": "btc-updown-5m-1789709700",
      "status": "skip_too_early_to_enter",
      "seconds_left": 151.12491822242737,
      "min_entry_seconds_left": 90,
      "max_entry_seconds_left": 150
    },
    {
      "ts": "2026-09-18T05:37:32.008718Z",
      "slug": "btc-updown-5m-1789709700",
      "status": "heartbeat",
      "gamma_up": 0.145,
      "gamma_down": 0.855,
      "clob_up_ask": 0.18,
      "clob_down_ask": 0.83,
      "seconds_left": 148.8545925617218,
      "min_spread": 0.009999999999999981
    },
    {
      "ts": "2026-09-18T05:37:32.008761Z",
      "slug": "btc-updown-5m-1789709700",
      "status": "skip_expensive_after_wins",
      "threshold": 0.7,
      "max_ask": 0.85,
      "win_streak": 4,
      "clob_up_ask": 0.18,
      "clob_down_ask": 0.83,
      "seconds_left": 148.8545925617218,
      "trigger_price": 0.83
    },
    {
      "ts": "2026-09-18T05:37:34.928089Z",
      "slug": "btc-updown-5m-1789709700",
      "status": "heartbeat",
      "gamma_up": 0.145,
      "gamma_down": 0.855,
      "clob_up_ask": 0.31,
      "clob_down_ask": 0.72,
      "seconds_left": 145.7083821296692,
      "min_spread": 0.010000000000000009
    }
  ],
  "open_raw": "{\"mode\": \"open\", \"execute\": true, \"market_slug\": \"btc-updown-5m-1789709700\", \"force_side\": \"DOWN\", \"token_id\": \"108795723609100475470451891311475058121018859981239418158585441876259579216461\", \"entry_price\": 0.68, \"notional_usd\": 5.0, \"top_ask_notional_usd\": 102.5168, \"collateral_pusd\": 440.435918, \"order_post_result\": {\"errorMsg\": \"\", \"orderID\": \"0x204e032129ede293da95d869f986b47c30d1ae4d33e3021a911be8f52dd34a20\", \"takingAmount\": \"7.352942\", \"makingAmount\": \"5\", \"status\": \"matched\", \"transactionsHashes\": [\"0x3b6a2822f4658f767703ef24441a7041a99abdebb22f905978974e358b2b459d\"], \"success\": true}}\n\n[py_clob_client_v2] request error status=400 url=https://clob.polymarket.com/auth/api-key body={\"error\":\"Could not create api key\"}\n\n",
  "opened": {
    "opened_at": "2026-09-18T05:37:39.448099Z",
    "market_slug": "btc-updown-5m-1789709700",
    "market_end_iso": "2026-09-18T05:40:00Z",
    "side": "DOWN",
    "token_id": "108795723609100475470451891311475058121018859981239418158585441876259579216461",
    "entry_price": 0.68,
    "shares": 7.352942,
    "cost_usdc": 5.0,
    "open_order_id": "0x204e032129ede293da95d869f986b47c30d1ae4d33e3021a911be8f52dd34a20",
    "open_tx": "0x3b6a2822f4658f767703ef24441a7041a99abdebb22f905978974e358b2b459d"
  },
  "stop_loss_price": 0.51,
  "last_side_price": 0.855,
  "last_clob_bid": 0.02,
  "last_check_at": "2026-09-18T05:39:37.492719Z",
  "close_debug": [
    {
      "ts": "2026-09-18T05:39:47.270290Z",
      "attempt": 1,
      "order_type": "FAK",
      "status": "error",
      "close_skipped": ""
    },
    {
      "ts": "2026-09-18T05:39:52.471632Z",
      "attempt": 2,
      "order_type": "FAK",
      "status": "error",
      "close_skipped": ""
    },
    {
      "ts": "2026-09-18T05:39:57.650677Z",
      "attempt": 3,
      "order_type": "FAK",
      "status": "error",
      "close_skipped": ""
    },
    {
      "ts": "2026-09-18T05:40:06.718161Z",
      "attempt": 4,
      "order_type": "FAK",
      "status": "error",
      "close_skipped": ""
    },
    {
      "ts": "2026-09-18T05:40:11.786773Z",
      "attempt": 5,
      "order_type": "FAK",
      "status": "error",
      "close_skipped": ""
    },
    {
      "ts": "2026-09-18T05:40:20.746451Z",
      "attempt": 6,
      "order_type": "FAK",
      "status": "error",
      "close_skipped": ""
    },
    {
      "ts": "2026-09-18T05:40:25.936756Z",
      "attempt": 7,
      "order_type": "FAK",
      "status": "error",
      "close_skipped": ""
    },
    {
      "ts": "2026-09-18T05:40:31.068553Z",
      "attempt": 8,
      "order_type": "FAK",
      "status": "error",
      "close_skipped": ""
    },
    {
      "ts": "2026-09-18T05:40:36.360488Z",
      "attempt": 9,
      "order_type": "FAK",
      "status": "error",
      "close_skipped": ""
    },
    {
      "ts": "2026-09-18T05:40:41.752173Z",
      "attempt": 10,
      "order_type": "FAK",
      "status": "error",
      "close_skipped": ""
    },
    {
      "ts": "2026-09-18T05:40:46.942402Z",
      "attempt": 11,
      "order_type": "FAK",
      "status": "error",
      "close_skipped": ""
    },
    {
      "ts": "2026-09-18T05:40:55.765517Z",
      "attempt": 12,
      "order_type": "FAK",
      "status": "error",
      "close_skipped": ""
    },
    {
      "ts": "2026-09-18T05:41:00.869676Z",
      "attempt": 13,
      "order_type": "FAK",
      "status": "error",
      "close_skipped": ""
    },
    {
      "ts": "2026-09-18T05:41:05.942311Z",
      "attempt": 14,
      "order_type": "FAK",
      "status": "error",
      "close_skipped": ""
    },
    {
      "ts": "2026-09-18T05:41:11.048150Z",
      "attempt": 15,
      "order_type": "FAK",
      "status": "error",
      "close_skipped": ""
    },
    {
      "ts": "2026-09-18T05:41:16.252312Z",
      "attempt": 16,
      "order_type": "FAK",
      "status": "error",
      "close_skipped": ""
    },
    {
      "ts": "2026-09-18T05:41:21.336819Z",
      "attempt": 17,
      "order_type": "FAK",
      "status": "error",
      "close_skipped": ""
    },
    {
      "ts": "2026-09-18T05:41:30.444304Z",
      "attempt": 18,
      "order_type": "FAK",
      "status": "error",
      "close_skipped": ""
    },
    {
      "ts": "2026-09-18T05:41:35.576922Z",
      "attempt": 19,
      "order_type": "FAK",
      "status": "error",
      "close_skipped": ""
    },
    {
      "ts": "2026-09-18T05:41:40.784837Z",
      "attempt": 20,
      "order_type": "FAK",
      "status": "error",
      "close_skipped": ""
    },
    {
      "ts": "2026-09-18T05:41:45.929656Z",
      "attempt": 21,
      "order_type": "FAK",
      "status": "error",
      "close_skipped": ""
    },
    {
      "ts": "2026-09-18T05:41:51.066502Z",
      "attempt": 22,
      "order_type": "FAK",
      "status": "error",
      "close_skipped": ""
    },
    {
      "ts": "2026-09-18T05:41:56.395556Z",
      "attempt": 23,
      "order_type": "FAK",
      "status": "error",
      "close_skipped": ""
    },
    {
      "ts": "2026-09-18T05:42:01.529929Z",
      "attempt": 24,
      "order_type": "FAK",
      "status": "error",
      "close_skipped": ""
    },
    {
      "ts": "2026-09-18T05:42:02.233036Z",
      "attempt": 24,
      "order_type": "SKIP_DEAD_BOOK",
      "status": "no_salvage_bid",
      "close_skipped": ""
    },
    {
      "ts": "2026-09-18T05:42:11.024763Z",
      "attempt": 25,
      "order_type": "FAK",
      "status": "error",
      "close_skipped": ""
    },
    {
      "ts": "2026-09-18T05:42:11.783789Z",
      "attempt": 25,
      "order_type": "SKIP_DEAD_BOOK",
      "status": "no_salvage_bid",
      "close_skipped": ""
    },
    {
      "ts": "2026-09-18T05:42:17.179086Z",
      "attempt": 26,
      "order_type": "FAK",
      "status": "error",
      "close_skipped": ""
    },
    {
      "ts": "2026-09-18T05:42:17.901300Z",
      "attempt": 26,
      "order_type": "SKIP_DEAD_BOOK",
      "status": "no_salvage_bid",
      "close_skipped": ""
    },
    {
      "ts": "2026-09-18T05:42:23.142899Z",
      "attempt": 27,
      "order_type": "FAK",
      "status": "error",
      "close_skipped": ""
    },
    {
      "ts": "2026-09-18T05:42:23.849431Z",
      "attempt": 27,
      "order_type": "SKIP_DEAD_BOOK",
      "status": "no_salvage_bid",
      "close_skipped": ""
    },
    {
      "ts": "2026-09-18T05:42:29.019098Z",
      "attempt": 28,
      "order_type": "FAK",
      "status": "error",
      "close_skipped": ""
    },
    {
      "ts": "2026-09-18T05:42:29.724683Z",
      "attempt": 28,
      "order_type": "SKIP_DEAD_BOOK",
      "status": "no_salvage_bid",
      "close_skipped": ""
    },
    {
      "ts": "2026-09-18T05:42:34.955508Z",
      "attempt": 29,
      "order_type": "FAK",
      "status": "error",
      "close_skipped": ""
    },
    {
      "ts": "2026-09-18T05:42:35.691795Z",
      "attempt": 29,
      "order_type": "SKIP_DEAD_BOOK",
      "status": "no_salvage_bid",
      "close_skipped": ""
    },
    {
      "ts": "2026-09-18T05:42:44.469474Z",
      "attempt": 30,
      "order_type": "FAK",
      "status": "error",
      "close_skipped": ""
    },
    {
      "ts": "2026-09-18T05:42:45.169386Z",
      "attempt": 30,
      "order_type": "SKIP_DEAD_BOOK",
      "status": "no_salvage_bid",
      "close_skipped": ""
    }
  ],
  "close_raw": "{\"error\": \"PolyApiException[status_code=404, error_message={'error': 'No orderbook exists for the requested token id'}]\", \"order_post_result\": {\"success\": false, \"status\": \"error\", \"errorMsg\": \"PolyApiException[status_code=404, error_message={'error': 'No orderbook exists for the requested token id'}]\"}, \"close_skipped\": \"\"}\n\n[py_clob_client_v2] request error status=400 url=https://clob.polymarket.com/auth/api-key body={\"error\":\"Could not create api key\"}\n\n[py_clob_client_v2] request error status=404 url=https://clob.polymarket.com/book body={\"error\":\"No orderbook exists for the requested token id\"}\n\n",
  "closed": {
    "close_reason": "time_exit_20s_before_end",
    "closed_at": "2026-09-18T05:42:47.169541Z",
    "close_success": false,
    "close_status": "error",
    "close_order_id": null,
    "close_tx": null,
    "close_shares": 0.0,
    "close_usdc": 0.0,
    "close_skipped": ""
  },
  "realized_cashflow_pnl_usdc": null,
  "finished_at": "2026-09-18T05:42:47.169589Z",
  "result": "done"
}
[2026-09-18T05:42:47Z] session_end rc=0 sessions=4 stake_usd=5
journal_ok trades=206 md=/home/yukeen/polymarketbot/5min-btc-polymarket/data/live_trades.md json=/home/yukeen/polymarketbot/5min-btc-polymarket/data/live_trades.json
[2026-09-18T05:44:18Z] fills=3/80 sessions=4/200
stop_unsold_wipe opened=2026-09-18T05:37:39.448099Z side=DOWN hold=-5.0 winner=UP reason=time_exit_20s_before_end
[2026-09-18T05:44:18Z] stop_hard_loss_usd=3
[2026-09-18T05:44:18Z] loop_exit
