[py_clob_client_v2] request error status=400 url=https://clob.polymarket.com/auth/api-key body={"error":"Could not create api key"}

[2026-09-16T23:55:24Z] start_cash=0.795846
{"martingale": true, "next_stake": 10.0, "loss_streak": 1, "last_outcome": "loss", "last_opened_at": "2026-09-16T23:46:37.224973Z", "applied": 1}
[2026-09-16T23:55:24Z] martingale_clamp cash=0.795846 stake=5
[2026-09-16T23:55:24Z] session_begin trades=0 stake_usd=5
{
  "started_at": "2026-09-16T23:55:25.231573Z",
  "params": {
    "profile": "conservative",
    "threshold": 0.7,
    "stake_usd": 5.0,
    "stop_loss_pct": 0.9,
    "exit_before_sec": 20,
    "min_entry_seconds_left": 60,
    "entry_timeout_min": 12,
    "poll_sec": 5.0,
    "close_retry_max": 30,
    "close_retry_delay_sec": 2.0,
    "execute": true
  },
  "attempts": [
    {
      "ts": "2026-09-16T23:55:26.251257Z",
      "slug": "btc-updown-5m-1789602900",
      "status": "heartbeat",
      "gamma_up": 0.455,
      "gamma_down": 0.545,
      "clob_up_ask": 0.65,
      "clob_down_ask": 0.36,
      "seconds_left": 274.480402469635,
      "min_spread": 0.010000000000000009
    },
    {
      "ts": "2026-09-16T23:55:26.251280Z",
      "slug": "btc-updown-5m-1789602900",
      "status": "skip_price_below_threshold",
      "threshold": 0.7,
      "clob_up_ask": 0.65,
      "clob_down_ask": 0.36,
      "seconds_left": 274.480402469635
    },
    {
      "ts": "2026-09-16T23:55:32.416597Z",
      "slug": "btc-updown-5m-1789602900",
      "status": "heartbeat",
      "gamma_up": 0.455,
      "gamma_down": 0.545,
      "clob_up_ask": 0.45,
      "clob_down_ask": 0.61,
      "seconds_left": 268.3959798812866,
      "min_spread": 0.010000000000000009
    },
    {
      "ts": "2026-09-16T23:55:32.416623Z",
      "slug": "btc-updown-5m-1789602900",
      "status": "skip_price_below_threshold",
      "threshold": 0.7,
      "clob_up_ask": 0.45,
      "clob_down_ask": 0.61,
      "seconds_left": 268.3959798812866
    },
    {
      "ts": "2026-09-16T23:55:41.716128Z",
      "slug": "btc-updown-5m-1789602900",
      "status": "heartbeat",
      "gamma_up": 0.455,
      "gamma_down": 0.545,
      "clob_up_ask": 0.3,
      "clob_down_ask": 0.7,
      "seconds_left": 259.0854272842407,
      "min_spread": 0.010000000000000009
    },
    {
      "ts": "2026-09-16T23:55:50.463212Z",
      "slug": "btc-updown-5m-1789602900",
      "status": "heartbeat",
      "gamma_up": 0.455,
      "gamma_down": 0.545,
      "clob_up_ask": 0.26,
      "clob_down_ask": 0.75,
      "seconds_left": 250.31822896003723,
      "min_spread": 0.010000000000000009
    },
    {
      "ts": "2026-09-16T23:55:59.290926Z",
      "slug": "btc-updown-5m-1789602900",
      "status": "heartbeat",
      "gamma_up": 0.455,
      "gamma_down": 0.545,
      "clob_up_ask": 0.31,
      "clob_down_ask": 0.7,
      "seconds_left": 241.5795133113861,
      "min_spread": 0.010000000000000009
    },
    {
      "ts": "2026-09-16T23:56:07.874807Z",
      "slug": "btc-updown-5m-1789602900",
      "status": "heartbeat",
      "gamma_up": 0.455,
      "gamma_down": 0.545,
      "clob_up_ask": 0.25,
      "clob_down_ask": 0.76,
      "seconds_left": 232.92872595787048,
      "min_spread": 0.010000000000000009
    },
    {
      "ts": "2026-09-16T23:56:18.502143Z",
      "slug": "btc-updown-5m-1789602900",
      "status": "heartbeat",
      "gamma_up": 0.455,
      "gamma_down": 0.545,
      "clob_up_ask": 0.22,
      "clob_down_ask": 0.79,
      "seconds_left": 222.2624535560608,
      "min_spread": 0.010000000000000009
    },
    {
      "ts": "2026-09-16T23:56:27.134670Z",
      "slug": "btc-updown-5m-1789602900",
      "status": "heartbeat",
      "gamma_up": 0.455,
      "gamma_down": 0.545,
      "clob_up_ask": 0.23,
      "clob_down_ask": 0.78,
      "seconds_left": 213.61163926124573,
      "min_spread": 0.010000000000000009
    },
    {
      "ts": "2026-09-16T23:56:36.012926Z",
      "slug": "btc-updown-5m-1789602900",
      "status": "heartbeat",
      "gamma_up": 0.455,
      "gamma_down": 0.545,
      "clob_up_ask": 0.19,
      "clob_down_ask": 0.82,
      "seconds_left": 204.7435121536255,
      "min_spread": 0.009999999999999898
    },
    {
      "ts": "2026-09-16T23:56:44.882373Z",
      "slug": "btc-updown-5m-1789602900",
      "status": "heartbeat",
      "gamma_up": 0.455,
      "gamma_down": 0.545,
      "clob_up_ask": 0.19,
      "clob_down_ask": 0.82,
      "seconds_left": 195.93620038032532,
      "min_spread": 0.009999999999999898
    },
    {
      "ts": "2026-09-16T23:56:55.486665Z",
      "slug": "btc-updown-5m-1789602900",
      "status": "heartbeat",
      "gamma_up": 0.455,
      "gamma_down": 0.545,
      "clob_up_ask": 0.32,
      "clob_down_ask": 0.69,
      "seconds_left": 185.27747130393982,
      "min_spread": 0.009999999999999898
    },
    {
      "ts": "2026-09-16T23:56:55.486690Z",
      "slug": "btc-updown-5m-1789602900",
      "status": "skip_price_below_threshold",
      "threshold": 0.7,
      "clob_up_ask": 0.32,
      "clob_down_ask": 0.69,
      "seconds_left": 185.27747130393982
    },
    {
      "ts": "2026-09-16T23:57:01.578524Z",
      "slug": "btc-updown-5m-1789602900",
      "status": "heartbeat",
      "gamma_up": 0.455,
      "gamma_down": 0.545,
      "clob_up_ask": 0.4,
      "clob_down_ask": 0.61,
      "seconds_left": 179.20797967910767,
      "min_spread": 0.010000000000000009
    },
    {
      "ts": "2026-09-16T23:57:01.578543Z",
      "slug": "btc-updown-5m-1789602900",
      "status": "skip_price_below_threshold",
      "threshold": 0.7,
      "clob_up_ask": 0.4,
      "clob_down_ask": 0.61,
      "seconds_left": 179.20797967910767
    },
    {
      "ts": "2026-09-16T23:57:07.742347Z",
      "slug": "btc-updown-5m-1789602900",
      "status": "heartbeat",
      "gamma_up": 0.455,
      "gamma_down": 0.545,
      "clob_up_ask": 0.39,
      "clob_down_ask": 0.62,
      "seconds_left": 173.04047536849976,
      "min_spread": 0.010000000000000009
    },
    {
      "ts": "2026-09-16T23:57:07.742361Z",
      "slug": "btc-updown-5m-1789602900",
      "status": "skip_price_below_threshold",
      "threshold": 0.7,
      "clob_up_ask": 0.39,
      "clob_down_ask": 0.62,
      "seconds_left": 173.04047536849976
    },
    {
      "ts": "2026-09-16T23:57:13.780166Z",
      "slug": "btc-updown-5m-1789602900",
      "status": "heartbeat",
      "gamma_up": 0.455,
      "gamma_down": 0.545,
      "clob_up_ask": 0.34,
      "clob_down_ask": 0.67,
      "seconds_left": 166.98166346549988,
      "min_spread": 0.010000000000000009
    },
    {
      "ts": "2026-09-16T23:57:13.780200Z",
      "slug": "btc-updown-5m-1789602900",
      "status": "skip_price_below_threshold",
      "threshold": 0.7,
      "clob_up_ask": 0.34,
      "clob_down_ask": 0.67,
      "seconds_left": 166.98166346549988
    },
    {
      "ts": "2026-09-16T23:57:19.997986Z",
      "slug": "btc-updown-5m-1789602900",
      "status": "heartbeat",
      "gamma_up": 0.455,
      "gamma_down": 0.545,
      "clob_up_ask": 0.31,
      "clob_down_ask": 0.7,
      "seconds_left": 160.87360262870789,
      "min_spread": 0.010000000000000009
    },
    {
      "ts": "2026-09-16T23:57:31.848605Z",
      "slug": "btc-updown-5m-1789602900",
      "status": "heartbeat",
      "gamma_up": 0.455,
      "gamma_down": 0.545,
      "clob_up_ask": 0.3,
      "clob_down_ask": 0.71,
      "seconds_left": 148.91602730751038,
      "min_spread": 0.010000000000000009
    },
    {
      "ts": "2026-09-16T23:57:40.796017Z",
      "slug": "btc-updown-5m-1789602900",
      "status": "heartbeat",
      "gamma_up": 0.455,
      "gamma_down": 0.545,
      "clob_up_ask": 0.29,
      "clob_down_ask": 0.72,
      "seconds_left": 139.9590322971344,
      "min_spread": 0.009999999999999953
    },
    {
      "ts": "2026-09-16T23:57:49.482437Z",
      "slug": "btc-updown-5m-1789602900",
      "status": "heartbeat",
      "gamma_up": 0.455,
      "gamma_down": 0.545,
      "clob_up_ask": 0.27,
      "clob_down_ask": 0.74,
      "seconds_left": 131.27321219444275,
      "min_spread": 0.010000000000000009
    },
    {
      "ts": "2026-09-16T23:58:01.397934Z",
      "slug": "btc-updown-5m-1789602900",
      "status": "heartbeat",
      "gamma_up": 0.455,
      "gamma_down": 0.545,
      "clob_up_ask": 0.15,
      "clob_down_ask": 0.86,
      "seconds_left": 122.53527593612671,
      "min_spread": 0.009999999999999981
    },
    {
      "ts": "2026-09-16T23:58:10.357332Z",
      "slug": "btc-updown-5m-1789602900",
      "status": "heartbeat",
      "gamma_up": 0.455,
      "gamma_down": 0.545,
      "clob_up_ask": 0.06,
      "clob_down_ask": 0.95,
      "seconds_left": 110.44985246658325,
      "min_spread": 0.009999999999999995
    },
    {
      "ts": "2026-09-16T23:58:19.301468Z",
      "slug": "btc-updown-5m-1789602900",
      "status": "heartbeat",
      "gamma_up": 0.455,
      "gamma_down": 0.545,
      "clob_up_ask": 0.04,
      "clob_down_ask": 0.97,
      "seconds_left": 101.55143070220947,
      "min_spread": 0.010000000000000002
    },
    {
      "ts": "2026-09-16T23:58:28.058692Z",
      "slug": "btc-updown-5m-1789602900",
      "status": "heartbeat",
      "gamma_up": 0.455,
      "gamma_down": 0.545,
      "clob_up_ask": 0.03,
      "clob_down_ask": 0.98,
      "seconds_left": 92.70087099075317,
      "min_spread": 0.009999999999999998
    },
    {
      "ts": "2026-09-16T23:58:40.313929Z",
      "slug": "btc-updown-5m-1789602900",
      "status": "heartbeat",
      "gamma_up": 0.455,
      "gamma_down": 0.545,
      "clob_up_ask": 0.04,
      "clob_down_ask": 0.97,
      "seconds_left": 80.43474984169006,
      "min_spread": 0.010000000000000002
    },
    {
      "ts": "2026-09-16T23:58:49.137146Z",
      "slug": "btc-updown-5m-1789602900",
      "status": "heartbeat",
      "gamma_up": 0.455,
      "gamma_down": 0.545,
      "clob_up_ask": 0.05,
      "clob_down_ask": 0.96,
      "seconds_left": 71.63566541671753,
      "min_spread": 0.010000000000000002
    },
    {
      "ts": "2026-09-16T23:58:57.970131Z",
      "slug": "btc-updown-5m-1789602900",
      "status": "heartbeat",
      "gamma_up": 0.455,
      "gamma_down": 0.545,
      "clob_up_ask": 0.02,
      "clob_down_ask": 0.99,
      "seconds_left": 62.79484701156616,
      "min_spread": 0.01
    },
    {
      "ts": "2026-09-16T23:59:05.914980Z",
      "slug": "btc-updown-5m-1789602900",
      "status": "skip_too_late_to_enter",
      "seconds_left": 54.085023641586304,
      "min_entry_seconds_left": 60
    },
    {
      "ts": "2026-09-16T23:59:14.413123Z",
      "slug": "btc-updown-5m-1789602900",
      "status": "skip_too_late_to_enter",
      "seconds_left": 45.58688020706177,
      "min_entry_seconds_left": 60
    },
    {
      "ts": "2026-09-16T23:59:19.720075Z",
      "slug": "btc-updown-5m-1789602900",
      "status": "skip_too_late_to_enter",
      "seconds_left": 40.279930114746094,
      "min_entry_seconds_left": 60
    },
    {
      "ts": "2026-09-16T23:59:40.039926Z",
      "slug": "btc-updown-5m-1789602900",
      "status": "skip_too_late_to_enter",
      "seconds_left": 19.960078954696655,
      "min_entry_seconds_left": 60
    },
    {
      "ts": "2026-09-16T23:59:48.570139Z",
      "slug": "btc-updown-5m-1789602900",
      "status": "skip_too_late_to_enter",
      "seconds_left": 11.429871559143066,
      "min_entry_seconds_left": 60
    },
    {
      "ts": "2026-09-16T23:59:53.909122Z",
      "slug": "btc-updown-5m-1789602900",
      "status": "skip_too_late_to_enter",
      "seconds_left": 6.090884208679199,
      "min_entry_seconds_left": 60
    },
    {
      "ts": "2026-09-16T23:59:59.285802Z",
      "status": "heartbeat_no_current_market"
    },
    {
      "ts": "2026-09-17T00:00:05.586041Z",
      "slug": "btc-updown-5m-1789603200",
      "status": "heartbeat",
      "gamma_up": 0.475,
      "gamma_down": 0.525,
      "clob_up_ask": 0.49,
      "clob_down_ask": 0.57,
      "seconds_left": 295.4087944030762,
      "min_spread": 0.009999999999999898
    },
    {
      "ts": "2026-09-17T00:00:05.586065Z",
      "slug": "btc-updown-5m-1789603200",
      "status": "skip_price_below_threshold",
      "threshold": 0.7,
      "clob_up_ask": 0.49,
      "clob_down_ask": 0.57,
      "seconds_left": 295.4087944030762
    },
    {
      "ts": "2026-09-17T00:00:11.869936Z",
      "slug": "btc-updown-5m-1789603200",
      "status": "heartbeat",
      "gamma_up": 0.475,
      "gamma_down": 0.525,
      "clob_up_ask": 0.34,
      "clob_down_ask": 0.67,
      "seconds_left": 288.8801476955414,
      "min_spread": 0.010000000000000009
    },
    {
      "ts": "2026-09-17T00:00:11.869958Z",
      "slug": "btc-updown-5m-1789603200",
      "status": "skip_price_below_threshold",
      "threshold": 0.7,
      "clob_up_ask": 0.34,
      "clob_down_ask": 0.67,
      "seconds_left": 288.8801476955414
    },
    {
      "ts": "2026-09-17T00:00:17.961103Z",
      "slug": "btc-updown-5m-1789603200",
      "status": "heartbeat",
      "gamma_up": 0.475,
      "gamma_down": 0.525,
      "clob_up_ask": 0.5,
      "clob_down_ask": 0.53,
      "seconds_left": 282.8287079334259,
      "min_spread": 0.010000000000000009
    },
    {
      "ts": "2026-09-17T00:00:17.961117Z",
      "slug": "btc-updown-5m-1789603200",
      "status": "skip_price_below_threshold",
      "threshold": 0.7,
      "clob_up_ask": 0.5,
      "clob_down_ask": 0.53,
      "seconds_left": 282.8287079334259
    },
    {
      "ts": "2026-09-17T00:00:27.234631Z",
      "slug": "btc-updown-5m-1789603200",
      "status": "heartbeat",
      "gamma_up": 0.475,
      "gamma_down": 0.525,
      "clob_up_ask": 0.44,
      "clob_down_ask": 0.56,
      "seconds_left": 273.5318088531494,
      "min_spread": 0.010000000000000009
    },
    {
      "ts": "2026-09-17T00:00:27.234657Z",
      "slug": "btc-updown-5m-1789603200",
      "status": "skip_price_below_threshold",
      "threshold": 0.7,
      "clob_up_ask": 0.44,
      "clob_down_ask": 0.56,
      "seconds_left": 273.5318088531494
    },
    {
      "ts": "2026-09-17T00:00:42.245076Z",
      "status": "heartbeat_no_current_market"
    },
    {
      "ts": "2026-09-17T00:00:48.380619Z",
      "slug": "btc-updown-5m-1789603200",
      "status": "heartbeat",
      "gamma_up": 0.475,
      "gamma_down": 0.525,
      "clob_up_ask": 0.64,
      "clob_down_ask": 0.37,
      "seconds_left": 252.43950033187866,
      "min_spread": 0.010000000000000009
    },
    {
      "ts": "2026-09-17T00:00:48.380632Z",
      "slug": "btc-updown-5m-1789603200",
      "status": "skip_price_below_threshold",
      "threshold": 0.7,
      "clob_up_ask": 0.64,
      "clob_down_ask": 0.37,
      "seconds_left": 252.43950033187866
    },
    {
      "ts": "2026-09-17T00:00:54.446018Z",
      "slug": "btc-updown-5m-1789603200",
      "status": "heartbeat",
      "gamma_up": 0.475,
      "gamma_down": 0.525,
      "clob_up_ask": 0.7,
      "clob_down_ask": 0.29,
      "seconds_left": 246.303777217865,
      "min_spread": 0.009999999999999953
    },
    {
      "ts": "2026-09-17T00:01:05.174208Z",
      "slug": "btc-updown-5m-1789603200",
      "status": "heartbeat",
      "gamma_up": 0.475,
      "gamma_down": 0.525,
      "clob_up_ask": 0.66,
      "clob_down_ask": 0.35,
      "seconds_left": 235.60867047309875,
      "min_spread": 0.009999999999999953
    },
    {
      "ts": "2026-09-17T00:01:05.174240Z",
      "slug": "btc-updown-5m-1789603200",
      "status": "skip_price_below_threshold",
      "threshold": 0.7,
      "clob_up_ask": 0.66,
      "clob_down_ask": 0.35,
      "seconds_left": 235.60867047309875
    },
    {
      "ts": "2026-09-17T00:01:11.235143Z",
      "slug": "btc-updown-5m-1789603200",
      "status": "heartbeat",
      "gamma_up": 0.475,
      "gamma_down": 0.525,
      "clob_up_ask": 0.67,
      "clob_down_ask": 0.34,
      "seconds_left": 229.53415298461914,
      "min_spread": 0.010000000000000009
    },
    {
      "ts": "2026-09-17T00:01:11.235156Z",
      "slug": "btc-updown-5m-1789603200",
      "status": "skip_price_below_threshold",
      "threshold": 0.7,
      "clob_up_ask": 0.67,
      "clob_down_ask": 0.34,
      "seconds_left": 229.53415298461914
    },
    {
      "ts": "2026-09-17T00:01:17.326573Z",
      "slug": "btc-updown-5m-1789603200",
      "status": "heartbeat",
      "gamma_up": 0.475,
      "gamma_down": 0.525,
      "clob_up_ask": 0.75,
      "clob_down_ask": 0.26,
      "seconds_left": 223.4521026611328,
      "min_spread": 0.010000000000000009
    },
    {
      "ts": "2026-09-17T00:01:24.806264Z",
      "slug": "btc-updown-5m-1789603200",
      "status": "heartbeat",
      "gamma_up": 0.475,
      "gamma_down": 0.525,
      "clob_up_ask": 0.74,
      "clob_down_ask": 0.27,
      "seconds_left": 216.0537233352661,
      "min_spread": 0.010000000000000009
    },
    {
      "ts": "2026-09-17T00:01:36.834303Z",
      "slug": "btc-updown-5m-1789603200",
      "status": "heartbeat",
      "gamma_up": 0.475,
      "gamma_down": 0.525,
      "clob_up_ask": 0.8,
      "clob_down_ask": 0.21,
      "seconds_left": 203.9377236366272,
      "min_spread": 0.009999999999999981
    },
    {
      "ts": "2026-09-17T00:01:45.612581Z",
      "slug": "btc-updown-5m-1789603200",
      "status": "heartbeat",
      "gamma_up": 0.475,
      "gamma_down": 0.525,
      "clob_up_ask": 0.79,
      "clob_down_ask": 0.22,
      "seconds_left": 195.17803621292114,
      "min_spread": 0.010000000000000009
    },
    {
      "ts": "2026-09-17T00:01:54.400372Z",
      "slug": "btc-updown-5m-1789603200",
      "status": "heartbeat",
      "gamma_up": 0.475,
      "gamma_down": 0.525,
      "clob_up_ask": 0.82,
      "clob_down_ask": 0.19,
      "seconds_left": 186.36651420593262,
      "min_spread": 0.009999999999999898
    },
    {
      "ts": "2026-09-17T00:02:03.132716Z",
      "slug": "btc-updown-5m-1789603200",
      "status": "heartbeat",
      "gamma_up": 0.475,
      "gamma_down": 0.525,
      "clob_up_ask": 0.73,
      "clob_down_ask": 0.28,
      "seconds_left": 177.65942287445068,
      "min_spread": 0.010000000000000009
    },
    {
      "ts": "2026-09-17T00:02:13.765254Z",
      "slug": "btc-updown-5m-1789603200",
      "status": "heartbeat",
      "gamma_up": 0.475,
      "gamma_down": 0.525,
      "clob_up_ask": 0.62,
      "clob_down_ask": 0.39,
      "seconds_left": 167.0136878490448,
      "min_spread": 0.010000000000000009
    },
    {
      "ts": "2026-09-17T00:02:13.765279Z",
      "slug": "btc-updown-5m-1789603200",
      "status": "skip_price_below_threshold",
      "threshold": 0.7,
      "clob_up_ask": 0.62,
      "clob_down_ask": 0.39,
      "seconds_left": 167.0136878490448
    },
    {
      "ts": "2026-09-17T00:02:19.856973Z",
      "slug": "btc-updown-5m-1789603200",
      "status": "heartbeat",
      "gamma_up": 0.475,
      "gamma_down": 0.525,
      "clob_up_ask": 0.69,
      "clob_down_ask": 0.32,
      "seconds_left": 160.93426871299744,
      "min_spread": 0.009999999999999898
    },
    {
      "ts": "2026-09-17T00:02:19.856996Z",
      "slug": "btc-updown-5m-1789603200",
      "status": "skip_price_below_threshold",
      "threshold": 0.7,
      "clob_up_ask": 0.69,
      "clob_down_ask": 0.32,
      "seconds_left": 160.93426871299744
    },
    {
      "ts": "2026-09-17T00:02:25.958175Z",
      "slug": "btc-updown-5m-1789603200",
      "status": "heartbeat",
      "gamma_up": 0.475,
      "gamma_down": 0.525,
      "clob_up_ask": 0.68,
      "clob_down_ask": 0.3,
      "seconds_left": 154.83270692825317,
      "min_spread": 0.010000000000000009
    },
    {
      "ts": "2026-09-17T00:02:25.958201Z",
      "slug": "btc-updown-5m-1789603200",
      "status": "skip_price_below_threshold",
      "threshold": 0.7,
      "clob_up_ask": 0.68,
      "clob_down_ask": 0.3,
      "seconds_left": 154.83270692825317
    },
    {
      "ts": "2026-09-17T00:02:32.050318Z",
      "slug": "btc-updown-5m-1789603200",
      "status": "heartbeat",
      "gamma_up": 0.475,
      "gamma_down": 0.525,
      "clob_up_ask": 0.78,
      "clob_down_ask": 0.23,
      "seconds_left": 148.7363886833191,
      "min_spread": 0.010000000000000009
    },
    {
      "ts": "2026-09-17T00:02:40.984278Z",
      "slug": "btc-updown-5m-1789603200",
      "status": "heartbeat",
      "gamma_up": 0.475,
      "gamma_down": 0.525,
      "clob_up_ask": 0.81,
      "clob_down_ask": 0.21,
      "seconds_left": 139.7730393409729,
      "min_spread": 0.010000000000000009
    },
    {
      "ts": "2026-09-17T00:03:05.859729Z",
      "slug": "btc-updown-5m-1789603200",
      "status": "heartbeat",
      "gamma_up": 0.845,
      "gamma_down": 0.155,
      "clob_up_ask": 0.92,
      "clob_down_ask": 0.09,
      "seconds_left": 114.95141506195068,
      "min_spread": 0.009999999999999995
    },
    {
      "ts": "2026-09-17T00:03:14.529962Z",
      "slug": "btc-updown-5m-1789603200",
      "status": "heartbeat",
      "gamma_up": 0.845,
      "gamma_down": 0.155,
      "clob_up_ask": 0.96,
      "clob_down_ask": 0.05,
      "seconds_left": 106.20565176010132,
      "min_spread": 0.010000000000000002
    },
    {
      "ts": "2026-09-17T00:03:26.395736Z",
      "slug": "btc-updown-5m-1789603200",
      "status": "heartbeat",
      "gamma_up": 0.845,
      "gamma_down": 0.155,
      "clob_up_ask": 0.89,
      "clob_down_ask": 0.12,
      "seconds_left": 94.34866380691528,
      "min_spread": 0.009999999999999995
    },
    {
      "ts": "2026-09-17T00:03:35.212975Z",
      "slug": "btc-updown-5m-1789603200",
      "status": "heartbeat",
      "gamma_up": 0.845,
      "gamma_down": 0.155,
      "clob_up_ask": 0.97,
      "clob_down_ask": 0.04,
      "seconds_left": 85.54089617729187,
      "min_spread": 0.010000000000000002
    },
    {
      "ts": "2026-09-17T00:03:43.945666Z",
      "slug": "btc-updown-5m-1789603200",
      "status": "heartbeat",
      "gamma_up": 0.845,
      "gamma_down": 0.155,
      "clob_up_ask": 0.99,
      "clob_down_ask": 0.02,
      "seconds_left": 76.80355334281921,
      "min_spread": 0.01
    },
    {
      "ts": "2026-09-17T00:03:52.634751Z",
      "slug": "btc-updown-5m-1789603200",
      "status": "heartbeat",
      "gamma_up": 0.845,
      "gamma_down": 0.155,
      "clob_up_ask": null,
      "clob_down_ask": 0.01,
      "seconds_left": 68.19433498382568,
      "min_spread": null
    },
    {
      "ts": "2026-09-17T00:03:52.634782Z",
      "slug": "btc-updown-5m-1789603200",
      "status": "skip_price_below_threshold",
      "threshold": 0.7,
      "clob_up_ask": null,
      "clob_down_ask": 0.01,
      "seconds_left": 68.19433498382568
    },
    {
      "ts": "2026-09-17T00:04:01.118692Z",
      "slug": "btc-updown-5m-1789603200",
      "status": "skip_too_late_to_enter",
      "seconds_left": 58.88131618499756,
      "min_entry_seconds_left": 60
    },
    {
      "ts": "2026-09-17T00:04:06.408788Z",
      "slug": "btc-updown-5m-1789603200",
      "status": "skip_too_late_to_enter",
      "seconds_left": 53.59121775627136,
      "min_entry_seconds_left": 60
    },
    {
      "ts": "2026-09-17T00:04:11.711874Z",
      "slug": "btc-updown-5m-1789603200",
      "status": "skip_too_late_to_enter",
      "seconds_left": 48.288132429122925,
      "min_entry_seconds_left": 60
    },
    {
      "ts": "2026-09-17T00:04:17.002538Z",
      "slug": "btc-updown-5m-1789603200",
      "status": "skip_too_late_to_enter",
      "seconds_left": 42.997493505477905,
      "min_entry_seconds_left": 60
    },
    {
      "ts": "2026-09-17T00:04:22.283224Z",
      "slug": "btc-updown-5m-1789603200",
      "status": "skip_too_late_to_enter",
      "seconds_left": 37.71678137779236,
      "min_entry_seconds_left": 60
    },
    {
      "ts": "2026-09-17T00:04:27.590158Z",
      "slug": "btc-updown-5m-1789603200",
      "status": "skip_too_late_to_enter",
      "seconds_left": 32.40984749794006,
      "min_entry_seconds_left": 60
    },
    {
      "ts": "2026-09-17T00:04:36.080608Z",
      "slug": "btc-updown-5m-1789603200",
      "status": "skip_too_late_to_enter",
      "seconds_left": 23.919397592544556,
      "min_entry_seconds_left": 60
    },
    {
      "ts": "2026-09-17T00:04:41.370669Z",
      "slug": "btc-updown-5m-1789603200",
      "status": "skip_too_late_to_enter",
      "seconds_left": 18.6293363571167,
      "min_entry_seconds_left": 60
    },
    {
      "ts": "2026-09-17T00:04:46.677437Z",
      "slug": "btc-updown-5m-1789603200",
      "status": "skip_too_late_to_enter",
      "seconds_left": 13.322568893432617,
      "min_entry_seconds_left": 60
    },
    {
      "ts": "2026-09-17T00:04:51.985119Z",
      "slug": "btc-updown-5m-1789603200",
      "status": "skip_too_late_to_enter",
      "seconds_left": 8.01488709449768,
      "min_entry_seconds_left": 60
    },
    {
      "ts": "2026-09-17T00:04:57.285070Z",
      "status": "heartbeat_no_current_market"
    },
    {
      "ts": "2026-09-17T00:05:03.476194Z",
      "slug": "btc-updown-5m-1789603500",
      "status": "heartbeat",
      "gamma_up": 0.495,
      "gamma_down": 0.505,
      "clob_up_ask": 0.3,
      "clob_down_ask": 0.71,
      "seconds_left": 297.4058289527893,
      "min_spread": 0.010000000000000009
    },
    {
      "ts": "2026-09-17T00:05:15.469450Z",
      "slug": "btc-updown-5m-1789603500",
      "status": "heartbeat",
      "gamma_up": 0.495,
      "gamma_down": 0.505,
      "clob_up_ask": 0.21,
      "clob_down_ask": 0.8,
      "seconds_left": 285.3026349544525,
      "min_spread": 0.009999999999999981
    },
    {
      "ts": "2026-09-17T00:05:24.082744Z",
      "slug": "btc-updown-5m-1789603500",
      "status": "heartbeat",
      "gamma_up": 0.495,
      "gamma_down": 0.505,
      "clob_up_ask": 0.22,
      "clob_down_ask": 0.79,
      "seconds_left": 276.7265045642853,
      "min_spread": 0.010000000000000009
    },
    {
      "ts": "2026-09-17T00:05:31.365564Z",
      "slug": "btc-updown-5m-1789603500",
      "status": "heartbeat",
      "gamma_up": 0.495,
      "gamma_down": 0.505,
      "clob_up_ask": 0.21,
      "clob_down_ask": 0.83,
      "seconds_left": 269.39452958106995,
      "min_spread": 0.009999999999999981
    },
    {
      "ts": "2026-09-17T00:05:40.137316Z",
      "slug": "btc-updown-5m-1789603500",
      "status": "heartbeat",
      "gamma_up": 0.495,
      "gamma_down": 0.505,
      "clob_up_ask": 0.25,
      "clob_down_ask": 0.76,
      "seconds_left": 260.66217064857483,
      "min_spread": 0.010000000000000009
    },
    {
      "ts": "2026-09-17T00:05:51.978678Z",
      "slug": "btc-updown-5m-1789603500",
      "status": "heartbeat",
      "gamma_up": 0.495,
      "gamma_down": 0.505,
      "clob_up_ask": 0.24,
      "clob_down_ask": 0.77,
      "seconds_left": 248.80265092849731,
      "min_spread": 0.009999999999999981
    },
    {
      "ts": "2026-09-17T00:06:00.765901Z",
      "slug": "btc-updown-5m-1789603500",
      "status": "heartbeat",
      "gamma_up": 0.495,
      "gamma_down": 0.505,
      "clob_up_ask": 0.2,
      "clob_down_ask": 0.81,
      "seconds_left": 239.97018361091614,
      "min_spread": 0.010000000000000009
    },
    {
      "ts": "2026-09-17T00:06:09.617828Z",
      "slug": "btc-updown-5m-1789603500",
      "status": "heartbeat",
      "gamma_up": 0.495,
      "gamma_down": 0.505,
      "clob_up_ask": 0.23,
      "clob_down_ask": 0.78,
      "seconds_left": 231.32355117797852,
      "min_spread": 0.010000000000000009
    },
    {
      "ts": "2026-09-17T00:06:21.665836Z",
      "slug": "btc-updown-5m-1789603500",
      "status": "heartbeat",
      "gamma_up": 0.495,
      "gamma_down": 0.505,
      "clob_up_ask": 0.22,
      "clob_down_ask": 0.79,
      "seconds_left": 222.3544201850891,
      "min_spread": 0.010000000000000009
    },
    {
      "ts": "2026-09-17T00:06:30.281527Z",
      "slug": "btc-updown-5m-1789603500",
      "status": "heartbeat",
      "gamma_up": 0.495,
      "gamma_down": 0.505,
      "clob_up_ask": 0.26,
      "clob_down_ask": 0.75,
      "seconds_left": 210.4824662208557,
      "min_spread": 0.010000000000000009
    },
    {
      "ts": "2026-09-17T00:06:38.941010Z",
      "slug": "btc-updown-5m-1789603500",
      "status": "heartbeat",
      "gamma_up": 0.495,
      "gamma_down": 0.505,
      "clob_up_ask": 0.21,
      "clob_down_ask": 0.8,
      "seconds_left": 201.83426141738892,
      "min_spread": 0.009999999999999981
    },
    {
      "ts": "2026-09-17T00:06:47.736907Z",
      "slug": "btc-updown-5m-1789603500",
      "status": "heartbeat",
      "gamma_up": 0.495,
      "gamma_down": 0.505,
      "clob_up_ask": 0.19,
      "clob_down_ask": 0.82,
      "seconds_left": 193.05093908309937,
      "min_spread": 0.009999999999999898
    },
    {
      "ts": "2026-09-17T00:06:59.603171Z",
      "slug": "btc-updown-5m-1789603500",
      "status": "heartbeat",
      "gamma_up": 0.495,
      "gamma_down": 0.505,
      "clob_up_ask": 0.16,
      "clob_down_ask": 0.85,
      "seconds_left": 181.16808533668518,
      "min_spread": 0.010000000000000009
    },
    {
      "ts": "2026-09-17T00:07:08.281559Z",
      "slug": "btc-updown-5m-1789603500",
      "status": "heartbeat",
      "gamma_up": 0.495,
      "gamma_down": 0.505,
      "clob_up_ask": 0.29,
      "clob_down_ask": 0.72,
      "seconds_left": 172.47283911705017,
      "min_spread": 0.009999999999999953
    },
    {
      "ts": "2026-09-17T00:07:17.051104Z",
      "slug": "btc-updown-5m-1789603500",
      "status": "heartbeat",
      "gamma_up": 0.495,
      "gamma_down": 0.505,
      "clob_up_ask": 0.29,
      "clob_down_ask": 0.72,
      "seconds_left": 163.71558594703674,
      "min_spread": 0.009999999999999953
    },
    {
      "ts": "2026-09-17T00:07:25.678087Z",
      "slug": "btc-updown-5m-1789603500",
      "status": "heartbeat",
      "gamma_up": 0.495,
      "gamma_down": 0.505,
      "clob_up_ask": 0.31,
      "clob_down_ask": 0.7,
      "seconds_left": 155.07973170280457,
      "min_spread": 0.010000000000000009
    }
  ],
  "last_open_try": "{\"mode\": \"open\", \"execute\": true, \"market_slug\": \"btc-updown-5m-1789603500\", \"force_side\": \"DOWN\", \"token_id\": \"51328892238043480413149357642964584670077513040177615211636496066853102876321\", \"entry_price\": 0.68, \"notional_usd\": 5.0, \"top_ask_notional_usd\": 940.61, \"collateral_pusd\": 0.795846, \"skipped\": \"insufficient_collateral\", \"order_post_result\": {\"success\": false, \"status\": \"skipped\", \"errorMsg\": \"insufficient_collateral:0.795846\"}}\n\n[py_clob_client_v2] request error status=400 url=https://clob.polymarket.com/auth/api-key body={\"error\":\"Could not create api key\"}\n\n",
  "finished_at": "2026-09-17T00:07:36.426712Z",
  "result": "no_entry_timeout"
}
[2026-09-17T00:07:36Z] session_end rc=0 trades=1 stake_usd=5
journal_ok trades=143 md=/home/yukeen/polymarketbot/5min-btc-polymarket/data/live_trades.md json=/home/yukeen/polymarketbot/5min-btc-polymarket/data/live_trades.json
[py_clob_client_v2] request error status=400 url=https://clob.polymarket.com/auth/api-key body={"error":"Could not create api key"}

[2026-09-17T00:09:22Z] cash=0.795846
{"martingale": true, "next_stake": 10.0, "loss_streak": 1, "last_outcome": "loss", "last_opened_at": "2026-09-16T23:46:37.224973Z", "applied": 0}
[2026-09-17T00:09:30Z] martingale_clamp cash=0.795846 stake=5
[2026-09-17T00:09:30Z] session_begin trades=1 stake_usd=5
[py_clob_client_v2] request error: [Errno -3] Temporary failure in name resolution
{
  "started_at": "2026-09-17T00:09:31.004592Z",
  "params": {
    "profile": "conservative",
    "threshold": 0.7,
    "stake_usd": 5.0,
    "stop_loss_pct": 0.9,
    "exit_before_sec": 20,
    "min_entry_seconds_left": 60,
    "entry_timeout_min": 12,
    "poll_sec": 5.0,
    "close_retry_max": 30,
    "close_retry_delay_sec": 2.0,
    "execute": true
  },
  "attempts": [
    {
      "ts": "2026-09-17T00:09:31.304920Z",
      "slug": "btc-updown-5m-1789603500",
      "status": "skip_too_late_to_enter",
      "seconds_left": 28.695087671279907,
      "min_entry_seconds_left": 60
    },
    {
      "ts": "2026-09-17T00:09:36.598363Z",
      "slug": "btc-updown-5m-1789603500",
      "status": "skip_too_late_to_enter",
      "seconds_left": 23.40164279937744,
      "min_entry_seconds_left": 60
    },
    {
      "ts": "2026-09-17T00:09:41.894566Z",
      "slug": "btc-updown-5m-1789603500",
      "status": "skip_too_late_to_enter",
      "seconds_left": 18.10543966293335,
      "min_entry_seconds_left": 60
    },
    {
      "ts": "2026-09-17T00:09:47.203148Z",
      "slug": "btc-updown-5m-1789603500",
      "status": "skip_too_late_to_enter",
      "seconds_left": 12.796858310699463,
      "min_entry_seconds_left": 60
    },
    {
      "ts": "2026-09-17T00:09:55.721971Z",
      "status": "heartbeat_no_current_market"
    },
    {
      "ts": "2026-09-17T00:10:01.789305Z",
      "slug": "btc-updown-5m-1789603800",
      "status": "heartbeat",
      "gamma_up": 0.485,
      "gamma_down": 0.515,
      "clob_up_ask": 0.58,
      "clob_down_ask": 0.43,
      "seconds_left": 298.9750888347626,
      "min_spread": 0.010000000000000009
    },
    {
      "ts": "2026-09-17T00:10:01.789394Z",
      "slug": "btc-updown-5m-1789603800",
      "status": "skip_price_below_threshold",
      "threshold": 0.7,
      "clob_up_ask": 0.58,
      "clob_down_ask": 0.43,
      "seconds_left": 298.9750888347626
    },
    {
      "ts": "2026-09-17T00:10:07.845318Z",
      "slug": "btc-updown-5m-1789603800",
      "status": "heartbeat",
      "gamma_up": 0.485,
      "gamma_down": 0.515,
      "clob_up_ask": 0.6,
      "clob_down_ask": 0.42,
      "seconds_left": 292.9107983112335,
      "min_spread": 0.010000000000000009
    },
    {
      "ts": "2026-09-17T00:10:07.845340Z",
      "slug": "btc-updown-5m-1789603800",
      "status": "skip_price_below_threshold",
      "threshold": 0.7,
      "clob_up_ask": 0.6,
      "clob_down_ask": 0.42,
      "seconds_left": 292.9107983112335
    },
    {
      "ts": "2026-09-17T00:10:14.028613Z",
      "slug": "btc-updown-5m-1789603800",
      "status": "heartbeat",
      "gamma_up": 0.485,
      "gamma_down": 0.515,
      "clob_up_ask": 0.61,
      "clob_down_ask": 0.4,
      "seconds_left": 286.7295639514923,
      "min_spread": 0.010000000000000009
    },
    {
      "ts": "2026-09-17T00:10:14.028640Z",
      "slug": "btc-updown-5m-1789603800",
      "status": "skip_price_below_threshold",
      "threshold": 0.7,
      "clob_up_ask": 0.61,
      "clob_down_ask": 0.4,
      "seconds_left": 286.7295639514923
    },
    {
      "ts": "2026-09-17T00:10:20.119559Z",
      "slug": "btc-updown-5m-1789603800",
      "status": "heartbeat",
      "gamma_up": 0.485,
      "gamma_down": 0.515,
      "clob_up_ask": 0.59,
      "clob_down_ask": 0.42,
      "seconds_left": 280.6417119503021,
      "min_spread": 0.010000000000000009
    },
    {
      "ts": "2026-09-17T00:10:20.119584Z",
      "slug": "btc-updown-5m-1789603800",
      "status": "skip_price_below_threshold",
      "threshold": 0.7,
      "clob_up_ask": 0.59,
      "clob_down_ask": 0.42,
      "seconds_left": 280.6417119503021
    },
    {
      "ts": "2026-09-17T00:10:26.156011Z",
      "slug": "btc-updown-5m-1789603800",
      "status": "heartbeat",
      "gamma_up": 0.485,
      "gamma_down": 0.515,
      "clob_up_ask": 0.56,
      "clob_down_ask": 0.44,
      "seconds_left": 274.5975716114044,
      "min_spread": 0.010000000000000009
    },
    {
      "ts": "2026-09-17T00:10:26.156035Z",
      "slug": "btc-updown-5m-1789603800",
      "status": "skip_price_below_threshold",
      "threshold": 0.7,
      "clob_up_ask": 0.56,
      "clob_down_ask": 0.44,
      "seconds_left": 274.5975716114044
    },
    {
      "ts": "2026-09-17T00:10:35.403717Z",
      "slug": "btc-updown-5m-1789603800",
      "status": "heartbeat",
      "gamma_up": 0.485,
      "gamma_down": 0.515,
      "clob_up_ask": 0.58,
      "clob_down_ask": 0.43,
      "seconds_left": 265.34767985343933,
      "min_spread": 0.010000000000000009
    },
    {
      "ts": "2026-09-17T00:10:35.403740Z",
      "slug": "btc-updown-5m-1789603800",
      "status": "skip_price_below_threshold",
      "threshold": 0.7,
      "clob_up_ask": 0.58,
      "clob_down_ask": 0.43,
      "seconds_left": 265.34767985343933
    },
    {
      "ts": "2026-09-17T00:10:41.479025Z",
      "slug": "btc-updown-5m-1789603800",
      "status": "heartbeat",
      "gamma_up": 0.485,
      "gamma_down": 0.515,
      "clob_up_ask": 0.6,
      "clob_down_ask": 0.41,
      "seconds_left": 259.3023262023926,
      "min_spread": 0.009999999999999953
    },
    {
      "ts": "2026-09-17T00:10:41.479052Z",
      "slug": "btc-updown-5m-1789603800",
      "status": "skip_price_below_threshold",
      "threshold": 0.7,
      "clob_up_ask": 0.6,
      "clob_down_ask": 0.41,
      "seconds_left": 259.3023262023926
    },
    {
      "ts": "2026-09-17T00:10:47.550950Z",
      "slug": "btc-updown-5m-1789603800",
      "status": "heartbeat",
      "gamma_up": 0.485,
      "gamma_down": 0.515,
      "clob_up_ask": 0.58,
      "clob_down_ask": 0.47,
      "seconds_left": 253.2271111011505,
      "min_spread": 0.009999999999999953
    },
    {
      "ts": "2026-09-17T00:10:47.550974Z",
      "slug": "btc-updown-5m-1789603800",
      "status": "skip_price_below_threshold",
      "threshold": 0.7,
      "clob_up_ask": 0.58,
      "clob_down_ask": 0.47,
      "seconds_left": 253.2271111011505
    },
    {
      "ts": "2026-09-17T00:10:53.625074Z",
      "slug": "btc-updown-5m-1789603800",
      "status": "heartbeat",
      "gamma_up": 0.485,
      "gamma_down": 0.515,
      "clob_up_ask": 0.56,
      "clob_down_ask": 0.45,
      "seconds_left": 247.18349289894104,
      "min_spread": 0.010000000000000009
    },
    {
      "ts": "2026-09-17T00:10:53.625098Z",
      "slug": "btc-updown-5m-1789603800",
      "status": "skip_price_below_threshold",
      "threshold": 0.7,
      "clob_up_ask": 0.56,
      "clob_down_ask": 0.45,
      "seconds_left": 247.18349289894104
    },
    {
      "ts": "2026-09-17T00:11:17.824880Z",
      "slug": "btc-updown-5m-1789603800",
      "status": "heartbeat",
      "gamma_up": 0.485,
      "gamma_down": 0.515,
      "clob_up_ask": 0.65,
      "clob_down_ask": 0.36,
      "seconds_left": 222.92941403388977,
      "min_spread": 0.010000000000000009
    },
    {
      "ts": "2026-09-17T00:11:17.824972Z",
      "slug": "btc-updown-5m-1789603800",
      "status": "skip_price_below_threshold",
      "threshold": 0.7,
      "clob_up_ask": 0.65,
      "clob_down_ask": 0.36,
      "seconds_left": 222.92941403388977
    },
    {
      "ts": "2026-09-17T00:11:24.008252Z",
      "slug": "btc-updown-5m-1789603800",
      "status": "heartbeat",
      "gamma_up": 0.485,
      "gamma_down": 0.515,
      "clob_up_ask": 0.61,
      "clob_down_ask": 0.4,
      "seconds_left": 216.7534441947937,
      "min_spread": 0.010000000000000009
    },
    {
      "ts": "2026-09-17T00:11:24.008277Z",
      "slug": "btc-updown-5m-1789603800",
      "status": "skip_price_below_threshold",
      "threshold": 0.7,
      "clob_up_ask": 0.61,
      "clob_down_ask": 0.4,
      "seconds_left": 216.7534441947937
    },
    {
      "ts": "2026-09-17T00:11:42.228653Z",
      "status": "heartbeat_no_current_market"
    },
    {
      "ts": "2026-09-17T00:11:48.319217Z",
      "slug": "btc-updown-5m-1789603800",
      "status": "heartbeat",
      "gamma_up": 0.485,
      "gamma_down": 0.515,
      "clob_up_ask": 0.79,
      "clob_down_ask": 0.22,
      "seconds_left": 192.46149063110352,
      "min_spread": 0.010000000000000009
    },
    {
      "ts": "2026-09-17T00:11:55.933213Z",
      "slug": "btc-updown-5m-1789603800",
      "status": "heartbeat",
      "gamma_up": 0.485,
      "gamma_down": 0.515,
      "clob_up_ask": 0.85,
      "clob_down_ask": 0.16,
      "seconds_left": 184.85187768936157,
      "min_spread": 0.010000000000000009
    },
    {
      "ts": "2026-09-17T00:12:04.656508Z",
      "slug": "btc-updown-5m-1789603800",
      "status": "heartbeat",
      "gamma_up": 0.485,
      "gamma_down": 0.515,
      "clob_up_ask": 0.96,
      "clob_down_ask": 0.05,
      "seconds_left": 176.05935382843018,
      "min_spread": 0.010000000000000002
    },
    {
      "ts": "2026-09-17T00:12:13.223665Z",
      "slug": "btc-updown-5m-1789603800",
      "status": "heartbeat",
      "gamma_up": 0.485,
      "gamma_down": 0.515,
      "clob_up_ask": 0.95,
      "clob_down_ask": 0.06,
      "seconds_left": 167.56240129470825,
      "min_spread": 0.009999999999999995
    },
    {
      "ts": "2026-09-17T00:12:25.107668Z",
      "slug": "btc-updown-5m-1789603800",
      "status": "heartbeat",
      "gamma_up": 0.485,
      "gamma_down": 0.515,
      "clob_up_ask": 0.92,
      "clob_down_ask": 0.09,
      "seconds_left": 155.65683364868164,
      "min_spread": 0.009999999999999995
    },
    {
      "ts": "2026-09-17T00:12:33.696193Z",
      "slug": "btc-updown-5m-1789603800",
      "status": "heartbeat",
      "gamma_up": 0.485,
      "gamma_down": 0.515,
      "clob_up_ask": 0.91,
      "clob_down_ask": 0.08,
      "seconds_left": 147.0319001674652,
      "min_spread": 0.009999999999999995
    },
    {
      "ts": "2026-09-17T00:12:42.309392Z",
      "slug": "btc-updown-5m-1789603800",
      "status": "heartbeat",
      "gamma_up": 0.485,
      "gamma_down": 0.515,
      "clob_up_ask": 0.93,
      "clob_down_ask": 0.08,
      "seconds_left": 138.43646812438965,
      "min_spread": 0.009999999999999995
    },
    {
      "ts": "2026-09-17T00:12:49.795294Z",
      "slug": "btc-updown-5m-1789603800",
      "status": "heartbeat",
      "gamma_up": 0.485,
      "gamma_down": 0.515,
      "clob_up_ask": 0.92,
      "clob_down_ask": 0.08,
      "seconds_left": 131.0235025882721,
      "min_spread": 0.009999999999999995
    },
    {
      "ts": "2026-09-17T00:13:01.813957Z",
      "slug": "btc-updown-5m-1789603800",
      "status": "heartbeat",
      "gamma_up": 0.485,
      "gamma_down": 0.515,
      "clob_up_ask": 0.96,
      "clob_down_ask": 0.05,
      "seconds_left": 119.00404214859009,
      "min_spread": 0.010000000000000002
    },
    {
      "ts": "2026-09-17T00:13:10.565037Z",
      "slug": "btc-updown-5m-1789603800",
      "status": "heartbeat",
      "gamma_up": 0.485,
      "gamma_down": 0.515,
      "clob_up_ask": 0.94,
      "clob_down_ask": 0.07,
      "seconds_left": 110.22163510322571,
      "min_spread": 0.009999999999999898
    },
    {
      "ts": "2026-09-17T00:13:19.708556Z",
      "slug": "btc-updown-5m-1789603800",
      "status": "heartbeat",
      "gamma_up": 0.485,
      "gamma_down": 0.515,
      "clob_up_ask": 0.91,
      "clob_down_ask": 0.1,
      "seconds_left": 101.07437419891357,
      "min_spread": 0.010000000000000009
    },
    {
      "ts": "2026-09-17T00:13:31.765485Z",
      "slug": "btc-updown-5m-1789603800",
      "status": "heartbeat",
      "gamma_up": 0.905,
      "gamma_down": 0.095,
      "clob_up_ask": 0.77,
      "clob_down_ask": 0.24,
      "seconds_left": 89.01456713676453,
      "min_spread": 0.009999999999999981
    },
    {
      "ts": "2026-09-17T00:13:40.715519Z",
      "slug": "btc-updown-5m-1789603800",
      "status": "heartbeat",
      "gamma_up": 0.905,
      "gamma_down": 0.095,
      "clob_up_ask": 0.53,
      "clob_down_ask": 0.48,
      "seconds_left": 80.09462308883667,
      "min_spread": 0.010000000000000009
    },
    {
      "ts": "2026-09-17T00:13:40.715543Z",
      "slug": "btc-updown-5m-1789603800",
      "status": "skip_price_below_threshold",
      "threshold": 0.7,
      "clob_up_ask": 0.53,
      "clob_down_ask": 0.48,
      "seconds_left": 80.09462308883667
    },
    {
      "ts": "2026-09-17T00:13:46.752847Z",
      "slug": "btc-updown-5m-1789603800",
      "status": "heartbeat",
      "gamma_up": 0.905,
      "gamma_down": 0.095,
      "clob_up_ask": 0.53,
      "clob_down_ask": 0.51,
      "seconds_left": 73.98568606376648,
      "min_spread": 0.010000000000000009
    },
    {
      "ts": "2026-09-17T00:13:46.752911Z",
      "slug": "btc-updown-5m-1789603800",
      "status": "skip_price_below_threshold",
      "threshold": 0.7,
      "clob_up_ask": 0.53,
      "clob_down_ask": 0.51,
      "seconds_left": 73.98568606376648
    },
    {
      "ts": "2026-09-17T00:13:52.794887Z",
      "slug": "btc-updown-5m-1789603800",
      "status": "heartbeat",
      "gamma_up": 0.905,
      "gamma_down": 0.095,
      "clob_up_ask": 0.43,
      "clob_down_ask": 0.59,
      "seconds_left": 67.95538306236267,
      "min_spread": 0.010000000000000009
    },
    {
      "ts": "2026-09-17T00:13:52.794910Z",
      "slug": "btc-updown-5m-1789603800",
      "status": "skip_price_below_threshold",
      "threshold": 0.7,
      "clob_up_ask": 0.43,
      "clob_down_ask": 0.59,
      "seconds_left": 67.95538306236267
    },
    {
      "ts": "2026-09-17T00:13:59.446795Z",
      "slug": "btc-updown-5m-1789603800",
      "status": "heartbeat",
      "gamma_up": 0.905,
      "gamma_down": 0.095,
      "clob_up_ask": 0.53,
      "clob_down_ask": 0.48,
      "seconds_left": 61.65799355506897,
      "min_spread": 0.010000000000000009
    },
    {
      "ts": "2026-09-17T00:13:59.446824Z",
      "slug": "btc-updown-5m-1789603800",
      "status": "skip_price_below_threshold",
      "threshold": 0.7,
      "clob_up_ask": 0.53,
      "clob_down_ask": 0.48,
      "seconds_left": 61.65799355506897
    },
    {
      "ts": "2026-09-17T00:14:07.935563Z",
      "slug": "btc-updown-5m-1789603800",
      "status": "skip_too_late_to_enter",
      "seconds_left": 52.06444334983826,
      "min_entry_seconds_left": 60
    },
    {
      "ts": "2026-09-17T00:14:13.259825Z",
      "slug": "btc-updown-5m-1789603800",
      "status": "skip_too_late_to_enter",
      "seconds_left": 46.740180253982544,
      "min_entry_seconds_left": 60
    },
    {
      "ts": "2026-09-17T00:14:18.555422Z",
      "slug": "btc-updown-5m-1789603800",
      "status": "skip_too_late_to_enter",
      "seconds_left": 41.44458746910095,
      "min_entry_seconds_left": 60
    },
    {
      "ts": "2026-09-17T00:14:23.871871Z",
      "slug": "btc-updown-5m-1789603800",
      "status": "skip_too_late_to_enter",
      "seconds_left": 36.12813448905945,
      "min_entry_seconds_left": 60
    },
    {
      "ts": "2026-09-17T00:14:29.172075Z",
      "slug": "btc-updown-5m-1789603800",
      "status": "skip_too_late_to_enter",
      "seconds_left": 30.827930450439453,
      "min_entry_seconds_left": 60
    },
    {
      "ts": "2026-09-17T00:14:34.543979Z",
      "slug": "btc-updown-5m-1789603800",
      "status": "skip_too_late_to_enter",
      "seconds_left": 25.456026077270508,
      "min_entry_seconds_left": 60
    },
    {
      "ts": "2026-09-17T00:14:43.095801Z",
      "slug": "btc-updown-5m-1789603800",
      "status": "skip_too_late_to_enter",
      "seconds_left": 16.90420436859131,
      "min_entry_seconds_left": 60
    },
    {
      "ts": "2026-09-17T00:14:48.394970Z",
      "slug": "btc-updown-5m-1789603800",
      "status": "skip_too_late_to_enter",
      "seconds_left": 11.605034589767456,
      "min_entry_seconds_left": 60
    },
    {
      "ts": "2026-09-17T00:14:53.670768Z",
      "slug": "btc-updown-5m-1789603800",
      "status": "skip_too_late_to_enter",
      "seconds_left": 6.329237937927246,
      "min_entry_seconds_left": 60
    },
    {
      "ts": "2026-09-17T00:14:58.976621Z",
      "status": "heartbeat_no_current_market"
    },
    {
      "ts": "2026-09-17T00:15:05.204978Z",
      "slug": "btc-updown-5m-1789604100",
      "status": "heartbeat",
      "gamma_up": 0.495,
      "gamma_down": 0.505,
      "clob_up_ask": 0.44,
      "clob_down_ask": 0.55,
      "seconds_left": 295.74052119255066,
      "min_spread": 0.010000000000000009
    },
    {
      "ts": "2026-09-17T00:15:05.205001Z",
      "slug": "btc-updown-5m-1789604100",
      "status": "skip_price_below_threshold",
      "threshold": 0.7,
      "clob_up_ask": 0.44,
      "clob_down_ask": 0.55,
      "seconds_left": 295.74052119255066
    },
    {
      "ts": "2026-09-17T00:15:11.314798Z",
      "slug": "btc-updown-5m-1789604100",
      "status": "heartbeat",
      "gamma_up": 0.495,
      "gamma_down": 0.505,
      "clob_up_ask": 0.65,
      "clob_down_ask": 0.37,
      "seconds_left": 289.47681999206543,
      "min_spread": 0.010000000000000009
    },
    {
      "ts": "2026-09-17T00:15:11.314820Z",
      "slug": "btc-updown-5m-1789604100",
      "status": "skip_price_below_threshold",
      "threshold": 0.7,
      "clob_up_ask": 0.65,
      "clob_down_ask": 0.37,
      "seconds_left": 289.47681999206543
    },
    {
      "ts": "2026-09-17T00:15:20.720759Z",
      "slug": "btc-updown-5m-1789604100",
      "status": "heartbeat",
      "gamma_up": 0.495,
      "gamma_down": 0.505,
      "clob_up_ask": 0.55,
      "clob_down_ask": 0.46,
      "seconds_left": 280.04200625419617,
      "min_spread": 0.010000000000000009
    },
    {
      "ts": "2026-09-17T00:15:20.720786Z",
      "slug": "btc-updown-5m-1789604100",
      "status": "skip_price_below_threshold",
      "threshold": 0.7,
      "clob_up_ask": 0.55,
      "clob_down_ask": 0.46,
      "seconds_left": 280.04200625419617
    },
    {
      "ts": "2026-09-17T00:15:26.816757Z",
      "slug": "btc-updown-5m-1789604100",
      "status": "heartbeat",
      "gamma_up": 0.495,
      "gamma_down": 0.505,
      "clob_up_ask": 0.57,
      "clob_down_ask": 0.44,
      "seconds_left": 273.9389669895172,
      "min_spread": 0.009999999999999898
    },
    {
      "ts": "2026-09-17T00:15:26.816778Z",
      "slug": "btc-updown-5m-1789604100",
      "status": "skip_price_below_threshold",
      "threshold": 0.7,
      "clob_up_ask": 0.57,
      "clob_down_ask": 0.44,
      "seconds_left": 273.9389669895172
    },
    {
      "ts": "2026-09-17T00:15:32.888403Z",
      "slug": "btc-updown-5m-1789604100",
      "status": "heartbeat",
      "gamma_up": 0.495,
      "gamma_down": 0.505,
      "clob_up_ask": 0.47,
      "clob_down_ask": 0.54,
      "seconds_left": 267.88690757751465,
      "min_spread": 0.009999999999999953
    },
    {
      "ts": "2026-09-17T00:15:32.888428Z",
      "slug": "btc-updown-5m-1789604100",
      "status": "skip_price_below_threshold",
      "threshold": 0.7,
      "clob_up_ask": 0.47,
      "clob_down_ask": 0.54,
      "seconds_left": 267.88690757751465
    },
    {
      "ts": "2026-09-17T00:15:39.053399Z",
      "slug": "btc-updown-5m-1789604100",
      "status": "heartbeat",
      "gamma_up": 0.495,
      "gamma_down": 0.505,
      "clob_up_ask": 0.53,
      "clob_down_ask": 0.47,
      "seconds_left": 261.8062334060669,
      "min_spread": 0.009999999999999953
    },
    {
      "ts": "2026-09-17T00:15:39.053426Z",
      "slug": "btc-updown-5m-1789604100",
      "status": "skip_price_below_threshold",
      "threshold": 0.7,
      "clob_up_ask": 0.53,
      "clob_down_ask": 0.47,
      "seconds_left": 261.8062334060669
    },
    {
      "ts": "2026-09-17T00:15:45.174286Z",
      "slug": "btc-updown-5m-1789604100",
      "status": "heartbeat",
      "gamma_up": 0.495,
      "gamma_down": 0.505,
      "clob_up_ask": 0.68,
      "clob_down_ask": 0.33,
      "seconds_left": 255.6463541984558,
      "min_spread": 0.010000000000000009
    },
    {
      "ts": "2026-09-17T00:15:45.174312Z",
      "slug": "btc-updown-5m-1789604100",
      "status": "skip_price_below_threshold",
      "threshold": 0.7,
      "clob_up_ask": 0.68,
      "clob_down_ask": 0.33,
      "seconds_left": 255.6463541984558
    },
    {
      "ts": "2026-09-17T00:15:54.416295Z",
      "slug": "btc-updown-5m-1789604100",
      "status": "heartbeat",
      "gamma_up": 0.495,
      "gamma_down": 0.505,
      "clob_up_ask": 0.7,
      "clob_down_ask": 0.31,
      "seconds_left": 246.35761046409607,
      "min_spread": 0.010000000000000009
    },
    {
      "ts": "2026-09-17T00:16:03.404113Z",
      "slug": "btc-updown-5m-1789604100",
      "status": "heartbeat",
      "gamma_up": 0.495,
      "gamma_down": 0.505,
      "clob_up_ask": 0.79,
      "clob_down_ask": 0.22,
      "seconds_left": 237.39334058761597,
      "min_spread": 0.010000000000000009
    },
    {
      "ts": "2026-09-17T00:16:10.889203Z",
      "slug": "btc-updown-5m-1789604100",
      "status": "heartbeat",
      "gamma_up": 0.495,
      "gamma_down": 0.505,
      "clob_up_ask": 0.86,
      "clob_down_ask": 0.14,
      "seconds_left": 229.89319968223572,
      "min_spread": 0.010000000000000009
    },
    {
      "ts": "2026-09-17T00:16:19.812596Z",
      "slug": "btc-updown-5m-1789604100",
      "status": "heartbeat",
      "gamma_up": 0.495,
      "gamma_down": 0.505,
      "clob_up_ask": 0.89,
      "clob_down_ask": 0.12,
      "seconds_left": 220.93411231040955,
      "min_spread": 0.009999999999999995
    },
    {
      "ts": "2026-09-17T00:16:31.791758Z",
      "slug": "btc-updown-5m-1789604100",
      "status": "heartbeat",
      "gamma_up": 0.495,
      "gamma_down": 0.505,
      "clob_up_ask": 0.93,
      "clob_down_ask": 0.08,
      "seconds_left": 208.97207927703857,
      "min_spread": 0.009999999999999995
    },
    {
      "ts": "2026-09-17T00:16:40.734556Z",
      "slug": "btc-updown-5m-1789604100",
      "status": "heartbeat",
      "gamma_up": 0.495,
      "gamma_down": 0.505,
      "clob_up_ask": 0.94,
      "clob_down_ask": 0.07,
      "seconds_left": 200.0492479801178,
      "min_spread": 0.009999999999999898
    },
    {
      "ts": "2026-09-17T00:16:49.557816Z",
      "slug": "btc-updown-5m-1789604100",
      "status": "heartbeat",
      "gamma_up": 0.495,
      "gamma_down": 0.505,
      "clob_up_ask": 0.95,
      "clob_down_ask": 0.06,
      "seconds_left": 191.20762848854065,
      "min_spread": 0.009999999999999995
    },
    {
      "ts": "2026-09-17T00:16:58.426971Z",
      "slug": "btc-updown-5m-1789604100",
      "status": "heartbeat",
      "gamma_up": 0.495,
      "gamma_down": 0.505,
      "clob_up_ask": 0.95,
      "clob_down_ask": 0.06,
      "seconds_left": 182.3657467365265,
      "min_spread": 0.009999999999999995
    },
    {
      "ts": "2026-09-17T00:17:10.403476Z",
      "slug": "btc-updown-5m-1789604100",
      "status": "heartbeat",
      "gamma_up": 0.495,
      "gamma_down": 0.505,
      "clob_up_ask": 0.92,
      "clob_down_ask": 0.09,
      "seconds_left": 170.4146339893341,
      "min_spread": 0.009999999999999995
    },
    {
      "ts": "2026-09-17T00:17:34.134538Z",
      "slug": "btc-updown-5m-1789604100",
      "status": "heartbeat",
      "gamma_up": 0.955,
      "gamma_down": 0.045,
      "clob_up_ask": 0.96,
      "clob_down_ask": 0.05,
      "seconds_left": 146.6292109489441,
      "min_spread": 0.010000000000000002
    },
    {
      "ts": "2026-09-17T00:17:46.177969Z",
      "slug": "btc-updown-5m-1789604100",
      "status": "heartbeat",
      "gamma_up": 0.955,
      "gamma_down": 0.045,
      "clob_up_ask": 0.97,
      "clob_down_ask": 0.04,
      "seconds_left": 134.5812304019928,
      "min_spread": 0.010000000000000002
    },
    {
      "ts": "2026-09-17T00:17:54.995672Z",
      "slug": "btc-updown-5m-1789604100",
      "status": "heartbeat",
      "gamma_up": 0.955,
      "gamma_down": 0.045,
      "clob_up_ask": 0.97,
      "clob_down_ask": 0.04,
      "seconds_left": 125.83390760421753,
      "min_spread": 0.010000000000000002
    },
    {
      "ts": "2026-09-17T00:18:04.001305Z",
      "slug": "btc-updown-5m-1789604100",
      "status": "heartbeat",
      "gamma_up": 0.955,
      "gamma_down": 0.045,
      "clob_up_ask": 0.97,
      "clob_down_ask": 0.04,
      "seconds_left": 116.78440833091736,
      "min_spread": 0.010000000000000002
    },
    {
      "ts": "2026-09-17T00:18:16.016067Z",
      "slug": "btc-updown-5m-1789604100",
      "status": "heartbeat",
      "gamma_up": 0.955,
      "gamma_down": 0.045,
      "clob_up_ask": 0.98,
      "clob_down_ask": 0.03,
      "seconds_left": 104.78167629241943,
      "min_spread": 0.009999999999999998
    },
    {
      "ts": "2026-09-17T00:18:33.684640Z",
      "status": "heartbeat_no_current_market"
    },
    {
      "ts": "2026-09-17T00:18:52.294881Z",
      "slug": "btc-updown-5m-1789604100",
      "status": "skip_clob_unavailable",
      "error": "PolyApiException[status_code=None, error_message=Request exception!]"
    },
    {
      "ts": "2026-09-17T00:18:58.381781Z",
      "slug": "btc-updown-5m-1789604100",
      "status": "heartbeat",
      "gamma_up": 0.955,
      "gamma_down": 0.045,
      "clob_up_ask": 0.98,
      "clob_down_ask": 0.03,
      "seconds_left": 62.39885091781616,
      "min_spread": 0.009999999999999998
    },
    {
      "ts": "2026-09-17T00:19:05.060780Z",
      "slug": "btc-updown-5m-1789604100",
      "status": "skip_too_late_to_enter",
      "seconds_left": 54.93922281265259,
      "min_entry_seconds_left": 60
    },
    {
      "ts": "2026-09-17T00:19:10.368225Z",
      "slug": "btc-updown-5m-1789604100",
      "status": "skip_too_late_to_enter",
      "seconds_left": 49.63178062438965,
      "min_entry_seconds_left": 60
    },
    {
      "ts": "2026-09-17T00:19:15.722910Z",
      "slug": "btc-updown-5m-1789604100",
      "status": "skip_too_late_to_enter",
      "seconds_left": 44.277095317840576,
      "min_entry_seconds_left": 60
    },
    {
      "ts": "2026-09-17T00:19:21.047122Z",
      "slug": "btc-updown-5m-1789604100",
      "status": "skip_too_late_to_enter",
      "seconds_left": 38.95288348197937,
      "min_entry_seconds_left": 60
    },
    {
      "ts": "2026-09-17T00:19:29.546910Z",
      "slug": "btc-updown-5m-1789604100",
      "status": "skip_too_late_to_enter",
      "seconds_left": 30.45309543609619,
      "min_entry_seconds_left": 60
    },
    {
      "ts": "2026-09-17T00:19:34.836447Z",
      "slug": "btc-updown-5m-1789604100",
      "status": "skip_too_late_to_enter",
      "seconds_left": 25.163556337356567,
      "min_entry_seconds_left": 60
    },
    {
      "ts": "2026-09-17T00:19:40.165372Z",
      "slug": "btc-updown-5m-1789604100",
      "status": "skip_too_late_to_enter",
      "seconds_left": 19.83463430404663,
      "min_entry_seconds_left": 60
    },
    {
      "ts": "2026-09-17T00:19:45.443503Z",
      "slug": "btc-updown-5m-1789604100",
      "status": "skip_too_late_to_enter",
      "seconds_left": 14.5565025806427,
      "min_entry_seconds_left": 60
    },
    {
      "ts": "2026-09-17T00:19:50.729471Z",
      "slug": "btc-updown-5m-1789604100",
      "status": "skip_too_late_to_enter",
      "seconds_left": 9.270533800125122,
      "min_entry_seconds_left": 60
    },
    {
      "ts": "2026-09-17T00:19:56.026314Z",
      "status": "heartbeat_no_current_market"
    },
    {
      "ts": "2026-09-17T00:20:05.387994Z",
      "slug": "btc-updown-5m-1789604400",
      "status": "heartbeat",
      "gamma_up": 0.495,
      "gamma_down": 0.505,
      "clob_up_ask": 0.51,
      "clob_down_ask": 0.5,
      "seconds_left": 295.46557331085205,
      "min_spread": 0.010000000000000009
    },
    {
      "ts": "2026-09-17T00:20:05.388023Z",
      "slug": "btc-updown-5m-1789604400",
      "status": "skip_price_below_threshold",
      "threshold": 0.7,
      "clob_up_ask": 0.51,
      "clob_down_ask": 0.5,
      "seconds_left": 295.46557331085205
    },
    {
      "ts": "2026-09-17T00:20:11.444260Z",
      "slug": "btc-updown-5m-1789604400",
      "status": "heartbeat",
      "gamma_up": 0.495,
      "gamma_down": 0.505,
      "clob_up_ask": 0.55,
      "clob_down_ask": 0.46,
      "seconds_left": 289.3213891983032,
      "min_spread": 0.010000000000000009
    },
    {
      "ts": "2026-09-17T00:20:11.444286Z",
      "slug": "btc-updown-5m-1789604400",
      "status": "skip_price_below_threshold",
      "threshold": 0.7,
      "clob_up_ask": 0.55,
      "clob_down_ask": 0.46,
      "seconds_left": 289.3213891983032
    },
    {
      "ts": "2026-09-17T00:20:17.630649Z",
      "slug": "btc-updown-5m-1789604400",
      "status": "heartbeat",
      "gamma_up": 0.495,
      "gamma_down": 0.505,
      "clob_up_ask": 0.56,
      "clob_down_ask": 0.45,
      "seconds_left": 283.13796043395996,
      "min_spread": 0.010000000000000009
    },
    {
      "ts": "2026-09-17T00:20:17.630672Z",
      "slug": "btc-updown-5m-1789604400",
      "status": "skip_price_below_threshold",
      "threshold": 0.7,
      "clob_up_ask": 0.56,
      "clob_down_ask": 0.45,
      "seconds_left": 283.13796043395996
    },
    {
      "ts": "2026-09-17T00:20:23.737118Z",
      "slug": "btc-updown-5m-1789604400",
      "status": "heartbeat",
      "gamma_up": 0.495,
      "gamma_down": 0.505,
      "clob_up_ask": 0.59,
      "clob_down_ask": 0.42,
      "seconds_left": 277.0635805130005,
      "min_spread": 0.010000000000000009
    },
    {
      "ts": "2026-09-17T00:20:23.737145Z",
      "slug": "btc-updown-5m-1789604400",
      "status": "skip_price_below_threshold",
      "threshold": 0.7,
      "clob_up_ask": 0.59,
      "clob_down_ask": 0.42,
      "seconds_left": 277.0635805130005
    },
    {
      "ts": "2026-09-17T00:20:29.810216Z",
      "slug": "btc-updown-5m-1789604400",
      "status": "heartbeat",
      "gamma_up": 0.495,
      "gamma_down": 0.505,
      "clob_up_ask": 0.6,
      "clob_down_ask": 0.41,
      "seconds_left": 270.9573874473572,
      "min_spread": 0.009999999999999953
    },
    {
      "ts": "2026-09-17T00:20:29.810241Z",
      "slug": "btc-updown-5m-1789604400",
      "status": "skip_price_below_threshold",
      "threshold": 0.7,
      "clob_up_ask": 0.6,
      "clob_down_ask": 0.41,
      "seconds_left": 270.9573874473572
    },
    {
      "ts": "2026-09-17T00:20:39.087669Z",
      "slug": "btc-updown-5m-1789604400",
      "status": "heartbeat",
      "gamma_up": 0.495,
      "gamma_down": 0.505,
      "clob_up_ask": 0.54,
      "clob_down_ask": 0.47,
      "seconds_left": 261.7009825706482,
      "min_spread": 0.009999999999999953
    },
    {
      "ts": "2026-09-17T00:20:39.087695Z",
      "slug": "btc-updown-5m-1789604400",
      "status": "skip_price_below_threshold",
      "threshold": 0.7,
      "clob_up_ask": 0.54,
      "clob_down_ask": 0.47,
      "seconds_left": 261.7009825706482
    },
    {
      "ts": "2026-09-17T00:20:45.188030Z",
      "slug": "btc-updown-5m-1789604400",
      "status": "heartbeat",
      "gamma_up": 0.495,
      "gamma_down": 0.505,
      "clob_up_ask": 0.52,
      "clob_down_ask": 0.51,
      "seconds_left": 255.5896773338318,
      "min_spread": 0.010000000000000009
    },
    {
      "ts": "2026-09-17T00:20:45.188051Z",
      "slug": "btc-updown-5m-1789604400",
      "status": "skip_price_below_threshold",
      "threshold": 0.7,
      "clob_up_ask": 0.52,
      "clob_down_ask": 0.51,
      "seconds_left": 255.5896773338318
    },
    {
      "ts": "2026-09-17T00:20:51.281748Z",
      "slug": "btc-updown-5m-1789604400",
      "status": "heartbeat",
      "gamma_up": 0.495,
      "gamma_down": 0.505,
      "clob_up_ask": 0.5,
      "clob_down_ask": 0.52,
      "seconds_left": 249.5108926296234,
      "min_spread": 0.010000000000000009
    },
    {
      "ts": "2026-09-17T00:20:51.281769Z",
      "slug": "btc-updown-5m-1789604400",
      "status": "skip_price_below_threshold",
      "threshold": 0.7,
      "clob_up_ask": 0.5,
      "clob_down_ask": 0.52,
      "seconds_left": 249.5108926296234
    },
    {
      "ts": "2026-09-17T00:20:57.382568Z",
      "slug": "btc-updown-5m-1789604400",
      "status": "heartbeat",
      "gamma_up": 0.495,
      "gamma_down": 0.505,
      "clob_up_ask": 0.46,
      "clob_down_ask": 0.55,
      "seconds_left": 243.43768048286438,
      "min_spread": 0.010000000000000009
    },
    {
      "ts": "2026-09-17T00:20:57.382601Z",
      "slug": "btc-updown-5m-1789604400",
      "status": "skip_price_below_threshold",
      "threshold": 0.7,
      "clob_up_ask": 0.46,
      "clob_down_ask": 0.55,
      "seconds_left": 243.43768048286438
    },
    {
      "ts": "2026-09-17T00:21:03.482491Z",
      "slug": "btc-updown-5m-1789604400",
      "status": "heartbeat",
      "gamma_up": 0.495,
      "gamma_down": 0.505,
      "clob_up_ask": 0.36,
      "clob_down_ask": 0.67,
      "seconds_left": 237.33826971054077,
      "min_spread": 0.010000000000000009
    },
    {
      "ts": "2026-09-17T00:21:03.482517Z",
      "slug": "btc-updown-5m-1789604400",
      "status": "skip_price_below_threshold",
      "threshold": 0.7,
      "clob_up_ask": 0.36,
      "clob_down_ask": 0.67,
      "seconds_left": 237.33826971054077
    },
    {
      "ts": "2026-09-17T00:21:09.620214Z",
      "slug": "btc-updown-5m-1789604400",
      "status": "heartbeat",
      "gamma_up": 0.495,
      "gamma_down": 0.505,
      "clob_up_ask": 0.24,
      "clob_down_ask": 0.77,
      "seconds_left": 231.19578337669373,
      "min_spread": 0.009999999999999981
    },
    {
      "ts": "2026-09-17T00:21:21.594552Z",
      "slug": "btc-updown-5m-1789604400",
      "status": "heartbeat",
      "gamma_up": 0.495,
      "gamma_down": 0.505,
      "clob_up_ask": 0.32,
      "clob_down_ask": 0.68,
      "seconds_left": 219.15628790855408,
      "min_spread": 0.010000000000000009
    },
    {
      "ts": "2026-09-17T00:21:21.594574Z",
      "slug": "btc-updown-5m-1789604400",
      "status": "skip_price_below_threshold",
      "threshold": 0.7,
      "clob_up_ask": 0.32,
      "clob_down_ask": 0.68,
      "seconds_left": 219.15628790855408
    },
    {
      "ts": "2026-09-17T00:21:27.732758Z",
      "slug": "btc-updown-5m-1789604400",
      "status": "heartbeat",
      "gamma_up": 0.495,
      "gamma_down": 0.505,
      "clob_up_ask": 0.34,
      "clob_down_ask": 0.66,
      "seconds_left": 213.10599780082703,
      "min_spread": 0.010000000000000009
    },
    {
      "ts": "2026-09-17T00:21:27.732784Z",
      "slug": "btc-updown-5m-1789604400",
      "status": "skip_price_below_threshold",
      "threshold": 0.7,
      "clob_up_ask": 0.34,
      "clob_down_ask": 0.66,
      "seconds_left": 213.10599780082703
    }
  ],
  "last_open_try": "{\"mode\": \"open\", \"execute\": true, \"market_slug\": \"btc-updown-5m-1789604400\", \"force_side\": \"DOWN\", \"token_id\": \"101189046701557754781844909226480271451253217174836473744767245330620057227858\", \"entry_price\": 0.72, \"notional_usd\": 5.0, \"top_ask_notional_usd\": 982.7063999999999, \"collateral_pusd\": 0.795846, \"skipped\": \"insufficient_collateral\", \"order_post_result\": {\"success\": false, \"status\": \"skipped\", \"errorMsg\": \"insufficient_collateral:0.795846\"}}\n\n[py_clob_client_v2] request error status=400 url=https://clob.polymarket.com/auth/api-key body={\"error\":\"Could not create api key\"}\n\n",
  "finished_at": "2026-09-17T00:21:32.732887Z",
  "result": "no_entry_timeout"
}
[2026-09-17T00:21:32Z] session_end rc=0 trades=2 stake_usd=5
journal_ok trades=143 md=/home/yukeen/polymarketbot/5min-btc-polymarket/data/live_trades.md json=/home/yukeen/polymarketbot/5min-btc-polymarket/data/live_trades.json
[py_clob_client_v2] request error status=400 url=https://clob.polymarket.com/auth/api-key body={"error":"Could not create api key"}

[2026-09-17T00:23:04Z] cash=0.795846
{"martingale": true, "next_stake": 10.0, "loss_streak": 1, "last_outcome": "loss", "last_opened_at": "2026-09-16T23:46:37.224973Z", "applied": 0}
[2026-09-17T00:23:12Z] martingale_clamp cash=0.795846 stake=5
[2026-09-17T00:23:12Z] session_begin trades=2 stake_usd=5
[py_clob_client_v2] request error: [Errno -3] Temporary failure in name resolution
{
  "started_at": "2026-09-17T00:23:13.312635Z",
  "params": {
    "profile": "conservative",
    "threshold": 0.7,
    "stake_usd": 5.0,
    "stop_loss_pct": 0.9,
    "exit_before_sec": 20,
    "min_entry_seconds_left": 60,
    "entry_timeout_min": 12,
    "poll_sec": 5.0,
    "close_retry_max": 30,
    "close_retry_delay_sec": 2.0,
    "execute": true
  },
  "attempts": [
    {
      "ts": "2026-09-17T00:23:14.394724Z",
      "slug": "btc-updown-5m-1789604400",
      "status": "heartbeat",
      "gamma_up": 0.325,
      "gamma_down": 0.675,
      "clob_up_ask": 0.3,
      "clob_down_ask": 0.69,
      "seconds_left": 106.36697912216187,
      "min_spread": 0.009999999999999898
    },
    {
      "ts": "2026-09-17T00:23:14.394738Z",
      "slug": "btc-updown-5m-1789604400",
      "status": "skip_price_below_threshold",
      "threshold": 0.7,
      "clob_up_ask": 0.3,
      "clob_down_ask": 0.69,
      "seconds_left": 106.36697912216187
    },
    {
      "ts": "2026-09-17T00:23:38.825001Z",
      "slug": "btc-updown-5m-1789604400",
      "status": "heartbeat",
      "gamma_up": 0.325,
      "gamma_down": 0.675,
      "clob_up_ask": 0.34,
      "clob_down_ask": 0.67,
      "seconds_left": 82.13717651367188,
      "min_spread": 0.010000000000000009
    },
    {
      "ts": "2026-09-17T00:23:38.825033Z",
      "slug": "btc-updown-5m-1789604400",
      "status": "skip_price_below_threshold",
      "threshold": 0.7,
      "clob_up_ask": 0.34,
      "clob_down_ask": 0.67,
      "seconds_left": 82.13717651367188
    },
    {
      "ts": "2026-09-17T00:23:45.199496Z",
      "slug": "btc-updown-5m-1789604400",
      "status": "heartbeat",
      "gamma_up": 0.325,
      "gamma_down": 0.675,
      "clob_up_ask": 0.66,
      "clob_down_ask": 0.39,
      "seconds_left": 75.61017441749573,
      "min_spread": 0.010000000000000009
    },
    {
      "ts": "2026-09-17T00:23:45.199519Z",
      "slug": "btc-updown-5m-1789604400",
      "status": "skip_price_below_threshold",
      "threshold": 0.7,
      "clob_up_ask": 0.66,
      "clob_down_ask": 0.39,
      "seconds_left": 75.61017441749573
    },
    {
      "ts": "2026-09-17T00:23:51.282075Z",
      "slug": "btc-updown-5m-1789604400",
      "status": "heartbeat",
      "gamma_up": 0.325,
      "gamma_down": 0.675,
      "clob_up_ask": 0.56,
      "clob_down_ask": 0.5,
      "seconds_left": 69.49206066131592,
      "min_spread": 0.010000000000000009
    },
    {
      "ts": "2026-09-17T00:23:51.282101Z",
      "slug": "btc-updown-5m-1789604400",
      "status": "skip_price_below_threshold",
      "threshold": 0.7,
      "clob_up_ask": 0.56,
      "clob_down_ask": 0.5,
      "seconds_left": 69.49206066131592
    },
    {
      "ts": "2026-09-17T00:23:57.428615Z",
      "slug": "btc-updown-5m-1789604400",
      "status": "heartbeat",
      "gamma_up": 0.325,
      "gamma_down": 0.675,
      "clob_up_ask": 0.35,
      "clob_down_ask": 0.66,
      "seconds_left": 63.39175891876221,
      "min_spread": 0.009999999999999953
    },
    {
      "ts": "2026-09-17T00:23:57.428661Z",
      "slug": "btc-updown-5m-1789604400",
      "status": "skip_price_below_threshold",
      "threshold": 0.7,
      "clob_up_ask": 0.35,
      "clob_down_ask": 0.66,
      "seconds_left": 63.39175891876221
    },
    {
      "ts": "2026-09-17T00:24:02.757001Z",
      "slug": "btc-updown-5m-1789604400",
      "status": "skip_too_late_to_enter",
      "seconds_left": 57.24300575256348,
      "min_entry_seconds_left": 60
    },
    {
      "ts": "2026-09-17T00:24:08.058251Z",
      "slug": "btc-updown-5m-1789604400",
      "status": "skip_too_late_to_enter",
      "seconds_left": 51.94175481796265,
      "min_entry_seconds_left": 60
    },
    {
      "ts": "2026-09-17T00:24:16.561076Z",
      "slug": "btc-updown-5m-1789604400",
      "status": "skip_too_late_to_enter",
      "seconds_left": 43.438928842544556,
      "min_entry_seconds_left": 60
    },
    {
      "ts": "2026-09-17T00:24:21.850415Z",
      "slug": "btc-updown-5m-1789604400",
      "status": "skip_too_late_to_enter",
      "seconds_left": 38.1495897769928,
      "min_entry_seconds_left": 60
    },
    {
      "ts": "2026-09-17T00:24:27.155619Z",
      "slug": "btc-updown-5m-1789604400",
      "status": "skip_too_late_to_enter",
      "seconds_left": 32.84438490867615,
      "min_entry_seconds_left": 60
    },
    {
      "ts": "2026-09-17T00:24:32.423549Z",
      "slug": "btc-updown-5m-1789604400",
      "status": "skip_too_late_to_enter",
      "seconds_left": 27.576457262039185,
      "min_entry_seconds_left": 60
    },
    {
      "ts": "2026-09-17T00:24:37.735248Z",
      "slug": "btc-updown-5m-1789604400",
      "status": "skip_too_late_to_enter",
      "seconds_left": 22.26475715637207,
      "min_entry_seconds_left": 60
    },
    {
      "ts": "2026-09-17T00:24:43.032405Z",
      "slug": "btc-updown-5m-1789604400",
      "status": "skip_too_late_to_enter",
      "seconds_left": 16.96760106086731,
      "min_entry_seconds_left": 60
    },
    {
      "ts": "2026-09-17T00:24:51.528842Z",
      "slug": "btc-updown-5m-1789604400",
      "status": "skip_too_late_to_enter",
      "seconds_left": 8.471164464950562,
      "min_entry_seconds_left": 60
    },
    {
      "ts": "2026-09-17T00:24:56.883238Z",
      "status": "heartbeat_no_current_market"
    },
    {
      "ts": "2026-09-17T00:25:03.048235Z",
      "slug": "btc-updown-5m-1789604700",
      "status": "heartbeat",
      "gamma_up": 0.495,
      "gamma_down": 0.505,
      "clob_up_ask": 0.57,
      "clob_down_ask": 0.4,
      "seconds_left": 297.75110840797424,
      "min_spread": 0.009999999999999898
    },
    {
      "ts": "2026-09-17T00:25:03.048261Z",
      "slug": "btc-updown-5m-1789604700",
      "status": "skip_price_below_threshold",
      "threshold": 0.7,
      "clob_up_ask": 0.57,
      "clob_down_ask": 0.4,
      "seconds_left": 297.75110840797424
    },
    {
      "ts": "2026-09-17T00:25:09.167342Z",
      "slug": "btc-updown-5m-1789604700",
      "status": "heartbeat",
      "gamma_up": 0.495,
      "gamma_down": 0.505,
      "clob_up_ask": 0.37,
      "clob_down_ask": 0.64,
      "seconds_left": 291.6222155094147,
      "min_spread": 0.010000000000000009
    },
    {
      "ts": "2026-09-17T00:25:09.167370Z",
      "slug": "btc-updown-5m-1789604700",
      "status": "skip_price_below_threshold",
      "threshold": 0.7,
      "clob_up_ask": 0.37,
      "clob_down_ask": 0.64,
      "seconds_left": 291.6222155094147
    },
    {
      "ts": "2026-09-17T00:25:15.359171Z",
      "slug": "btc-updown-5m-1789604700",
      "status": "heartbeat",
      "gamma_up": 0.495,
      "gamma_down": 0.505,
      "clob_up_ask": 0.36,
      "clob_down_ask": 0.65,
      "seconds_left": 285.42330145835876,
      "min_spread": 0.010000000000000009
    },
    {
      "ts": "2026-09-17T00:25:15.359197Z",
      "slug": "btc-updown-5m-1789604700",
      "status": "skip_price_below_threshold",
      "threshold": 0.7,
      "clob_up_ask": 0.36,
      "clob_down_ask": 0.65,
      "seconds_left": 285.42330145835876
    },
    {
      "ts": "2026-09-17T00:25:24.668175Z",
      "slug": "btc-updown-5m-1789604700",
      "status": "heartbeat",
      "gamma_up": 0.495,
      "gamma_down": 0.505,
      "clob_up_ask": 0.4,
      "clob_down_ask": 0.6,
      "seconds_left": 276.108695268631,
      "min_spread": 0.010000000000000009
    },
    {
      "ts": "2026-09-17T00:25:24.668188Z",
      "slug": "btc-updown-5m-1789604700",
      "status": "skip_price_below_threshold",
      "threshold": 0.7,
      "clob_up_ask": 0.4,
      "clob_down_ask": 0.6,
      "seconds_left": 276.108695268631
    },
    {
      "ts": "2026-09-17T00:25:30.745760Z",
      "slug": "btc-updown-5m-1789604700",
      "status": "heartbeat",
      "gamma_up": 0.495,
      "gamma_down": 0.505,
      "clob_up_ask": 0.38,
      "clob_down_ask": 0.63,
      "seconds_left": 270.0242974758148,
      "min_spread": 0.010000000000000009
    },
    {
      "ts": "2026-09-17T00:25:30.745787Z",
      "slug": "btc-updown-5m-1789604700",
      "status": "skip_price_below_threshold",
      "threshold": 0.7,
      "clob_up_ask": 0.38,
      "clob_down_ask": 0.63,
      "seconds_left": 270.0242974758148
    },
    {
      "ts": "2026-09-17T00:25:37.034041Z",
      "slug": "btc-updown-5m-1789604700",
      "status": "heartbeat",
      "gamma_up": 0.495,
      "gamma_down": 0.505,
      "clob_up_ask": 0.38,
      "clob_down_ask": 0.65,
      "seconds_left": 263.95608258247375,
      "min_spread": 0.010000000000000009
    },
    {
      "ts": "2026-09-17T00:25:37.034054Z",
      "slug": "btc-updown-5m-1789604700",
      "status": "skip_price_below_threshold",
      "threshold": 0.7,
      "clob_up_ask": 0.38,
      "clob_down_ask": 0.65,
      "seconds_left": 263.95608258247375
    },
    {
      "ts": "2026-09-17T00:25:43.117216Z",
      "slug": "btc-updown-5m-1789604700",
      "status": "heartbeat",
      "gamma_up": 0.495,
      "gamma_down": 0.505,
      "clob_up_ask": 0.42,
      "clob_down_ask": 0.62,
      "seconds_left": 257.64886569976807,
      "min_spread": 0.010000000000000009
    },
    {
      "ts": "2026-09-17T00:25:43.117230Z",
      "slug": "btc-updown-5m-1789604700",
      "status": "skip_price_below_threshold",
      "threshold": 0.7,
      "clob_up_ask": 0.42,
      "clob_down_ask": 0.62,
      "seconds_left": 257.64886569976807
    },
    {
      "ts": "2026-09-17T00:25:49.154541Z",
      "slug": "btc-updown-5m-1789604700",
      "status": "heartbeat",
      "gamma_up": 0.495,
      "gamma_down": 0.505,
      "clob_up_ask": 0.4,
      "clob_down_ask": 0.62,
      "seconds_left": 251.6008038520813,
      "min_spread": 0.010000000000000009
    },
    {
      "ts": "2026-09-17T00:25:49.154568Z",
      "slug": "btc-updown-5m-1789604700",
      "status": "skip_price_below_threshold",
      "threshold": 0.7,
      "clob_up_ask": 0.4,
      "clob_down_ask": 0.62,
      "seconds_left": 251.6008038520813
    },
    {
      "ts": "2026-09-17T00:25:55.229821Z",
      "slug": "btc-updown-5m-1789604700",
      "status": "heartbeat",
      "gamma_up": 0.495,
      "gamma_down": 0.505,
      "clob_up_ask": 0.38,
      "clob_down_ask": 0.61,
      "seconds_left": 245.544095993042,
      "min_spread": 0.010000000000000009
    },
    {
      "ts": "2026-09-17T00:25:55.229847Z",
      "slug": "btc-updown-5m-1789604700",
      "status": "skip_price_below_threshold",
      "threshold": 0.7,
      "clob_up_ask": 0.38,
      "clob_down_ask": 0.61,
      "seconds_left": 245.544095993042
    },
    {
      "ts": "2026-09-17T00:26:04.497576Z",
      "slug": "btc-updown-5m-1789604700",
      "status": "heartbeat",
      "gamma_up": 0.495,
      "gamma_down": 0.505,
      "clob_up_ask": 0.4,
      "clob_down_ask": 0.6,
      "seconds_left": 236.31243753433228,
      "min_spread": 0.010000000000000009
    },
    {
      "ts": "2026-09-17T00:26:04.497601Z",
      "slug": "btc-updown-5m-1789604700",
      "status": "skip_price_below_threshold",
      "threshold": 0.7,
      "clob_up_ask": 0.4,
      "clob_down_ask": 0.6,
      "seconds_left": 236.31243753433228
    },
    {
      "ts": "2026-09-17T00:26:10.689995Z",
      "slug": "btc-updown-5m-1789604700",
      "status": "heartbeat",
      "gamma_up": 0.495,
      "gamma_down": 0.505,
      "clob_up_ask": 0.41,
      "clob_down_ask": 0.8,
      "seconds_left": 230.1464385986328,
      "min_spread": 0.009999999999999953
    },
    {
      "ts": "2026-09-17T00:26:19.485611Z",
      "slug": "btc-updown-5m-1789604700",
      "status": "heartbeat",
      "gamma_up": 0.495,
      "gamma_down": 0.505,
      "clob_up_ask": 0.17,
      "clob_down_ask": 0.84,
      "seconds_left": 221.2913179397583,
      "min_spread": 0.010000000000000009
    },
    {
      "ts": "2026-09-17T00:26:28.318734Z",
      "slug": "btc-updown-5m-1789604700",
      "status": "heartbeat",
      "gamma_up": 0.495,
      "gamma_down": 0.505,
      "clob_up_ask": 0.18,
      "clob_down_ask": 0.83,
      "seconds_left": 212.5081081390381,
      "min_spread": 0.009999999999999981
    },
    {
      "ts": "2026-09-17T00:26:40.586167Z",
      "slug": "btc-updown-5m-1789604700",
      "status": "heartbeat",
      "gamma_up": 0.495,
      "gamma_down": 0.505,
      "clob_up_ask": 0.16,
      "clob_down_ask": 0.85,
      "seconds_left": 200.1836802959442,
      "min_spread": 0.010000000000000009
    },
    {
      "ts": "2026-09-17T00:26:49.600210Z",
      "slug": "btc-updown-5m-1789604700",
      "status": "heartbeat",
      "gamma_up": 0.495,
      "gamma_down": 0.505,
      "clob_up_ask": 0.12,
      "clob_down_ask": 0.89,
      "seconds_left": 191.1850016117096,
      "min_spread": 0.009999999999999995
    },
    {
      "ts": "2026-09-17T00:26:57.113717Z",
      "slug": "btc-updown-5m-1789604700",
      "status": "heartbeat",
      "gamma_up": 0.495,
      "gamma_down": 0.505,
      "clob_up_ask": 0.09,
      "clob_down_ask": 0.92,
      "seconds_left": 183.67687320709229,
      "min_spread": 0.009999999999999995
    },
    {
      "ts": "2026-09-17T00:27:06.119927Z",
      "slug": "btc-updown-5m-1789604700",
      "status": "heartbeat",
      "gamma_up": 0.495,
      "gamma_down": 0.505,
      "clob_up_ask": 0.11,
      "clob_down_ask": 0.91,
      "seconds_left": 174.65292286872864,
      "min_spread": 0.009999999999999995
    },
    {
      "ts": "2026-09-17T00:27:18.231762Z",
      "slug": "btc-updown-5m-1789604700",
      "status": "heartbeat",
      "gamma_up": 0.495,
      "gamma_down": 0.505,
      "clob_up_ask": 0.09,
      "clob_down_ask": 0.92,
      "seconds_left": 162.558846950531,
      "min_spread": 0.009999999999999995
    },
    {
      "ts": "2026-09-17T00:27:27.112204Z",
      "slug": "btc-updown-5m-1789604700",
      "status": "heartbeat",
      "gamma_up": 0.495,
      "gamma_down": 0.505,
      "clob_up_ask": 0.21,
      "clob_down_ask": 0.8,
      "seconds_left": 153.68245458602905,
      "min_spread": 0.009999999999999981
    },
    {
      "ts": "2026-09-17T00:27:35.979261Z",
      "slug": "btc-updown-5m-1789604700",
      "status": "heartbeat",
      "gamma_up": 0.145,
      "gamma_down": 0.855,
      "clob_up_ask": 0.19,
      "clob_down_ask": 0.82,
      "seconds_left": 144.80747866630554,
      "min_spread": 0.009999999999999898
    },
    {
      "ts": "2026-09-17T00:27:46.636139Z",
      "slug": "btc-updown-5m-1789604700",
      "status": "heartbeat",
      "gamma_up": 0.145,
      "gamma_down": 0.855,
      "clob_up_ask": 0.19,
      "clob_down_ask": 0.82,
      "seconds_left": 134.14515256881714,
      "min_spread": 0.009999999999999898
    },
    {
      "ts": "2026-09-17T00:27:54.020696Z",
      "slug": "btc-updown-5m-1789604700",
      "status": "heartbeat",
      "gamma_up": 0.145,
      "gamma_down": 0.855,
      "clob_up_ask": 0.09,
      "clob_down_ask": 0.92,
      "seconds_left": 126.7439033985138,
      "min_spread": 0.009999999999999995
    },
    {
      "ts": "2026-09-17T00:28:02.680981Z",
      "slug": "btc-updown-5m-1789604700",
      "status": "heartbeat",
      "gamma_up": 0.145,
      "gamma_down": 0.855,
      "clob_up_ask": 0.09,
      "clob_down_ask": 0.92,
      "seconds_left": 118.10950303077698,
      "min_spread": 0.009999999999999995
    },
    {
      "ts": "2026-09-17T00:28:11.614153Z",
      "slug": "btc-updown-5m-1789604700",
      "status": "heartbeat",
      "gamma_up": 0.145,
      "gamma_down": 0.855,
      "clob_up_ask": 0.05,
      "clob_down_ask": 0.96,
      "seconds_left": 109.22245621681213,
      "min_spread": 0.010000000000000002
    },
    {
      "ts": "2026-09-17T00:28:23.516360Z",
      "slug": "btc-updown-5m-1789604700",
      "status": "heartbeat",
      "gamma_up": 0.145,
      "gamma_down": 0.855,
      "clob_up_ask": 0.04,
      "clob_down_ask": 0.97,
      "seconds_left": 97.31233406066895,
      "min_spread": 0.010000000000000002
    },
    {
      "ts": "2026-09-17T00:28:32.348576Z",
      "slug": "btc-updown-5m-1789604700",
      "status": "heartbeat",
      "gamma_up": 0.145,
      "gamma_down": 0.855,
      "clob_up_ask": 0.02,
      "clob_down_ask": 0.99,
      "seconds_left": 88.46597719192505,
      "min_spread": 0.01
    },
    {
      "ts": "2026-09-17T00:28:39.853721Z",
      "slug": "btc-updown-5m-1789604700",
      "status": "heartbeat",
      "gamma_up": 0.145,
      "gamma_down": 0.855,
      "clob_up_ask": 0.01,
      "clob_down_ask": null,
      "seconds_left": 80.98312067985535,
      "min_spread": null
    },
    {
      "ts": "2026-09-17T00:28:39.853746Z",
      "slug": "btc-updown-5m-1789604700",
      "status": "skip_price_below_threshold",
      "threshold": 0.7,
      "clob_up_ask": 0.01,
      "clob_down_ask": null,
      "seconds_left": 80.98312067985535
    },
    {
      "ts": "2026-09-17T00:28:46.107647Z",
      "slug": "btc-updown-5m-1789604700",
      "status": "heartbeat",
      "gamma_up": 0.145,
      "gamma_down": 0.855,
      "clob_up_ask": 0.01,
      "clob_down_ask": null,
      "seconds_left": 74.78321814537048,
      "min_spread": null
    },
    {
      "ts": "2026-09-17T00:28:46.107672Z",
      "slug": "btc-updown-5m-1789604700",
      "status": "skip_price_below_threshold",
      "threshold": 0.7,
      "clob_up_ask": 0.01,
      "clob_down_ask": null,
      "seconds_left": 74.78321814537048
    },
    {
      "ts": "2026-09-17T00:28:52.211499Z",
      "slug": "btc-updown-5m-1789604700",
      "status": "heartbeat",
      "gamma_up": 0.145,
      "gamma_down": 0.855,
      "clob_up_ask": 0.01,
      "clob_down_ask": null,
      "seconds_left": 68.59034991264343,
      "min_spread": null
    },
    {
      "ts": "2026-09-17T00:28:52.211527Z",
      "slug": "btc-updown-5m-1789604700",
      "status": "skip_price_below_threshold",
      "threshold": 0.7,
      "clob_up_ask": 0.01,
      "clob_down_ask": null,
      "seconds_left": 68.59034991264343
    },
    {
      "ts": "2026-09-17T00:29:00.736667Z",
      "slug": "btc-updown-5m-1789604700",
      "status": "skip_too_late_to_enter",
      "seconds_left": 59.26333570480347,
      "min_entry_seconds_left": 60
    },
    {
      "ts": "2026-09-17T00:29:06.072101Z",
      "slug": "btc-updown-5m-1789604700",
      "status": "skip_too_late_to_enter",
      "seconds_left": 53.92790389060974,
      "min_entry_seconds_left": 60
    },
    {
      "ts": "2026-09-17T00:29:11.369568Z",
      "slug": "btc-updown-5m-1789604700",
      "status": "skip_too_late_to_enter",
      "seconds_left": 48.63043665885925,
      "min_entry_seconds_left": 60
    },
    {
      "ts": "2026-09-17T00:29:16.707999Z",
      "slug": "btc-updown-5m-1789604700",
      "status": "skip_too_late_to_enter",
      "seconds_left": 43.292006492614746,
      "min_entry_seconds_left": 60
    },
    {
      "ts": "2026-09-17T00:29:22.179611Z",
      "slug": "btc-updown-5m-1789604700",
      "status": "skip_too_late_to_enter",
      "seconds_left": 37.82039451599121,
      "min_entry_seconds_left": 60
    },
    {
      "ts": "2026-09-17T00:29:27.645341Z",
      "slug": "btc-updown-5m-1789604700",
      "status": "skip_too_late_to_enter",
      "seconds_left": 32.354663372039795,
      "min_entry_seconds_left": 60
    },
    {
      "ts": "2026-09-17T00:29:36.249495Z",
      "slug": "btc-updown-5m-1789604700",
      "status": "skip_too_late_to_enter",
      "seconds_left": 23.7505099773407,
      "min_entry_seconds_left": 60
    },
    {
      "ts": "2026-09-17T00:29:41.704790Z",
      "slug": "btc-updown-5m-1789604700",
      "status": "skip_too_late_to_enter",
      "seconds_left": 18.295215129852295,
      "min_entry_seconds_left": 60
    },
    {
      "ts": "2026-09-17T00:29:47.184637Z",
      "slug": "btc-updown-5m-1789604700",
      "status": "skip_too_late_to_enter",
      "seconds_left": 12.815368175506592,
      "min_entry_seconds_left": 60
    },
    {
      "ts": "2026-09-17T00:29:52.514208Z",
      "slug": "btc-updown-5m-1789604700",
      "status": "skip_too_late_to_enter",
      "seconds_left": 7.485796689987183,
      "min_entry_seconds_left": 60
    },
    {
      "ts": "2026-09-17T00:29:57.985289Z",
      "status": "heartbeat_no_current_market"
    },
    {
      "ts": "2026-09-17T00:30:04.358268Z",
      "slug": "btc-updown-5m-1789605000",
      "status": "heartbeat",
      "gamma_up": 0.475,
      "gamma_down": 0.525,
      "clob_up_ask": 0.37,
      "clob_down_ask": 0.64,
      "seconds_left": 296.5690040588379,
      "min_spread": 0.010000000000000009
    },
    {
      "ts": "2026-09-17T00:30:04.358291Z",
      "slug": "btc-updown-5m-1789605000",
      "status": "skip_price_below_threshold",
      "threshold": 0.7,
      "clob_up_ask": 0.37,
      "clob_down_ask": 0.64,
      "seconds_left": 296.5690040588379
    },
    {
      "ts": "2026-09-17T00:30:13.998800Z",
      "slug": "btc-updown-5m-1789605000",
      "status": "heartbeat",
      "gamma_up": 0.475,
      "gamma_down": 0.525,
      "clob_up_ask": 0.39,
      "clob_down_ask": 0.62,
      "seconds_left": 287.03462743759155,
      "min_spread": 0.010000000000000009
    },
    {
      "ts": "2026-09-17T00:30:13.998822Z",
      "slug": "btc-updown-5m-1789605000",
      "status": "skip_price_below_threshold",
      "threshold": 0.7,
      "clob_up_ask": 0.39,
      "clob_down_ask": 0.62,
      "seconds_left": 287.03462743759155
    },
    {
      "ts": "2026-09-17T00:30:20.400174Z",
      "slug": "btc-updown-5m-1789605000",
      "status": "heartbeat",
      "gamma_up": 0.475,
      "gamma_down": 0.525,
      "clob_up_ask": 0.32,
      "clob_down_ask": 0.69,
      "seconds_left": 280.5716300010681,
      "min_spread": 0.009999999999999898
    },
    {
      "ts": "2026-09-17T00:30:20.400197Z",
      "slug": "btc-updown-5m-1789605000",
      "status": "skip_price_below_threshold",
      "threshold": 0.7,
      "clob_up_ask": 0.32,
      "clob_down_ask": 0.69,
      "seconds_left": 280.5716300010681
    },
    {
      "ts": "2026-09-17T00:30:26.820731Z",
      "slug": "btc-updown-5m-1789605000",
      "status": "heartbeat",
      "gamma_up": 0.475,
      "gamma_down": 0.525,
      "clob_up_ask": 0.32,
      "clob_down_ask": 0.69,
      "seconds_left": 274.1802091598511,
      "min_spread": 0.009999999999999898
    },
    {
      "ts": "2026-09-17T00:30:26.820750Z",
      "slug": "btc-updown-5m-1789605000",
      "status": "skip_price_below_threshold",
      "threshold": 0.7,
      "clob_up_ask": 0.32,
      "clob_down_ask": 0.69,
      "seconds_left": 274.1802091598511
    },
    {
      "ts": "2026-09-17T00:30:33.185362Z",
      "slug": "btc-updown-5m-1789605000",
      "status": "heartbeat",
      "gamma_up": 0.475,
      "gamma_down": 0.525,
      "clob_up_ask": 0.31,
      "clob_down_ask": 0.7,
      "seconds_left": 267.73365449905396,
      "min_spread": 0.010000000000000009
    },
    {
      "ts": "2026-09-17T00:31:01.035073Z",
      "slug": "btc-updown-5m-1789605000",
      "status": "heartbeat",
      "gamma_up": 0.475,
      "gamma_down": 0.525,
      "clob_up_ask": 0.38,
      "clob_down_ask": 0.61,
      "seconds_left": 239.9373037815094,
      "min_spread": 0.010000000000000009
    },
    {
      "ts": "2026-09-17T00:31:01.035101Z",
      "slug": "btc-updown-5m-1789605000",
      "status": "skip_price_below_threshold",
      "threshold": 0.7,
      "clob_up_ask": 0.38,
      "clob_down_ask": 0.61,
      "seconds_left": 239.9373037815094
    },
    {
      "ts": "2026-09-17T00:31:07.482693Z",
      "slug": "btc-updown-5m-1789605000",
      "status": "heartbeat",
      "gamma_up": 0.475,
      "gamma_down": 0.525,
      "clob_up_ask": 0.42,
      "clob_down_ask": 0.59,
      "seconds_left": 233.52215480804443,
      "min_spread": 0.010000000000000009
    },
    {
      "ts": "2026-09-17T00:31:07.482716Z",
      "slug": "btc-updown-5m-1789605000",
      "status": "skip_price_below_threshold",
      "threshold": 0.7,
      "clob_up_ask": 0.42,
      "clob_down_ask": 0.59,
      "seconds_left": 233.52215480804443
    },
    {
      "ts": "2026-09-17T00:31:14.184189Z",
      "slug": "btc-updown-5m-1789605000",
      "status": "heartbeat",
      "gamma_up": 0.475,
      "gamma_down": 0.525,
      "clob_up_ask": 0.46,
      "clob_down_ask": 0.55,
      "seconds_left": 226.83939671516418,
      "min_spread": 0.010000000000000009
    },
    {
      "ts": "2026-09-17T00:31:14.184210Z",
      "slug": "btc-updown-5m-1789605000",
      "status": "skip_price_below_threshold",
      "threshold": 0.7,
      "clob_up_ask": 0.46,
      "clob_down_ask": 0.55,
      "seconds_left": 226.83939671516418
    },
    {
      "ts": "2026-09-17T00:31:23.898181Z",
      "slug": "btc-updown-5m-1789605000",
      "status": "heartbeat",
      "gamma_up": 0.475,
      "gamma_down": 0.525,
      "clob_up_ask": 0.52,
      "clob_down_ask": 0.49,
      "seconds_left": 217.14766883850098,
      "min_spread": 0.010000000000000009
    },
    {
      "ts": "2026-09-17T00:31:23.898210Z",
      "slug": "btc-updown-5m-1789605000",
      "status": "skip_price_below_threshold",
      "threshold": 0.7,
      "clob_up_ask": 0.52,
      "clob_down_ask": 0.49,
      "seconds_left": 217.14766883850098
    },
    {
      "ts": "2026-09-17T00:31:30.190349Z",
      "slug": "btc-updown-5m-1789605000",
      "status": "heartbeat",
      "gamma_up": 0.475,
      "gamma_down": 0.525,
      "clob_up_ask": 0.58,
      "clob_down_ask": 0.44,
      "seconds_left": 210.7203483581543,
      "min_spread": 0.010000000000000009
    },
    {
      "ts": "2026-09-17T00:31:30.190390Z",
      "slug": "btc-updown-5m-1789605000",
      "status": "skip_price_below_threshold",
      "threshold": 0.7,
      "clob_up_ask": 0.58,
      "clob_down_ask": 0.44,
      "seconds_left": 210.7203483581543
    },
    {
      "ts": "2026-09-17T00:31:36.861536Z",
      "slug": "btc-updown-5m-1789605000",
      "status": "heartbeat",
      "gamma_up": 0.475,
      "gamma_down": 0.525,
      "clob_up_ask": 0.6,
      "clob_down_ask": 0.41,
      "seconds_left": 204.20379948616028,
      "min_spread": 0.009999999999999953
    },
    {
      "ts": "2026-09-17T00:31:36.861561Z",
      "slug": "btc-updown-5m-1789605000",
      "status": "skip_price_below_threshold",
      "threshold": 0.7,
      "clob_up_ask": 0.6,
      "clob_down_ask": 0.41,
      "seconds_left": 204.20379948616028
    },
    {
      "ts": "2026-09-17T00:31:43.657852Z",
      "slug": "btc-updown-5m-1789605000",
      "status": "heartbeat",
      "gamma_up": 0.475,
      "gamma_down": 0.525,
      "clob_up_ask": 0.82,
      "clob_down_ask": 0.19,
      "seconds_left": 197.350891828537,
      "min_spread": 0.009999999999999898
    },
    {
      "ts": "2026-09-17T00:31:51.917770Z",
      "slug": "btc-updown-5m-1789605000",
      "status": "heartbeat",
      "gamma_up": 0.475,
      "gamma_down": 0.525,
      "clob_up_ask": 0.84,
      "clob_down_ask": 0.17,
      "seconds_left": 189.16434621810913,
      "min_spread": 0.010000000000000009
    },
    {
      "ts": "2026-09-17T00:32:04.489721Z",
      "slug": "btc-updown-5m-1789605000",
      "status": "heartbeat",
      "gamma_up": 0.475,
      "gamma_down": 0.525,
      "clob_up_ask": 0.76,
      "clob_down_ask": 0.26,
      "seconds_left": 176.39368176460266,
      "min_spread": 0.010000000000000009
    },
    {
      "ts": "2026-09-17T00:32:13.623470Z",
      "slug": "btc-updown-5m-1789605000",
      "status": "heartbeat",
      "gamma_up": 0.475,
      "gamma_down": 0.525,
      "clob_up_ask": 0.74,
      "clob_down_ask": 0.27,
      "seconds_left": 167.1771101951599,
      "min_spread": 0.010000000000000009
    },
    {
      "ts": "2026-09-17T00:32:22.366519Z",
      "slug": "btc-updown-5m-1789605000",
      "status": "heartbeat",
      "gamma_up": 0.475,
      "gamma_down": 0.525,
      "clob_up_ask": 0.58,
      "clob_down_ask": 0.43,
      "seconds_left": 158.42545986175537,
      "min_spread": 0.010000000000000009
    },
    {
      "ts": "2026-09-17T00:32:22.366543Z",
      "slug": "btc-updown-5m-1789605000",
      "status": "skip_price_below_threshold",
      "threshold": 0.7,
      "clob_up_ask": 0.58,
      "clob_down_ask": 0.43,
      "seconds_left": 158.42545986175537
    },
    {
      "ts": "2026-09-17T00:32:31.839044Z",
      "slug": "btc-updown-5m-1789605000",
      "status": "heartbeat",
      "gamma_up": 0.475,
      "gamma_down": 0.525,
      "clob_up_ask": 0.62,
      "clob_down_ask": 0.39,
      "seconds_left": 152.32574892044067,
      "min_spread": 0.010000000000000009
    },
    {
      "ts": "2026-09-17T00:32:31.839072Z",
      "slug": "btc-updown-5m-1789605000",
      "status": "skip_price_below_threshold",
      "threshold": 0.7,
      "clob_up_ask": 0.62,
      "clob_down_ask": 0.39,
      "seconds_left": 152.32574892044067
    },
    {
      "ts": "2026-09-17T00:32:37.928288Z",
      "slug": "btc-updown-5m-1789605000",
      "status": "heartbeat",
      "gamma_up": 0.615,
      "gamma_down": 0.385,
      "clob_up_ask": 0.75,
      "clob_down_ask": 0.27,
      "seconds_left": 142.87112951278687,
      "min_spread": 0.010000000000000009
    },
    {
      "ts": "2026-09-17T00:32:47.052602Z",
      "slug": "btc-updown-5m-1789605000",
      "status": "heartbeat",
      "gamma_up": 0.615,
      "gamma_down": 0.385,
      "clob_up_ask": 0.8,
      "clob_down_ask": 0.2,
      "seconds_left": 133.92535424232483,
      "min_spread": 0.010000000000000009
    },
    {
      "ts": "2026-09-17T00:32:55.922220Z",
      "slug": "btc-updown-5m-1789605000",
      "status": "heartbeat",
      "gamma_up": 0.615,
      "gamma_down": 0.385,
      "clob_up_ask": 0.77,
      "clob_down_ask": 0.23,
      "seconds_left": 124.86119985580444,
      "min_spread": 0.010000000000000009
    },
    {
      "ts": "2026-09-17T00:33:07.991744Z",
      "slug": "btc-updown-5m-1789605000",
      "status": "heartbeat",
      "gamma_up": 0.615,
      "gamma_down": 0.385,
      "clob_up_ask": 0.71,
      "clob_down_ask": 0.3,
      "seconds_left": 112.81835341453552,
      "min_spread": 0.010000000000000009
    },
    {
      "ts": "2026-09-17T00:33:16.841730Z",
      "slug": "btc-updown-5m-1789605000",
      "status": "heartbeat",
      "gamma_up": 0.615,
      "gamma_down": 0.385,
      "clob_up_ask": 0.59,
      "clob_down_ask": 0.4,
      "seconds_left": 103.9675760269165,
      "min_spread": 0.010000000000000009
    },
    {
      "ts": "2026-09-17T00:33:16.841760Z",
      "slug": "btc-updown-5m-1789605000",
      "status": "skip_price_below_threshold",
      "threshold": 0.7,
      "clob_up_ask": 0.59,
      "clob_down_ask": 0.4,
      "seconds_left": 103.9675760269165
    },
    {
      "ts": "2026-09-17T00:33:22.979741Z",
      "slug": "btc-updown-5m-1789605000",
      "status": "heartbeat",
      "gamma_up": 0.615,
      "gamma_down": 0.385,
      "clob_up_ask": 0.73,
      "clob_down_ask": 0.28,
      "seconds_left": 97.8292715549469,
      "min_spread": 0.010000000000000009
    },
    {
      "ts": "2026-09-17T00:33:31.749344Z",
      "slug": "btc-updown-5m-1789605000",
      "status": "heartbeat",
      "gamma_up": 0.615,
      "gamma_down": 0.385,
      "clob_up_ask": 0.89,
      "clob_down_ask": 0.12,
      "seconds_left": 89.03068566322327,
      "min_spread": 0.009999999999999995
    },
    {
      "ts": "2026-09-17T00:33:43.671781Z",
      "slug": "btc-updown-5m-1789605000",
      "status": "heartbeat",
      "gamma_up": 0.615,
      "gamma_down": 0.385,
      "clob_up_ask": 0.96,
      "clob_down_ask": 0.05,
      "seconds_left": 77.08835864067078,
      "min_spread": 0.010000000000000002
    },
    {
      "ts": "2026-09-17T00:33:51.101481Z",
      "slug": "btc-updown-5m-1789605000",
      "status": "heartbeat",
      "gamma_up": 0.615,
      "gamma_down": 0.385,
      "clob_up_ask": 0.97,
      "clob_down_ask": 0.04,
      "seconds_left": 69.6904399394989,
      "min_spread": 0.010000000000000002
    },
    {
      "ts": "2026-09-17T00:33:59.990980Z",
      "slug": "btc-updown-5m-1789605000",
      "status": "heartbeat",
      "gamma_up": 0.615,
      "gamma_down": 0.385,
      "clob_up_ask": 0.99,
      "clob_down_ask": 0.02,
      "seconds_left": 60.80202341079712,
      "min_spread": 0.01
    },
    {
      "ts": "2026-09-17T00:34:06.619111Z",
      "slug": "btc-updown-5m-1789605000",
      "status": "skip_too_late_to_enter",
      "seconds_left": 53.380892276763916,
      "min_entry_seconds_left": 60
    },
    {
      "ts": "2026-09-17T00:34:11.919890Z",
      "slug": "btc-updown-5m-1789605000",
      "status": "skip_too_late_to_enter",
      "seconds_left": 48.080116510391235,
      "min_entry_seconds_left": 60
    },
    {
      "ts": "2026-09-17T00:34:20.472022Z",
      "slug": "btc-updown-5m-1789605000",
      "status": "skip_too_late_to_enter",
      "seconds_left": 39.52798366546631,
      "min_entry_seconds_left": 60
    },
    {
      "ts": "2026-09-17T00:34:25.781506Z",
      "slug": "btc-updown-5m-1789605000",
      "status": "skip_too_late_to_enter",
      "seconds_left": 34.21849822998047,
      "min_entry_seconds_left": 60
    },
    {
      "ts": "2026-09-17T00:34:31.127887Z",
      "slug": "btc-updown-5m-1789605000",
      "status": "skip_too_late_to_enter",
      "seconds_left": 28.872118711471558,
      "min_entry_seconds_left": 60
    },
    {
      "ts": "2026-09-17T00:34:36.444710Z",
      "slug": "btc-updown-5m-1789605000",
      "status": "skip_too_late_to_enter",
      "seconds_left": 23.55529475212097,
      "min_entry_seconds_left": 60
    },
    {
      "ts": "2026-09-17T00:34:41.744131Z",
      "slug": "btc-updown-5m-1789605000",
      "status": "skip_too_late_to_enter",
      "seconds_left": 18.2558753490448,
      "min_entry_seconds_left": 60
    },
    {
      "ts": "2026-09-17T00:34:47.074225Z",
      "slug": "btc-updown-5m-1789605000",
      "status": "skip_too_late_to_enter",
      "seconds_left": 12.925780534744263,
      "min_entry_seconds_left": 60
    },
    {
      "ts": "2026-09-17T00:34:55.569439Z",
      "status": "heartbeat_no_current_market"
    },
    {
      "ts": "2026-09-17T00:35:01.719142Z",
      "slug": "btc-updown-5m-1789605300",
      "status": "heartbeat",
      "gamma_up": 0.495,
      "gamma_down": 0.505,
      "clob_up_ask": 0.35,
      "clob_down_ask": 0.64,
      "seconds_left": 299.11003160476685,
      "min_spread": 0.009999999999999953
    },
    {
      "ts": "2026-09-17T00:35:01.719167Z",
      "slug": "btc-updown-5m-1789605300",
      "status": "skip_price_below_threshold",
      "threshold": 0.7,
      "clob_up_ask": 0.35,
      "clob_down_ask": 0.64,
      "seconds_left": 299.11003160476685
    },
    {
      "ts": "2026-09-17T00:35:17.107699Z",
      "slug": "btc-updown-5m-1789605300",
      "status": "skip_clob_unavailable",
      "error": "PolyApiException[status_code=None, error_message=Request exception!]"
    }
  ],
  "last_open_try": "{\"mode\": \"open\", \"execute\": true, \"market_slug\": \"btc-updown-5m-1789605000\", \"force_side\": \"UP\", \"token_id\": \"54515816200692634479699878832304845302155427222761836198381796347085545134549\", \"entry_price\": 0.615, \"notional_usd\": 5.0, \"top_ask_notional_usd\": 0.0, \"skipped\": \"thin_top_ask\", \"order_post_result\": {\"success\": false, \"status\": \"skipped\", \"errorMsg\": \"thin_top_ask\"}}\n\n",
  "finished_at": "2026-09-17T00:35:22.107866Z",
  "result": "no_entry_timeout"
}
[2026-09-17T00:35:22Z] session_end rc=0 trades=3 stake_usd=5
journal_ok trades=143 md=/home/yukeen/polymarketbot/5min-btc-polymarket/data/live_trades.md json=/home/yukeen/polymarketbot/5min-btc-polymarket/data/live_trades.json
[py_clob_client_v2] request error status=400 url=https://clob.polymarket.com/auth/api-key body={"error":"Could not create api key"}

[2026-09-17T00:36:52Z] cash=0.795846
{"martingale": true, "next_stake": 10.0, "loss_streak": 1, "last_outcome": "loss", "last_opened_at": "2026-09-16T23:46:37.224973Z", "applied": 0}
[2026-09-17T00:37:00Z] martingale_clamp cash=0.795846 stake=5
[2026-09-17T00:37:00Z] session_begin trades=3 stake_usd=5
{
  "started_at": "2026-09-17T00:37:01.353433Z",
  "params": {
    "profile": "conservative",
    "threshold": 0.7,
    "stake_usd": 5.0,
    "stop_loss_pct": 0.9,
    "exit_before_sec": 20,
    "min_entry_seconds_left": 60,
    "entry_timeout_min": 12,
    "poll_sec": 5.0,
    "close_retry_max": 30,
    "close_retry_delay_sec": 2.0,
    "execute": true
  },
  "attempts": [
    {
      "ts": "2026-09-17T00:37:02.458682Z",
      "slug": "btc-updown-5m-1789605300",
      "status": "heartbeat",
      "gamma_up": 0.685,
      "gamma_down": 0.315,
      "clob_up_ask": 0.21,
      "clob_down_ask": 0.77,
      "seconds_left": 178.34179282188416,
      "min_spread": 0.009999999999999981
    },
    {
      "ts": "2026-09-17T00:37:11.281451Z",
      "slug": "btc-updown-5m-1789605300",
      "status": "heartbeat",
      "gamma_up": 0.685,
      "gamma_down": 0.315,
      "clob_up_ask": 0.17,
      "clob_down_ask": 0.85,
      "seconds_left": 169.50731658935547,
      "min_spread": 0.010000000000000009
    },
    {
      "ts": "2026-09-17T00:37:23.179855Z",
      "slug": "btc-updown-5m-1789605300",
      "status": "heartbeat",
      "gamma_up": 0.685,
      "gamma_down": 0.315,
      "clob_up_ask": 0.09,
      "clob_down_ask": 0.92,
      "seconds_left": 157.6203863620758,
      "min_spread": 0.009999999999999995
    },
    {
      "ts": "2026-09-17T00:37:32.094205Z",
      "slug": "btc-updown-5m-1789605300",
      "status": "heartbeat",
      "gamma_up": 0.685,
      "gamma_down": 0.315,
      "clob_up_ask": 0.08,
      "clob_down_ask": 0.93,
      "seconds_left": 148.8162031173706,
      "min_spread": 0.009999999999999995
    },
    {
      "ts": "2026-09-17T00:37:41.027582Z",
      "slug": "btc-updown-5m-1789605300",
      "status": "heartbeat",
      "gamma_up": 0.685,
      "gamma_down": 0.315,
      "clob_up_ask": 0.06,
      "clob_down_ask": 0.96,
      "seconds_left": 139.77354669570923,
      "min_spread": 0.009999999999999995
    },
    {
      "ts": "2026-09-17T00:37:53.082288Z",
      "slug": "btc-updown-5m-1789605300",
      "status": "heartbeat",
      "gamma_up": 0.685,
      "gamma_down": 0.315,
      "clob_up_ask": 0.12,
      "clob_down_ask": 0.88,
      "seconds_left": 130.90887475013733,
      "min_spread": 0.009999999999999995
    },
    {
      "ts": "2026-09-17T00:38:01.862868Z",
      "slug": "btc-updown-5m-1789605300",
      "status": "heartbeat",
      "gamma_up": 0.685,
      "gamma_down": 0.315,
      "clob_up_ask": 0.13,
      "clob_down_ask": 0.88,
      "seconds_left": 118.9303035736084,
      "min_spread": 0.010000000000000009
    },
    {
      "ts": "2026-09-17T00:38:10.684602Z",
      "slug": "btc-updown-5m-1789605300",
      "status": "heartbeat",
      "gamma_up": 0.685,
      "gamma_down": 0.315,
      "clob_up_ask": 0.3,
      "clob_down_ask": 0.71,
      "seconds_left": 110.14205956459045,
      "min_spread": 0.010000000000000009
    },
    {
      "ts": "2026-09-17T00:38:19.699115Z",
      "slug": "btc-updown-5m-1789605300",
      "status": "heartbeat",
      "gamma_up": 0.685,
      "gamma_down": 0.315,
      "clob_up_ask": 0.53,
      "clob_down_ask": 0.48,
      "seconds_left": 101.21272206306458,
      "min_spread": 0.010000000000000009
    },
    {
      "ts": "2026-09-17T00:38:19.699148Z",
      "slug": "btc-updown-5m-1789605300",
      "status": "skip_price_below_threshold",
      "threshold": 0.7,
      "clob_up_ask": 0.53,
      "clob_down_ask": 0.48,
      "seconds_left": 101.21272206306458
    },
    {
      "ts": "2026-09-17T00:38:28.949331Z",
      "slug": "btc-updown-5m-1789605300",
      "status": "heartbeat",
      "gamma_up": 0.685,
      "gamma_down": 0.315,
      "clob_up_ask": 0.56,
      "clob_down_ask": 0.44,
      "seconds_left": 94.98808360099792,
      "min_spread": 0.010000000000000009
    },
    {
      "ts": "2026-09-17T00:38:28.949361Z",
      "slug": "btc-updown-5m-1789605300",
      "status": "skip_price_below_threshold",
      "threshold": 0.7,
      "clob_up_ask": 0.56,
      "clob_down_ask": 0.44,
      "seconds_left": 94.98808360099792
    },
    {
      "ts": "2026-09-17T00:38:35.010709Z",
      "slug": "btc-updown-5m-1789605300",
      "status": "heartbeat",
      "gamma_up": 0.685,
      "gamma_down": 0.315,
      "clob_up_ask": 0.54,
      "clob_down_ask": 0.47,
      "seconds_left": 85.77055716514587,
      "min_spread": 0.009999999999999953
    },
    {
      "ts": "2026-09-17T00:38:35.010728Z",
      "slug": "btc-updown-5m-1789605300",
      "status": "skip_price_below_threshold",
      "threshold": 0.7,
      "clob_up_ask": 0.54,
      "clob_down_ask": 0.47,
      "seconds_left": 85.77055716514587
    },
    {
      "ts": "2026-09-17T00:38:41.476112Z",
      "slug": "btc-updown-5m-1789605300",
      "status": "heartbeat",
      "gamma_up": 0.685,
      "gamma_down": 0.315,
      "clob_up_ask": 0.66,
      "clob_down_ask": 0.32,
      "seconds_left": 79.63450312614441,
      "min_spread": 0.010000000000000009
    },
    {
      "ts": "2026-09-17T00:38:41.476133Z",
      "slug": "btc-updown-5m-1789605300",
      "status": "skip_price_below_threshold",
      "threshold": 0.7,
      "clob_up_ask": 0.66,
      "clob_down_ask": 0.32,
      "seconds_left": 79.63450312614441
    },
    {
      "ts": "2026-09-17T00:38:47.568306Z",
      "slug": "btc-updown-5m-1789605300",
      "status": "heartbeat",
      "gamma_up": 0.685,
      "gamma_down": 0.315,
      "clob_up_ask": 0.75,
      "clob_down_ask": 0.26,
      "seconds_left": 73.24955201148987,
      "min_spread": 0.010000000000000009
    },
    {
      "ts": "2026-09-17T00:38:56.438262Z",
      "slug": "btc-updown-5m-1789605300",
      "status": "heartbeat",
      "gamma_up": 0.685,
      "gamma_down": 0.315,
      "clob_up_ask": 0.59,
      "clob_down_ask": 0.41,
      "seconds_left": 64.34602546691895,
      "min_spread": 0.009999999999999953
    },
    {
      "ts": "2026-09-17T00:38:56.438290Z",
      "slug": "btc-updown-5m-1789605300",
      "status": "skip_price_below_threshold",
      "threshold": 0.7,
      "clob_up_ask": 0.59,
      "clob_down_ask": 0.41,
      "seconds_left": 64.34602546691895
    },
    {
      "ts": "2026-09-17T00:39:04.938681Z",
      "slug": "btc-updown-5m-1789605300",
      "status": "skip_too_late_to_enter",
      "seconds_left": 55.06132435798645,
      "min_entry_seconds_left": 60
    },
    {
      "ts": "2026-09-17T00:39:10.279766Z",
      "slug": "btc-updown-5m-1789605300",
      "status": "skip_too_late_to_enter",
      "seconds_left": 49.72023963928223,
      "min_entry_seconds_left": 60
    },
    {
      "ts": "2026-09-17T00:39:15.582641Z",
      "slug": "btc-updown-5m-1789605300",
      "status": "skip_too_late_to_enter",
      "seconds_left": 44.417364835739136,
      "min_entry_seconds_left": 60
    },
    {
      "ts": "2026-09-17T00:39:20.886861Z",
      "slug": "btc-updown-5m-1789605300",
      "status": "skip_too_late_to_enter",
      "seconds_left": 39.113144636154175,
      "min_entry_seconds_left": 60
    },
    {
      "ts": "2026-09-17T00:39:44.408322Z",
      "slug": "btc-updown-5m-1789605300",
      "status": "skip_too_late_to_enter",
      "seconds_left": 15.591760635375977,
      "min_entry_seconds_left": 60
    },
    {
      "ts": "2026-09-17T00:39:49.770399Z",
      "slug": "btc-updown-5m-1789605300",
      "status": "skip_too_late_to_enter",
      "seconds_left": 10.22960638999939,
      "min_entry_seconds_left": 60
    },
    {
      "ts": "2026-09-17T00:39:55.051786Z",
      "status": "heartbeat_no_current_market"
    },
    {
      "ts": "2026-09-17T00:40:01.215932Z",
      "slug": "btc-updown-5m-1789605600",
      "status": "heartbeat",
      "gamma_up": 0.505,
      "gamma_down": 0.495,
      "clob_up_ask": 0.45,
      "clob_down_ask": 0.58,
      "seconds_left": 299.5774154663086,
      "min_spread": 0.010000000000000009
    },
    {
      "ts": "2026-09-17T00:40:01.215959Z",
      "slug": "btc-updown-5m-1789605600",
      "status": "skip_price_below_threshold",
      "threshold": 0.7,
      "clob_up_ask": 0.45,
      "clob_down_ask": 0.58,
      "seconds_left": 299.5774154663086
    },
    {
      "ts": "2026-09-17T00:40:07.317025Z",
      "slug": "btc-updown-5m-1789605600",
      "status": "heartbeat",
      "gamma_up": 0.505,
      "gamma_down": 0.495,
      "clob_up_ask": 0.47,
      "clob_down_ask": 0.56,
      "seconds_left": 293.48288106918335,
      "min_spread": 0.009999999999999953
    },
    {
      "ts": "2026-09-17T00:40:07.317052Z",
      "slug": "btc-updown-5m-1789605600",
      "status": "skip_price_below_threshold",
      "threshold": 0.7,
      "clob_up_ask": 0.47,
      "clob_down_ask": 0.56,
      "seconds_left": 293.48288106918335
    },
    {
      "ts": "2026-09-17T00:40:16.564142Z",
      "slug": "btc-updown-5m-1789605600",
      "status": "heartbeat",
      "gamma_up": 0.505,
      "gamma_down": 0.495,
      "clob_up_ask": 0.46,
      "clob_down_ask": 0.53,
      "seconds_left": 284.1921536922455,
      "min_spread": 0.010000000000000009
    },
    {
      "ts": "2026-09-17T00:40:16.564162Z",
      "slug": "btc-updown-5m-1789605600",
      "status": "skip_price_below_threshold",
      "threshold": 0.7,
      "clob_up_ask": 0.46,
      "clob_down_ask": 0.53,
      "seconds_left": 284.1921536922455
    },
    {
      "ts": "2026-09-17T00:40:22.685925Z",
      "slug": "btc-updown-5m-1789605600",
      "status": "heartbeat",
      "gamma_up": 0.505,
      "gamma_down": 0.495,
      "clob_up_ask": 0.39,
      "clob_down_ask": 0.62,
      "seconds_left": 278.1159477233887,
      "min_spread": 0.010000000000000009
    },
    {
      "ts": "2026-09-17T00:40:22.685949Z",
      "slug": "btc-updown-5m-1789605600",
      "status": "skip_price_below_threshold",
      "threshold": 0.7,
      "clob_up_ask": 0.39,
      "clob_down_ask": 0.62,
      "seconds_left": 278.1159477233887
    },
    {
      "ts": "2026-09-17T00:40:28.767199Z",
      "slug": "btc-updown-5m-1789605600",
      "status": "heartbeat",
      "gamma_up": 0.505,
      "gamma_down": 0.495,
      "clob_up_ask": 0.41,
      "clob_down_ask": 0.6,
      "seconds_left": 272.00827717781067,
      "min_spread": 0.009999999999999953
    },
    {
      "ts": "2026-09-17T00:40:28.767224Z",
      "slug": "btc-updown-5m-1789605600",
      "status": "skip_price_below_threshold",
      "threshold": 0.7,
      "clob_up_ask": 0.41,
      "clob_down_ask": 0.6,
      "seconds_left": 272.00827717781067
    },
    {
      "ts": "2026-09-17T00:40:34.867774Z",
      "slug": "btc-updown-5m-1789605600",
      "status": "heartbeat",
      "gamma_up": 0.505,
      "gamma_down": 0.495,
      "clob_up_ask": 0.43,
      "clob_down_ask": 0.58,
      "seconds_left": 265.89252066612244,
      "min_spread": 0.010000000000000009
    },
    {
      "ts": "2026-09-17T00:40:34.867796Z",
      "slug": "btc-updown-5m-1789605600",
      "status": "skip_price_below_threshold",
      "threshold": 0.7,
      "clob_up_ask": 0.43,
      "clob_down_ask": 0.58,
      "seconds_left": 265.89252066612244
    },
    {
      "ts": "2026-09-17T00:40:41.032331Z",
      "slug": "btc-updown-5m-1789605600",
      "status": "heartbeat",
      "gamma_up": 0.505,
      "gamma_down": 0.495,
      "clob_up_ask": 0.37,
      "clob_down_ask": 0.61,
      "seconds_left": 259.7651982307434,
      "min_spread": 0.010000000000000009
    },
    {
      "ts": "2026-09-17T00:40:41.032356Z",
      "slug": "btc-updown-5m-1789605600",
      "status": "skip_price_below_threshold",
      "threshold": 0.7,
      "clob_up_ask": 0.37,
      "clob_down_ask": 0.61,
      "seconds_left": 259.7651982307434
    },
    {
      "ts": "2026-09-17T00:40:47.297642Z",
      "slug": "btc-updown-5m-1789605600",
      "status": "heartbeat",
      "gamma_up": 0.505,
      "gamma_down": 0.495,
      "clob_up_ask": 0.5,
      "clob_down_ask": 0.53,
      "seconds_left": 253.5040204524994,
      "min_spread": 0.010000000000000009
    },
    {
      "ts": "2026-09-17T00:40:47.297664Z",
      "slug": "btc-updown-5m-1789605600",
      "status": "skip_price_below_threshold",
      "threshold": 0.7,
      "clob_up_ask": 0.5,
      "clob_down_ask": 0.53,
      "seconds_left": 253.5040204524994
    },
    {
      "ts": "2026-09-17T00:40:56.569417Z",
      "slug": "btc-updown-5m-1789605600",
      "status": "heartbeat",
      "gamma_up": 0.505,
      "gamma_down": 0.495,
      "clob_up_ask": 0.45,
      "clob_down_ask": 0.52,
      "seconds_left": 244.20423197746277,
      "min_spread": 0.010000000000000009
    },
    {
      "ts": "2026-09-17T00:40:56.569448Z",
      "slug": "btc-updown-5m-1789605600",
      "status": "skip_price_below_threshold",
      "threshold": 0.7,
      "clob_up_ask": 0.45,
      "clob_down_ask": 0.52,
      "seconds_left": 244.20423197746277
    },
    {
      "ts": "2026-09-17T00:41:02.734265Z",
      "slug": "btc-updown-5m-1789605600",
      "status": "heartbeat",
      "gamma_up": 0.505,
      "gamma_down": 0.495,
      "clob_up_ask": 0.44,
      "clob_down_ask": 0.57,
      "seconds_left": 238.05691289901733,
      "min_spread": 0.009999999999999898
    },
    {
      "ts": "2026-09-17T00:41:02.734287Z",
      "slug": "btc-updown-5m-1789605600",
      "status": "skip_price_below_threshold",
      "threshold": 0.7,
      "clob_up_ask": 0.44,
      "clob_down_ask": 0.57,
      "seconds_left": 238.05691289901733
    },
    {
      "ts": "2026-09-17T00:41:08.835633Z",
      "slug": "btc-updown-5m-1789605600",
      "status": "heartbeat",
      "gamma_up": 0.505,
      "gamma_down": 0.495,
      "clob_up_ask": 0.51,
      "clob_down_ask": 0.5,
      "seconds_left": 231.946049451828,
      "min_spread": 0.010000000000000009
    },
    {
      "ts": "2026-09-17T00:41:08.835664Z",
      "slug": "btc-updown-5m-1789605600",
      "status": "skip_price_below_threshold",
      "threshold": 0.7,
      "clob_up_ask": 0.51,
      "clob_down_ask": 0.5,
      "seconds_left": 231.946049451828
    },
    {
      "ts": "2026-09-17T00:41:14.927806Z",
      "slug": "btc-updown-5m-1789605600",
      "status": "heartbeat",
      "gamma_up": 0.505,
      "gamma_down": 0.495,
      "clob_up_ask": 0.44,
      "clob_down_ask": 0.57,
      "seconds_left": 225.8649787902832,
      "min_spread": 0.009999999999999898
    },
    {
      "ts": "2026-09-17T00:41:14.927825Z",
      "slug": "btc-updown-5m-1789605600",
      "status": "skip_price_below_threshold",
      "threshold": 0.7,
      "clob_up_ask": 0.44,
      "clob_down_ask": 0.57,
      "seconds_left": 225.8649787902832
    },
    {
      "ts": "2026-09-17T00:41:21.119430Z",
      "slug": "btc-updown-5m-1789605600",
      "status": "heartbeat",
      "gamma_up": 0.505,
      "gamma_down": 0.495,
      "clob_up_ask": 0.46,
      "clob_down_ask": 0.55,
      "seconds_left": 219.6718134880066,
      "min_spread": 0.010000000000000009
    },
    {
      "ts": "2026-09-17T00:41:21.119455Z",
      "slug": "btc-updown-5m-1789605600",
      "status": "skip_price_below_threshold",
      "threshold": 0.7,
      "clob_up_ask": 0.46,
      "clob_down_ask": 0.55,
      "seconds_left": 219.6718134880066
    },
    {
      "ts": "2026-09-17T00:41:30.385984Z",
      "slug": "btc-updown-5m-1789605600",
      "status": "heartbeat",
      "gamma_up": 0.505,
      "gamma_down": 0.495,
      "clob_up_ask": 0.42,
      "clob_down_ask": 0.59,
      "seconds_left": 210.41520142555237,
      "min_spread": 0.010000000000000009
    },
    {
      "ts": "2026-09-17T00:41:30.386012Z",
      "slug": "btc-updown-5m-1789605600",
      "status": "skip_price_below_threshold",
      "threshold": 0.7,
      "clob_up_ask": 0.42,
      "clob_down_ask": 0.59,
      "seconds_left": 210.41520142555237
    },
    {
      "ts": "2026-09-17T00:41:36.486842Z",
      "slug": "btc-updown-5m-1789605600",
      "status": "heartbeat",
      "gamma_up": 0.505,
      "gamma_down": 0.495,
      "clob_up_ask": 0.37,
      "clob_down_ask": 0.64,
      "seconds_left": 204.2962965965271,
      "min_spread": 0.010000000000000009
    },
    {
      "ts": "2026-09-17T00:41:36.486867Z",
      "slug": "btc-updown-5m-1789605600",
      "status": "skip_price_below_threshold",
      "threshold": 0.7,
      "clob_up_ask": 0.37,
      "clob_down_ask": 0.64,
      "seconds_left": 204.2962965965271
    },
    {
      "ts": "2026-09-17T00:41:42.533502Z",
      "slug": "btc-updown-5m-1789605600",
      "status": "heartbeat",
      "gamma_up": 0.505,
      "gamma_down": 0.495,
      "clob_up_ask": 0.3,
      "clob_down_ask": 0.71,
      "seconds_left": 198.21281671524048,
      "min_spread": 0.010000000000000009
    },
    {
      "ts": "2026-09-17T00:41:51.657949Z",
      "slug": "btc-updown-5m-1789605600",
      "status": "heartbeat",
      "gamma_up": 0.355,
      "gamma_down": 0.645,
      "clob_up_ask": 0.34,
      "clob_down_ask": 0.69,
      "seconds_left": 189.14298844337463,
      "min_spread": 0.009999999999999898
    },
    {
      "ts": "2026-09-17T00:41:51.657970Z",
      "slug": "btc-updown-5m-1789605600",
      "status": "skip_price_below_threshold",
      "threshold": 0.7,
      "clob_up_ask": 0.34,
      "clob_down_ask": 0.69,
      "seconds_left": 189.14298844337463
    },
    {
      "ts": "2026-09-17T00:41:57.775952Z",
      "slug": "btc-updown-5m-1789605600",
      "status": "heartbeat",
      "gamma_up": 0.355,
      "gamma_down": 0.645,
      "clob_up_ask": 0.27,
      "clob_down_ask": 0.74,
      "seconds_left": 183.01536631584167,
      "min_spread": 0.010000000000000009
    },
    {
      "ts": "2026-09-17T00:42:09.750130Z",
      "slug": "btc-updown-5m-1789605600",
      "status": "heartbeat",
      "gamma_up": 0.355,
      "gamma_down": 0.645,
      "clob_up_ask": 0.22,
      "clob_down_ask": 0.79,
      "seconds_left": 171.0216064453125,
      "min_spread": 0.010000000000000009
    },
    {
      "ts": "2026-09-17T00:42:18.595785Z",
      "slug": "btc-updown-5m-1789605600",
      "status": "heartbeat",
      "gamma_up": 0.355,
      "gamma_down": 0.645,
      "clob_up_ask": 0.27,
      "clob_down_ask": 0.75,
      "seconds_left": 162.2143702507019,
      "min_spread": 0.010000000000000009
    },
    {
      "ts": "2026-09-17T00:42:27.418152Z",
      "slug": "btc-updown-5m-1789605600",
      "status": "heartbeat",
      "gamma_up": 0.355,
      "gamma_down": 0.645,
      "clob_up_ask": 0.15,
      "clob_down_ask": 0.86,
      "seconds_left": 153.39139914512634,
      "min_spread": 0.009999999999999981
    },
    {
      "ts": "2026-09-17T00:42:39.403215Z",
      "slug": "btc-updown-5m-1789605600",
      "status": "heartbeat",
      "gamma_up": 0.355,
      "gamma_down": 0.645,
      "clob_up_ask": 0.06,
      "clob_down_ask": 0.95,
      "seconds_left": 141.32060551643372,
      "min_spread": 0.009999999999999995
    },
    {
      "ts": "2026-09-17T00:42:48.207296Z",
      "slug": "btc-updown-5m-1789605600",
      "status": "heartbeat",
      "gamma_up": 0.355,
      "gamma_down": 0.645,
      "clob_up_ask": 0.07,
      "clob_down_ask": 0.95,
      "seconds_left": 132.5657684803009,
      "min_spread": 0.010000000000000009
    },
    {
      "ts": "2026-09-17T00:42:57.004694Z",
      "slug": "btc-updown-5m-1789605600",
      "status": "heartbeat",
      "gamma_up": 0.355,
      "gamma_down": 0.645,
      "clob_up_ask": 0.17,
      "clob_down_ask": 0.84,
      "seconds_left": 123.82514762878418,
      "min_spread": 0.010000000000000009
    },
    {
      "ts": "2026-09-17T00:43:25.440071Z",
      "slug": "btc-updown-5m-1789605600",
      "status": "heartbeat",
      "gamma_up": 0.355,
      "gamma_down": 0.645,
      "clob_up_ask": 0.12,
      "clob_down_ask": 0.85,
      "seconds_left": 95.88100290298462,
      "min_spread": 0.009999999999999995
    },
    {
      "ts": "2026-09-17T00:43:51.877017Z",
      "slug": "btc-updown-5m-1789605600",
      "status": "heartbeat",
      "gamma_up": 0.355,
      "gamma_down": 0.645,
      "clob_up_ask": 0.21,
      "clob_down_ask": 0.8,
      "seconds_left": 69.10571956634521,
      "min_spread": 0.009999999999999981
    },
    {
      "ts": "2026-09-17T00:44:00.876772Z",
      "slug": "btc-updown-5m-1789605600",
      "status": "skip_too_late_to_enter",
      "seconds_left": 59.12323307991028,
      "min_entry_seconds_left": 60
    },
    {
      "ts": "2026-09-17T00:44:15.887533Z",
      "status": "heartbeat_no_current_market"
    },
    {
      "ts": "2026-09-17T00:44:21.312750Z",
      "slug": "btc-updown-5m-1789605600",
      "status": "skip_too_late_to_enter",
      "seconds_left": 38.687254667282104,
      "min_entry_seconds_left": 60
    },
    {
      "ts": "2026-09-17T00:44:30.025891Z",
      "slug": "btc-updown-5m-1789605600",
      "status": "skip_too_late_to_enter",
      "seconds_left": 29.974114656448364,
      "min_entry_seconds_left": 60
    },
    {
      "ts": "2026-09-17T00:44:35.449442Z",
      "slug": "btc-updown-5m-1789605600",
      "status": "skip_too_late_to_enter",
      "seconds_left": 24.55056357383728,
      "min_entry_seconds_left": 60
    },
    {
      "ts": "2026-09-17T00:44:40.955247Z",
      "slug": "btc-updown-5m-1789605600",
      "status": "skip_too_late_to_enter",
      "seconds_left": 19.04475998878479,
      "min_entry_seconds_left": 60
    },
    {
      "ts": "2026-09-17T00:44:46.421184Z",
      "slug": "btc-updown-5m-1789605600",
      "status": "skip_too_late_to_enter",
      "seconds_left": 13.578822612762451,
      "min_entry_seconds_left": 60
    },
    {
      "ts": "2026-09-17T00:44:51.861003Z",
      "slug": "btc-updown-5m-1789605600",
      "status": "skip_too_late_to_enter",
      "seconds_left": 8.139004230499268,
      "min_entry_seconds_left": 60
    },
    {
      "ts": "2026-09-17T00:44:57.341358Z",
      "status": "heartbeat_no_current_market"
    },
    {
      "ts": "2026-09-17T00:45:06.997851Z",
      "slug": "btc-updown-5m-1789605900",
      "status": "heartbeat",
      "gamma_up": 0.505,
      "gamma_down": 0.495,
      "clob_up_ask": 0.44,
      "clob_down_ask": 0.56,
      "seconds_left": 294.05020022392273,
      "min_spread": 0.010000000000000009
    },
    {
      "ts": "2026-09-17T00:45:06.997878Z",
      "slug": "btc-updown-5m-1789605900",
      "status": "skip_price_below_threshold",
      "threshold": 0.7,
      "clob_up_ask": 0.44,
      "clob_down_ask": 0.56,
      "seconds_left": 294.05020022392273
    },
    {
      "ts": "2026-09-17T00:45:13.709478Z",
      "slug": "btc-updown-5m-1789605900",
      "status": "heartbeat",
      "gamma_up": 0.505,
      "gamma_down": 0.495,
      "clob_up_ask": 0.62,
      "clob_down_ask": 0.39,
      "seconds_left": 287.32657980918884,
      "min_spread": 0.010000000000000009
    },
    {
      "ts": "2026-09-17T00:45:13.709506Z",
      "slug": "btc-updown-5m-1789605900",
      "status": "skip_price_below_threshold",
      "threshold": 0.7,
      "clob_up_ask": 0.62,
      "clob_down_ask": 0.39,
      "seconds_left": 287.32657980918884
    },
    {
      "ts": "2026-09-17T00:45:20.201175Z",
      "slug": "btc-updown-5m-1789605900",
      "status": "heartbeat",
      "gamma_up": 0.42,
      "gamma_down": 0.58,
      "clob_up_ask": 0.44,
      "clob_down_ask": 0.59,
      "seconds_left": 280.8541896343231,
      "min_spread": 0.010000000000000009
    },
    {
      "ts": "2026-09-17T00:45:20.201195Z",
      "slug": "btc-updown-5m-1789605900",
      "status": "skip_price_below_threshold",
      "threshold": 0.7,
      "clob_up_ask": 0.44,
      "clob_down_ask": 0.59,
      "seconds_left": 280.8541896343231
    },
    {
      "ts": "2026-09-17T00:45:26.767625Z",
      "slug": "btc-updown-5m-1789605900",
      "status": "heartbeat",
      "gamma_up": 0.42,
      "gamma_down": 0.58,
      "clob_up_ask": 0.38,
      "clob_down_ask": 0.63,
      "seconds_left": 274.303804397583,
      "min_spread": 0.010000000000000009
    },
    {
      "ts": "2026-09-17T00:45:26.767667Z",
      "slug": "btc-updown-5m-1789605900",
      "status": "skip_price_below_threshold",
      "threshold": 0.7,
      "clob_up_ask": 0.38,
      "clob_down_ask": 0.63,
      "seconds_left": 274.303804397583
    },
    {
      "ts": "2026-09-17T00:45:33.241307Z",
      "slug": "btc-updown-5m-1789605900",
      "status": "heartbeat",
      "gamma_up": 0.42,
      "gamma_down": 0.58,
      "clob_up_ask": 0.45,
      "clob_down_ask": 0.56,
      "seconds_left": 267.8257145881653,
      "min_spread": 0.010000000000000009
    },
    {
      "ts": "2026-09-17T00:45:33.241329Z",
      "slug": "btc-updown-5m-1789605900",
      "status": "skip_price_below_threshold",
      "threshold": 0.7,
      "clob_up_ask": 0.45,
      "clob_down_ask": 0.56,
      "seconds_left": 267.8257145881653
    },
    {
      "ts": "2026-09-17T00:45:42.919488Z",
      "slug": "btc-updown-5m-1789605900",
      "status": "heartbeat",
      "gamma_up": 0.42,
      "gamma_down": 0.58,
      "clob_up_ask": 0.31,
      "clob_down_ask": 0.71,
      "seconds_left": 258.10398840904236,
      "min_spread": 0.010000000000000009
    },
    {
      "ts": "2026-09-17T00:45:52.503697Z",
      "slug": "btc-updown-5m-1789605900",
      "status": "heartbeat",
      "gamma_up": 0.42,
      "gamma_down": 0.58,
      "clob_up_ask": 0.29,
      "clob_down_ask": 0.72,
      "seconds_left": 248.4334740638733,
      "min_spread": 0.009999999999999953
    },
    {
      "ts": "2026-09-17T00:46:01.773972Z",
      "slug": "btc-updown-5m-1789605900",
      "status": "heartbeat",
      "gamma_up": 0.42,
      "gamma_down": 0.58,
      "clob_up_ask": 0.23,
      "clob_down_ask": 0.78,
      "seconds_left": 239.08457016944885,
      "min_spread": 0.010000000000000009
    },
    {
      "ts": "2026-09-17T00:46:13.924421Z",
      "slug": "btc-updown-5m-1789605900",
      "status": "heartbeat",
      "gamma_up": 0.42,
      "gamma_down": 0.58,
      "clob_up_ask": 0.16,
      "clob_down_ask": 0.85,
      "seconds_left": 226.82435536384583,
      "min_spread": 0.010000000000000009
    },
    {
      "ts": "2026-09-17T00:46:22.780635Z",
      "slug": "btc-updown-5m-1789605900",
      "status": "heartbeat",
      "gamma_up": 0.42,
      "gamma_down": 0.58,
      "clob_up_ask": 0.16,
      "clob_down_ask": 0.86,
      "seconds_left": 218.0004858970642,
      "min_spread": 0.010000000000000009
    },
    {
      "ts": "2026-09-17T00:46:31.643002Z",
      "slug": "btc-updown-5m-1789605900",
      "status": "heartbeat",
      "gamma_up": 0.42,
      "gamma_down": 0.58,
      "clob_up_ask": 0.14,
      "clob_down_ask": 0.87,
      "seconds_left": 209.2537772655487,
      "min_spread": 0.010000000000000009
    },
    {
      "ts": "2026-09-17T00:46:40.558088Z",
      "slug": "btc-updown-5m-1789605900",
      "status": "heartbeat",
      "gamma_up": 0.42,
      "gamma_down": 0.58,
      "clob_up_ask": 0.12,
      "clob_down_ask": 0.89,
      "seconds_left": 200.24516701698303,
      "min_spread": 0.009999999999999995
    },
    {
      "ts": "2026-09-17T00:46:52.534207Z",
      "slug": "btc-updown-5m-1789605900",
      "status": "heartbeat",
      "gamma_up": 0.42,
      "gamma_down": 0.58,
      "clob_up_ask": 0.12,
      "clob_down_ask": 0.89,
      "seconds_left": 188.25197219848633,
      "min_spread": 0.009999999999999995
    },
    {
      "ts": "2026-09-17T00:47:14.144335Z",
      "slug": "btc-updown-5m-1789605900",
      "status": "heartbeat",
      "gamma_up": 0.42,
      "gamma_down": 0.58,
      "clob_up_ask": 0.11,
      "clob_down_ask": 0.9,
      "seconds_left": 166.63629055023193,
      "min_spread": 0.009999999999999995
    },
    {
      "ts": "2026-09-17T00:47:26.129581Z",
      "slug": "btc-updown-5m-1789605900",
      "status": "heartbeat",
      "gamma_up": 0.42,
      "gamma_down": 0.58,
      "clob_up_ask": 0.08,
      "clob_down_ask": 0.93,
      "seconds_left": 154.65091681480408,
      "min_spread": 0.009999999999999995
    },
    {
      "ts": "2026-09-17T00:47:34.867597Z",
      "slug": "btc-updown-5m-1789605900",
      "status": "heartbeat",
      "gamma_up": 0.42,
      "gamma_down": 0.58,
      "clob_up_ask": 0.08,
      "clob_down_ask": 0.93,
      "seconds_left": 145.930162191391,
      "min_spread": 0.009999999999999995
    },
    {
      "ts": "2026-09-17T00:47:43.682330Z",
      "slug": "btc-updown-5m-1789605900",
      "status": "heartbeat",
      "gamma_up": 0.42,
      "gamma_down": 0.58,
      "clob_up_ask": 0.06,
      "clob_down_ask": 0.95,
      "seconds_left": 137.09451985359192,
      "min_spread": 0.009999999999999995
    },
    {
      "ts": "2026-09-17T00:47:52.469263Z",
      "slug": "btc-updown-5m-1789605900",
      "status": "heartbeat",
      "gamma_up": 0.42,
      "gamma_down": 0.58,
      "clob_up_ask": 0.05,
      "clob_down_ask": 0.96,
      "seconds_left": 128.3188557624817,
      "min_spread": 0.010000000000000002
    },
    {
      "ts": "2026-09-17T00:48:17.473550Z",
      "slug": "btc-updown-5m-1789605900",
      "status": "heartbeat",
      "gamma_up": 0.42,
      "gamma_down": 0.58,
      "clob_up_ask": 0.21,
      "clob_down_ask": 0.78,
      "seconds_left": 103.39303636550903,
      "min_spread": 0.009999999999999981
    },
    {
      "ts": "2026-09-17T00:48:26.244243Z",
      "slug": "btc-updown-5m-1789605900",
      "status": "heartbeat",
      "gamma_up": 0.42,
      "gamma_down": 0.58,
      "clob_up_ask": 0.22,
      "clob_down_ask": 0.84,
      "seconds_left": 94.57624340057373,
      "min_spread": 0.010000000000000009
    },
    {
      "ts": "2026-09-17T00:48:36.849264Z",
      "slug": "btc-updown-5m-1789605900",
      "status": "heartbeat",
      "gamma_up": 0.42,
      "gamma_down": 0.58,
      "clob_up_ask": 0.19,
      "clob_down_ask": 0.8,
      "seconds_left": 83.93367218971252,
      "min_spread": 0.010000000000000009
    },
    {
      "ts": "2026-09-17T00:48:45.646234Z",
      "slug": "btc-updown-5m-1789605900",
      "status": "heartbeat",
      "gamma_up": 0.42,
      "gamma_down": 0.58,
      "clob_up_ask": 0.12,
      "clob_down_ask": 0.89,
      "seconds_left": 75.1764030456543,
      "min_spread": 0.009999999999999995
    }
  ],
  "last_open_try": "{\"mode\": \"open\", \"execute\": true, \"market_slug\": \"btc-updown-5m-1789605900\", \"force_side\": \"DOWN\", \"token_id\": \"67793487056637581769516275765451207974201846222513356182597927634214638176104\", \"entry_price\": 0.58, \"notional_usd\": 5.0, \"top_ask_notional_usd\": 0.0, \"skipped\": \"thin_top_ask\", \"order_post_result\": {\"success\": false, \"status\": \"skipped\", \"errorMsg\": \"thin_top_ask\"}}\n\n",
  "finished_at": "2026-09-17T00:49:07.014864Z",
  "result": "no_entry_timeout"
}
[2026-09-17T00:49:07Z] session_end rc=0 trades=4 stake_usd=5
journal_ok trades=143 md=/home/yukeen/polymarketbot/5min-btc-polymarket/data/live_trades.md json=/home/yukeen/polymarketbot/5min-btc-polymarket/data/live_trades.json
[py_clob_client_v2] request error status=400 url=https://clob.polymarket.com/auth/api-key body={"error":"Could not create api key"}

[2026-09-17T00:50:52Z] cash=0.795846
{"martingale": true, "next_stake": 10.0, "loss_streak": 1, "last_outcome": "loss", "last_opened_at": "2026-09-16T23:46:37.224973Z", "applied": 0}
[2026-09-17T00:51:03Z] martingale_clamp cash=0.795846 stake=5
[2026-09-17T00:51:03Z] session_begin trades=4 stake_usd=5
[py_clob_client_v2] request error: [Errno -3] Temporary failure in name resolution
{
  "started_at": "2026-09-17T00:51:03.990327Z",
  "params": {
    "profile": "conservative",
    "threshold": 0.7,
    "stake_usd": 5.0,
    "stop_loss_pct": 0.9,
    "exit_before_sec": 20,
    "min_entry_seconds_left": 60,
    "entry_timeout_min": 12,
    "poll_sec": 5.0,
    "close_retry_max": 30,
    "close_retry_delay_sec": 2.0,
    "execute": true
  },
  "attempts": [
    {
      "ts": "2026-09-17T00:51:20.285183Z",
      "slug": "btc-updown-5m-1789606200",
      "status": "heartbeat",
      "gamma_up": 0.405,
      "gamma_down": 0.595,
      "clob_up_ask": 0.49,
      "clob_down_ask": 0.54,
      "seconds_left": 220.7133231163025,
      "min_spread": 0.010000000000000009
    },
    {
      "ts": "2026-09-17T00:51:20.285208Z",
      "slug": "btc-updown-5m-1789606200",
      "status": "skip_price_below_threshold",
      "threshold": 0.7,
      "clob_up_ask": 0.49,
      "clob_down_ask": 0.54,
      "seconds_left": 220.7133231163025
    },
    {
      "ts": "2026-09-17T00:51:26.413889Z",
      "slug": "btc-updown-5m-1789606200",
      "status": "heartbeat",
      "gamma_up": 0.405,
      "gamma_down": 0.595,
      "clob_up_ask": 0.51,
      "clob_down_ask": 0.52,
      "seconds_left": 214.38743329048157,
      "min_spread": 0.010000000000000009
    },
    {
      "ts": "2026-09-17T00:51:26.413925Z",
      "slug": "btc-updown-5m-1789606200",
      "status": "skip_price_below_threshold",
      "threshold": 0.7,
      "clob_up_ask": 0.51,
      "clob_down_ask": 0.52,
      "seconds_left": 214.38743329048157
    },
    {
      "ts": "2026-09-17T00:51:35.735485Z",
      "slug": "btc-updown-5m-1789606200",
      "status": "heartbeat",
      "gamma_up": 0.405,
      "gamma_down": 0.595,
      "clob_up_ask": 0.4,
      "clob_down_ask": 0.6,
      "seconds_left": 205.03614616394043,
      "min_spread": 0.010000000000000009
    },
    {
      "ts": "2026-09-17T00:51:35.735503Z",
      "slug": "btc-updown-5m-1789606200",
      "status": "skip_price_below_threshold",
      "threshold": 0.7,
      "clob_up_ask": 0.4,
      "clob_down_ask": 0.6,
      "seconds_left": 205.03614616394043
    },
    {
      "ts": "2026-09-17T00:51:41.856590Z",
      "slug": "btc-updown-5m-1789606200",
      "status": "heartbeat",
      "gamma_up": 0.405,
      "gamma_down": 0.595,
      "clob_up_ask": 0.42,
      "clob_down_ask": 0.59,
      "seconds_left": 198.95047903060913,
      "min_spread": 0.010000000000000009
    },
    {
      "ts": "2026-09-17T00:51:41.856619Z",
      "slug": "btc-updown-5m-1789606200",
      "status": "skip_price_below_threshold",
      "threshold": 0.7,
      "clob_up_ask": 0.42,
      "clob_down_ask": 0.59,
      "seconds_left": 198.95047903060913
    },
    {
      "ts": "2026-09-17T00:51:48.066664Z",
      "slug": "btc-updown-5m-1789606200",
      "status": "heartbeat",
      "gamma_up": 0.405,
      "gamma_down": 0.595,
      "clob_up_ask": 0.38,
      "clob_down_ask": 0.63,
      "seconds_left": 192.72533702850342,
      "min_spread": 0.010000000000000009
    },
    {
      "ts": "2026-09-17T00:51:48.066681Z",
      "slug": "btc-updown-5m-1789606200",
      "status": "skip_price_below_threshold",
      "threshold": 0.7,
      "clob_up_ask": 0.38,
      "clob_down_ask": 0.63,
      "seconds_left": 192.72533702850342
    },
    {
      "ts": "2026-09-17T00:51:54.121836Z",
      "slug": "btc-updown-5m-1789606200",
      "status": "heartbeat",
      "gamma_up": 0.405,
      "gamma_down": 0.595,
      "clob_up_ask": 0.39,
      "clob_down_ask": 0.62,
      "seconds_left": 186.62962222099304,
      "min_spread": 0.010000000000000009
    },
    {
      "ts": "2026-09-17T00:51:54.121860Z",
      "slug": "btc-updown-5m-1789606200",
      "status": "skip_price_below_threshold",
      "threshold": 0.7,
      "clob_up_ask": 0.39,
      "clob_down_ask": 0.62,
      "seconds_left": 186.62962222099304
    },
    {
      "ts": "2026-09-17T00:52:00.212449Z",
      "slug": "btc-updown-5m-1789606200",
      "status": "heartbeat",
      "gamma_up": 0.405,
      "gamma_down": 0.595,
      "clob_up_ask": 0.49,
      "clob_down_ask": 0.52,
      "seconds_left": 180.55952429771423,
      "min_spread": 0.010000000000000009
    },
    {
      "ts": "2026-09-17T00:52:00.212481Z",
      "slug": "btc-updown-5m-1789606200",
      "status": "skip_price_below_threshold",
      "threshold": 0.7,
      "clob_up_ask": 0.49,
      "clob_down_ask": 0.52,
      "seconds_left": 180.55952429771423
    },
    {
      "ts": "2026-09-17T00:52:09.545683Z",
      "slug": "btc-updown-5m-1789606200",
      "status": "heartbeat",
      "gamma_up": 0.405,
      "gamma_down": 0.595,
      "clob_up_ask": 0.58,
      "clob_down_ask": 0.43,
      "seconds_left": 174.4975607395172,
      "min_spread": 0.010000000000000009
    },
    {
      "ts": "2026-09-17T00:52:09.545709Z",
      "slug": "btc-updown-5m-1789606200",
      "status": "skip_price_below_threshold",
      "threshold": 0.7,
      "clob_up_ask": 0.58,
      "clob_down_ask": 0.43,
      "seconds_left": 174.4975607395172
    },
    {
      "ts": "2026-09-17T00:52:15.655443Z",
      "slug": "btc-updown-5m-1789606200",
      "status": "heartbeat",
      "gamma_up": 0.405,
      "gamma_down": 0.595,
      "clob_up_ask": 0.57,
      "clob_down_ask": 0.47,
      "seconds_left": 165.11771726608276,
      "min_spread": 0.009999999999999898
    },
    {
      "ts": "2026-09-17T00:52:15.655456Z",
      "slug": "btc-updown-5m-1789606200",
      "status": "skip_price_below_threshold",
      "threshold": 0.7,
      "clob_up_ask": 0.57,
      "clob_down_ask": 0.47,
      "seconds_left": 165.11771726608276
    },
    {
      "ts": "2026-09-17T00:52:21.711404Z",
      "slug": "btc-updown-5m-1789606200",
      "status": "heartbeat",
      "gamma_up": 0.405,
      "gamma_down": 0.595,
      "clob_up_ask": 0.55,
      "clob_down_ask": 0.51,
      "seconds_left": 159.04609417915344,
      "min_spread": 0.010000000000000009
    },
    {
      "ts": "2026-09-17T00:52:21.711427Z",
      "slug": "btc-updown-5m-1789606200",
      "status": "skip_price_below_threshold",
      "threshold": 0.7,
      "clob_up_ask": 0.55,
      "clob_down_ask": 0.51,
      "seconds_left": 159.04609417915344
    },
    {
      "ts": "2026-09-17T00:52:27.832423Z",
      "slug": "btc-updown-5m-1789606200",
      "status": "heartbeat",
      "gamma_up": 0.405,
      "gamma_down": 0.595,
      "clob_up_ask": 0.54,
      "clob_down_ask": 0.48,
      "seconds_left": 152.99168491363525,
      "min_spread": 0.010000000000000009
    },
    {
      "ts": "2026-09-17T00:52:27.832447Z",
      "slug": "btc-updown-5m-1789606200",
      "status": "skip_price_below_threshold",
      "threshold": 0.7,
      "clob_up_ask": 0.54,
      "clob_down_ask": 0.48,
      "seconds_left": 152.99168491363525
    },
    {
      "ts": "2026-09-17T00:52:34.093129Z",
      "slug": "btc-updown-5m-1789606200",
      "status": "heartbeat",
      "gamma_up": 0.405,
      "gamma_down": 0.595,
      "clob_up_ask": 0.55,
      "clob_down_ask": 0.46,
      "seconds_left": 146.86726593971252,
      "min_spread": 0.010000000000000009
    },
    {
      "ts": "2026-09-17T00:52:34.093153Z",
      "slug": "btc-updown-5m-1789606200",
      "status": "skip_price_below_threshold",
      "threshold": 0.7,
      "clob_up_ask": 0.55,
      "clob_down_ask": 0.46,
      "seconds_left": 146.86726593971252
    },
    {
      "ts": "2026-09-17T00:52:40.160678Z",
      "slug": "btc-updown-5m-1789606200",
      "status": "heartbeat",
      "gamma_up": 0.405,
      "gamma_down": 0.595,
      "clob_up_ask": 0.46,
      "clob_down_ask": 0.55,
      "seconds_left": 140.5887463092804,
      "min_spread": 0.010000000000000009
    },
    {
      "ts": "2026-09-17T00:52:40.160707Z",
      "slug": "btc-updown-5m-1789606200",
      "status": "skip_price_below_threshold",
      "threshold": 0.7,
      "clob_up_ask": 0.46,
      "clob_down_ask": 0.55,
      "seconds_left": 140.5887463092804
    },
    {
      "ts": "2026-09-17T00:52:49.446968Z",
      "slug": "btc-updown-5m-1789606200",
      "status": "heartbeat",
      "gamma_up": 0.405,
      "gamma_down": 0.595,
      "clob_up_ask": 0.46,
      "clob_down_ask": 0.55,
      "seconds_left": 131.3484992980957,
      "min_spread": 0.010000000000000009
    },
    {
      "ts": "2026-09-17T00:52:49.446993Z",
      "slug": "btc-updown-5m-1789606200",
      "status": "skip_price_below_threshold",
      "threshold": 0.7,
      "clob_up_ask": 0.46,
      "clob_down_ask": 0.55,
      "seconds_left": 131.3484992980957
    },
    {
      "ts": "2026-09-17T00:52:55.557889Z",
      "slug": "btc-updown-5m-1789606200",
      "status": "heartbeat",
      "gamma_up": 0.405,
      "gamma_down": 0.595,
      "clob_up_ask": 0.43,
      "clob_down_ask": 0.58,
      "seconds_left": 125.23480367660522,
      "min_spread": 0.010000000000000009
    },
    {
      "ts": "2026-09-17T00:52:55.557910Z",
      "slug": "btc-updown-5m-1789606200",
      "status": "skip_price_below_threshold",
      "threshold": 0.7,
      "clob_up_ask": 0.43,
      "clob_down_ask": 0.58,
      "seconds_left": 125.23480367660522
    },
    {
      "ts": "2026-09-17T00:53:01.857956Z",
      "slug": "btc-updown-5m-1789606200",
      "status": "heartbeat",
      "gamma_up": 0.405,
      "gamma_down": 0.595,
      "clob_up_ask": 0.45,
      "clob_down_ask": 0.56,
      "seconds_left": 119.11639714241028,
      "min_spread": 0.010000000000000009
    },
    {
      "ts": "2026-09-17T00:53:01.857980Z",
      "slug": "btc-updown-5m-1789606200",
      "status": "skip_price_below_threshold",
      "threshold": 0.7,
      "clob_up_ask": 0.45,
      "clob_down_ask": 0.56,
      "seconds_left": 119.11639714241028
    },
    {
      "ts": "2026-09-17T00:53:07.986775Z",
      "slug": "btc-updown-5m-1789606200",
      "status": "heartbeat",
      "gamma_up": 0.405,
      "gamma_down": 0.595,
      "clob_up_ask": 0.41,
      "clob_down_ask": 0.6,
      "seconds_left": 112.803227186203,
      "min_spread": 0.009999999999999953
    },
    {
      "ts": "2026-09-17T00:53:07.986799Z",
      "slug": "btc-updown-5m-1789606200",
      "status": "skip_price_below_threshold",
      "threshold": 0.7,
      "clob_up_ask": 0.41,
      "clob_down_ask": 0.6,
      "seconds_left": 112.803227186203
    },
    {
      "ts": "2026-09-17T00:53:14.105937Z",
      "slug": "btc-updown-5m-1789606200",
      "status": "heartbeat",
      "gamma_up": 0.405,
      "gamma_down": 0.595,
      "clob_up_ask": 0.51,
      "clob_down_ask": 0.5,
      "seconds_left": 106.70294785499573,
      "min_spread": 0.010000000000000009
    },
    {
      "ts": "2026-09-17T00:53:14.105961Z",
      "slug": "btc-updown-5m-1789606200",
      "status": "skip_price_below_threshold",
      "threshold": 0.7,
      "clob_up_ask": 0.51,
      "clob_down_ask": 0.5,
      "seconds_left": 106.70294785499573
    },
    {
      "ts": "2026-09-17T00:53:23.487227Z",
      "slug": "btc-updown-5m-1789606200",
      "status": "heartbeat",
      "gamma_up": 0.405,
      "gamma_down": 0.595,
      "clob_up_ask": 0.32,
      "clob_down_ask": 0.69,
      "seconds_left": 97.28512048721313,
      "min_spread": 0.009999999999999898
    },
    {
      "ts": "2026-09-17T00:53:23.487252Z",
      "slug": "btc-updown-5m-1789606200",
      "status": "skip_price_below_threshold",
      "threshold": 0.7,
      "clob_up_ask": 0.32,
      "clob_down_ask": 0.69,
      "seconds_left": 97.28512048721313
    },
    {
      "ts": "2026-09-17T00:53:38.497788Z",
      "status": "heartbeat_no_current_market"
    },
    {
      "ts": "2026-09-17T00:53:44.631082Z",
      "slug": "btc-updown-5m-1789606200",
      "status": "heartbeat",
      "gamma_up": 0.405,
      "gamma_down": 0.595,
      "clob_up_ask": 0.22,
      "clob_down_ask": 0.79,
      "seconds_left": 76.14584231376648,
      "min_spread": 0.010000000000000009
    },
    {
      "ts": "2026-09-17T00:53:56.730152Z",
      "slug": "btc-updown-5m-1789606200",
      "status": "heartbeat",
      "gamma_up": 0.405,
      "gamma_down": 0.595,
      "clob_up_ask": 0.3,
      "clob_down_ask": 0.7,
      "seconds_left": 67.24661540985107,
      "min_spread": 0.010000000000000009
    },
    {
      "ts": "2026-09-17T00:54:03.350499Z",
      "slug": "btc-updown-5m-1789606200",
      "status": "skip_too_late_to_enter",
      "seconds_left": 56.64950919151306,
      "min_entry_seconds_left": 60
    },
    {
      "ts": "2026-09-17T00:54:08.670215Z",
      "slug": "btc-updown-5m-1789606200",
      "status": "skip_too_late_to_enter",
      "seconds_left": 51.329792737960815,
      "min_entry_seconds_left": 60
    },
    {
      "ts": "2026-09-17T00:54:13.969228Z",
      "slug": "btc-updown-5m-1789606200",
      "status": "skip_too_late_to_enter",
      "seconds_left": 46.03077697753906,
      "min_entry_seconds_left": 60
    },
    {
      "ts": "2026-09-17T00:54:19.268333Z",
      "slug": "btc-updown-5m-1789606200",
      "status": "skip_too_late_to_enter",
      "seconds_left": 40.73167324066162,
      "min_entry_seconds_left": 60
    },
    {
      "ts": "2026-09-17T00:54:24.548975Z",
      "slug": "btc-updown-5m-1789606200",
      "status": "skip_too_late_to_enter",
      "seconds_left": 35.45103096961975,
      "min_entry_seconds_left": 60
    },
    {
      "ts": "2026-09-17T00:54:33.026535Z",
      "slug": "btc-updown-5m-1789606200",
      "status": "skip_too_late_to_enter",
      "seconds_left": 26.973469972610474,
      "min_entry_seconds_left": 60
    },
    {
      "ts": "2026-09-17T00:54:38.317367Z",
      "slug": "btc-updown-5m-1789606200",
      "status": "skip_too_late_to_enter",
      "seconds_left": 21.68263864517212,
      "min_entry_seconds_left": 60
    },
    {
      "ts": "2026-09-17T00:54:43.598163Z",
      "slug": "btc-updown-5m-1789606200",
      "status": "skip_too_late_to_enter",
      "seconds_left": 16.401839017868042,
      "min_entry_seconds_left": 60
    },
    {
      "ts": "2026-09-17T00:54:49.019341Z",
      "slug": "btc-updown-5m-1789606200",
      "status": "skip_too_late_to_enter",
      "seconds_left": 10.98066234588623,
      "min_entry_seconds_left": 60
    },
    {
      "ts": "2026-09-17T00:54:54.299646Z",
      "slug": "btc-updown-5m-1789606200",
      "status": "skip_too_late_to_enter",
      "seconds_left": 5.700360298156738,
      "min_entry_seconds_left": 60
    },
    {
      "ts": "2026-09-17T00:54:59.633157Z",
      "status": "heartbeat_no_current_market"
    },
    {
      "ts": "2026-09-17T00:55:08.929932Z",
      "slug": "btc-updown-5m-1789606500",
      "status": "heartbeat",
      "gamma_up": 0.495,
      "gamma_down": 0.505,
      "clob_up_ask": 0.42,
      "clob_down_ask": 0.59,
      "seconds_left": 291.8608720302582,
      "min_spread": 0.010000000000000009
    },
    {
      "ts": "2026-09-17T00:55:08.929955Z",
      "slug": "btc-updown-5m-1789606500",
      "status": "skip_price_below_threshold",
      "threshold": 0.7,
      "clob_up_ask": 0.42,
      "clob_down_ask": 0.59,
      "seconds_left": 291.8608720302582
    },
    {
      "ts": "2026-09-17T00:55:15.024196Z",
      "slug": "btc-updown-5m-1789606500",
      "status": "heartbeat",
      "gamma_up": 0.495,
      "gamma_down": 0.505,
      "clob_up_ask": 0.47,
      "clob_down_ask": 0.54,
      "seconds_left": 285.7707006931305,
      "min_spread": 0.009999999999999953
    },
    {
      "ts": "2026-09-17T00:55:15.024221Z",
      "slug": "btc-updown-5m-1789606500",
      "status": "skip_price_below_threshold",
      "threshold": 0.7,
      "clob_up_ask": 0.47,
      "clob_down_ask": 0.54,
      "seconds_left": 285.7707006931305
    },
    {
      "ts": "2026-09-17T00:55:21.094482Z",
      "slug": "btc-updown-5m-1789606500",
      "status": "heartbeat",
      "gamma_up": 0.495,
      "gamma_down": 0.505,
      "clob_up_ask": 0.38,
      "clob_down_ask": 0.61,
      "seconds_left": 279.66837096214294,
      "min_spread": 0.010000000000000009
    },
    {
      "ts": "2026-09-17T00:55:21.094494Z",
      "slug": "btc-updown-5m-1789606500",
      "status": "skip_price_below_threshold",
      "threshold": 0.7,
      "clob_up_ask": 0.38,
      "clob_down_ask": 0.61,
      "seconds_left": 279.66837096214294
    },
    {
      "ts": "2026-09-17T00:55:27.187249Z",
      "slug": "btc-updown-5m-1789606500",
      "status": "heartbeat",
      "gamma_up": 0.495,
      "gamma_down": 0.505,
      "clob_up_ask": 0.32,
      "clob_down_ask": 0.65,
      "seconds_left": 273.58536982536316,
      "min_spread": 0.010000000000000009
    },
    {
      "ts": "2026-09-17T00:55:27.187274Z",
      "slug": "btc-updown-5m-1789606500",
      "status": "skip_price_below_threshold",
      "threshold": 0.7,
      "clob_up_ask": 0.32,
      "clob_down_ask": 0.65,
      "seconds_left": 273.58536982536316
    },
    {
      "ts": "2026-09-17T00:55:33.343387Z",
      "slug": "btc-updown-5m-1789606500",
      "status": "heartbeat",
      "gamma_up": 0.495,
      "gamma_down": 0.505,
      "clob_up_ask": 0.37,
      "clob_down_ask": 0.64,
      "seconds_left": 267.43926095962524,
      "min_spread": 0.010000000000000009
    },
    {
      "ts": "2026-09-17T00:55:33.343411Z",
      "slug": "btc-updown-5m-1789606500",
      "status": "skip_price_below_threshold",
      "threshold": 0.7,
      "clob_up_ask": 0.37,
      "clob_down_ask": 0.64,
      "seconds_left": 267.43926095962524
    },
    {
      "ts": "2026-09-17T00:55:39.480320Z",
      "slug": "btc-updown-5m-1789606500",
      "status": "heartbeat",
      "gamma_up": 0.495,
      "gamma_down": 0.505,
      "clob_up_ask": 0.35,
      "clob_down_ask": 0.66,
      "seconds_left": 261.31942892074585,
      "min_spread": 0.009999999999999953
    },
    {
      "ts": "2026-09-17T00:55:39.480344Z",
      "slug": "btc-updown-5m-1789606500",
      "status": "skip_price_below_threshold",
      "threshold": 0.7,
      "clob_up_ask": 0.35,
      "clob_down_ask": 0.66,
      "seconds_left": 261.31942892074585
    },
    {
      "ts": "2026-09-17T00:55:53.762580Z",
      "slug": "btc-updown-5m-1789606500",
      "status": "heartbeat",
      "gamma_up": 0.495,
      "gamma_down": 0.505,
      "clob_up_ask": 0.34,
      "clob_down_ask": 0.67,
      "seconds_left": 247.03748631477356,
      "min_spread": 0.010000000000000009
    },
    {
      "ts": "2026-09-17T00:55:53.762607Z",
      "slug": "btc-updown-5m-1789606500",
      "status": "skip_price_below_threshold",
      "threshold": 0.7,
      "clob_up_ask": 0.34,
      "clob_down_ask": 0.67,
      "seconds_left": 247.03748631477356
    },
    {
      "ts": "2026-09-17T00:55:59.871666Z",
      "slug": "btc-updown-5m-1789606500",
      "status": "heartbeat",
      "gamma_up": 0.495,
      "gamma_down": 0.505,
      "clob_up_ask": 0.34,
      "clob_down_ask": 0.72,
      "seconds_left": 240.93711686134338,
      "min_spread": 0.010000000000000009
    },
    {
      "ts": "2026-09-17T00:56:08.633094Z",
      "slug": "btc-updown-5m-1789606500",
      "status": "heartbeat",
      "gamma_up": 0.495,
      "gamma_down": 0.505,
      "clob_up_ask": 0.38,
      "clob_down_ask": 0.63,
      "seconds_left": 232.1312117576599,
      "min_spread": 0.010000000000000009
    },
    {
      "ts": "2026-09-17T00:56:08.633124Z",
      "slug": "btc-updown-5m-1789606500",
      "status": "skip_price_below_threshold",
      "threshold": 0.7,
      "clob_up_ask": 0.38,
      "clob_down_ask": 0.63,
      "seconds_left": 232.1312117576599
    },
    {
      "ts": "2026-09-17T00:56:14.696862Z",
      "slug": "btc-updown-5m-1789606500",
      "status": "heartbeat",
      "gamma_up": 0.495,
      "gamma_down": 0.505,
      "clob_up_ask": 0.34,
      "clob_down_ask": 0.67,
      "seconds_left": 226.07460832595825,
      "min_spread": 0.010000000000000009
    },
    {
      "ts": "2026-09-17T00:56:14.696888Z",
      "slug": "btc-updown-5m-1789606500",
      "status": "skip_price_below_threshold",
      "threshold": 0.7,
      "clob_up_ask": 0.34,
      "clob_down_ask": 0.67,
      "seconds_left": 226.07460832595825
    },
    {
      "ts": "2026-09-17T00:56:24.078905Z",
      "slug": "btc-updown-5m-1789606500",
      "status": "heartbeat",
      "gamma_up": 0.495,
      "gamma_down": 0.505,
      "clob_up_ask": 0.32,
      "clob_down_ask": 0.72,
      "seconds_left": 216.78851866722107,
      "min_spread": 0.010000000000000009
    },
    {
      "ts": "2026-09-17T00:56:32.791714Z",
      "slug": "btc-updown-5m-1789606500",
      "status": "heartbeat",
      "gamma_up": 0.495,
      "gamma_down": 0.505,
      "clob_up_ask": 0.24,
      "clob_down_ask": 0.77,
      "seconds_left": 207.95534825325012,
      "min_spread": 0.009999999999999981
    },
    {
      "ts": "2026-09-17T00:56:41.424953Z",
      "slug": "btc-updown-5m-1789606500",
      "status": "heartbeat",
      "gamma_up": 0.495,
      "gamma_down": 0.505,
      "clob_up_ask": 0.29,
      "clob_down_ask": 0.72,
      "seconds_left": 199.34805560112,
      "min_spread": 0.009999999999999953
    },
    {
      "ts": "2026-09-17T00:56:50.211238Z",
      "slug": "btc-updown-5m-1789606500",
      "status": "heartbeat",
      "gamma_up": 0.495,
      "gamma_down": 0.505,
      "clob_up_ask": 0.55,
      "clob_down_ask": 0.45,
      "seconds_left": 190.57027220726013,
      "min_spread": 0.010000000000000009
    },
    {
      "ts": "2026-09-17T00:56:50.211265Z",
      "slug": "btc-updown-5m-1789606500",
      "status": "skip_price_below_threshold",
      "threshold": 0.7,
      "clob_up_ask": 0.55,
      "clob_down_ask": 0.45,
      "seconds_left": 190.57027220726013
    },
    {
      "ts": "2026-09-17T00:56:59.527080Z",
      "slug": "btc-updown-5m-1789606500",
      "status": "heartbeat",
      "gamma_up": 0.495,
      "gamma_down": 0.505,
      "clob_up_ask": 0.62,
      "clob_down_ask": 0.38,
      "seconds_left": 181.26416659355164,
      "min_spread": 0.010000000000000009
    },
    {
      "ts": "2026-09-17T00:56:59.527180Z",
      "slug": "btc-updown-5m-1789606500",
      "status": "skip_price_below_threshold",
      "threshold": 0.7,
      "clob_up_ask": 0.62,
      "clob_down_ask": 0.38,
      "seconds_left": 181.26416659355164
    },
    {
      "ts": "2026-09-17T00:57:05.701173Z",
      "slug": "btc-updown-5m-1789606500",
      "status": "heartbeat",
      "gamma_up": 0.495,
      "gamma_down": 0.505,
      "clob_up_ask": 0.45,
      "clob_down_ask": 0.56,
      "seconds_left": 175.10839772224426,
      "min_spread": 0.010000000000000009
    },
    {
      "ts": "2026-09-17T00:57:05.701206Z",
      "slug": "btc-updown-5m-1789606500",
      "status": "skip_price_below_threshold",
      "threshold": 0.7,
      "clob_up_ask": 0.45,
      "clob_down_ask": 0.56,
      "seconds_left": 175.10839772224426
    },
    {
      "ts": "2026-09-17T00:57:11.811324Z",
      "slug": "btc-updown-5m-1789606500",
      "status": "heartbeat",
      "gamma_up": 0.495,
      "gamma_down": 0.505,
      "clob_up_ask": 0.46,
      "clob_down_ask": 0.55,
      "seconds_left": 168.9713580608368,
      "min_spread": 0.010000000000000009
    },
    {
      "ts": "2026-09-17T00:57:11.811351Z",
      "slug": "btc-updown-5m-1789606500",
      "status": "skip_price_below_threshold",
      "threshold": 0.7,
      "clob_up_ask": 0.46,
      "clob_down_ask": 0.55,
      "seconds_left": 168.9713580608368
    },
    {
      "ts": "2026-09-17T00:57:17.866124Z",
      "slug": "btc-updown-5m-1789606500",
      "status": "heartbeat",
      "gamma_up": 0.495,
      "gamma_down": 0.505,
      "clob_up_ask": 0.57,
      "clob_down_ask": 0.48,
      "seconds_left": 162.91171169281006,
      "min_spread": 0.009999999999999898
    },
    {
      "ts": "2026-09-17T00:57:17.866137Z",
      "slug": "btc-updown-5m-1789606500",
      "status": "skip_price_below_threshold",
      "threshold": 0.7,
      "clob_up_ask": 0.57,
      "clob_down_ask": 0.48,
      "seconds_left": 162.91171169281006
    },
    {
      "ts": "2026-09-17T00:57:23.921731Z",
      "slug": "btc-updown-5m-1789606500",
      "status": "heartbeat",
      "gamma_up": 0.495,
      "gamma_down": 0.505,
      "clob_up_ask": 0.43,
      "clob_down_ask": 0.58,
      "seconds_left": 156.84899616241455,
      "min_spread": 0.010000000000000009
    },
    {
      "ts": "2026-09-17T00:57:23.921744Z",
      "slug": "btc-updown-5m-1789606500",
      "status": "skip_price_below_threshold",
      "threshold": 0.7,
      "clob_up_ask": 0.43,
      "clob_down_ask": 0.58,
      "seconds_left": 156.84899616241455
    },
    {
      "ts": "2026-09-17T00:57:33.162943Z",
      "slug": "btc-updown-5m-1789606500",
      "status": "heartbeat",
      "gamma_up": 0.495,
      "gamma_down": 0.505,
      "clob_up_ask": 0.41,
      "clob_down_ask": 0.6,
      "seconds_left": 147.6187243461609,
      "min_spread": 0.009999999999999953
    },
    {
      "ts": "2026-09-17T00:57:33.162962Z",
      "slug": "btc-updown-5m-1789606500",
      "status": "skip_price_below_threshold",
      "threshold": 0.7,
      "clob_up_ask": 0.41,
      "clob_down_ask": 0.6,
      "seconds_left": 147.6187243461609
    },
    {
      "ts": "2026-09-17T00:57:39.204412Z",
      "slug": "btc-updown-5m-1789606500",
      "status": "heartbeat",
      "gamma_up": 0.495,
      "gamma_down": 0.505,
      "clob_up_ask": 0.3,
      "clob_down_ask": 0.69,
      "seconds_left": 141.5520293712616,
      "min_spread": 0.009999999999999898
    },
    {
      "ts": "2026-09-17T00:57:39.204435Z",
      "slug": "btc-updown-5m-1789606500",
      "status": "skip_price_below_threshold",
      "threshold": 0.7,
      "clob_up_ask": 0.3,
      "clob_down_ask": 0.69,
      "seconds_left": 141.5520293712616
    },
    {
      "ts": "2026-09-17T00:57:45.287116Z",
      "slug": "btc-updown-5m-1789606500",
      "status": "heartbeat",
      "gamma_up": 0.495,
      "gamma_down": 0.505,
      "clob_up_ask": 0.29,
      "clob_down_ask": 0.72,
      "seconds_left": 135.50250029563904,
      "min_spread": 0.009999999999999953
    },
    {
      "ts": "2026-09-17T00:57:54.116834Z",
      "slug": "btc-updown-5m-1789606500",
      "status": "heartbeat",
      "gamma_up": 0.495,
      "gamma_down": 0.505,
      "clob_up_ask": 0.3,
      "clob_down_ask": 0.71,
      "seconds_left": 126.62078142166138,
      "min_spread": 0.010000000000000009
    },
    {
      "ts": "2026-09-17T00:58:06.090062Z",
      "slug": "btc-updown-5m-1789606500",
      "status": "heartbeat",
      "gamma_up": 0.495,
      "gamma_down": 0.505,
      "clob_up_ask": 0.1,
      "clob_down_ask": 0.91,
      "seconds_left": 117.90769910812378,
      "min_spread": 0.010000000000000009
    },
    {
      "ts": "2026-09-17T00:58:15.028848Z",
      "slug": "btc-updown-5m-1789606500",
      "status": "heartbeat",
      "gamma_up": 0.495,
      "gamma_down": 0.505,
      "clob_up_ask": 0.14,
      "clob_down_ask": 0.88,
      "seconds_left": 105.75986361503601,
      "min_spread": 0.010000000000000009
    },
    {
      "ts": "2026-09-17T00:58:23.683685Z",
      "slug": "btc-updown-5m-1789606500",
      "status": "heartbeat",
      "gamma_up": 0.495,
      "gamma_down": 0.505,
      "clob_up_ask": 0.11,
      "clob_down_ask": 0.91,
      "seconds_left": 97.10186409950256,
      "min_spread": 0.009999999999999995
    },
    {
      "ts": "2026-09-17T00:58:32.312924Z",
      "slug": "btc-updown-5m-1789606500",
      "status": "heartbeat",
      "gamma_up": 0.495,
      "gamma_down": 0.505,
      "clob_up_ask": 0.06,
      "clob_down_ask": 0.95,
      "seconds_left": 88.43192505836487,
      "min_spread": 0.009999999999999995
    },
    {
      "ts": "2026-09-17T00:58:44.503973Z",
      "slug": "btc-updown-5m-1789606500",
      "status": "heartbeat",
      "gamma_up": 0.495,
      "gamma_down": 0.505,
      "clob_up_ask": 0.03,
      "clob_down_ask": 0.98,
      "seconds_left": 76.46132469177246,
      "min_spread": 0.009999999999999998
    },
    {
      "ts": "2026-09-17T00:58:53.342223Z",
      "slug": "btc-updown-5m-1789606500",
      "status": "heartbeat",
      "gamma_up": 0.035,
      "gamma_down": 0.965,
      "clob_up_ask": 0.02,
      "clob_down_ask": 0.99,
      "seconds_left": 67.40287017822266,
      "min_spread": 0.01
    },
    {
      "ts": "2026-09-17T00:59:01.282878Z",
      "slug": "btc-updown-5m-1789606500",
      "status": "skip_too_late_to_enter",
      "seconds_left": 58.71712803840637,
      "min_entry_seconds_left": 60
    },
    {
      "ts": "2026-09-17T00:59:06.569296Z",
      "slug": "btc-updown-5m-1789606500",
      "status": "skip_too_late_to_enter",
      "seconds_left": 53.43070936203003,
      "min_entry_seconds_left": 60
    },
    {
      "ts": "2026-09-17T00:59:11.885917Z",
      "slug": "btc-updown-5m-1789606500",
      "status": "skip_too_late_to_enter",
      "seconds_left": 48.11408734321594,
      "min_entry_seconds_left": 60
    },
    {
      "ts": "2026-09-17T00:59:20.368465Z",
      "slug": "btc-updown-5m-1789606500",
      "status": "skip_too_late_to_enter",
      "seconds_left": 39.631540298461914,
      "min_entry_seconds_left": 60
    },
    {
      "ts": "2026-09-17T00:59:25.640443Z",
      "slug": "btc-updown-5m-1789606500",
      "status": "skip_too_late_to_enter",
      "seconds_left": 34.35956335067749,
      "min_entry_seconds_left": 60
    },
    {
      "ts": "2026-09-17T00:59:30.949640Z",
      "slug": "btc-updown-5m-1789606500",
      "status": "skip_too_late_to_enter",
      "seconds_left": 29.05036497116089,
      "min_entry_seconds_left": 60
    },
    {
      "ts": "2026-09-17T00:59:36.275935Z",
      "slug": "btc-updown-5m-1789606500",
      "status": "skip_too_late_to_enter",
      "seconds_left": 23.724070072174072,
      "min_entry_seconds_left": 60
    },
    {
      "ts": "2026-09-17T00:59:41.581623Z",
      "slug": "btc-updown-5m-1789606500",
      "status": "skip_too_late_to_enter",
      "seconds_left": 18.41838002204895,
      "min_entry_seconds_left": 60
    },
    {
      "ts": "2026-09-17T00:59:47.070691Z",
      "slug": "btc-updown-5m-1789606500",
      "status": "skip_too_late_to_enter",
      "seconds_left": 12.929311275482178,
      "min_entry_seconds_left": 60
    },
    {
      "ts": "2026-09-17T00:59:55.565050Z",
      "status": "heartbeat_no_current_market"
    },
    {
      "ts": "2026-09-17T01:00:01.900206Z",
      "slug": "btc-updown-5m-1789606800",
      "status": "heartbeat",
      "gamma_up": 0.495,
      "gamma_down": 0.505,
      "clob_up_ask": 0.6,
      "clob_down_ask": 0.42,
      "seconds_left": 299.1101360321045,
      "min_spread": 0.010000000000000009
    },
    {
      "ts": "2026-09-17T01:00:01.900236Z",
      "slug": "btc-updown-5m-1789606800",
      "status": "skip_price_below_threshold",
      "threshold": 0.7,
      "clob_up_ask": 0.6,
      "clob_down_ask": 0.42,
      "seconds_left": 299.1101360321045
    },
    {
      "ts": "2026-09-17T01:00:12.980931Z",
      "slug": "btc-updown-5m-1789606800",
      "status": "heartbeat",
      "gamma_up": 0.495,
      "gamma_down": 0.505,
      "clob_up_ask": 0.44,
      "clob_down_ask": 0.57,
      "seconds_left": 292.7931578159332,
      "min_spread": 0.009999999999999898
    },
    {
      "ts": "2026-09-17T01:00:12.980953Z",
      "slug": "btc-updown-5m-1789606800",
      "status": "skip_price_below_threshold",
      "threshold": 0.7,
      "clob_up_ask": 0.44,
      "clob_down_ask": 0.57,
      "seconds_left": 292.7931578159332
    },
    {
      "ts": "2026-09-17T01:00:19.083179Z",
      "slug": "btc-updown-5m-1789606800",
      "status": "heartbeat",
      "gamma_up": 0.495,
      "gamma_down": 0.505,
      "clob_up_ask": 0.35,
      "clob_down_ask": 0.65,
      "seconds_left": 281.71579670906067,
      "min_spread": 0.009999999999999953
    },
    {
      "ts": "2026-09-17T01:00:19.083206Z",
      "slug": "btc-updown-5m-1789606800",
      "status": "skip_price_below_threshold",
      "threshold": 0.7,
      "clob_up_ask": 0.35,
      "clob_down_ask": 0.65,
      "seconds_left": 281.71579670906067
    },
    {
      "ts": "2026-09-17T01:00:25.183441Z",
      "slug": "btc-updown-5m-1789606800",
      "status": "heartbeat",
      "gamma_up": 0.495,
      "gamma_down": 0.505,
      "clob_up_ask": 0.18,
      "clob_down_ask": 0.83,
      "seconds_left": 275.6092209815979,
      "min_spread": 0.009999999999999981
    },
    {
      "ts": "2026-09-17T01:00:46.381842Z",
      "slug": "btc-updown-5m-1789606800",
      "status": "skip_clob_unavailable",
      "error": "PolyApiException[status_code=None, error_message=Request exception!]"
    },
    {
      "ts": "2026-09-17T01:00:52.441638Z",
      "slug": "btc-updown-5m-1789606800",
      "status": "heartbeat",
      "gamma_up": 0.495,
      "gamma_down": 0.505,
      "clob_up_ask": 0.12,
      "clob_down_ask": 0.89,
      "seconds_left": 248.31780815124512,
      "min_spread": 0.009999999999999995
    },
    {
      "ts": "2026-09-17T01:00:59.867034Z",
      "slug": "btc-updown-5m-1789606800",
      "status": "heartbeat",
      "gamma_up": 0.495,
      "gamma_down": 0.505,
      "clob_up_ask": 0.08,
      "clob_down_ask": 0.93,
      "seconds_left": 240.9058392047882,
      "min_spread": 0.009999999999999995
    },
    {
      "ts": "2026-09-17T01:01:13.042556Z",
      "slug": "btc-updown-5m-1789606800",
      "status": "heartbeat",
      "gamma_up": 0.495,
      "gamma_down": 0.505,
      "clob_up_ask": 0.06,
      "clob_down_ask": 0.95,
      "seconds_left": 227.76542782783508,
      "min_spread": 0.009999999999999995
    },
    {
      "ts": "2026-09-17T01:01:21.755413Z",
      "slug": "btc-updown-5m-1789606800",
      "status": "heartbeat",
      "gamma_up": 0.495,
      "gamma_down": 0.505,
      "clob_up_ask": 0.09,
      "clob_down_ask": 0.92,
      "seconds_left": 219.03232979774475,
      "min_spread": 0.009999999999999995
    },
    {
      "ts": "2026-09-17T01:01:30.683140Z",
      "slug": "btc-updown-5m-1789606800",
      "status": "heartbeat",
      "gamma_up": 0.085,
      "gamma_down": 0.915,
      "clob_up_ask": 0.06,
      "clob_down_ask": 0.95,
      "seconds_left": 210.17762351036072,
      "min_spread": 0.009999999999999995
    },
    {
      "ts": "2026-09-17T01:01:43.136150Z",
      "slug": "btc-updown-5m-1789606800",
      "status": "heartbeat",
      "gamma_up": 0.085,
      "gamma_down": 0.915,
      "clob_up_ask": 0.04,
      "clob_down_ask": 0.97,
      "seconds_left": 197.65518712997437,
      "min_spread": 0.010000000000000002
    },
    {
      "ts": "2026-09-17T01:02:01.946892Z",
      "slug": "btc-updown-5m-1789606800",
      "status": "heartbeat",
      "gamma_up": 0.085,
      "gamma_down": 0.915,
      "clob_up_ask": 0.02,
      "clob_down_ask": 0.99,
      "seconds_left": 178.8719720840454,
      "min_spread": 0.01
    },
    {
      "ts": "2026-09-17T01:02:10.703497Z",
      "slug": "btc-updown-5m-1789606800",
      "status": "heartbeat",
      "gamma_up": 0.085,
      "gamma_down": 0.915,
      "clob_up_ask": 0.02,
      "clob_down_ask": 0.99,
      "seconds_left": 170.06406092643738,
      "min_spread": 0.01
    },
    {
      "ts": "2026-09-17T01:02:31.910410Z",
      "status": "heartbeat_no_current_market"
    },
    {
      "ts": "2026-09-17T01:02:38.099668Z",
      "slug": "btc-updown-5m-1789606800",
      "status": "heartbeat",
      "gamma_up": 0.085,
      "gamma_down": 0.915,
      "clob_up_ask": 0.01,
      "clob_down_ask": null,
      "seconds_left": 142.66393566131592,
      "min_spread": null
    },
    {
      "ts": "2026-09-17T01:02:38.099691Z",
      "slug": "btc-updown-5m-1789606800",
      "status": "skip_price_below_threshold",
      "threshold": 0.7,
      "clob_up_ask": 0.01,
      "clob_down_ask": null,
      "seconds_left": 142.66393566131592
    },
    {
      "ts": "2026-09-17T01:02:44.192806Z",
      "slug": "btc-updown-5m-1789606800",
      "status": "heartbeat",
      "gamma_up": 0.085,
      "gamma_down": 0.915,
      "clob_up_ask": 0.01,
      "clob_down_ask": null,
      "seconds_left": 136.58531284332275,
      "min_spread": null
    },
    {
      "ts": "2026-09-17T01:02:44.192830Z",
      "slug": "btc-updown-5m-1789606800",
      "status": "skip_price_below_threshold",
      "threshold": 0.7,
      "clob_up_ask": 0.01,
      "clob_down_ask": null,
      "seconds_left": 136.58531284332275
    },
    {
      "ts": "2026-09-17T01:02:53.954981Z",
      "slug": "btc-updown-5m-1789606800",
      "status": "heartbeat",
      "gamma_up": 0.085,
      "gamma_down": 0.915,
      "clob_up_ask": 0.01,
      "clob_down_ask": null,
      "seconds_left": 126.83036756515503,
      "min_spread": null
    },
    {
      "ts": "2026-09-17T01:02:53.954994Z",
      "slug": "btc-updown-5m-1789606800",
      "status": "skip_price_below_threshold",
      "threshold": 0.7,
      "clob_up_ask": 0.01,
      "clob_down_ask": null,
      "seconds_left": 126.83036756515503
    },
    {
      "ts": "2026-09-17T01:03:00.081529Z",
      "slug": "btc-updown-5m-1789606800",
      "status": "heartbeat",
      "gamma_up": 0.085,
      "gamma_down": 0.915,
      "clob_up_ask": 0.01,
      "clob_down_ask": null,
      "seconds_left": 120.74796485900879,
      "min_spread": null
    },
    {
      "ts": "2026-09-17T01:03:00.081554Z",
      "slug": "btc-updown-5m-1789606800",
      "status": "skip_price_below_threshold",
      "threshold": 0.7,
      "clob_up_ask": 0.01,
      "clob_down_ask": null,
      "seconds_left": 120.74796485900879
    }
  ],
  "last_open_try": "{\"mode\": \"open\", \"execute\": true, \"market_slug\": \"btc-updown-5m-1789606800\", \"force_side\": \"DOWN\", \"token_id\": \"19341631334405400054829989041958339745393266121700167814202021254912828563921\", \"entry_price\": 0.99, \"notional_usd\": 5.0, \"top_ask_notional_usd\": 1414.5021, \"collateral_pusd\": 0.795846, \"skipped\": \"insufficient_collateral\", \"order_post_result\": {\"success\": false, \"status\": \"skipped\", \"errorMsg\": \"insufficient_collateral:0.795846\"}}\n\n[py_clob_client_v2] request error status=400 url=https://clob.polymarket.com/auth/api-key body={\"error\":\"Could not create api key\"}\n\n",
  "finished_at": "2026-09-17T01:03:05.081643Z",
  "result": "no_entry_timeout"
}
[2026-09-17T01:03:05Z] session_end rc=0 trades=5 stake_usd=5
journal_ok trades=143 md=/home/yukeen/polymarketbot/5min-btc-polymarket/data/live_trades.md json=/home/yukeen/polymarketbot/5min-btc-polymarket/data/live_trades.json
[py_clob_client_v2] request error status=400 url=https://clob.polymarket.com/auth/api-key body={"error":"Could not create api key"}

[2026-09-17T01:04:20Z] cash=0.795846
{"martingale": true, "next_stake": 10.0, "loss_streak": 1, "last_outcome": "loss", "last_opened_at": "2026-09-16T23:46:37.224973Z", "applied": 0}
[2026-09-17T01:04:28Z] martingale_clamp cash=0.795846 stake=5
[2026-09-17T01:04:28Z] session_begin trades=5 stake_usd=5
{
  "started_at": "2026-09-17T01:04:28.967569Z",
  "params": {
    "profile": "conservative",
    "threshold": 0.7,
    "stake_usd": 5.0,
    "stop_loss_pct": 0.9,
    "exit_before_sec": 20,
    "min_entry_seconds_left": 60,
    "entry_timeout_min": 12,
    "poll_sec": 5.0,
    "close_retry_max": 30,
    "close_retry_delay_sec": 2.0,
    "execute": true
  },
  "attempts": [
    {
      "ts": "2026-09-17T01:04:29.267377Z",
      "slug": "btc-updown-5m-1789606800",
      "status": "skip_too_late_to_enter",
      "seconds_left": 30.732632160186768,
      "min_entry_seconds_left": 60
    },
    {
      "ts": "2026-09-17T01:04:34.546996Z",
      "slug": "btc-updown-5m-1789606800",
      "status": "skip_too_late_to_enter",
      "seconds_left": 25.453012228012085,
      "min_entry_seconds_left": 60
    },
    {
      "ts": "2026-09-17T01:04:43.786436Z",
      "slug": "btc-updown-5m-1789606800",
      "status": "skip_too_late_to_enter",
      "seconds_left": 16.21357011795044,
      "min_entry_seconds_left": 60
    },
    {
      "ts": "2026-09-17T01:04:49.083823Z",
      "slug": "btc-updown-5m-1789606800",
      "status": "skip_too_late_to_enter",
      "seconds_left": 10.91618299484253,
      "min_entry_seconds_left": 60
    },
    {
      "ts": "2026-09-17T01:04:54.413594Z",
      "slug": "btc-updown-5m-1789606800",
      "status": "skip_too_late_to_enter",
      "seconds_left": 5.586411237716675,
      "min_entry_seconds_left": 60
    },
    {
      "ts": "2026-09-17T01:04:59.725281Z",
      "status": "heartbeat_no_current_market"
    },
    {
      "ts": "2026-09-17T01:05:05.781936Z",
      "slug": "btc-updown-5m-1789607100",
      "status": "heartbeat",
      "gamma_up": 0.52,
      "gamma_down": 0.48,
      "clob_up_ask": 0.49,
      "clob_down_ask": 0.52,
      "seconds_left": 294.97313928604126,
      "min_spread": 0.010000000000000009
    },
    {
      "ts": "2026-09-17T01:05:05.781996Z",
      "slug": "btc-updown-5m-1789607100",
      "status": "skip_price_below_threshold",
      "threshold": 0.7,
      "clob_up_ask": 0.49,
      "clob_down_ask": 0.52,
      "seconds_left": 294.97313928604126
    },
    {
      "ts": "2026-09-17T01:05:11.893010Z",
      "slug": "btc-updown-5m-1789607100",
      "status": "heartbeat",
      "gamma_up": 0.52,
      "gamma_down": 0.48,
      "clob_up_ask": 0.52,
      "clob_down_ask": 0.49,
      "seconds_left": 288.8772568702698,
      "min_spread": 0.010000000000000009
    },
    {
      "ts": "2026-09-17T01:05:11.893035Z",
      "slug": "btc-updown-5m-1789607100",
      "status": "skip_price_below_threshold",
      "threshold": 0.7,
      "clob_up_ask": 0.52,
      "clob_down_ask": 0.49,
      "seconds_left": 288.8772568702698
    },
    {
      "ts": "2026-09-17T01:05:21.620533Z",
      "slug": "btc-updown-5m-1789607100",
      "status": "heartbeat",
      "gamma_up": 0.52,
      "gamma_down": 0.48,
      "clob_up_ask": 0.57,
      "clob_down_ask": 0.44,
      "seconds_left": 279.1483266353607,
      "min_spread": 0.009999999999999898
    },
    {
      "ts": "2026-09-17T01:05:21.620554Z",
      "slug": "btc-updown-5m-1789607100",
      "status": "skip_price_below_threshold",
      "threshold": 0.7,
      "clob_up_ask": 0.57,
      "clob_down_ask": 0.44,
      "seconds_left": 279.1483266353607
    },
    {
      "ts": "2026-09-17T01:05:27.651323Z",
      "slug": "btc-updown-5m-1789607100",
      "status": "heartbeat",
      "gamma_up": 0.52,
      "gamma_down": 0.48,
      "clob_up_ask": 0.52,
      "clob_down_ask": 0.51,
      "seconds_left": 273.0954532623291,
      "min_spread": 0.010000000000000009
    },
    {
      "ts": "2026-09-17T01:05:27.651349Z",
      "slug": "btc-updown-5m-1789607100",
      "status": "skip_price_below_threshold",
      "threshold": 0.7,
      "clob_up_ask": 0.52,
      "clob_down_ask": 0.51,
      "seconds_left": 273.0954532623291
    },
    {
      "ts": "2026-09-17T01:05:33.718962Z",
      "slug": "btc-updown-5m-1789607100",
      "status": "heartbeat",
      "gamma_up": 0.52,
      "gamma_down": 0.48,
      "clob_up_ask": 0.52,
      "clob_down_ask": 0.49,
      "seconds_left": 267.0611426830292,
      "min_spread": 0.010000000000000009
    },
    {
      "ts": "2026-09-17T01:05:33.718992Z",
      "slug": "btc-updown-5m-1789607100",
      "status": "skip_price_below_threshold",
      "threshold": 0.7,
      "clob_up_ask": 0.52,
      "clob_down_ask": 0.49,
      "seconds_left": 267.0611426830292
    },
    {
      "ts": "2026-09-17T01:05:39.846300Z",
      "slug": "btc-updown-5m-1789607100",
      "status": "heartbeat",
      "gamma_up": 0.52,
      "gamma_down": 0.48,
      "clob_up_ask": 0.52,
      "clob_down_ask": 0.49,
      "seconds_left": 260.9342370033264,
      "min_spread": 0.010000000000000009
    },
    {
      "ts": "2026-09-17T01:05:39.846325Z",
      "slug": "btc-updown-5m-1789607100",
      "status": "skip_price_below_threshold",
      "threshold": 0.7,
      "clob_up_ask": 0.52,
      "clob_down_ask": 0.49,
      "seconds_left": 260.9342370033264
    },
    {
      "ts": "2026-09-17T01:05:45.913346Z",
      "slug": "btc-updown-5m-1789607100",
      "status": "heartbeat",
      "gamma_up": 0.52,
      "gamma_down": 0.48,
      "clob_up_ask": 0.5,
      "clob_down_ask": 0.51,
      "seconds_left": 254.8690538406372,
      "min_spread": 0.010000000000000009
    },
    {
      "ts": "2026-09-17T01:05:45.913374Z",
      "slug": "btc-updown-5m-1789607100",
      "status": "skip_price_below_threshold",
      "threshold": 0.7,
      "clob_up_ask": 0.5,
      "clob_down_ask": 0.51,
      "seconds_left": 254.8690538406372
    },
    {
      "ts": "2026-09-17T01:05:55.682962Z",
      "slug": "btc-updown-5m-1789607100",
      "status": "heartbeat",
      "gamma_up": 0.52,
      "gamma_down": 0.48,
      "clob_up_ask": 0.5,
      "clob_down_ask": 0.55,
      "seconds_left": 245.12250328063965,
      "min_spread": 0.010000000000000009
    },
    {
      "ts": "2026-09-17T01:05:55.682984Z",
      "slug": "btc-updown-5m-1789607100",
      "status": "skip_price_below_threshold",
      "threshold": 0.7,
      "clob_up_ask": 0.5,
      "clob_down_ask": 0.55,
      "seconds_left": 245.12250328063965
    },
    {
      "ts": "2026-09-17T01:06:01.767719Z",
      "slug": "btc-updown-5m-1789607100",
      "status": "heartbeat",
      "gamma_up": 0.52,
      "gamma_down": 0.48,
      "clob_up_ask": 0.51,
      "clob_down_ask": 0.5,
      "seconds_left": 239.02958250045776,
      "min_spread": 0.010000000000000009
    },
    {
      "ts": "2026-09-17T01:06:01.767752Z",
      "slug": "btc-updown-5m-1789607100",
      "status": "skip_price_below_threshold",
      "threshold": 0.7,
      "clob_up_ask": 0.51,
      "clob_down_ask": 0.5,
      "seconds_left": 239.02958250045776
    },
    {
      "ts": "2026-09-17T01:06:07.888466Z",
      "slug": "btc-updown-5m-1789607100",
      "status": "heartbeat",
      "gamma_up": 0.52,
      "gamma_down": 0.48,
      "clob_up_ask": 0.54,
      "clob_down_ask": 0.45,
      "seconds_left": 232.91317796707153,
      "min_spread": 0.010000000000000009
    },
    {
      "ts": "2026-09-17T01:06:07.888493Z",
      "slug": "btc-updown-5m-1789607100",
      "status": "skip_price_below_threshold",
      "threshold": 0.7,
      "clob_up_ask": 0.54,
      "clob_down_ask": 0.45,
      "seconds_left": 232.91317796707153
    },
    {
      "ts": "2026-09-17T01:06:13.980753Z",
      "slug": "btc-updown-5m-1789607100",
      "status": "heartbeat",
      "gamma_up": 0.52,
      "gamma_down": 0.48,
      "clob_up_ask": 0.55,
      "clob_down_ask": 0.46,
      "seconds_left": 226.792706489563,
      "min_spread": 0.010000000000000009
    },
    {
      "ts": "2026-09-17T01:06:13.980778Z",
      "slug": "btc-updown-5m-1789607100",
      "status": "skip_price_below_threshold",
      "threshold": 0.7,
      "clob_up_ask": 0.55,
      "clob_down_ask": 0.46,
      "seconds_left": 226.792706489563
    },
    {
      "ts": "2026-09-17T01:06:20.037481Z",
      "slug": "btc-updown-5m-1789607100",
      "status": "heartbeat",
      "gamma_up": 0.52,
      "gamma_down": 0.48,
      "clob_up_ask": 0.78,
      "clob_down_ask": 0.23,
      "seconds_left": 220.7474844455719,
      "min_spread": 0.010000000000000009
    },
    {
      "ts": "2026-09-17T01:06:32.371904Z",
      "slug": "btc-updown-5m-1789607100",
      "status": "heartbeat",
      "gamma_up": 0.52,
      "gamma_down": 0.48,
      "clob_up_ask": 0.92,
      "clob_down_ask": 0.09,
      "seconds_left": 208.38745760917664,
      "min_spread": 0.009999999999999995
    },
    {
      "ts": "2026-09-17T01:06:41.236783Z",
      "slug": "btc-updown-5m-1789607100",
      "status": "heartbeat",
      "gamma_up": 0.52,
      "gamma_down": 0.48,
      "clob_up_ask": 0.97,
      "clob_down_ask": 0.04,
      "seconds_left": 199.527578830719,
      "min_spread": 0.010000000000000002
    },
    {
      "ts": "2026-09-17T01:06:50.560322Z",
      "slug": "btc-updown-5m-1789607100",
      "status": "heartbeat",
      "gamma_up": 0.52,
      "gamma_down": 0.48,
      "clob_up_ask": 0.97,
      "clob_down_ask": 0.04,
      "seconds_left": 190.19403457641602,
      "min_spread": 0.010000000000000002
    },
    {
      "ts": "2026-09-17T01:06:59.201509Z",
      "slug": "btc-updown-5m-1789607100",
      "status": "heartbeat",
      "gamma_up": 0.52,
      "gamma_down": 0.48,
      "clob_up_ask": 0.98,
      "clob_down_ask": 0.03,
      "seconds_left": 181.58102321624756,
      "min_spread": 0.009999999999999998
    },
    {
      "ts": "2026-09-17T01:07:11.667868Z",
      "slug": "btc-updown-5m-1789607100",
      "status": "heartbeat",
      "gamma_up": 0.52,
      "gamma_down": 0.48,
      "clob_up_ask": 0.98,
      "clob_down_ask": 0.03,
      "seconds_left": 169.15482187271118,
      "min_spread": 0.009999999999999998
    },
    {
      "ts": "2026-09-17T01:07:20.451343Z",
      "slug": "btc-updown-5m-1789607100",
      "status": "heartbeat",
      "gamma_up": 0.52,
      "gamma_down": 0.48,
      "clob_up_ask": 0.97,
      "clob_down_ask": 0.04,
      "seconds_left": 160.32353591918945,
      "min_spread": 0.010000000000000002
    },
    {
      "ts": "2026-09-17T01:07:29.136590Z",
      "slug": "btc-updown-5m-1789607100",
      "status": "heartbeat",
      "gamma_up": 0.52,
      "gamma_down": 0.48,
      "clob_up_ask": 0.97,
      "clob_down_ask": 0.04,
      "seconds_left": 151.65019512176514,
      "min_spread": 0.010000000000000002
    },
    {
      "ts": "2026-09-17T01:07:38.165929Z",
      "slug": "btc-updown-5m-1789607100",
      "status": "heartbeat",
      "gamma_up": 0.52,
      "gamma_down": 0.48,
      "clob_up_ask": 0.97,
      "clob_down_ask": 0.03,
      "seconds_left": 142.63939380645752,
      "min_spread": 0.009999999999999998
    },
    {
      "ts": "2026-09-17T01:07:50.601775Z",
      "slug": "btc-updown-5m-1789607100",
      "status": "heartbeat",
      "gamma_up": 0.52,
      "gamma_down": 0.48,
      "clob_up_ask": null,
      "clob_down_ask": 0.01,
      "seconds_left": 130.18739771842957,
      "min_spread": null
    },
    {
      "ts": "2026-09-17T01:07:50.601801Z",
      "slug": "btc-updown-5m-1789607100",
      "status": "skip_price_below_threshold",
      "threshold": 0.7,
      "clob_up_ask": null,
      "clob_down_ask": 0.01,
      "seconds_left": 130.18739771842957
    },
    {
      "ts": "2026-09-17T01:07:56.740409Z",
      "slug": "btc-updown-5m-1789607100",
      "status": "heartbeat",
      "gamma_up": 0.52,
      "gamma_down": 0.48,
      "clob_up_ask": null,
      "clob_down_ask": 0.01,
      "seconds_left": 124.10376453399658,
      "min_spread": null
    },
    {
      "ts": "2026-09-17T01:07:56.740431Z",
      "slug": "btc-updown-5m-1789607100",
      "status": "skip_price_below_threshold",
      "threshold": 0.7,
      "clob_up_ask": null,
      "clob_down_ask": 0.01,
      "seconds_left": 124.10376453399658
    },
    {
      "ts": "2026-09-17T01:08:02.805901Z",
      "slug": "btc-updown-5m-1789607100",
      "status": "heartbeat",
      "gamma_up": 0.52,
      "gamma_down": 0.48,
      "clob_up_ask": null,
      "clob_down_ask": 0.01,
      "seconds_left": 117.96255302429199,
      "min_spread": null
    },
    {
      "ts": "2026-09-17T01:08:02.805923Z",
      "slug": "btc-updown-5m-1789607100",
      "status": "skip_price_below_threshold",
      "threshold": 0.7,
      "clob_up_ask": null,
      "clob_down_ask": 0.01,
      "seconds_left": 117.96255302429199
    },
    {
      "ts": "2026-09-17T01:08:08.908003Z",
      "slug": "btc-updown-5m-1789607100",
      "status": "heartbeat",
      "gamma_up": 0.52,
      "gamma_down": 0.48,
      "clob_up_ask": null,
      "clob_down_ask": 0.01,
      "seconds_left": 111.84493947029114,
      "min_spread": null
    },
    {
      "ts": "2026-09-17T01:08:08.908027Z",
      "slug": "btc-updown-5m-1789607100",
      "status": "skip_price_below_threshold",
      "threshold": 0.7,
      "clob_up_ask": null,
      "clob_down_ask": 0.01,
      "seconds_left": 111.84493947029114
    },
    {
      "ts": "2026-09-17T01:08:18.787397Z",
      "slug": "btc-updown-5m-1789607100",
      "status": "heartbeat",
      "gamma_up": 0.52,
      "gamma_down": 0.48,
      "clob_up_ask": null,
      "clob_down_ask": 0.001,
      "seconds_left": 105.7962417602539,
      "min_spread": null
    },
    {
      "ts": "2026-09-17T01:08:18.787420Z",
      "slug": "btc-updown-5m-1789607100",
      "status": "skip_price_below_threshold",
      "threshold": 0.7,
      "clob_up_ask": null,
      "clob_down_ask": 0.001,
      "seconds_left": 105.7962417602539
    },
    {
      "ts": "2026-09-17T01:08:25.043520Z",
      "slug": "btc-updown-5m-1789607100",
      "status": "heartbeat",
      "gamma_up": 0.52,
      "gamma_down": 0.48,
      "clob_up_ask": null,
      "clob_down_ask": 0.004,
      "seconds_left": 95.92449927330017,
      "min_spread": 0.001
    },
    {
      "ts": "2026-09-17T01:08:25.043541Z",
      "slug": "btc-updown-5m-1789607100",
      "status": "skip_price_below_threshold",
      "threshold": 0.7,
      "clob_up_ask": null,
      "clob_down_ask": 0.004,
      "seconds_left": 95.92449927330017
    },
    {
      "ts": "2026-09-17T01:08:31.147508Z",
      "slug": "btc-updown-5m-1789607100",
      "status": "heartbeat",
      "gamma_up": 0.52,
      "gamma_down": 0.48,
      "clob_up_ask": 0.997,
      "clob_down_ask": 0.005,
      "seconds_left": 89.6552882194519,
      "min_spread": 0.001
    },
    {
      "ts": "2026-09-17T01:08:40.171804Z",
      "slug": "btc-updown-5m-1789607100",
      "status": "heartbeat",
      "gamma_up": 0.52,
      "gamma_down": 0.48,
      "clob_up_ask": null,
      "clob_down_ask": 0.001,
      "seconds_left": 80.6003737449646,
      "min_spread": null
    },
    {
      "ts": "2026-09-17T01:08:40.171826Z",
      "slug": "btc-updown-5m-1789607100",
      "status": "skip_price_below_threshold",
      "threshold": 0.7,
      "clob_up_ask": null,
      "clob_down_ask": 0.001,
      "seconds_left": 80.6003737449646
    },
    {
      "ts": "2026-09-17T01:08:46.265625Z",
      "slug": "btc-updown-5m-1789607100",
      "status": "heartbeat",
      "gamma_up": 0.52,
      "gamma_down": 0.48,
      "clob_up_ask": null,
      "clob_down_ask": 0.001,
      "seconds_left": 74.50549864768982,
      "min_spread": null
    },
    {
      "ts": "2026-09-17T01:08:46.265654Z",
      "slug": "btc-updown-5m-1789607100",
      "status": "skip_price_below_threshold",
      "threshold": 0.7,
      "clob_up_ask": null,
      "clob_down_ask": 0.001,
      "seconds_left": 74.50549864768982
    },
    {
      "ts": "2026-09-17T01:08:56.000419Z",
      "slug": "btc-updown-5m-1789607100",
      "status": "heartbeat",
      "gamma_up": 0.52,
      "gamma_down": 0.48,
      "clob_up_ask": null,
      "clob_down_ask": 0.001,
      "seconds_left": 64.77365565299988,
      "min_spread": null
    },
    {
      "ts": "2026-09-17T01:08:56.000445Z",
      "slug": "btc-updown-5m-1789607100",
      "status": "skip_price_below_threshold",
      "threshold": 0.7,
      "clob_up_ask": null,
      "clob_down_ask": 0.001,
      "seconds_left": 64.77365565299988
    },
    {
      "ts": "2026-09-17T01:09:01.297824Z",
      "slug": "btc-updown-5m-1789607100",
      "status": "skip_too_late_to_enter",
      "seconds_left": 58.70218062400818,
      "min_entry_seconds_left": 60
    },
    {
      "ts": "2026-09-17T01:09:16.759691Z",
      "slug": "btc-updown-5m-1789607100",
      "status": "skip_too_late_to_enter",
      "seconds_left": 43.24031376838684,
      "min_entry_seconds_left": 60
    },
    {
      "ts": "2026-09-17T01:09:22.217903Z",
      "slug": "btc-updown-5m-1789607100",
      "status": "skip_too_late_to_enter",
      "seconds_left": 37.782103061676025,
      "min_entry_seconds_left": 60
    },
    {
      "ts": "2026-09-17T01:09:40.841326Z",
      "status": "heartbeat_no_current_market"
    },
    {
      "ts": "2026-09-17T01:09:55.848611Z",
      "status": "heartbeat_no_current_market"
    },
    {
      "ts": "2026-09-17T01:10:02.075092Z",
      "slug": "btc-updown-5m-1789607400",
      "status": "heartbeat",
      "gamma_up": 0.505,
      "gamma_down": 0.495,
      "clob_up_ask": 0.28,
      "clob_down_ask": 0.74,
      "seconds_left": 298.85253381729126,
      "min_spread": 0.010000000000000009
    },
    {
      "ts": "2026-09-17T01:10:14.350283Z",
      "slug": "btc-updown-5m-1789607400",
      "status": "heartbeat",
      "gamma_up": 0.505,
      "gamma_down": 0.495,
      "clob_up_ask": 0.27,
      "clob_down_ask": 0.74,
      "seconds_left": 286.40891695022583,
      "min_spread": 0.010000000000000009
    },
    {
      "ts": "2026-09-17T01:10:23.277705Z",
      "slug": "btc-updown-5m-1789607400",
      "status": "heartbeat",
      "gamma_up": 0.505,
      "gamma_down": 0.495,
      "clob_up_ask": 0.23,
      "clob_down_ask": 0.78,
      "seconds_left": 277.5088732242584,
      "min_spread": 0.010000000000000009
    },
    {
      "ts": "2026-09-17T01:10:45.897088Z",
      "slug": "btc-updown-5m-1789607400",
      "status": "heartbeat",
      "gamma_up": 0.505,
      "gamma_down": 0.495,
      "clob_up_ask": 0.2,
      "clob_down_ask": 0.81,
      "seconds_left": 254.92550921440125,
      "min_spread": 0.010000000000000009
    },
    {
      "ts": "2026-09-17T01:10:55.041210Z",
      "slug": "btc-updown-5m-1789607400",
      "status": "heartbeat",
      "gamma_up": 0.505,
      "gamma_down": 0.495,
      "clob_up_ask": 0.15,
      "clob_down_ask": 0.86,
      "seconds_left": 245.9451847076416,
      "min_spread": 0.009999999999999981
    },
    {
      "ts": "2026-09-17T01:11:04.401213Z",
      "slug": "btc-updown-5m-1789607400",
      "status": "heartbeat",
      "gamma_up": 0.505,
      "gamma_down": 0.495,
      "clob_up_ask": 0.18,
      "clob_down_ask": 0.85,
      "seconds_left": 236.82293176651,
      "min_spread": 0.009999999999999981
    },
    {
      "ts": "2026-09-17T01:11:13.113310Z",
      "slug": "btc-updown-5m-1789607400",
      "status": "heartbeat",
      "gamma_up": 0.505,
      "gamma_down": 0.495,
      "clob_up_ask": 0.18,
      "clob_down_ask": 0.81,
      "seconds_left": 227.64112496376038,
      "min_spread": 0.009999999999999981
    },
    {
      "ts": "2026-09-17T01:11:24.193627Z",
      "slug": "btc-updown-5m-1789607400",
      "status": "heartbeat",
      "gamma_up": 0.505,
      "gamma_down": 0.495,
      "clob_up_ask": 0.25,
      "clob_down_ask": 0.77,
      "seconds_left": 216.5682384967804,
      "min_spread": 0.010000000000000009
    },
    {
      "ts": "2026-09-17T01:11:47.990751Z",
      "slug": "btc-updown-5m-1789607400",
      "status": "heartbeat",
      "gamma_up": 0.265,
      "gamma_down": 0.735,
      "clob_up_ask": 0.21,
      "clob_down_ask": 0.8,
      "seconds_left": 192.87229824066162,
      "min_spread": 0.009999999999999981
    },
    {
      "ts": "2026-09-17T01:12:00.328045Z",
      "slug": "btc-updown-5m-1789607400",
      "status": "heartbeat",
      "gamma_up": 0.265,
      "gamma_down": 0.735,
      "clob_up_ask": 0.2,
      "clob_down_ask": 0.81,
      "seconds_left": 180.48779964447021,
      "min_spread": 0.010000000000000009
    },
    {
      "ts": "2026-09-17T01:12:09.112662Z",
      "slug": "btc-updown-5m-1789607400",
      "status": "heartbeat",
      "gamma_up": 0.265,
      "gamma_down": 0.735,
      "clob_up_ask": 0.16,
      "clob_down_ask": 0.85,
      "seconds_left": 171.69170117378235,
      "min_spread": 0.010000000000000009
    },
    {
      "ts": "2026-09-17T01:12:26.537459Z",
      "slug": "btc-updown-5m-1789607400",
      "status": "heartbeat",
      "gamma_up": 0.265,
      "gamma_down": 0.735,
      "clob_up_ask": 0.16,
      "clob_down_ask": 0.85,
      "seconds_left": 154.24255084991455,
      "min_spread": 0.010000000000000009
    },
    {
      "ts": "2026-09-17T01:12:51.888686Z",
      "slug": "btc-updown-5m-1789607400",
      "status": "heartbeat",
      "gamma_up": 0.265,
      "gamma_down": 0.735,
      "clob_up_ask": 0.08,
      "clob_down_ask": 0.93,
      "seconds_left": 128.93720889091492,
      "min_spread": 0.009999999999999995
    },
    {
      "ts": "2026-09-17T01:13:00.520113Z",
      "slug": "btc-updown-5m-1789607400",
      "status": "heartbeat",
      "gamma_up": 0.265,
      "gamma_down": 0.735,
      "clob_up_ask": 0.08,
      "clob_down_ask": 0.95,
      "seconds_left": 120.26669979095459,
      "min_spread": 0.009999999999999995
    },
    {
      "ts": "2026-09-17T01:13:13.022376Z",
      "slug": "btc-updown-5m-1789607400",
      "status": "heartbeat",
      "gamma_up": 0.265,
      "gamma_down": 0.735,
      "clob_up_ask": 0.07,
      "clob_down_ask": 0.89,
      "seconds_left": 107.76906085014343,
      "min_spread": 0.010000000000000009
    },
    {
      "ts": "2026-09-17T01:13:21.862378Z",
      "slug": "btc-updown-5m-1789607400",
      "status": "heartbeat",
      "gamma_up": 0.265,
      "gamma_down": 0.735,
      "clob_up_ask": 0.19,
      "clob_down_ask": 0.82,
      "seconds_left": 99.100665807724,
      "min_spread": 0.009999999999999898
    },
    {
      "ts": "2026-09-17T01:13:30.709098Z",
      "slug": "btc-updown-5m-1789607400",
      "status": "heartbeat",
      "gamma_up": 0.265,
      "gamma_down": 0.735,
      "clob_up_ask": 0.24,
      "clob_down_ask": 0.77,
      "seconds_left": 90.07754325866699,
      "min_spread": 0.009999999999999981
    },
    {
      "ts": "2026-09-17T01:13:43.000838Z",
      "slug": "btc-updown-5m-1789607400",
      "status": "heartbeat",
      "gamma_up": 0.265,
      "gamma_down": 0.735,
      "clob_up_ask": 0.12,
      "clob_down_ask": 0.89,
      "seconds_left": 81.35062146186829,
      "min_spread": 0.009999999999999995
    },
    {
      "ts": "2026-09-17T01:13:51.812274Z",
      "slug": "btc-updown-5m-1789607400",
      "status": "heartbeat",
      "gamma_up": 0.265,
      "gamma_down": 0.735,
      "clob_up_ask": 0.09,
      "clob_down_ask": 0.92,
      "seconds_left": 68.99520778656006,
      "min_spread": 0.009999999999999995
    },
    {
      "ts": "2026-09-17T01:14:00.614221Z",
      "slug": "btc-updown-5m-1789607400",
      "status": "heartbeat",
      "gamma_up": 0.265,
      "gamma_down": 0.735,
      "clob_up_ask": 0.05,
      "clob_down_ask": 0.96,
      "seconds_left": 60.18343377113342,
      "min_spread": 0.010000000000000002
    },
    {
      "ts": "2026-09-17T01:14:09.003362Z",
      "slug": "btc-updown-5m-1789607400",
      "status": "skip_too_late_to_enter",
      "seconds_left": 50.99664354324341,
      "min_entry_seconds_left": 60
    },
    {
      "ts": "2026-09-17T01:14:14.291444Z",
      "slug": "btc-updown-5m-1789607400",
      "status": "skip_too_late_to_enter",
      "seconds_left": 45.70856022834778,
      "min_entry_seconds_left": 60
    },
    {
      "ts": "2026-09-17T01:14:23.208732Z",
      "slug": "btc-updown-5m-1789607400",
      "status": "skip_too_late_to_enter",
      "seconds_left": 36.79127240180969,
      "min_entry_seconds_left": 60
    },
    {
      "ts": "2026-09-17T01:14:28.526467Z",
      "slug": "btc-updown-5m-1789607400",
      "status": "skip_too_late_to_enter",
      "seconds_left": 31.47353768348694,
      "min_entry_seconds_left": 60
    },
    {
      "ts": "2026-09-17T01:14:33.814832Z",
      "slug": "btc-updown-5m-1789607400",
      "status": "skip_too_late_to_enter",
      "seconds_left": 26.185173511505127,
      "min_entry_seconds_left": 60
    },
    {
      "ts": "2026-09-17T01:14:39.178404Z",
      "slug": "btc-updown-5m-1789607400",
      "status": "skip_too_late_to_enter",
      "seconds_left": 20.821600914001465,
      "min_entry_seconds_left": 60
    },
    {
      "ts": "2026-09-17T01:14:44.500772Z",
      "slug": "btc-updown-5m-1789607400",
      "status": "skip_too_late_to_enter",
      "seconds_left": 15.499233484268188,
      "min_entry_seconds_left": 60
    },
    {
      "ts": "2026-09-17T01:14:49.819831Z",
      "slug": "btc-updown-5m-1789607400",
      "status": "skip_too_late_to_enter",
      "seconds_left": 10.180172204971313,
      "min_entry_seconds_left": 60
    },
    {
      "ts": "2026-09-17T01:14:58.740957Z",
      "status": "heartbeat_no_current_market"
    },
    {
      "ts": "2026-09-17T01:15:04.915688Z",
      "slug": "btc-updown-5m-1789607700",
      "status": "heartbeat",
      "gamma_up": 0.505,
      "gamma_down": 0.495,
      "clob_up_ask": 0.75,
      "clob_down_ask": 0.26,
      "seconds_left": 295.9120364189148,
      "min_spread": 0.010000000000000009
    },
    {
      "ts": "2026-09-17T01:15:13.874805Z",
      "slug": "btc-updown-5m-1789607700",
      "status": "heartbeat",
      "gamma_up": 0.505,
      "gamma_down": 0.495,
      "clob_up_ask": 0.7,
      "clob_down_ask": 0.37,
      "seconds_left": 287.0527844429016,
      "min_spread": 0.010000000000000009
    },
    {
      "ts": "2026-09-17T01:15:22.716200Z",
      "slug": "btc-updown-5m-1789607700",
      "status": "heartbeat",
      "gamma_up": 0.505,
      "gamma_down": 0.495,
      "clob_up_ask": 0.47,
      "clob_down_ask": 0.5,
      "seconds_left": 278.05610179901123,
      "min_spread": 0.009999999999999953
    },
    {
      "ts": "2026-09-17T01:15:22.716228Z",
      "slug": "btc-updown-5m-1789607700",
      "status": "skip_price_below_threshold",
      "threshold": 0.7,
      "clob_up_ask": 0.47,
      "clob_down_ask": 0.5,
      "seconds_left": 278.05610179901123
    },
    {
      "ts": "2026-09-17T01:15:32.434678Z",
      "slug": "btc-updown-5m-1789607700",
      "status": "heartbeat",
      "gamma_up": 0.505,
      "gamma_down": 0.495,
      "clob_up_ask": 0.49,
      "clob_down_ask": 0.52,
      "seconds_left": 268.3263154029846,
      "min_spread": 0.010000000000000009
    },
    {
      "ts": "2026-09-17T01:15:32.434692Z",
      "slug": "btc-updown-5m-1789607700",
      "status": "skip_price_below_threshold",
      "threshold": 0.7,
      "clob_up_ask": 0.49,
      "clob_down_ask": 0.52,
      "seconds_left": 268.3263154029846
    },
    {
      "ts": "2026-09-17T01:15:38.600597Z",
      "slug": "btc-updown-5m-1789607700",
      "status": "heartbeat",
      "gamma_up": 0.505,
      "gamma_down": 0.495,
      "clob_up_ask": 0.47,
      "clob_down_ask": 0.54,
      "seconds_left": 262.20340490341187,
      "min_spread": 0.009999999999999953
    },
    {
      "ts": "2026-09-17T01:15:38.600616Z",
      "slug": "btc-updown-5m-1789607700",
      "status": "skip_price_below_threshold",
      "threshold": 0.7,
      "clob_up_ask": 0.47,
      "clob_down_ask": 0.54,
      "seconds_left": 262.20340490341187
    },
    {
      "ts": "2026-09-17T01:15:44.828948Z",
      "slug": "btc-updown-5m-1789607700",
      "status": "heartbeat",
      "gamma_up": 0.505,
      "gamma_down": 0.495,
      "clob_up_ask": 0.41,
      "clob_down_ask": 0.6,
      "seconds_left": 256.09739351272583,
      "min_spread": 0.010000000000000009
    },
    {
      "ts": "2026-09-17T01:15:44.828973Z",
      "slug": "btc-updown-5m-1789607700",
      "status": "skip_price_below_threshold",
      "threshold": 0.7,
      "clob_up_ask": 0.41,
      "clob_down_ask": 0.6,
      "seconds_left": 256.09739351272583
    },
    {
      "ts": "2026-09-17T01:15:50.903968Z",
      "slug": "btc-updown-5m-1789607700",
      "status": "heartbeat",
      "gamma_up": 0.505,
      "gamma_down": 0.495,
      "clob_up_ask": 0.38,
      "clob_down_ask": 0.63,
      "seconds_left": 249.8675811290741,
      "min_spread": 0.010000000000000009
    },
    {
      "ts": "2026-09-17T01:15:50.903990Z",
      "slug": "btc-updown-5m-1789607700",
      "status": "skip_price_below_threshold",
      "threshold": 0.7,
      "clob_up_ask": 0.38,
      "clob_down_ask": 0.63,
      "seconds_left": 249.8675811290741
    },
    {
      "ts": "2026-09-17T01:15:56.970456Z",
      "slug": "btc-updown-5m-1789607700",
      "status": "heartbeat",
      "gamma_up": 0.475,
      "gamma_down": 0.525,
      "clob_up_ask": 0.38,
      "clob_down_ask": 0.63,
      "seconds_left": 243.80259346961975,
      "min_spread": 0.010000000000000009
    },
    {
      "ts": "2026-09-17T01:15:56.970479Z",
      "slug": "btc-updown-5m-1789607700",
      "status": "skip_price_below_threshold",
      "threshold": 0.7,
      "clob_up_ask": 0.38,
      "clob_down_ask": 0.63,
      "seconds_left": 243.80259346961975
    },
    {
      "ts": "2026-09-17T01:16:03.091223Z",
      "slug": "btc-updown-5m-1789607700",
      "status": "heartbeat",
      "gamma_up": 0.475,
      "gamma_down": 0.525,
      "clob_up_ask": 0.4,
      "clob_down_ask": 0.6,
      "seconds_left": 237.71863746643066,
      "min_spread": 0.010000000000000009
    },
    {
      "ts": "2026-09-17T01:16:03.091256Z",
      "slug": "btc-updown-5m-1789607700",
      "status": "skip_price_below_threshold",
      "threshold": 0.7,
      "clob_up_ask": 0.4,
      "clob_down_ask": 0.6,
      "seconds_left": 237.71863746643066
    },
    {
      "ts": "2026-09-17T01:16:12.969007Z",
      "slug": "btc-updown-5m-1789607700",
      "status": "heartbeat",
      "gamma_up": 0.475,
      "gamma_down": 0.525,
      "clob_up_ask": 0.35,
      "clob_down_ask": 0.66,
      "seconds_left": 227.97552108764648,
      "min_spread": 0.009999999999999953
    },
    {
      "ts": "2026-09-17T01:16:12.969038Z",
      "slug": "btc-updown-5m-1789607700",
      "status": "skip_price_below_threshold",
      "threshold": 0.7,
      "clob_up_ask": 0.35,
      "clob_down_ask": 0.66,
      "seconds_left": 227.97552108764648
    },
    {
      "ts": "2026-09-17T01:16:19.051710Z",
      "slug": "btc-updown-5m-1789607700",
      "status": "heartbeat",
      "gamma_up": 0.475,
      "gamma_down": 0.525,
      "clob_up_ask": 0.27,
      "clob_down_ask": 0.74,
      "seconds_left": 221.72608971595764,
      "min_spread": 0.010000000000000009
    },
    {
      "ts": "2026-09-17T01:16:27.728546Z",
      "slug": "btc-updown-5m-1789607700",
      "status": "heartbeat",
      "gamma_up": 0.475,
      "gamma_down": 0.525,
      "clob_up_ask": 0.32,
      "clob_down_ask": 0.69,
      "seconds_left": 213.0621898174286,
      "min_spread": 0.009999999999999898
    },
    {
      "ts": "2026-09-17T01:16:27.728569Z",
      "slug": "btc-updown-5m-1789607700",
      "status": "skip_price_below_threshold",
      "threshold": 0.7,
      "clob_up_ask": 0.32,
      "clob_down_ask": 0.69,
      "seconds_left": 213.0621898174286
    }
  ],
  "last_open_try": "{\"mode\": \"open\", \"execute\": true, \"market_slug\": \"btc-updown-5m-1789607700\", \"force_side\": \"DOWN\", \"token_id\": \"76340725400346458080528692529373784580059299278423166686085843646672940356489\", \"entry_price\": 0.74, \"notional_usd\": 5.0, \"top_ask_notional_usd\": 413.8376, \"collateral_pusd\": 0.795846, \"skipped\": \"insufficient_collateral\", \"order_post_result\": {\"success\": false, \"status\": \"skipped\", \"errorMsg\": \"insufficient_collateral:0.795846\"}}\n\n[py_clob_client_v2] request error status=400 url=https://clob.polymarket.com/auth/api-key body={\"error\":\"Could not create api key\"}\n\n",
  "finished_at": "2026-09-17T01:16:32.728674Z",
  "result": "no_entry_timeout"
}
[2026-09-17T01:16:32Z] session_end rc=0 trades=6 stake_usd=5
journal_ok trades=143 md=/home/yukeen/polymarketbot/5min-btc-polymarket/data/live_trades.md json=/home/yukeen/polymarketbot/5min-btc-polymarket/data/live_trades.json
[py_clob_client_v2] request error status=400 url=https://clob.polymarket.com/auth/api-key body={"error":"Could not create api key"}

[2026-09-17T01:18:03Z] cash=0.795846
{"martingale": true, "next_stake": 10.0, "loss_streak": 1, "last_outcome": "loss", "last_opened_at": "2026-09-16T23:46:37.224973Z", "applied": 0}
[2026-09-17T01:18:11Z] martingale_clamp cash=0.795846 stake=5
[2026-09-17T01:18:11Z] session_begin trades=6 stake_usd=5
[py_clob_client_v2] request error: [Errno -3] Temporary failure in name resolution
{
  "started_at": "2026-09-17T01:18:12.308238Z",
  "params": {
    "profile": "conservative",
    "threshold": 0.7,
    "stake_usd": 5.0,
    "stop_loss_pct": 0.9,
    "exit_before_sec": 20,
    "min_entry_seconds_left": 60,
    "entry_timeout_min": 12,
    "poll_sec": 5.0,
    "close_retry_max": 30,
    "close_retry_delay_sec": 2.0,
    "execute": true
  },
  "attempts": [
    {
      "ts": "2026-09-17T01:18:13.383804Z",
      "slug": "btc-updown-5m-1789607700",
      "status": "heartbeat",
      "gamma_up": 0.475,
      "gamma_down": 0.525,
      "clob_up_ask": 0.24,
      "clob_down_ask": 0.77,
      "seconds_left": 107.42332601547241,
      "min_spread": 0.009999999999999981
    },
    {
      "ts": "2026-09-17T01:18:22.254964Z",
      "slug": "btc-updown-5m-1789607700",
      "status": "heartbeat",
      "gamma_up": 0.475,
      "gamma_down": 0.525,
      "clob_up_ask": 0.43,
      "clob_down_ask": 0.58,
      "seconds_left": 98.72098541259766,
      "min_spread": 0.010000000000000009
    },
    {
      "ts": "2026-09-17T01:18:22.254981Z",
      "slug": "btc-updown-5m-1789607700",
      "status": "skip_price_below_threshold",
      "threshold": 0.7,
      "clob_up_ask": 0.43,
      "clob_down_ask": 0.58,
      "seconds_left": 98.72098541259766
    },
    {
      "ts": "2026-09-17T01:18:31.928060Z",
      "slug": "btc-updown-5m-1789607700",
      "status": "heartbeat",
      "gamma_up": 0.475,
      "gamma_down": 0.525,
      "clob_up_ask": 0.4,
      "clob_down_ask": 0.63,
      "seconds_left": 92.43450903892517,
      "min_spread": 0.010000000000000009
    },
    {
      "ts": "2026-09-17T01:18:31.928084Z",
      "slug": "btc-updown-5m-1789607700",
      "status": "skip_price_below_threshold",
      "threshold": 0.7,
      "clob_up_ask": 0.4,
      "clob_down_ask": 0.63,
      "seconds_left": 92.43450903892517
    },
    {
      "ts": "2026-09-17T01:18:38.057151Z",
      "slug": "btc-updown-5m-1789607700",
      "status": "heartbeat",
      "gamma_up": 0.475,
      "gamma_down": 0.525,
      "clob_up_ask": 0.5,
      "clob_down_ask": 0.39,
      "seconds_left": 82.75201916694641,
      "min_spread": 0.010000000000000009
    },
    {
      "ts": "2026-09-17T01:18:38.057174Z",
      "slug": "btc-updown-5m-1789607700",
      "status": "skip_price_below_threshold",
      "threshold": 0.7,
      "clob_up_ask": 0.5,
      "clob_down_ask": 0.39,
      "seconds_left": 82.75201916694641
    },
    {
      "ts": "2026-09-17T01:18:44.402730Z",
      "slug": "btc-updown-5m-1789607700",
      "status": "heartbeat",
      "gamma_up": 0.475,
      "gamma_down": 0.525,
      "clob_up_ask": 0.83,
      "clob_down_ask": 0.17,
      "seconds_left": 76.52308487892151,
      "min_spread": 0.010000000000000009
    },
    {
      "ts": "2026-09-17T01:18:53.177724Z",
      "slug": "btc-updown-5m-1789607700",
      "status": "heartbeat",
      "gamma_up": 0.475,
      "gamma_down": 0.525,
      "clob_up_ask": 0.94,
      "clob_down_ask": 0.06,
      "seconds_left": 67.59302091598511,
      "min_spread": 0.009999999999999898
    },
    {
      "ts": "2026-09-17T01:19:01.279057Z",
      "slug": "btc-updown-5m-1789607700",
      "status": "skip_too_late_to_enter",
      "seconds_left": 58.72095060348511,
      "min_entry_seconds_left": 60
    },
    {
      "ts": "2026-09-17T01:19:24.887983Z",
      "status": "heartbeat_no_current_market"
    },
    {
      "ts": "2026-09-17T01:19:30.460470Z",
      "slug": "btc-updown-5m-1789607700",
      "status": "skip_too_late_to_enter",
      "seconds_left": 29.539535760879517,
      "min_entry_seconds_left": 60
    },
    {
      "ts": "2026-09-17T01:19:35.760860Z",
      "slug": "btc-updown-5m-1789607700",
      "status": "skip_too_late_to_enter",
      "seconds_left": 24.23914623260498,
      "min_entry_seconds_left": 60
    },
    {
      "ts": "2026-09-17T01:19:44.686427Z",
      "slug": "btc-updown-5m-1789607700",
      "status": "skip_too_late_to_enter",
      "seconds_left": 15.31357741355896,
      "min_entry_seconds_left": 60
    },
    {
      "ts": "2026-09-17T01:19:50.051866Z",
      "slug": "btc-updown-5m-1789607700",
      "status": "skip_too_late_to_enter",
      "seconds_left": 9.948140382766724,
      "min_entry_seconds_left": 60
    },
    {
      "ts": "2026-09-17T01:19:55.379301Z",
      "status": "heartbeat_no_current_market"
    },
    {
      "ts": "2026-09-17T01:20:01.641643Z",
      "slug": "btc-updown-5m-1789608000",
      "status": "heartbeat",
      "gamma_up": 0.505,
      "gamma_down": 0.495,
      "clob_up_ask": 0.55,
      "clob_down_ask": 0.46,
      "seconds_left": 299.1437292098999,
      "min_spread": 0.010000000000000009
    },
    {
      "ts": "2026-09-17T01:20:01.641666Z",
      "slug": "btc-updown-5m-1789608000",
      "status": "skip_price_below_threshold",
      "threshold": 0.7,
      "clob_up_ask": 0.55,
      "clob_down_ask": 0.46,
      "seconds_left": 299.1437292098999
    },
    {
      "ts": "2026-09-17T01:20:20.247040Z",
      "status": "heartbeat_no_current_market"
    },
    {
      "ts": "2026-09-17T01:20:26.396583Z",
      "slug": "btc-updown-5m-1789608000",
      "status": "heartbeat",
      "gamma_up": 0.505,
      "gamma_down": 0.495,
      "clob_up_ask": 0.65,
      "clob_down_ask": 0.36,
      "seconds_left": 274.40324354171753,
      "min_spread": 0.010000000000000009
    },
    {
      "ts": "2026-09-17T01:20:26.396610Z",
      "slug": "btc-updown-5m-1789608000",
      "status": "skip_price_below_threshold",
      "threshold": 0.7,
      "clob_up_ask": 0.65,
      "clob_down_ask": 0.36,
      "seconds_left": 274.40324354171753
    },
    {
      "ts": "2026-09-17T01:20:32.508608Z",
      "slug": "btc-updown-5m-1789608000",
      "status": "heartbeat",
      "gamma_up": 0.505,
      "gamma_down": 0.495,
      "clob_up_ask": 0.67,
      "clob_down_ask": 0.34,
      "seconds_left": 268.27837228775024,
      "min_spread": 0.010000000000000009
    },
    {
      "ts": "2026-09-17T01:20:32.508620Z",
      "slug": "btc-updown-5m-1789608000",
      "status": "skip_price_below_threshold",
      "threshold": 0.7,
      "clob_up_ask": 0.67,
      "clob_down_ask": 0.34,
      "seconds_left": 268.27837228775024
    },
    {
      "ts": "2026-09-17T01:20:38.841280Z",
      "slug": "btc-updown-5m-1789608000",
      "status": "heartbeat",
      "gamma_up": 0.505,
      "gamma_down": 0.495,
      "clob_up_ask": 0.7,
      "clob_down_ask": 0.31,
      "seconds_left": 262.1720163822174,
      "min_spread": 0.010000000000000009
    },
    {
      "ts": "2026-09-17T01:20:46.378154Z",
      "slug": "btc-updown-5m-1789608000",
      "status": "heartbeat",
      "gamma_up": 0.505,
      "gamma_down": 0.495,
      "clob_up_ask": 0.66,
      "clob_down_ask": 0.35,
      "seconds_left": 254.38532638549805,
      "min_spread": 0.009999999999999953
    },
    {
      "ts": "2026-09-17T01:20:46.378179Z",
      "slug": "btc-updown-5m-1789608000",
      "status": "skip_price_below_threshold",
      "threshold": 0.7,
      "clob_up_ask": 0.66,
      "clob_down_ask": 0.35,
      "seconds_left": 254.38532638549805
    },
    {
      "ts": "2026-09-17T01:20:52.624765Z",
      "slug": "btc-updown-5m-1789608000",
      "status": "heartbeat",
      "gamma_up": 0.505,
      "gamma_down": 0.495,
      "clob_up_ask": 0.77,
      "clob_down_ask": 0.24,
      "seconds_left": 248.17516446113586,
      "min_spread": 0.009999999999999981
    },
    {
      "ts": "2026-09-17T01:21:04.977251Z",
      "slug": "btc-updown-5m-1789608000",
      "status": "heartbeat",
      "gamma_up": 0.505,
      "gamma_down": 0.495,
      "clob_up_ask": 0.76,
      "clob_down_ask": 0.25,
      "seconds_left": 235.75175714492798,
      "min_spread": 0.010000000000000009
    },
    {
      "ts": "2026-09-17T01:21:28.691711Z",
      "slug": "btc-updown-5m-1789608000",
      "status": "heartbeat",
      "gamma_up": 0.505,
      "gamma_down": 0.495,
      "clob_up_ask": 0.8,
      "clob_down_ask": 0.21,
      "seconds_left": 212.08059096336365,
      "min_spread": 0.009999999999999981
    },
    {
      "ts": "2026-09-17T01:21:39.863545Z",
      "slug": "btc-updown-5m-1789608000",
      "status": "heartbeat",
      "gamma_up": 0.505,
      "gamma_down": 0.495,
      "clob_up_ask": 0.73,
      "clob_down_ask": 0.28,
      "seconds_left": 201.06254744529724,
      "min_spread": 0.010000000000000009
    },
    {
      "ts": "2026-09-17T01:21:47.389750Z",
      "slug": "btc-updown-5m-1789608000",
      "status": "heartbeat",
      "gamma_up": 0.505,
      "gamma_down": 0.495,
      "clob_up_ask": 0.8,
      "clob_down_ask": 0.21,
      "seconds_left": 193.40896344184875,
      "min_spread": 0.009999999999999981
    },
    {
      "ts": "2026-09-17T01:21:56.284863Z",
      "slug": "btc-updown-5m-1789608000",
      "status": "heartbeat",
      "gamma_up": 0.505,
      "gamma_down": 0.495,
      "clob_up_ask": 0.77,
      "clob_down_ask": 0.24,
      "seconds_left": 184.563547372818,
      "min_spread": 0.009999999999999981
    },
    {
      "ts": "2026-09-17T01:22:08.755282Z",
      "slug": "btc-updown-5m-1789608000",
      "status": "heartbeat",
      "gamma_up": 0.505,
      "gamma_down": 0.495,
      "clob_up_ask": 0.75,
      "clob_down_ask": 0.26,
      "seconds_left": 175.5887622833252,
      "min_spread": 0.010000000000000009
    },
    {
      "ts": "2026-09-17T01:22:17.458449Z",
      "slug": "btc-updown-5m-1789608000",
      "status": "heartbeat",
      "gamma_up": 0.505,
      "gamma_down": 0.495,
      "clob_up_ask": 0.82,
      "clob_down_ask": 0.19,
      "seconds_left": 163.3055922985077,
      "min_spread": 0.009999999999999898
    },
    {
      "ts": "2026-09-17T01:22:26.288164Z",
      "slug": "btc-updown-5m-1789608000",
      "status": "heartbeat",
      "gamma_up": 0.505,
      "gamma_down": 0.495,
      "clob_up_ask": 0.85,
      "clob_down_ask": 0.16,
      "seconds_left": 154.4584150314331,
      "min_spread": 0.010000000000000009
    },
    {
      "ts": "2026-09-17T01:22:33.739944Z",
      "slug": "btc-updown-5m-1789608000",
      "status": "heartbeat",
      "gamma_up": 0.505,
      "gamma_down": 0.495,
      "clob_up_ask": 0.9,
      "clob_down_ask": 0.11,
      "seconds_left": 147.13116025924683,
      "min_spread": 0.009999999999999995
    },
    {
      "ts": "2026-09-17T01:22:46.303062Z",
      "slug": "btc-updown-5m-1789608000",
      "status": "heartbeat",
      "gamma_up": 0.505,
      "gamma_down": 0.495,
      "clob_up_ask": 0.92,
      "clob_down_ask": 0.09,
      "seconds_left": 134.4704909324646,
      "min_spread": 0.009999999999999995
    },
    {
      "ts": "2026-09-17T01:22:55.114896Z",
      "slug": "btc-updown-5m-1789608000",
      "status": "heartbeat",
      "gamma_up": 0.505,
      "gamma_down": 0.495,
      "clob_up_ask": 0.92,
      "clob_down_ask": 0.08,
      "seconds_left": 125.6382155418396,
      "min_spread": 0.009999999999999995
    },
    {
      "ts": "2026-09-17T01:23:03.873328Z",
      "slug": "btc-updown-5m-1789608000",
      "status": "heartbeat",
      "gamma_up": 0.505,
      "gamma_down": 0.495,
      "clob_up_ask": 0.95,
      "clob_down_ask": 0.06,
      "seconds_left": 116.92661881446838,
      "min_spread": 0.009999999999999995
    },
    {
      "ts": "2026-09-17T01:23:12.548765Z",
      "slug": "btc-updown-5m-1789608000",
      "status": "heartbeat",
      "gamma_up": 0.505,
      "gamma_down": 0.495,
      "clob_up_ask": 0.97,
      "clob_down_ask": 0.04,
      "seconds_left": 108.23334527015686,
      "min_spread": 0.010000000000000002
    },
    {
      "ts": "2026-09-17T01:23:24.854652Z",
      "slug": "btc-updown-5m-1789608000",
      "status": "heartbeat",
      "gamma_up": 0.505,
      "gamma_down": 0.495,
      "clob_up_ask": 0.98,
      "clob_down_ask": 0.03,
      "seconds_left": 96.04965424537659,
      "min_spread": 0.009999999999999998
    },
    {
      "ts": "2026-09-17T01:23:33.503575Z",
      "slug": "btc-updown-5m-1789608000",
      "status": "heartbeat",
      "gamma_up": 0.505,
      "gamma_down": 0.495,
      "clob_up_ask": null,
      "clob_down_ask": 0.01,
      "seconds_left": 87.26693677902222,
      "min_spread": null
    },
    {
      "ts": "2026-09-17T01:23:33.503590Z",
      "slug": "btc-updown-5m-1789608000",
      "status": "skip_price_below_threshold",
      "threshold": 0.7,
      "clob_up_ask": null,
      "clob_down_ask": 0.01,
      "seconds_left": 87.26693677902222
    },
    {
      "ts": "2026-09-17T01:23:39.696229Z",
      "slug": "btc-updown-5m-1789608000",
      "status": "heartbeat",
      "gamma_up": 0.505,
      "gamma_down": 0.495,
      "clob_up_ask": null,
      "clob_down_ask": 0.01,
      "seconds_left": 81.0413248538971,
      "min_spread": null
    },
    {
      "ts": "2026-09-17T01:23:39.696253Z",
      "slug": "btc-updown-5m-1789608000",
      "status": "skip_price_below_threshold",
      "threshold": 0.7,
      "clob_up_ask": null,
      "clob_down_ask": 0.01,
      "seconds_left": 81.0413248538971
    },
    {
      "ts": "2026-09-17T01:23:46.032878Z",
      "slug": "btc-updown-5m-1789608000",
      "status": "heartbeat",
      "gamma_up": 0.505,
      "gamma_down": 0.495,
      "clob_up_ask": null,
      "clob_down_ask": 0.01,
      "seconds_left": 74.88274765014648,
      "min_spread": null
    },
    {
      "ts": "2026-09-17T01:23:46.032904Z",
      "slug": "btc-updown-5m-1789608000",
      "status": "skip_price_below_threshold",
      "threshold": 0.7,
      "clob_up_ask": null,
      "clob_down_ask": 0.01,
      "seconds_left": 74.88274765014648
    },
    {
      "ts": "2026-09-17T01:23:52.360114Z",
      "slug": "btc-updown-5m-1789608000",
      "status": "heartbeat",
      "gamma_up": 0.995,
      "gamma_down": 0.005,
      "clob_up_ask": null,
      "clob_down_ask": 0.01,
      "seconds_left": 68.38857364654541,
      "min_spread": null
    },
    {
      "ts": "2026-09-17T01:23:52.360140Z",
      "slug": "btc-updown-5m-1789608000",
      "status": "skip_price_below_threshold",
      "threshold": 0.7,
      "clob_up_ask": null,
      "clob_down_ask": 0.01,
      "seconds_left": 68.38857364654541
    },
    {
      "ts": "2026-09-17T01:24:01.326853Z",
      "slug": "btc-updown-5m-1789608000",
      "status": "skip_too_late_to_enter",
      "seconds_left": 58.6731538772583,
      "min_entry_seconds_left": 60
    },
    {
      "ts": "2026-09-17T01:24:06.678686Z",
      "slug": "btc-updown-5m-1789608000",
      "status": "skip_too_late_to_enter",
      "seconds_left": 53.321319818496704,
      "min_entry_seconds_left": 60
    },
    {
      "ts": "2026-09-17T01:24:11.971733Z",
      "slug": "btc-updown-5m-1789608000",
      "status": "skip_too_late_to_enter",
      "seconds_left": 48.0282723903656,
      "min_entry_seconds_left": 60
    },
    {
      "ts": "2026-09-17T01:24:17.267623Z",
      "slug": "btc-updown-5m-1789608000",
      "status": "skip_too_late_to_enter",
      "seconds_left": 42.7323842048645,
      "min_entry_seconds_left": 60
    },
    {
      "ts": "2026-09-17T01:24:22.599540Z",
      "slug": "btc-updown-5m-1789608000",
      "status": "skip_too_late_to_enter",
      "seconds_left": 37.400466442108154,
      "min_entry_seconds_left": 60
    },
    {
      "ts": "2026-09-17T01:24:27.941665Z",
      "slug": "btc-updown-5m-1789608000",
      "status": "skip_too_late_to_enter",
      "seconds_left": 32.058340311050415,
      "min_entry_seconds_left": 60
    },
    {
      "ts": "2026-09-17T01:24:36.845545Z",
      "slug": "btc-updown-5m-1789608000",
      "status": "skip_too_late_to_enter",
      "seconds_left": 23.154460906982422,
      "min_entry_seconds_left": 60
    },
    {
      "ts": "2026-09-17T01:24:42.197677Z",
      "slug": "btc-updown-5m-1789608000",
      "status": "skip_too_late_to_enter",
      "seconds_left": 17.80232858657837,
      "min_entry_seconds_left": 60
    },
    {
      "ts": "2026-09-17T01:24:47.491005Z",
      "slug": "btc-updown-5m-1789608000",
      "status": "skip_too_late_to_enter",
      "seconds_left": 12.50899887084961,
      "min_entry_seconds_left": 60
    },
    {
      "ts": "2026-09-17T01:24:52.782889Z",
      "slug": "btc-updown-5m-1789608000",
      "status": "skip_too_late_to_enter",
      "seconds_left": 7.21711802482605,
      "min_entry_seconds_left": 60
    },
    {
      "ts": "2026-09-17T01:24:58.091255Z",
      "status": "heartbeat_no_current_market"
    },
    {
      "ts": "2026-09-17T01:25:04.409659Z",
      "slug": "btc-updown-5m-1789608300",
      "status": "heartbeat",
      "gamma_up": 0.505,
      "gamma_down": 0.495,
      "clob_up_ask": 0.77,
      "clob_down_ask": 0.24,
      "seconds_left": 296.40030694007874,
      "min_spread": 0.009999999999999981
    },
    {
      "ts": "2026-09-17T01:25:16.743080Z",
      "slug": "btc-updown-5m-1789608300",
      "status": "heartbeat",
      "gamma_up": 0.505,
      "gamma_down": 0.495,
      "clob_up_ask": 0.81,
      "clob_down_ask": 0.19,
      "seconds_left": 284.0153248310089,
      "min_spread": 0.010000000000000009
    },
    {
      "ts": "2026-09-17T01:25:25.591528Z",
      "slug": "btc-updown-5m-1789608300",
      "status": "heartbeat",
      "gamma_up": 0.505,
      "gamma_down": 0.495,
      "clob_up_ask": 0.75,
      "clob_down_ask": 0.26,
      "seconds_left": 275.2022898197174,
      "min_spread": 0.010000000000000009
    },
    {
      "ts": "2026-09-17T01:25:33.014799Z",
      "slug": "btc-updown-5m-1789608300",
      "status": "heartbeat",
      "gamma_up": 0.505,
      "gamma_down": 0.495,
      "clob_up_ask": 0.81,
      "clob_down_ask": 0.2,
      "seconds_left": 267.7949974536896,
      "min_spread": 0.010000000000000009
    },
    {
      "ts": "2026-09-17T01:25:45.456303Z",
      "slug": "btc-updown-5m-1789608300",
      "status": "heartbeat",
      "gamma_up": 0.505,
      "gamma_down": 0.495,
      "clob_up_ask": 0.88,
      "clob_down_ask": 0.13,
      "seconds_left": 258.9095802307129,
      "min_spread": 0.010000000000000009
    },
    {
      "ts": "2026-09-17T01:26:03.514796Z",
      "slug": "btc-updown-5m-1789608300",
      "status": "skip_clob_unavailable",
      "error": "PolyApiException[status_code=None, error_message=Request exception!]"
    },
    {
      "ts": "2026-09-17T01:26:09.586188Z",
      "slug": "btc-updown-5m-1789608300",
      "status": "heartbeat",
      "gamma_up": 0.905,
      "gamma_down": 0.095,
      "clob_up_ask": 0.92,
      "clob_down_ask": 0.09,
      "seconds_left": 231.1791365146637,
      "min_spread": 0.009999999999999995
    },
    {
      "ts": "2026-09-17T01:26:21.963260Z",
      "slug": "btc-updown-5m-1789608300",
      "status": "heartbeat",
      "gamma_up": 0.905,
      "gamma_down": 0.095,
      "clob_up_ask": 0.93,
      "clob_down_ask": 0.09,
      "seconds_left": 222.45345544815063,
      "min_spread": 0.009999999999999995
    },
    {
      "ts": "2026-09-17T01:26:30.693470Z",
      "slug": "btc-updown-5m-1789608300",
      "status": "heartbeat",
      "gamma_up": 0.905,
      "gamma_down": 0.095,
      "clob_up_ask": 0.92,
      "clob_down_ask": 0.09,
      "seconds_left": 210.09985423088074,
      "min_spread": 0.009999999999999995
    },
    {
      "ts": "2026-09-17T01:26:39.630280Z",
      "slug": "btc-updown-5m-1789608300",
      "status": "heartbeat",
      "gamma_up": 0.905,
      "gamma_down": 0.095,
      "clob_up_ask": 0.91,
      "clob_down_ask": 0.11,
      "seconds_left": 201.2582938671112,
      "min_spread": 0.009999999999999995
    },
    {
      "ts": "2026-09-17T01:26:48.615430Z",
      "slug": "btc-updown-5m-1789608300",
      "status": "heartbeat",
      "gamma_up": 0.905,
      "gamma_down": 0.095,
      "clob_up_ask": 0.89,
      "clob_down_ask": 0.12,
      "seconds_left": 192.16132187843323,
      "min_spread": 0.009999999999999995
    },
    {
      "ts": "2026-09-17T01:27:00.993752Z",
      "slug": "btc-updown-5m-1789608300",
      "status": "heartbeat",
      "gamma_up": 0.905,
      "gamma_down": 0.095,
      "clob_up_ask": 0.9,
      "clob_down_ask": 0.11,
      "seconds_left": 179.79862809181213,
      "min_spread": 0.009999999999999995
    },
    {
      "ts": "2026-09-17T01:27:09.823131Z",
      "slug": "btc-updown-5m-1789608300",
      "status": "heartbeat",
      "gamma_up": 0.905,
      "gamma_down": 0.095,
      "clob_up_ask": 0.91,
      "clob_down_ask": 0.1,
      "seconds_left": 170.97707772254944,
      "min_spread": 0.010000000000000009
    },
    {
      "ts": "2026-09-17T01:27:18.680369Z",
      "slug": "btc-updown-5m-1789608300",
      "status": "heartbeat",
      "gamma_up": 0.905,
      "gamma_down": 0.095,
      "clob_up_ask": 0.93,
      "clob_down_ask": 0.08,
      "seconds_left": 162.11921525001526,
      "min_spread": 0.009999999999999995
    },
    {
      "ts": "2026-09-17T01:27:27.472317Z",
      "slug": "btc-updown-5m-1789608300",
      "status": "heartbeat",
      "gamma_up": 0.905,
      "gamma_down": 0.095,
      "clob_up_ask": 0.98,
      "clob_down_ask": 0.03,
      "seconds_left": 153.4030430316925,
      "min_spread": 0.009999999999999998
    },
    {
      "ts": "2026-09-17T01:27:39.987146Z",
      "slug": "btc-updown-5m-1789608300",
      "status": "heartbeat",
      "gamma_up": 0.905,
      "gamma_down": 0.095,
      "clob_up_ask": 0.97,
      "clob_down_ask": 0.04,
      "seconds_left": 140.8027560710907,
      "min_spread": 0.010000000000000002
    },
    {
      "ts": "2026-09-17T01:27:49.428310Z",
      "slug": "btc-updown-5m-1789608300",
      "status": "heartbeat",
      "gamma_up": 0.905,
      "gamma_down": 0.095,
      "clob_up_ask": 0.98,
      "clob_down_ask": 0.03,
      "seconds_left": 131.38099193572998,
      "min_spread": 0.009999999999999998
    },
    {
      "ts": "2026-09-17T01:28:10.724688Z",
      "slug": "btc-updown-5m-1789608300",
      "status": "heartbeat",
      "gamma_up": 0.905,
      "gamma_down": 0.095,
      "clob_up_ask": null,
      "clob_down_ask": 0.01,
      "seconds_left": 110.19836139678955,
      "min_spread": null
    },
    {
      "ts": "2026-09-17T01:28:10.724736Z",
      "slug": "btc-updown-5m-1789608300",
      "status": "skip_price_below_threshold",
      "threshold": 0.7,
      "clob_up_ask": null,
      "clob_down_ask": 0.01,
      "seconds_left": 110.19836139678955
    },
    {
      "ts": "2026-09-17T01:28:17.010776Z",
      "slug": "btc-updown-5m-1789608300",
      "status": "heartbeat",
      "gamma_up": 0.905,
      "gamma_down": 0.095,
      "clob_up_ask": null,
      "clob_down_ask": 0.01,
      "seconds_left": 103.92845058441162,
      "min_spread": null
    },
    {
      "ts": "2026-09-17T01:28:17.010799Z",
      "slug": "btc-updown-5m-1789608300",
      "status": "skip_price_below_threshold",
      "threshold": 0.7,
      "clob_up_ask": null,
      "clob_down_ask": 0.01,
      "seconds_left": 103.92845058441162
    },
    {
      "ts": "2026-09-17T01:28:23.202421Z",
      "slug": "btc-updown-5m-1789608300",
      "status": "heartbeat",
      "gamma_up": 0.905,
      "gamma_down": 0.095,
      "clob_up_ask": null,
      "clob_down_ask": 0.01,
      "seconds_left": 97.69557213783264,
      "min_spread": null
    },
    {
      "ts": "2026-09-17T01:28:23.202460Z",
      "slug": "btc-updown-5m-1789608300",
      "status": "skip_price_below_threshold",
      "threshold": 0.7,
      "clob_up_ask": null,
      "clob_down_ask": 0.01,
      "seconds_left": 97.69557213783264
    },
    {
      "ts": "2026-09-17T01:28:29.305518Z",
      "slug": "btc-updown-5m-1789608300",
      "status": "heartbeat",
      "gamma_up": 0.905,
      "gamma_down": 0.095,
      "clob_up_ask": null,
      "clob_down_ask": 0.01,
      "seconds_left": 91.50571775436401,
      "min_spread": null
    },
    {
      "ts": "2026-09-17T01:28:29.305543Z",
      "slug": "btc-updown-5m-1789608300",
      "status": "skip_price_below_threshold",
      "threshold": 0.7,
      "clob_up_ask": null,
      "clob_down_ask": 0.01,
      "seconds_left": 91.50571775436401
    },
    {
      "ts": "2026-09-17T01:28:35.371605Z",
      "slug": "btc-updown-5m-1789608300",
      "status": "heartbeat",
      "gamma_up": 0.905,
      "gamma_down": 0.095,
      "clob_up_ask": null,
      "clob_down_ask": 0.01,
      "seconds_left": 85.40077328681946,
      "min_spread": null
    },
    {
      "ts": "2026-09-17T01:28:35.371627Z",
      "slug": "btc-updown-5m-1789608300",
      "status": "skip_price_below_threshold",
      "threshold": 0.7,
      "clob_up_ask": null,
      "clob_down_ask": 0.01,
      "seconds_left": 85.40077328681946
    },
    {
      "ts": "2026-09-17T01:28:41.572357Z",
      "slug": "btc-updown-5m-1789608300",
      "status": "heartbeat",
      "gamma_up": 0.905,
      "gamma_down": 0.095,
      "clob_up_ask": null,
      "clob_down_ask": 0.01,
      "seconds_left": 79.33329010009766,
      "min_spread": null
    },
    {
      "ts": "2026-09-17T01:28:41.572381Z",
      "slug": "btc-updown-5m-1789608300",
      "status": "skip_price_below_threshold",
      "threshold": 0.7,
      "clob_up_ask": null,
      "clob_down_ask": 0.01,
      "seconds_left": 79.33329010009766
    },
    {
      "ts": "2026-09-17T01:28:51.255176Z",
      "slug": "btc-updown-5m-1789608300",
      "status": "heartbeat",
      "gamma_up": 0.905,
      "gamma_down": 0.095,
      "clob_up_ask": null,
      "clob_down_ask": 0.01,
      "seconds_left": 69.53225350379944,
      "min_spread": null
    },
    {
      "ts": "2026-09-17T01:28:51.255198Z",
      "slug": "btc-updown-5m-1789608300",
      "status": "skip_price_below_threshold",
      "threshold": 0.7,
      "clob_up_ask": null,
      "clob_down_ask": 0.01,
      "seconds_left": 69.53225350379944
    },
    {
      "ts": "2026-09-17T01:28:57.504364Z",
      "slug": "btc-updown-5m-1789608300",
      "status": "heartbeat",
      "gamma_up": 0.905,
      "gamma_down": 0.095,
      "clob_up_ask": null,
      "clob_down_ask": 0.01,
      "seconds_left": 63.2805871963501,
      "min_spread": null
    },
    {
      "ts": "2026-09-17T01:28:57.504391Z",
      "slug": "btc-updown-5m-1789608300",
      "status": "skip_price_below_threshold",
      "threshold": 0.7,
      "clob_up_ask": null,
      "clob_down_ask": 0.01,
      "seconds_left": 63.2805871963501
    },
    {
      "ts": "2026-09-17T01:29:02.812502Z",
      "slug": "btc-updown-5m-1789608300",
      "status": "skip_too_late_to_enter",
      "seconds_left": 57.18750357627869,
      "min_entry_seconds_left": 60
    },
    {
      "ts": "2026-09-17T01:29:08.110098Z",
      "slug": "btc-updown-5m-1789608300",
      "status": "skip_too_late_to_enter",
      "seconds_left": 51.889909744262695,
      "min_entry_seconds_left": 60
    },
    {
      "ts": "2026-09-17T01:29:13.414617Z",
      "slug": "btc-updown-5m-1789608300",
      "status": "skip_too_late_to_enter",
      "seconds_left": 46.58538794517517,
      "min_entry_seconds_left": 60
    },
    {
      "ts": "2026-09-17T01:29:22.355034Z",
      "slug": "btc-updown-5m-1789608300",
      "status": "skip_too_late_to_enter",
      "seconds_left": 37.64497137069702,
      "min_entry_seconds_left": 60
    },
    {
      "ts": "2026-09-17T01:29:27.651365Z",
      "slug": "btc-updown-5m-1789608300",
      "status": "skip_too_late_to_enter",
      "seconds_left": 32.34863805770874,
      "min_entry_seconds_left": 60
    },
    {
      "ts": "2026-09-17T01:29:32.961049Z",
      "slug": "btc-updown-5m-1789608300",
      "status": "skip_too_late_to_enter",
      "seconds_left": 27.03895664215088,
      "min_entry_seconds_left": 60
    },
    {
      "ts": "2026-09-17T01:29:38.262674Z",
      "slug": "btc-updown-5m-1789608300",
      "status": "skip_too_late_to_enter",
      "seconds_left": 21.737329483032227,
      "min_entry_seconds_left": 60
    },
    {
      "ts": "2026-09-17T01:29:43.577421Z",
      "slug": "btc-updown-5m-1789608300",
      "status": "skip_too_late_to_enter",
      "seconds_left": 16.422584295272827,
      "min_entry_seconds_left": 60
    },
    {
      "ts": "2026-09-17T01:29:48.881337Z",
      "slug": "btc-updown-5m-1789608300",
      "status": "skip_too_late_to_enter",
      "seconds_left": 11.118668556213379,
      "min_entry_seconds_left": 60
    },
    {
      "ts": "2026-09-17T01:29:54.184410Z",
      "slug": "btc-updown-5m-1789608300",
      "status": "skip_too_late_to_enter",
      "seconds_left": 5.815592527389526,
      "min_entry_seconds_left": 60
    },
    {
      "ts": "2026-09-17T01:30:03.864825Z",
      "slug": "btc-updown-5m-1789608600",
      "status": "heartbeat",
      "gamma_up": 0.485,
      "gamma_down": 0.515,
      "clob_up_ask": 0.45,
      "clob_down_ask": 0.56,
      "seconds_left": 296.9097867012024,
      "min_spread": 0.010000000000000009
    },
    {
      "ts": "2026-09-17T01:30:03.864852Z",
      "slug": "btc-updown-5m-1789608600",
      "status": "skip_price_below_threshold",
      "threshold": 0.7,
      "clob_up_ask": 0.45,
      "clob_down_ask": 0.56,
      "seconds_left": 296.9097867012024
    },
    {
      "ts": "2026-09-17T01:30:09.985271Z",
      "slug": "btc-updown-5m-1789608600",
      "status": "heartbeat",
      "gamma_up": 0.485,
      "gamma_down": 0.515,
      "clob_up_ask": 0.56,
      "clob_down_ask": 0.45,
      "seconds_left": 290.8231248855591,
      "min_spread": 0.010000000000000009
    },
    {
      "ts": "2026-09-17T01:30:09.985295Z",
      "slug": "btc-updown-5m-1789608600",
      "status": "skip_price_below_threshold",
      "threshold": 0.7,
      "clob_up_ask": 0.56,
      "clob_down_ask": 0.45,
      "seconds_left": 290.8231248855591
    }
  ],
  "last_open_try": "{\"mode\": \"open\", \"execute\": true, \"market_slug\": \"btc-updown-5m-1789608300\", \"force_side\": \"UP\", \"token_id\": \"2008684370375759832585319467330308351905632671470880220654560816472561743567\", \"entry_price\": 0.905, \"notional_usd\": 5.0, \"top_ask_notional_usd\": 0.0, \"skipped\": \"thin_top_ask\", \"order_post_result\": {\"success\": false, \"status\": \"skipped\", \"errorMsg\": \"thin_top_ask\"}}\n\n",
  "finished_at": "2026-09-17T01:30:14.985494Z",
  "result": "no_entry_timeout"
}
[2026-09-17T01:30:15Z] session_end rc=0 trades=7 stake_usd=5
journal_ok trades=143 md=/home/yukeen/polymarketbot/5min-btc-polymarket/data/live_trades.md json=/home/yukeen/polymarketbot/5min-btc-polymarket/data/live_trades.json
[py_clob_client_v2] request error status=400 url=https://clob.polymarket.com/auth/api-key body={"error":"Could not create api key"}

[2026-09-17T01:32:05Z] cash=0.795846
{"martingale": true, "next_stake": 10.0, "loss_streak": 1, "last_outcome": "loss", "last_opened_at": "2026-09-16T23:46:37.224973Z", "applied": 0}
[2026-09-17T01:32:13Z] martingale_clamp cash=0.795846 stake=5
[2026-09-17T01:32:13Z] session_begin trades=7 stake_usd=5
