[py_clob_client_v2] request error status=400 url=https://clob.polymarket.com/auth/api-key body={"error":"Could not create api key"}

[py_clob_client_v2] request error status=400 url=https://clob.polymarket.com/auth/api-key body={"error":"Could not create api key"}

request error status=400 url=https://clob.polymarket.com/auth/api-key body={"error":"Could not create api key"}

[py_clob_client_v2] request error status=404 url=https://clob.polymarket.com/book body={"error":"No orderbook exists for the requested token id"}

[py_clob_client_v2] request error status=404 url=https://clob.polymarket.com/book body={"error":"No orderbook exists for the requested token id"}

[py_clob_client_v2] request error status=404 url=https://clob.polymarket.com/book body={"error":"No orderbook exists for the requested token id"}

[py_clob_client_v2] request error status=404 url=https://clob.polymarket.com/book body={"error":"No orderbook exists for the requested token id"}

[py_clob_client_v2] request error status=404 url=https://clob.polymarket.com/book body={"error":"No orderbook exists for the requested token id"}

[py_clob_client_v2] request error status=404 url=https://clob.polymarket.com/book body={"error":"No orderbook exists for the requested token id"}

[py_clob_client_v2] request error status=404 url=https://clob.polymarket.com/book body={"error":"No orderbook exists for the requested token id"}

{
  "started_at": "2026-09-17T09:43:46.088459Z",
  "params": {
    "profile": "conservative",
    "threshold": 0.7,
    "stake_usd": 5.0,
    "stop_loss_pct": 0.9,
    "exit_before_sec": 20,
    "min_entry_seconds_left": 60,
    "entry_timeout_min": 12,
    "poll_sec": 2.0,
    "max_ask": 0.85,
    "expensive_ask": 0.8,
    "expensive_after_wins": 3,
    "close_retry_max": 30,
    "close_retry_delay_sec": 2.0,
    "execute": true,
    "win_streak": 2
  },
  "attempts": [
    {
      "ts": "2026-09-17T09:43:47.363742Z",
      "slug": "btc-updown-5m-1789638000",
      "status": "heartbeat",
      "gamma_up": 0.055,
      "gamma_down": 0.945,
      "clob_up_ask": 0.01,
      "clob_down_ask": null,
      "seconds_left": 73.42068147659302,
      "min_spread": null
    },
    {
      "ts": "2026-09-17T09:43:47.363759Z",
      "slug": "btc-updown-5m-1789638000",
      "status": "skip_price_below_threshold",
      "threshold": 0.7,
      "max_ask": 0.85,
      "win_streak": 2,
      "clob_up_ask": 0.01,
      "clob_down_ask": null,
      "seconds_left": 73.42068147659302,
      "trigger_price": null
    },
    {
      "ts": "2026-09-17T09:43:50.278825Z",
      "slug": "btc-updown-5m-1789638000",
      "status": "heartbeat",
      "gamma_up": 0.055,
      "gamma_down": 0.945,
      "clob_up_ask": 0.01,
      "clob_down_ask": null,
      "seconds_left": 70.32863736152649,
      "min_spread": null
    },
    {
      "ts": "2026-09-17T09:43:50.278849Z",
      "slug": "btc-updown-5m-1789638000",
      "status": "skip_price_below_threshold",
      "threshold": 0.7,
      "max_ask": 0.85,
      "win_streak": 2,
      "clob_up_ask": 0.01,
      "clob_down_ask": null,
      "seconds_left": 70.32863736152649,
      "trigger_price": null
    },
    {
      "ts": "2026-09-17T09:43:56.789796Z",
      "slug": "btc-updown-5m-1789638000",
      "status": "heartbeat",
      "gamma_up": 0.055,
      "gamma_down": 0.945,
      "clob_up_ask": 0.01,
      "clob_down_ask": null,
      "seconds_left": 63.80796957015991,
      "min_spread": null
    },
    {
      "ts": "2026-09-17T09:43:56.789817Z",
      "slug": "btc-updown-5m-1789638000",
      "status": "skip_price_below_threshold",
      "threshold": 0.7,
      "max_ask": 0.85,
      "win_streak": 2,
      "clob_up_ask": 0.01,
      "clob_down_ask": null,
      "seconds_left": 63.80796957015991,
      "trigger_price": null
    },
    {
      "ts": "2026-09-17T09:43:59.723646Z",
      "slug": "btc-updown-5m-1789638000",
      "status": "heartbeat",
      "gamma_up": 0.055,
      "gamma_down": 0.945,
      "clob_up_ask": 0.01,
      "clob_down_ask": null,
      "seconds_left": 60.90030074119568,
      "min_spread": null
    },
    {
      "ts": "2026-09-17T09:43:59.723670Z",
      "slug": "btc-updown-5m-1789638000",
      "status": "skip_price_below_threshold",
      "threshold": 0.7,
      "max_ask": 0.85,
      "win_streak": 2,
      "clob_up_ask": 0.01,
      "clob_down_ask": null,
      "seconds_left": 60.90030074119568,
      "trigger_price": null
    },
    {
      "ts": "2026-09-17T09:44:02.023331Z",
      "slug": "btc-updown-5m-1789638000",
      "status": "skip_too_late_to_enter",
      "seconds_left": 57.97667479515076,
      "min_entry_seconds_left": 60
    },
    {
      "ts": "2026-09-17T09:44:04.324758Z",
      "slug": "btc-updown-5m-1789638000",
      "status": "skip_too_late_to_enter",
      "seconds_left": 55.67524695396423,
      "min_entry_seconds_left": 60
    },
    {
      "ts": "2026-09-17T09:44:06.620399Z",
      "slug": "btc-updown-5m-1789638000",
      "status": "skip_too_late_to_enter",
      "seconds_left": 53.3796067237854,
      "min_entry_seconds_left": 60
    },
    {
      "ts": "2026-09-17T09:44:08.922858Z",
      "slug": "btc-updown-5m-1789638000",
      "status": "skip_too_late_to_enter",
      "seconds_left": 51.07714653015137,
      "min_entry_seconds_left": 60
    },
    {
      "ts": "2026-09-17T09:44:11.224078Z",
      "slug": "btc-updown-5m-1789638000",
      "status": "skip_too_late_to_enter",
      "seconds_left": 48.7759268283844,
      "min_entry_seconds_left": 60
    },
    {
      "ts": "2026-09-17T09:44:13.527731Z",
      "slug": "btc-updown-5m-1789638000",
      "status": "skip_too_late_to_enter",
      "seconds_left": 46.47227168083191,
      "min_entry_seconds_left": 60
    },
    {
      "ts": "2026-09-17T09:44:15.950000Z",
      "slug": "btc-updown-5m-1789638000",
      "status": "skip_too_late_to_enter",
      "seconds_left": 44.050005197525024,
      "min_entry_seconds_left": 60
    },
    {
      "ts": "2026-09-17T09:44:18.279225Z",
      "slug": "btc-updown-5m-1789638000",
      "status": "skip_too_late_to_enter",
      "seconds_left": 41.720781087875366,
      "min_entry_seconds_left": 60
    },
    {
      "ts": "2026-09-17T09:44:20.588325Z",
      "slug": "btc-updown-5m-1789638000",
      "status": "skip_too_late_to_enter",
      "seconds_left": 39.41168022155762,
      "min_entry_seconds_left": 60
    },
    {
      "ts": "2026-09-17T09:44:22.888749Z",
      "slug": "btc-updown-5m-1789638000",
      "status": "skip_too_late_to_enter",
      "seconds_left": 37.11125564575195,
      "min_entry_seconds_left": 60
    },
    {
      "ts": "2026-09-17T09:44:25.193108Z",
      "slug": "btc-updown-5m-1789638000",
      "status": "skip_too_late_to_enter",
      "seconds_left": 34.806896686553955,
      "min_entry_seconds_left": 60
    },
    {
      "ts": "2026-09-17T09:44:31.107350Z",
      "slug": "btc-updown-5m-1789638000",
      "status": "skip_too_late_to_enter",
      "seconds_left": 28.89265465736389,
      "min_entry_seconds_left": 60
    },
    {
      "ts": "2026-09-17T09:44:33.401595Z",
      "slug": "btc-updown-5m-1789638000",
      "status": "skip_too_late_to_enter",
      "seconds_left": 26.598409414291382,
      "min_entry_seconds_left": 60
    },
    {
      "ts": "2026-09-17T09:44:35.699884Z",
      "slug": "btc-updown-5m-1789638000",
      "status": "skip_too_late_to_enter",
      "seconds_left": 24.30012083053589,
      "min_entry_seconds_left": 60
    },
    {
      "ts": "2026-09-17T09:44:37.999792Z",
      "slug": "btc-updown-5m-1789638000",
      "status": "skip_too_late_to_enter",
      "seconds_left": 22.000213861465454,
      "min_entry_seconds_left": 60
    },
    {
      "ts": "2026-09-17T09:44:40.296192Z",
      "slug": "btc-updown-5m-1789638000",
      "status": "skip_too_late_to_enter",
      "seconds_left": 19.70381212234497,
      "min_entry_seconds_left": 60
    },
    {
      "ts": "2026-09-17T09:44:42.601955Z",
      "slug": "btc-updown-5m-1789638000",
      "status": "skip_too_late_to_enter",
      "seconds_left": 17.39804983139038,
      "min_entry_seconds_left": 60
    },
    {
      "ts": "2026-09-17T09:44:44.915938Z",
      "slug": "btc-updown-5m-1789638000",
      "status": "skip_too_late_to_enter",
      "seconds_left": 15.084068059921265,
      "min_entry_seconds_left": 60
    },
    {
      "ts": "2026-09-17T09:44:47.226454Z",
      "slug": "btc-updown-5m-1789638000",
      "status": "skip_too_late_to_enter",
      "seconds_left": 12.773551940917969,
      "min_entry_seconds_left": 60
    },
    {
      "ts": "2026-09-17T09:44:49.531341Z",
      "slug": "btc-updown-5m-1789638000",
      "status": "skip_too_late_to_enter",
      "seconds_left": 10.46866250038147,
      "min_entry_seconds_left": 60
    },
    {
      "ts": "2026-09-17T09:44:51.833999Z",
      "slug": "btc-updown-5m-1789638000",
      "status": "skip_too_late_to_enter",
      "seconds_left": 8.166004657745361,
      "min_entry_seconds_left": 60
    },
    {
      "ts": "2026-09-17T09:44:54.133571Z",
      "slug": "btc-updown-5m-1789638000",
      "status": "skip_too_late_to_enter",
      "seconds_left": 5.866432428359985,
      "min_entry_seconds_left": 60
    },
    {
      "ts": "2026-09-17T09:44:56.412568Z",
      "status": "heartbeat_no_current_market"
    },
    {
      "ts": "2026-09-17T09:44:58.709518Z",
      "status": "heartbeat_no_current_market"
    },
    {
      "ts": "2026-09-17T09:45:01.988541Z",
      "slug": "btc-updown-5m-1789638300",
      "status": "heartbeat",
      "gamma_up": 0.495,
      "gamma_down": 0.505,
      "clob_up_ask": 0.41,
      "clob_down_ask": 0.61,
      "seconds_left": 298.8814389705658,
      "min_spread": 0.009999999999999953
    },
    {
      "ts": "2026-09-17T09:45:01.988568Z",
      "slug": "btc-updown-5m-1789638300",
      "status": "skip_price_below_threshold",
      "threshold": 0.7,
      "max_ask": 0.85,
      "win_streak": 2,
      "clob_up_ask": 0.41,
      "clob_down_ask": 0.61,
      "seconds_left": 298.8814389705658,
      "trigger_price": null
    },
    {
      "ts": "2026-09-17T09:45:08.528173Z",
      "slug": "btc-updown-5m-1789638300",
      "status": "heartbeat",
      "gamma_up": 0.495,
      "gamma_down": 0.505,
      "clob_up_ask": 0.38,
      "clob_down_ask": 0.69,
      "seconds_left": 292.09985399246216,
      "min_spread": 0.009999999999999898
    },
    {
      "ts": "2026-09-17T09:45:08.528207Z",
      "slug": "btc-updown-5m-1789638300",
      "status": "skip_price_below_threshold",
      "threshold": 0.7,
      "max_ask": 0.85,
      "win_streak": 2,
      "clob_up_ask": 0.38,
      "clob_down_ask": 0.69,
      "seconds_left": 292.09985399246216,
      "trigger_price": null
    },
    {
      "ts": "2026-09-17T09:45:11.500636Z",
      "slug": "btc-updown-5m-1789638300",
      "status": "heartbeat",
      "gamma_up": 0.495,
      "gamma_down": 0.505,
      "clob_up_ask": 0.39,
      "clob_down_ask": 0.62,
      "seconds_left": 289.14447236061096,
      "min_spread": 0.010000000000000009
    },
    {
      "ts": "2026-09-17T09:45:11.500659Z",
      "slug": "btc-updown-5m-1789638300",
      "status": "skip_price_below_threshold",
      "threshold": 0.7,
      "max_ask": 0.85,
      "win_streak": 2,
      "clob_up_ask": 0.39,
      "clob_down_ask": 0.62,
      "seconds_left": 289.14447236061096,
      "trigger_price": null
    },
    {
      "ts": "2026-09-17T09:45:14.407204Z",
      "slug": "btc-updown-5m-1789638300",
      "status": "heartbeat",
      "gamma_up": 0.495,
      "gamma_down": 0.505,
      "clob_up_ask": 0.64,
      "clob_down_ask": 0.37,
      "seconds_left": 286.1930170059204,
      "min_spread": 0.010000000000000009
    },
    {
      "ts": "2026-09-17T09:45:14.407233Z",
      "slug": "btc-updown-5m-1789638300",
      "status": "skip_price_below_threshold",
      "threshold": 0.7,
      "max_ask": 0.85,
      "win_streak": 2,
      "clob_up_ask": 0.64,
      "clob_down_ask": 0.37,
      "seconds_left": 286.1930170059204,
      "trigger_price": null
    },
    {
      "ts": "2026-09-17T09:45:17.324552Z",
      "slug": "btc-updown-5m-1789638300",
      "status": "heartbeat",
      "gamma_up": 0.495,
      "gamma_down": 0.505,
      "clob_up_ask": 0.66,
      "clob_down_ask": 0.35,
      "seconds_left": 283.2982301712036,
      "min_spread": 0.009999999999999953
    },
    {
      "ts": "2026-09-17T09:45:17.324575Z",
      "slug": "btc-updown-5m-1789638300",
      "status": "skip_price_below_threshold",
      "threshold": 0.7,
      "max_ask": 0.85,
      "win_streak": 2,
      "clob_up_ask": 0.66,
      "clob_down_ask": 0.35,
      "seconds_left": 283.2982301712036,
      "trigger_price": null
    },
    {
      "ts": "2026-09-17T09:45:20.284790Z",
      "slug": "btc-updown-5m-1789638300",
      "status": "heartbeat",
      "gamma_up": 0.495,
      "gamma_down": 0.505,
      "clob_up_ask": 0.73,
      "clob_down_ask": 0.27,
      "seconds_left": 280.3772876262665,
      "min_spread": 0.010000000000000009
    },
    {
      "ts": "2026-09-17T09:45:28.024587Z",
      "slug": "btc-updown-5m-1789638300",
      "status": "heartbeat",
      "gamma_up": 0.495,
      "gamma_down": 0.505,
      "clob_up_ask": 0.7,
      "clob_down_ask": 0.31,
      "seconds_left": 272.74928522109985,
      "min_spread": 0.010000000000000009
    }
  ],
  "last_open_try": "{\"error\": \"PolyApiException[status_code=400, error_message={'error': 'no orders found to match with FAK order. FAK orders are partially filled or killed if no match is found.', 'orderID': '0x3f6a66e1741d4d009e478a929fc1fd9e66b545d40031d85bc45171e84021666b'}]\", \"order_post_result\": {\"success\": false, \"status\": \"error\", \"errorMsg\": \"PolyApiException[status_code=400, error_message={'error': 'no orders found to match with FAK order. FAK orders are partially filled or killed if no match is found.', 'orderID': '0x3f6a66e1741d4d009e478a929fc1fd9e66b545d40031d85bc45171e84021666b'}]\"}, \"close_skipped\": \"\"}\n\n[py_clob_client_v2] request error status=400 url=https://clob.polymarket.com/auth/api-key body={\"error\":\"Could not create api key\"}\n\n[py_clob_client_v2] request error status=400 url=https://clob.polymarket.com/order body={\"error\":\"no orders found to match with FAK order. FAK orders are partially filled or killed if no match is found.\",\"orderID\":\"0x3f6a66e1741d4d009e478a929fc1fd9e66b545d40031d85bc45171e84021666b\"}\n",
  "open_raw": "{\"mode\": \"open\", \"execute\": true, \"market_slug\": \"btc-updown-5m-1789638300\", \"force_side\": \"UP\", \"token_id\": \"43736363186124787595327764244412638432971040545784720331668589750559715929244\", \"entry_price\": 0.7, \"notional_usd\": 5.0, \"top_ask_notional_usd\": 276.99699999999996, \"collateral_pusd\": 434.493848, \"order_post_result\": {\"errorMsg\": \"\", \"orderID\": \"0x5a1ee83dc424c6da500e61d97ff87c6c3013b9478ceb5efd16ff000148e14f70\", \"takingAmount\": \"7.142856\", \"makingAmount\": \"4.999999\", \"status\": \"matched\", \"transactionsHashes\": [\"0x2ca3f9b6868db6fae0d1b2c81bfc9af7b30ce3a619820f80ec5cf8812caff892\"], \"success\": true}}\n\n[py_clob_client_v2] request error status=400 url=https://clob.polymarket.com/auth/api-key body={\"error\":\"Could not create api key\"}\n\n",
  "opened": {
    "opened_at": "2026-09-17T09:45:33.118067Z",
    "market_slug": "btc-updown-5m-1789638300",
    "market_end_iso": "2026-09-17T09:50:00Z",
    "side": "UP",
    "token_id": "43736363186124787595327764244412638432971040545784720331668589750559715929244",
    "entry_price": 0.7,
    "shares": 7.142856,
    "cost_usdc": 4.999999,
    "open_order_id": "0x5a1ee83dc424c6da500e61d97ff87c6c3013b9478ceb5efd16ff000148e14f70",
    "open_tx": "0x2ca3f9b6868db6fae0d1b2c81bfc9af7b30ce3a619820f80ec5cf8812caff892"
  },
  "stop_loss_price": 0.06999999999999998,
  "last_side_price": 0.495,
  "last_clob_bid": 0.01,
  "last_check_at": "2026-09-17T09:49:38.136911Z",
  "close_debug": [
    {
      "ts": "2026-09-17T09:49:44.337588Z",
      "attempt": 1,
      "order_type": "FAK",
      "status": "error",
      "close_skipped": ""
    },
    {
      "ts": "2026-09-17T09:49:49.863016Z",
      "attempt": 2,
      "order_type": "FAK",
      "status": "error",
      "close_skipped": ""
    },
    {
      "ts": "2026-09-17T09:49:58.851452Z",
      "attempt": 3,
      "order_type": "FAK",
      "status": "error",
      "close_skipped": ""
    },
    {
      "ts": "2026-09-17T09:50:04.136423Z",
      "attempt": 4,
      "order_type": "FAK",
      "status": "error",
      "close_skipped": ""
    },
    {
      "ts": "2026-09-17T09:50:09.257121Z",
      "attempt": 5,
      "order_type": "FAK",
      "status": "error",
      "close_skipped": ""
    },
    {
      "ts": "2026-09-17T09:50:14.962037Z",
      "attempt": 6,
      "order_type": "FAK",
      "status": "error",
      "close_skipped": ""
    },
    {
      "ts": "2026-09-17T09:50:20.532722Z",
      "attempt": 7,
      "order_type": "FAK",
      "status": "error",
      "close_skipped": ""
    },
    {
      "ts": "2026-09-17T09:50:25.959811Z",
      "attempt": 8,
      "order_type": "FAK",
      "status": "error",
      "close_skipped": ""
    },
    {
      "ts": "2026-09-17T09:50:34.892960Z",
      "attempt": 9,
      "order_type": "FAK",
      "status": "error",
      "close_skipped": ""
    },
    {
      "ts": "2026-09-17T09:50:40.117307Z",
      "attempt": 10,
      "order_type": "FAK",
      "status": "error",
      "close_skipped": ""
    },
    {
      "ts": "2026-09-17T09:50:45.512392Z",
      "attempt": 11,
      "order_type": "FAK",
      "status": "error",
      "close_skipped": ""
    },
    {
      "ts": "2026-09-17T09:50:50.694397Z",
      "attempt": 12,
      "order_type": "FAK",
      "status": "error",
      "close_skipped": ""
    },
    {
      "ts": "2026-09-17T09:50:55.899126Z",
      "attempt": 13,
      "order_type": "FAK",
      "status": "error",
      "close_skipped": ""
    },
    {
      "ts": "2026-09-17T09:51:01.170195Z",
      "attempt": 14,
      "order_type": "FAK",
      "status": "error",
      "close_skipped": ""
    },
    {
      "ts": "2026-09-17T09:51:10.003608Z",
      "attempt": 15,
      "order_type": "FAK",
      "status": "error",
      "close_skipped": ""
    },
    {
      "ts": "2026-09-17T09:51:15.796109Z",
      "attempt": 16,
      "order_type": "FAK",
      "status": "error",
      "close_skipped": ""
    },
    {
      "ts": "2026-09-17T09:51:21.151687Z",
      "attempt": 17,
      "order_type": "FAK",
      "status": "error",
      "close_skipped": ""
    },
    {
      "ts": "2026-09-17T09:51:26.499438Z",
      "attempt": 18,
      "order_type": "FAK",
      "status": "error",
      "close_skipped": ""
    },
    {
      "ts": "2026-09-17T09:51:31.968931Z",
      "attempt": 19,
      "order_type": "FAK",
      "status": "error",
      "close_skipped": ""
    },
    {
      "ts": "2026-09-17T09:51:37.157826Z",
      "attempt": 20,
      "order_type": "FAK",
      "status": "error",
      "close_skipped": ""
    },
    {
      "ts": "2026-09-17T09:51:45.911731Z",
      "attempt": 21,
      "order_type": "FAK",
      "status": "error",
      "close_skipped": ""
    },
    {
      "ts": "2026-09-17T09:51:51.082774Z",
      "attempt": 22,
      "order_type": "FAK",
      "status": "error",
      "close_skipped": ""
    },
    {
      "ts": "2026-09-17T09:51:56.288163Z",
      "attempt": 23,
      "order_type": "FAK",
      "status": "error",
      "close_skipped": ""
    },
    {
      "ts": "2026-09-17T09:52:01.787669Z",
      "attempt": 24,
      "order_type": "FAK",
      "status": "error",
      "close_skipped": ""
    },
    {
      "ts": "2026-09-17T09:52:05.350029Z",
      "attempt": 24,
      "order_type": "GTC",
      "status": "",
      "close_skipped": "",
      "limit_price": 0.485
    },
    {
      "ts": "2026-09-17T09:52:10.615537Z",
      "attempt": 25,
      "order_type": "FAK",
      "status": "error",
      "close_skipped": ""
    },
    {
      "ts": "2026-09-17T09:52:14.406092Z",
      "attempt": 25,
      "order_type": "GTC",
      "status": "",
      "close_skipped": "",
      "limit_price": 0.485
    },
    {
      "ts": "2026-09-17T09:52:23.280786Z",
      "attempt": 26,
      "order_type": "FAK",
      "status": "error",
      "close_skipped": ""
    },
    {
      "ts": "2026-09-17T09:52:26.822594Z",
      "attempt": 26,
      "order_type": "GTC",
      "status": "",
      "close_skipped": "",
      "limit_price": 0.485
    },
    {
      "ts": "2026-09-17T09:52:32.415945Z",
      "attempt": 27,
      "order_type": "FAK",
      "status": "error",
      "close_skipped": ""
    },
    {
      "ts": "2026-09-17T09:52:33.223619Z",
      "attempt": 27,
      "order_type": "SKIP_DEAD_BOOK",
      "status": "no_salvage_bid",
      "close_skipped": ""
    },
    {
      "ts": "2026-09-17T09:52:38.621977Z",
      "attempt": 28,
      "order_type": "FAK",
      "status": "error",
      "close_skipped": ""
    },
    {
      "ts": "2026-09-17T09:52:39.378526Z",
      "attempt": 28,
      "order_type": "SKIP_DEAD_BOOK",
      "status": "no_salvage_bid",
      "close_skipped": ""
    },
    {
      "ts": "2026-09-17T09:52:44.580064Z",
      "attempt": 29,
      "order_type": "FAK",
      "status": "error",
      "close_skipped": ""
    },
    {
      "ts": "2026-09-17T09:52:45.311987Z",
      "attempt": 29,
      "order_type": "SKIP_DEAD_BOOK",
      "status": "no_salvage_bid",
      "close_skipped": ""
    },
    {
      "ts": "2026-09-17T09:52:50.529981Z",
      "attempt": 30,
      "order_type": "FAK",
      "status": "error",
      "close_skipped": ""
    },
    {
      "ts": "2026-09-17T09:52:51.288009Z",
      "attempt": 30,
      "order_type": "SKIP_DEAD_BOOK",
      "status": "no_salvage_bid",
      "close_skipped": ""
    }
  ],
  "close_fallback": {
    "type": "GTC_LIMIT",
    "price": 0.485
  },
  "close_raw": "{\"error\": \"PolyApiException[status_code=404, error_message={'error': 'No orderbook exists for the requested token id'}]\", \"order_post_result\": {\"success\": false, \"status\": \"error\", \"errorMsg\": \"PolyApiException[status_code=404, error_message={'error': 'No orderbook exists for the requested token id'}]\"}, \"close_skipped\": \"\"}\n\n[py_clob_client_v2] request error status=400 url=https://clob.polymarket.com/auth/api-key body={\"error\":\"Could not create api key\"}\n\n[py_clob_client_v2] request error status=404 url=https://clob.polymarket.com/book body={\"error\":\"No orderbook exists for the requested token id\"}\n\n",
  "closed": {
    "close_reason": "time_exit_20s_before_end",
    "closed_at": "2026-09-17T09:52:56.901744Z",
    "close_success": false,
    "close_status": "error",
    "close_order_id": null,
    "close_tx": null,
    "close_shares": 0.0,
    "close_usdc": 0.0,
    "close_skipped": ""
  },
  "realized_cashflow_pnl_usdc": null,
  "finished_at": "2026-09-17T09:52:56.901843Z",
  "result": "done"
}
[2026-09-17T09:52:56Z] session_end rc=0 sessions=1 stake_usd=5
journal_ok trades=168 md=/home/yukeen/polymarketbot/5min-btc-polymarket/data/live_trades.md json=/home/yukeen/polymarketbot/5min-btc-polymarket/data/live_trades.json
[2026-09-17T09:54:20Z] fills=1/12 sessions=1/36
[2026-09-17T09:54:37Z] cash=429.388859
[py_clob_client_v2] request error status=400 url=https://clob.polymarket.com/auth/api-key body={"error":"Could not create api key"}

[2026-09-17T09:54:57Z] cash_retry=429.388859
[2026-09-17T09:55:05Z] session_begin sessions=1 fills=1 stake_usd=5
{
  "started_at": "2026-09-17T09:55:06.374684Z",
  "params": {
    "profile": "conservative",
    "threshold": 0.7,
    "stake_usd": 5.0,
    "stop_loss_pct": 0.9,
    "exit_before_sec": 20,
    "min_entry_seconds_left": 60,
    "entry_timeout_min": 12,
    "poll_sec": 2.0,
    "max_ask": 0.85,
    "expensive_ask": 0.8,
    "expensive_after_wins": 3,
    "close_retry_max": 30,
    "close_retry_delay_sec": 2.0,
    "execute": true,
    "win_streak": 0
  },
  "attempts": [
    {
      "ts": "2026-09-17T09:55:07.406873Z",
      "slug": "btc-updown-5m-1789638900",
      "status": "heartbeat",
      "gamma_up": 0.505,
      "gamma_down": 0.495,
      "clob_up_ask": 0.61,
      "clob_down_ask": 0.4,
      "seconds_left": 293.33308482170105,
      "min_spread": 0.010000000000000009
    },
    {
      "ts": "2026-09-17T09:55:07.406910Z",
      "slug": "btc-updown-5m-1789638900",
      "status": "skip_price_below_threshold",
      "threshold": 0.7,
      "max_ask": 0.85,
      "win_streak": 0,
      "clob_up_ask": 0.61,
      "clob_down_ask": 0.4,
      "seconds_left": 293.33308482170105,
      "trigger_price": null
    },
    {
      "ts": "2026-09-17T09:55:10.313468Z",
      "slug": "btc-updown-5m-1789638900",
      "status": "heartbeat",
      "gamma_up": 0.505,
      "gamma_down": 0.495,
      "clob_up_ask": 0.6,
      "clob_down_ask": 0.41,
      "seconds_left": 290.29767537117004,
      "min_spread": 0.009999999999999953
    },
    {
      "ts": "2026-09-17T09:55:10.313484Z",
      "slug": "btc-updown-5m-1789638900",
      "status": "skip_price_below_threshold",
      "threshold": 0.7,
      "max_ask": 0.85,
      "win_streak": 0,
      "clob_up_ask": 0.6,
      "clob_down_ask": 0.41,
      "seconds_left": 290.29767537117004,
      "trigger_price": null
    },
    {
      "ts": "2026-09-17T09:55:13.208855Z",
      "slug": "btc-updown-5m-1789638900",
      "status": "heartbeat",
      "gamma_up": 0.505,
      "gamma_down": 0.495,
      "clob_up_ask": 0.61,
      "clob_down_ask": 0.45,
      "seconds_left": 287.3961338996887,
      "min_spread": 0.010000000000000009
    },
    {
      "ts": "2026-09-17T09:55:13.208879Z",
      "slug": "btc-updown-5m-1789638900",
      "status": "skip_price_below_threshold",
      "threshold": 0.7,
      "max_ask": 0.85,
      "win_streak": 0,
      "clob_up_ask": 0.61,
      "clob_down_ask": 0.45,
      "seconds_left": 287.3961338996887,
      "trigger_price": null
    },
    {
      "ts": "2026-09-17T09:55:29.978091Z",
      "slug": "btc-updown-5m-1789638900",
      "status": "heartbeat",
      "gamma_up": 0.505,
      "gamma_down": 0.495,
      "clob_up_ask": 0.58,
      "clob_down_ask": 0.43,
      "seconds_left": 270.88356041908264,
      "min_spread": 0.010000000000000009
    },
    {
      "ts": "2026-09-17T09:55:29.978117Z",
      "slug": "btc-updown-5m-1789638900",
      "status": "skip_price_below_threshold",
      "threshold": 0.7,
      "max_ask": 0.85,
      "win_streak": 0,
      "clob_up_ask": 0.58,
      "clob_down_ask": 0.43,
      "seconds_left": 270.88356041908264,
      "trigger_price": null
    },
    {
      "ts": "2026-09-17T09:55:41.986663Z",
      "status": "heartbeat_no_current_market"
    },
    {
      "ts": "2026-09-17T09:55:45.299964Z",
      "slug": "btc-updown-5m-1789638900",
      "status": "heartbeat",
      "gamma_up": 0.505,
      "gamma_down": 0.495,
      "clob_up_ask": 0.63,
      "clob_down_ask": 0.38,
      "seconds_left": 255.59891963005066,
      "min_spread": 0.010000000000000009
    },
    {
      "ts": "2026-09-17T09:55:45.299989Z",
      "slug": "btc-updown-5m-1789638900",
      "status": "skip_price_below_threshold",
      "threshold": 0.7,
      "max_ask": 0.85,
      "win_streak": 0,
      "clob_up_ask": 0.63,
      "clob_down_ask": 0.38,
      "seconds_left": 255.59891963005066,
      "trigger_price": null
    },
    {
      "ts": "2026-09-17T09:55:48.251134Z",
      "slug": "btc-updown-5m-1789638900",
      "status": "heartbeat",
      "gamma_up": 0.505,
      "gamma_down": 0.495,
      "clob_up_ask": 0.6,
      "clob_down_ask": 0.43,
      "seconds_left": 252.3898515701294,
      "min_spread": 0.010000000000000009
    },
    {
      "ts": "2026-09-17T09:55:48.251157Z",
      "slug": "btc-updown-5m-1789638900",
      "status": "skip_price_below_threshold",
      "threshold": 0.7,
      "max_ask": 0.85,
      "win_streak": 0,
      "clob_up_ask": 0.6,
      "clob_down_ask": 0.43,
      "seconds_left": 252.3898515701294,
      "trigger_price": null
    },
    {
      "ts": "2026-09-17T09:55:51.174894Z",
      "slug": "btc-updown-5m-1789638900",
      "status": "heartbeat",
      "gamma_up": 0.505,
      "gamma_down": 0.495,
      "clob_up_ask": 0.59,
      "clob_down_ask": 0.42,
      "seconds_left": 249.44762468338013,
      "min_spread": 0.010000000000000009
    },
    {
      "ts": "2026-09-17T09:55:51.174912Z",
      "slug": "btc-updown-5m-1789638900",
      "status": "skip_price_below_threshold",
      "threshold": 0.7,
      "max_ask": 0.85,
      "win_streak": 0,
      "clob_up_ask": 0.59,
      "clob_down_ask": 0.42,
      "seconds_left": 249.44762468338013,
      "trigger_price": null
    },
    {
      "ts": "2026-09-17T09:55:57.712242Z",
      "slug": "btc-updown-5m-1789638900",
      "status": "heartbeat",
      "gamma_up": 0.505,
      "gamma_down": 0.495,
      "clob_up_ask": 0.61,
      "clob_down_ask": 0.4,
      "seconds_left": 242.90778470039368,
      "min_spread": 0.010000000000000009
    },
    {
      "ts": "2026-09-17T09:55:57.712265Z",
      "slug": "btc-updown-5m-1789638900",
      "status": "skip_price_below_threshold",
      "threshold": 0.7,
      "max_ask": 0.85,
      "win_streak": 0,
      "clob_up_ask": 0.61,
      "clob_down_ask": 0.4,
      "seconds_left": 242.90778470039368,
      "trigger_price": null
    },
    {
      "ts": "2026-09-17T09:56:00.685601Z",
      "slug": "btc-updown-5m-1789638900",
      "status": "heartbeat",
      "gamma_up": 0.505,
      "gamma_down": 0.495,
      "clob_up_ask": 0.61,
      "clob_down_ask": 0.4,
      "seconds_left": 239.94353771209717,
      "min_spread": 0.010000000000000009
    },
    {
      "ts": "2026-09-17T09:56:00.685620Z",
      "slug": "btc-updown-5m-1789638900",
      "status": "skip_price_below_threshold",
      "threshold": 0.7,
      "max_ask": 0.85,
      "win_streak": 0,
      "clob_up_ask": 0.61,
      "clob_down_ask": 0.4,
      "seconds_left": 239.94353771209717,
      "trigger_price": null
    },
    {
      "ts": "2026-09-17T09:56:03.601826Z",
      "slug": "btc-updown-5m-1789638900",
      "status": "heartbeat",
      "gamma_up": 0.505,
      "gamma_down": 0.495,
      "clob_up_ask": 0.61,
      "clob_down_ask": 0.4,
      "seconds_left": 237.02324628829956,
      "min_spread": 0.010000000000000009
    },
    {
      "ts": "2026-09-17T09:56:03.601840Z",
      "slug": "btc-updown-5m-1789638900",
      "status": "skip_price_below_threshold",
      "threshold": 0.7,
      "max_ask": 0.85,
      "win_streak": 0,
      "clob_up_ask": 0.61,
      "clob_down_ask": 0.4,
      "seconds_left": 237.02324628829956,
      "trigger_price": null
    },
    {
      "ts": "2026-09-17T09:56:06.514130Z",
      "slug": "btc-updown-5m-1789638900",
      "status": "heartbeat",
      "gamma_up": 0.505,
      "gamma_down": 0.495,
      "clob_up_ask": 0.61,
      "clob_down_ask": 0.4,
      "seconds_left": 234.10711073875427,
      "min_spread": 0.010000000000000009
    },
    {
      "ts": "2026-09-17T09:56:06.514149Z",
      "slug": "btc-updown-5m-1789638900",
      "status": "skip_price_below_threshold",
      "threshold": 0.7,
      "max_ask": 0.85,
      "win_streak": 0,
      "clob_up_ask": 0.61,
      "clob_down_ask": 0.4,
      "seconds_left": 234.10711073875427,
      "trigger_price": null
    },
    {
      "ts": "2026-09-17T09:56:09.421927Z",
      "slug": "btc-updown-5m-1789638900",
      "status": "heartbeat",
      "gamma_up": 0.505,
      "gamma_down": 0.495,
      "clob_up_ask": 0.6,
      "clob_down_ask": 0.41,
      "seconds_left": 231.1992244720459,
      "min_spread": 0.009999999999999953
    },
    {
      "ts": "2026-09-17T09:56:09.421954Z",
      "slug": "btc-updown-5m-1789638900",
      "status": "skip_price_below_threshold",
      "threshold": 0.7,
      "max_ask": 0.85,
      "win_streak": 0,
      "clob_up_ask": 0.6,
      "clob_down_ask": 0.41,
      "seconds_left": 231.1992244720459,
      "trigger_price": null
    },
    {
      "ts": "2026-09-17T09:56:12.340716Z",
      "slug": "btc-updown-5m-1789638900",
      "status": "heartbeat",
      "gamma_up": 0.505,
      "gamma_down": 0.495,
      "clob_up_ask": 0.39,
      "clob_down_ask": 0.62,
      "seconds_left": 228.28412699699402,
      "min_spread": 0.010000000000000009
    },
    {
      "ts": "2026-09-17T09:56:12.340732Z",
      "slug": "btc-updown-5m-1789638900",
      "status": "skip_price_below_threshold",
      "threshold": 0.7,
      "max_ask": 0.85,
      "win_streak": 0,
      "clob_up_ask": 0.39,
      "clob_down_ask": 0.62,
      "seconds_left": 228.28412699699402,
      "trigger_price": null
    },
    {
      "ts": "2026-09-17T09:56:15.269187Z",
      "slug": "btc-updown-5m-1789638900",
      "status": "heartbeat",
      "gamma_up": 0.505,
      "gamma_down": 0.495,
      "clob_up_ask": 0.35,
      "clob_down_ask": 0.68,
      "seconds_left": 225.36698079109192,
      "min_spread": 0.009999999999999953
    },
    {
      "ts": "2026-09-17T09:56:15.269213Z",
      "slug": "btc-updown-5m-1789638900",
      "status": "skip_price_below_threshold",
      "threshold": 0.7,
      "max_ask": 0.85,
      "win_streak": 0,
      "clob_up_ask": 0.35,
      "clob_down_ask": 0.68,
      "seconds_left": 225.36698079109192,
      "trigger_price": null
    },
    {
      "ts": "2026-09-17T09:56:18.193956Z",
      "slug": "btc-updown-5m-1789638900",
      "status": "heartbeat",
      "gamma_up": 0.505,
      "gamma_down": 0.495,
      "clob_up_ask": 0.29,
      "clob_down_ask": 0.71,
      "seconds_left": 222.4198398590088,
      "min_spread": 0.009999999999999953
    },
    {
      "ts": "2026-09-17T09:56:22.461249Z",
      "slug": "btc-updown-5m-1789638900",
      "status": "heartbeat",
      "gamma_up": 0.505,
      "gamma_down": 0.495,
      "clob_up_ask": 0.34,
      "clob_down_ask": 0.67,
      "seconds_left": 218.15762543678284,
      "min_spread": 0.010000000000000009
    },
    {
      "ts": "2026-09-17T09:56:22.461335Z",
      "slug": "btc-updown-5m-1789638900",
      "status": "skip_price_below_threshold",
      "threshold": 0.7,
      "max_ask": 0.85,
      "win_streak": 0,
      "clob_up_ask": 0.34,
      "clob_down_ask": 0.67,
      "seconds_left": 218.15762543678284,
      "trigger_price": null
    },
    {
      "ts": "2026-09-17T09:56:25.421045Z",
      "slug": "btc-updown-5m-1789638900",
      "status": "heartbeat",
      "gamma_up": 0.505,
      "gamma_down": 0.495,
      "clob_up_ask": 0.39,
      "clob_down_ask": 0.62,
      "seconds_left": 215.21535658836365,
      "min_spread": 0.010000000000000009
    },
    {
      "ts": "2026-09-17T09:56:25.421068Z",
      "slug": "btc-updown-5m-1789638900",
      "status": "skip_price_below_threshold",
      "threshold": 0.7,
      "max_ask": 0.85,
      "win_streak": 0,
      "clob_up_ask": 0.39,
      "clob_down_ask": 0.62,
      "seconds_left": 215.21535658836365,
      "trigger_price": null
    },
    {
      "ts": "2026-09-17T09:56:28.357453Z",
      "slug": "btc-updown-5m-1789638900",
      "status": "heartbeat",
      "gamma_up": 0.505,
      "gamma_down": 0.495,
      "clob_up_ask": 0.35,
      "clob_down_ask": 0.67,
      "seconds_left": 212.2603542804718,
      "min_spread": 0.009999999999999953
    },
    {
      "ts": "2026-09-17T09:56:28.357472Z",
      "slug": "btc-updown-5m-1789638900",
      "status": "skip_price_below_threshold",
      "threshold": 0.7,
      "max_ask": 0.85,
      "win_streak": 0,
      "clob_up_ask": 0.35,
      "clob_down_ask": 0.67,
      "seconds_left": 212.2603542804718,
      "trigger_price": null
    },
    {
      "ts": "2026-09-17T09:56:34.913249Z",
      "slug": "btc-updown-5m-1789638900",
      "status": "heartbeat",
      "gamma_up": 0.505,
      "gamma_down": 0.495,
      "clob_up_ask": 0.33,
      "clob_down_ask": 0.69,
      "seconds_left": 205.72431874275208,
      "min_spread": 0.009999999999999898
    },
    {
      "ts": "2026-09-17T09:56:34.913273Z",
      "slug": "btc-updown-5m-1789638900",
      "status": "skip_price_below_threshold",
      "threshold": 0.7,
      "max_ask": 0.85,
      "win_streak": 0,
      "clob_up_ask": 0.33,
      "clob_down_ask": 0.69,
      "seconds_left": 205.72431874275208,
      "trigger_price": null
    },
    {
      "ts": "2026-09-17T09:56:37.891132Z",
      "slug": "btc-updown-5m-1789638900",
      "status": "heartbeat",
      "gamma_up": 0.505,
      "gamma_down": 0.495,
      "clob_up_ask": 0.34,
      "clob_down_ask": 0.67,
      "seconds_left": 202.7212266921997,
      "min_spread": 0.010000000000000009
    },
    {
      "ts": "2026-09-17T09:56:37.891161Z",
      "slug": "btc-updown-5m-1789638900",
      "status": "skip_price_below_threshold",
      "threshold": 0.7,
      "max_ask": 0.85,
      "win_streak": 0,
      "clob_up_ask": 0.34,
      "clob_down_ask": 0.67,
      "seconds_left": 202.7212266921997,
      "trigger_price": null
    },
    {
      "ts": "2026-09-17T09:56:40.930014Z",
      "slug": "btc-updown-5m-1789638900",
      "status": "heartbeat",
      "gamma_up": 0.505,
      "gamma_down": 0.495,
      "clob_up_ask": 0.31,
      "clob_down_ask": 0.68,
      "seconds_left": 199.7003355026245,
      "min_spread": 0.010000000000000009
    },
    {
      "ts": "2026-09-17T09:56:40.930041Z",
      "slug": "btc-updown-5m-1789638900",
      "status": "skip_price_below_threshold",
      "threshold": 0.7,
      "max_ask": 0.85,
      "win_streak": 0,
      "clob_up_ask": 0.31,
      "clob_down_ask": 0.68,
      "seconds_left": 199.7003355026245,
      "trigger_price": null
    },
    {
      "ts": "2026-09-17T09:56:43.840998Z",
      "slug": "btc-updown-5m-1789638900",
      "status": "heartbeat",
      "gamma_up": 0.505,
      "gamma_down": 0.495,
      "clob_up_ask": 0.32,
      "clob_down_ask": 0.69,
      "seconds_left": 196.7832534313202,
      "min_spread": 0.009999999999999898
    },
    {
      "ts": "2026-09-17T09:56:43.841020Z",
      "slug": "btc-updown-5m-1789638900",
      "status": "skip_price_below_threshold",
      "threshold": 0.7,
      "max_ask": 0.85,
      "win_streak": 0,
      "clob_up_ask": 0.32,
      "clob_down_ask": 0.69,
      "seconds_left": 196.7832534313202,
      "trigger_price": null
    },
    {
      "ts": "2026-09-17T09:56:46.827722Z",
      "slug": "btc-updown-5m-1789638900",
      "status": "heartbeat",
      "gamma_up": 0.505,
      "gamma_down": 0.495,
      "clob_up_ask": 0.26,
      "clob_down_ask": 0.75,
      "seconds_left": 193.79813265800476,
      "min_spread": 0.010000000000000009
    },
    {
      "ts": "2026-09-17T09:56:55.019727Z",
      "slug": "btc-updown-5m-1789638900",
      "status": "heartbeat",
      "gamma_up": 0.505,
      "gamma_down": 0.495,
      "clob_up_ask": 0.26,
      "clob_down_ask": 0.75,
      "seconds_left": 185.73100686073303,
      "min_spread": 0.010000000000000009
    }
  ],
  "last_open_try": "{\"error\": \"PolyApiException[status_code=400, error_message={'error': 'no orders found to match with FAK order. FAK orders are partially filled or killed if no match is found.', 'orderID': '0x95088086fc17a3f88ac6ba8554c44496b2b68029c8792c8d42271bf2394f9b52'}]\", \"order_post_result\": {\"success\": false, \"status\": \"error\", \"errorMsg\": \"PolyApiException[status_code=400, error_message={'error': 'no orders found to match with FAK order. FAK orders are partially filled or killed if no match is found.', 'orderID': '0x95088086fc17a3f88ac6ba8554c44496b2b68029c8792c8d42271bf2394f9b52'}]\"}, \"close_skipped\": \"\"}\n\n[py_clob_client_v2] request error status=400 url=https://clob.polymarket.com/auth/api-key body={\"error\":\"Could not create api key\"}\n\n[py_clob_client_v2] request error status=400 url=https://clob.polymarket.com/order body={\"error\":\"no orders found to match with FAK order. FAK orders are partially filled or killed if no match is found.\",\"orderID\":\"0x95088086fc17a3f88ac6ba8554c44496b2b68029c8792c8d42271bf2394f9b52\"}\n",
  "open_raw": "{\"mode\": \"open\", \"execute\": true, \"market_slug\": \"btc-updown-5m-1789638900\", \"force_side\": \"DOWN\", \"token_id\": \"93668030440680632974665658926495211276949216516910827325657379123856738850990\", \"entry_price\": 0.76, \"notional_usd\": 5.0, \"top_ask_notional_usd\": 238.43480000000002, \"collateral_pusd\": 429.388859, \"order_post_result\": {\"errorMsg\": \"\", \"orderID\": \"0x91a730cdd1866be450e13b494cf50f001df4ae709dac31d63971e1d267636011\", \"takingAmount\": \"6.578945\", \"makingAmount\": \"4.999998\", \"status\": \"matched\", \"transactionsHashes\": [\"0xc9388ce94ee83ff3f30814b77c7e09ae2c2efb33816ac8774a43525ad0057697\"], \"success\": true}}\n\n[py_clob_client_v2] request error status=400 url=https://clob.polymarket.com/auth/api-key body={\"error\":\"Could not create api key\"}\n\n",
  "opened": {
    "opened_at": "2026-09-17T09:56:59.876513Z",
    "market_slug": "btc-updown-5m-1789638900",
    "market_end_iso": "2026-09-17T10:00:00Z",
    "side": "DOWN",
    "token_id": "93668030440680632974665658926495211276949216516910827325657379123856738850990",
    "entry_price": 0.76,
    "shares": 6.578945,
    "cost_usdc": 4.999998,
    "open_order_id": "0x91a730cdd1866be450e13b494cf50f001df4ae709dac31d63971e1d267636011",
    "open_tx": "0xc9388ce94ee83ff3f30814b77c7e09ae2c2efb33816ac8774a43525ad0057697"
  },
  "stop_loss_price": 0.07599999999999998,
  "last_side_price": 0.895,
  "last_clob_bid": 0.99,
  "last_check_at": "2026-09-17T09:59:39.206688Z",
  "closed": {
    "close_reason": "hold_to_settlement_winning_book",
    "closed_at": "2026-09-17T09:59:41.513470Z",
    "close_success": false,
    "close_status": "held",
    "close_order_id": null,
    "close_tx": null,
    "close_shares": 0.0,
    "close_usdc": 0.0,
    "close_skipped": "hold_to_settlement"
  },
  "realized_cashflow_pnl_usdc": null,
  "finished_at": "2026-09-17T09:59:41.514192Z",
  "result": "done"
}
[2026-09-17T09:59:41Z] session_end rc=0 sessions=2 stake_usd=5
journal_ok trades=169 md=/home/yukeen/polymarketbot/5min-btc-polymarket/data/live_trades.md json=/home/yukeen/polymarketbot/5min-btc-polymarket/data/live_trades.json
[2026-09-17T10:01:01Z] fills=2/12 sessions=2/36
[py_clob_client_v2] request error status=400 url=https://clob.polymarket.com/auth/api-key body={"error":"Could not create api key"}

[2026-09-17T10:01:22Z] cash=430.883816
[2026-09-17T10:01:30Z] session_begin sessions=2 fills=2 stake_usd=5
{
  "started_at": "2026-09-17T10:01:30.662260Z",
  "params": {
    "profile": "conservative",
    "threshold": 0.7,
    "stake_usd": 5.0,
    "stop_loss_pct": 0.9,
    "exit_before_sec": 20,
    "min_entry_seconds_left": 60,
    "entry_timeout_min": 12,
    "poll_sec": 2.0,
    "max_ask": 0.85,
    "expensive_ask": 0.8,
    "expensive_after_wins": 3,
    "close_retry_max": 30,
    "close_retry_delay_sec": 2.0,
    "execute": true,
    "win_streak": 1
  },
  "attempts": [
    {
      "ts": "2026-09-17T10:01:31.828143Z",
      "slug": "btc-updown-5m-1789639200",
      "status": "heartbeat",
      "gamma_up": 0.505,
      "gamma_down": 0.495,
      "clob_up_ask": 0.18,
      "clob_down_ask": 0.83,
      "seconds_left": 209.03409147262573,
      "min_spread": 0.009999999999999981
    }
  ],
  "open_raw": "{\"mode\": \"open\", \"execute\": true, \"market_slug\": \"btc-updown-5m-1789639200\", \"force_side\": \"DOWN\", \"token_id\": \"22383439728870782816863137717405497996272513867372084918944520817436838658719\", \"entry_price\": 0.84, \"notional_usd\": 5.0, \"top_ask_notional_usd\": 319.578, \"collateral_pusd\": 430.883816, \"order_post_result\": {\"errorMsg\": \"\", \"orderID\": \"0xda1ab9c32f0f33423c1877bdbcac8c7c968b4e9dd43a7ad2675830718b59222b\", \"takingAmount\": \"5.882353\", \"makingAmount\": \"5\", \"status\": \"matched\", \"transactionsHashes\": [\"0xd59f82a8eddc6e54e3fc4b03e4d443c7ec320f5e22583d1090d4de6c2ff49599\"], \"success\": true}}\n\n[py_clob_client_v2] request error status=400 url=https://clob.polymarket.com/auth/api-key body={\"error\":\"Could not create api key\"}\n\n",
  "opened": {
    "opened_at": "2026-09-17T10:01:36.715862Z",
    "market_slug": "btc-updown-5m-1789639200",
    "market_end_iso": "2026-09-17T10:05:00Z",
    "side": "DOWN",
    "token_id": "22383439728870782816863137717405497996272513867372084918944520817436838658719",
    "entry_price": 0.84,
    "shares": 5.882353,
    "cost_usdc": 5.0,
    "open_order_id": "0xda1ab9c32f0f33423c1877bdbcac8c7c968b4e9dd43a7ad2675830718b59222b",
    "open_tx": "0xd59f82a8eddc6e54e3fc4b03e4d443c7ec320f5e22583d1090d4de6c2ff49599"
  },
  "stop_loss_price": 0.08399999999999998,
  "last_side_price": 0.995,
  "last_clob_bid": 0.999,
  "last_check_at": "2026-09-17T10:04:38.333327Z",
  "closed": {
    "close_reason": "hold_to_settlement_winning_book",
    "closed_at": "2026-09-17T10:04:40.675351Z",
    "close_success": false,
    "close_status": "held",
    "close_order_id": null,
    "close_tx": null,
    "close_shares": 0.0,
    "close_usdc": 0.0,
    "close_skipped": "hold_to_settlement"
  },
  "realized_cashflow_pnl_usdc": null,
  "finished_at": "2026-09-17T10:04:40.675380Z",
  "result": "done"
}
[2026-09-17T10:04:40Z] session_end rc=0 sessions=3 stake_usd=5
journal_ok trades=170 md=/home/yukeen/polymarketbot/5min-btc-polymarket/data/live_trades.md json=/home/yukeen/polymarketbot/5min-btc-polymarket/data/live_trades.json
[2026-09-17T10:06:00Z] fills=3/12 sessions=3/36
[py_clob_client_v2] request error status=400 url=https://clob.polymarket.com/auth/api-key body={"error":"Could not create api key"}

[2026-09-17T10:06:21Z] cash=431.713669
[2026-09-17T10:06:29Z] session_begin sessions=3 fills=3 stake_usd=5
{
  "started_at": "2026-09-17T10:06:29.822921Z",
  "params": {
    "profile": "conservative",
    "threshold": 0.7,
    "stake_usd": 5.0,
    "stop_loss_pct": 0.9,
    "exit_before_sec": 20,
    "min_entry_seconds_left": 60,
    "entry_timeout_min": 12,
    "poll_sec": 2.0,
    "max_ask": 0.85,
    "expensive_ask": 0.8,
    "expensive_after_wins": 3,
    "close_retry_max": 30,
    "close_retry_delay_sec": 2.0,
    "execute": true,
    "win_streak": 2
  },
  "attempts": [
    {
      "ts": "2026-09-17T10:06:30.851161Z",
      "slug": "btc-updown-5m-1789639500",
      "status": "heartbeat",
      "gamma_up": 0.505,
      "gamma_down": 0.495,
      "clob_up_ask": 0.77,
      "clob_down_ask": 0.24,
      "seconds_left": 209.89187335968018,
      "min_spread": 0.009999999999999981
    }
  ],
  "open_raw": "{\"mode\": \"open\", \"execute\": true, \"market_slug\": \"btc-updown-5m-1789639500\", \"force_side\": \"UP\", \"token_id\": \"111368052556894851884286973497950474320434194989089674263234148648555160561678\", \"entry_price\": 0.76, \"notional_usd\": 5.0, \"top_ask_notional_usd\": 246.5592, \"collateral_pusd\": 431.713669, \"order_post_result\": {\"errorMsg\": \"\", \"orderID\": \"0x8dd535468db172d67cf4529ede14bf4777605de05a9db4430860541cae5fea1a\", \"takingAmount\": \"6.578945\", \"makingAmount\": \"4.999998\", \"status\": \"matched\", \"transactionsHashes\": [\"0x3aaf616472d81acdba68a2660f31eb4768c4efc78b0d365dad81179968120ede\"], \"success\": true}}\n\n[py_clob_client_v2] request error status=400 url=https://clob.polymarket.com/auth/api-key body={\"error\":\"Could not create api key\"}\n\n",
  "opened": {
    "opened_at": "2026-09-17T10:06:35.605161Z",
    "market_slug": "btc-updown-5m-1789639500",
    "market_end_iso": "2026-09-17T10:10:00Z",
    "side": "UP",
    "token_id": "111368052556894851884286973497950474320434194989089674263234148648555160561678",
    "entry_price": 0.76,
    "shares": 6.578945,
    "cost_usdc": 4.999998,
    "open_order_id": "0x8dd535468db172d67cf4529ede14bf4777605de05a9db4430860541cae5fea1a",
    "open_tx": "0x3aaf616472d81acdba68a2660f31eb4768c4efc78b0d365dad81179968120ede"
  },
  "stop_loss_price": 0.07599999999999998,
  "last_side_price": 0.775,
  "last_clob_bid": 0.99,
  "last_check_at": "2026-09-17T10:09:40.083879Z",
  "closed": {
    "close_reason": "hold_to_settlement_winning_book",
    "closed_at": "2026-09-17T10:09:42.455037Z",
    "close_success": false,
    "close_status": "held",
    "close_order_id": null,
    "close_tx": null,
    "close_shares": 0.0,
    "close_usdc": 0.0,
    "close_skipped": "hold_to_settlement"
  },
  "realized_cashflow_pnl_usdc": null,
  "finished_at": "2026-09-17T10:09:42.455061Z",
  "result": "done"
}
[2026-09-17T10:09:42Z] session_end rc=0 sessions=4 stake_usd=5
journal_ok trades=171 md=/home/yukeen/polymarketbot/5min-btc-polymarket/data/live_trades.md json=/home/yukeen/polymarketbot/5min-btc-polymarket/data/live_trades.json
[2026-09-17T10:11:24Z] fills=4/12 sessions=4/36
[py_clob_client_v2] request error status=400 url=https://clob.polymarket.com/auth/api-key body={"error":"Could not create api key"}

[2026-09-17T10:11:44Z] cash=433.208626
[2026-09-17T10:11:52Z] session_begin sessions=4 fills=4 stake_usd=5
[py_clob_client_v2] request error status=400 url=https://clob.polymarket.com/auth/api-key body={"error":"Could not create api key"}

{
  "started_at": "2026-09-17T10:11:53.301912Z",
  "params": {
    "profile": "conservative",
    "threshold": 0.7,
    "stake_usd": 5.0,
    "stop_loss_pct": 0.9,
    "exit_before_sec": 20,
    "min_entry_seconds_left": 60,
    "entry_timeout_min": 12,
    "poll_sec": 2.0,
    "max_ask": 0.85,
    "expensive_ask": 0.8,
    "expensive_after_wins": 3,
    "close_retry_max": 30,
    "close_retry_delay_sec": 2.0,
    "execute": true,
    "win_streak": 3
  },
  "attempts": [
    {
      "ts": "2026-09-17T10:11:54.429912Z",
      "slug": "btc-updown-5m-1789639800",
      "status": "heartbeat",
      "gamma_up": 0.505,
      "gamma_down": 0.495,
      "clob_up_ask": 0.75,
      "clob_down_ask": 0.27,
      "seconds_left": 186.42227482795715,
      "min_spread": 0.010000000000000009
    },
    {
      "ts": "2026-09-17T10:12:02.786269Z",
      "slug": "btc-updown-5m-1789639800",
      "status": "heartbeat",
      "gamma_up": 0.745,
      "gamma_down": 0.255,
      "clob_up_ask": 0.69,
      "clob_down_ask": 0.3,
      "seconds_left": 178.1618332862854,
      "min_spread": 0.009999999999999898
    },
    {
      "ts": "2026-09-17T10:12:02.786343Z",
      "slug": "btc-updown-5m-1789639800",
      "status": "skip_price_below_threshold",
      "threshold": 0.7,
      "max_ask": 0.85,
      "win_streak": 3,
      "clob_up_ask": 0.69,
      "clob_down_ask": 0.3,
      "seconds_left": 178.1618332862854,
      "trigger_price": null
    },
    {
      "ts": "2026-09-17T10:12:05.727994Z",
      "slug": "btc-updown-5m-1789639800",
      "status": "heartbeat",
      "gamma_up": 0.745,
      "gamma_down": 0.255,
      "clob_up_ask": 0.66,
      "clob_down_ask": 0.4,
      "seconds_left": 174.88493061065674,
      "min_spread": 0.010000000000000009
    },
    {
      "ts": "2026-09-17T10:12:05.728018Z",
      "slug": "btc-updown-5m-1789639800",
      "status": "skip_price_below_threshold",
      "threshold": 0.7,
      "max_ask": 0.85,
      "win_streak": 3,
      "clob_up_ask": 0.66,
      "clob_down_ask": 0.4,
      "seconds_left": 174.88493061065674,
      "trigger_price": null
    },
    {
      "ts": "2026-09-17T10:12:12.286668Z",
      "slug": "btc-updown-5m-1789639800",
      "status": "heartbeat",
      "gamma_up": 0.745,
      "gamma_down": 0.255,
      "clob_up_ask": 0.69,
      "clob_down_ask": 0.33,
      "seconds_left": 171.97897124290466,
      "min_spread": 0.009999999999999898
    },
    {
      "ts": "2026-09-17T10:12:12.286693Z",
      "slug": "btc-updown-5m-1789639800",
      "status": "skip_price_below_threshold",
      "threshold": 0.7,
      "max_ask": 0.85,
      "win_streak": 3,
      "clob_up_ask": 0.69,
      "clob_down_ask": 0.33,
      "seconds_left": 171.97897124290466,
      "trigger_price": null
    },
    {
      "ts": "2026-09-17T10:12:15.171217Z",
      "slug": "btc-updown-5m-1789639800",
      "status": "heartbeat",
      "gamma_up": 0.745,
      "gamma_down": 0.255,
      "clob_up_ask": 0.68,
      "clob_down_ask": 0.34,
      "seconds_left": 165.4377784729004,
      "min_spread": 0.010000000000000009
    },
    {
      "ts": "2026-09-17T10:12:15.171242Z",
      "slug": "btc-updown-5m-1789639800",
      "status": "skip_price_below_threshold",
      "threshold": 0.7,
      "max_ask": 0.85,
      "win_streak": 3,
      "clob_up_ask": 0.68,
      "clob_down_ask": 0.34,
      "seconds_left": 165.4377784729004,
      "trigger_price": null
    },
    {
      "ts": "2026-09-17T10:12:18.222408Z",
      "slug": "btc-updown-5m-1789639800",
      "status": "heartbeat",
      "gamma_up": 0.745,
      "gamma_down": 0.255,
      "clob_up_ask": 0.64,
      "clob_down_ask": 0.35,
      "seconds_left": 162.5466763973236,
      "min_spread": 0.009999999999999953
    },
    {
      "ts": "2026-09-17T10:12:18.222432Z",
      "slug": "btc-updown-5m-1789639800",
      "status": "skip_price_below_threshold",
      "threshold": 0.7,
      "max_ask": 0.85,
      "win_streak": 3,
      "clob_up_ask": 0.64,
      "clob_down_ask": 0.35,
      "seconds_left": 162.5466763973236,
      "trigger_price": null
    },
    {
      "ts": "2026-09-17T10:12:21.228402Z",
      "slug": "btc-updown-5m-1789639800",
      "status": "heartbeat",
      "gamma_up": 0.745,
      "gamma_down": 0.255,
      "clob_up_ask": 0.6,
      "clob_down_ask": 0.41,
      "seconds_left": 159.39965677261353,
      "min_spread": 0.009999999999999953
    },
    {
      "ts": "2026-09-17T10:12:21.228434Z",
      "slug": "btc-updown-5m-1789639800",
      "status": "skip_price_below_threshold",
      "threshold": 0.7,
      "max_ask": 0.85,
      "win_streak": 3,
      "clob_up_ask": 0.6,
      "clob_down_ask": 0.41,
      "seconds_left": 159.39965677261353,
      "trigger_price": null
    },
    {
      "ts": "2026-09-17T10:12:24.151137Z",
      "slug": "btc-updown-5m-1789639800",
      "status": "heartbeat",
      "gamma_up": 0.745,
      "gamma_down": 0.255,
      "clob_up_ask": 0.6,
      "clob_down_ask": 0.51,
      "seconds_left": 156.4801332950592,
      "min_spread": 0.010000000000000009
    },
    {
      "ts": "2026-09-17T10:12:24.151165Z",
      "slug": "btc-updown-5m-1789639800",
      "status": "skip_price_below_threshold",
      "threshold": 0.7,
      "max_ask": 0.85,
      "win_streak": 3,
      "clob_up_ask": 0.6,
      "clob_down_ask": 0.51,
      "seconds_left": 156.4801332950592,
      "trigger_price": null
    },
    {
      "ts": "2026-09-17T10:12:27.053493Z",
      "slug": "btc-updown-5m-1789639800",
      "status": "heartbeat",
      "gamma_up": 0.745,
      "gamma_down": 0.255,
      "clob_up_ask": 0.48,
      "clob_down_ask": 0.55,
      "seconds_left": 153.55426001548767,
      "min_spread": 0.010000000000000009
    },
    {
      "ts": "2026-09-17T10:12:27.053520Z",
      "slug": "btc-updown-5m-1789639800",
      "status": "skip_price_below_threshold",
      "threshold": 0.7,
      "max_ask": 0.85,
      "win_streak": 3,
      "clob_up_ask": 0.48,
      "clob_down_ask": 0.55,
      "seconds_left": 153.55426001548767,
      "trigger_price": null
    },
    {
      "ts": "2026-09-17T10:12:29.934819Z",
      "slug": "btc-updown-5m-1789639800",
      "status": "heartbeat",
      "gamma_up": 0.745,
      "gamma_down": 0.255,
      "clob_up_ask": 0.43,
      "clob_down_ask": 0.57,
      "seconds_left": 150.6662881374359,
      "min_spread": 0.009999999999999898
    },
    {
      "ts": "2026-09-17T10:12:29.934834Z",
      "slug": "btc-updown-5m-1789639800",
      "status": "skip_price_below_threshold",
      "threshold": 0.7,
      "max_ask": 0.85,
      "win_streak": 3,
      "clob_up_ask": 0.43,
      "clob_down_ask": 0.57,
      "seconds_left": 150.6662881374359,
      "trigger_price": null
    },
    {
      "ts": "2026-09-17T10:12:32.847745Z",
      "slug": "btc-updown-5m-1789639800",
      "status": "heartbeat",
      "gamma_up": 0.745,
      "gamma_down": 0.255,
      "clob_up_ask": 0.47,
      "clob_down_ask": 0.54,
      "seconds_left": 147.79044890403748,
      "min_spread": 0.009999999999999953
    },
    {
      "ts": "2026-09-17T10:12:32.847770Z",
      "slug": "btc-updown-5m-1789639800",
      "status": "skip_price_below_threshold",
      "threshold": 0.7,
      "max_ask": 0.85,
      "win_streak": 3,
      "clob_up_ask": 0.47,
      "clob_down_ask": 0.54,
      "seconds_left": 147.79044890403748,
      "trigger_price": null
    },
    {
      "ts": "2026-09-17T10:12:35.743820Z",
      "slug": "btc-updown-5m-1789639800",
      "status": "heartbeat",
      "gamma_up": 0.745,
      "gamma_down": 0.255,
      "clob_up_ask": 0.48,
      "clob_down_ask": 0.53,
      "seconds_left": 144.86709356307983,
      "min_spread": 0.010000000000000009
    },
    {
      "ts": "2026-09-17T10:12:35.743846Z",
      "slug": "btc-updown-5m-1789639800",
      "status": "skip_price_below_threshold",
      "threshold": 0.7,
      "max_ask": 0.85,
      "win_streak": 3,
      "clob_up_ask": 0.48,
      "clob_down_ask": 0.53,
      "seconds_left": 144.86709356307983,
      "trigger_price": null
    },
    {
      "ts": "2026-09-17T10:12:38.654372Z",
      "slug": "btc-updown-5m-1789639800",
      "status": "heartbeat",
      "gamma_up": 0.745,
      "gamma_down": 0.255,
      "clob_up_ask": 0.44,
      "clob_down_ask": 0.57,
      "seconds_left": 141.95279502868652,
      "min_spread": 0.009999999999999898
    },
    {
      "ts": "2026-09-17T10:12:38.654399Z",
      "slug": "btc-updown-5m-1789639800",
      "status": "skip_price_below_threshold",
      "threshold": 0.7,
      "max_ask": 0.85,
      "win_streak": 3,
      "clob_up_ask": 0.44,
      "clob_down_ask": 0.57,
      "seconds_left": 141.95279502868652,
      "trigger_price": null
    },
    {
      "ts": "2026-09-17T10:12:41.563344Z",
      "slug": "btc-updown-5m-1789639800",
      "status": "heartbeat",
      "gamma_up": 0.745,
      "gamma_down": 0.255,
      "clob_up_ask": 0.46,
      "clob_down_ask": 0.55,
      "seconds_left": 139.06122708320618,
      "min_spread": 0.010000000000000009
    },
    {
      "ts": "2026-09-17T10:12:41.563370Z",
      "slug": "btc-updown-5m-1789639800",
      "status": "skip_price_below_threshold",
      "threshold": 0.7,
      "max_ask": 0.85,
      "win_streak": 3,
      "clob_up_ask": 0.46,
      "clob_down_ask": 0.55,
      "seconds_left": 139.06122708320618,
      "trigger_price": null
    },
    {
      "ts": "2026-09-17T10:12:48.053573Z",
      "slug": "btc-updown-5m-1789639800",
      "status": "heartbeat",
      "gamma_up": 0.745,
      "gamma_down": 0.255,
      "clob_up_ask": 0.44,
      "clob_down_ask": 0.57,
      "seconds_left": 136.15593147277832,
      "min_spread": 0.009999999999999898
    },
    {
      "ts": "2026-09-17T10:12:48.053602Z",
      "slug": "btc-updown-5m-1789639800",
      "status": "skip_price_below_threshold",
      "threshold": 0.7,
      "max_ask": 0.85,
      "win_streak": 3,
      "clob_up_ask": 0.44,
      "clob_down_ask": 0.57,
      "seconds_left": 136.15593147277832,
      "trigger_price": null
    },
    {
      "ts": "2026-09-17T10:12:50.948176Z",
      "slug": "btc-updown-5m-1789639800",
      "status": "heartbeat",
      "gamma_up": 0.745,
      "gamma_down": 0.255,
      "clob_up_ask": 0.39,
      "clob_down_ask": 0.62,
      "seconds_left": 129.66580486297607,
      "min_spread": 0.010000000000000009
    },
    {
      "ts": "2026-09-17T10:12:50.948189Z",
      "slug": "btc-updown-5m-1789639800",
      "status": "skip_price_below_threshold",
      "threshold": 0.7,
      "max_ask": 0.85,
      "win_streak": 3,
      "clob_up_ask": 0.39,
      "clob_down_ask": 0.62,
      "seconds_left": 129.66580486297607,
      "trigger_price": null
    },
    {
      "ts": "2026-09-17T10:12:53.851748Z",
      "slug": "btc-updown-5m-1789639800",
      "status": "heartbeat",
      "gamma_up": 0.745,
      "gamma_down": 0.255,
      "clob_up_ask": 0.28,
      "clob_down_ask": 0.7,
      "seconds_left": 126.76211667060852,
      "min_spread": 0.010000000000000009
    }
  ],
  "last_open_try": "{\"error\": \"PolyApiException[status_code=400, error_message={'error': 'no orders found to match with FAK order. FAK orders are partially filled or killed if no match is found.', 'orderID': '0xb79da37dff10022a9d862eda2726c323e09cbc2ea094dbbee216574c812697c2'}]\", \"order_post_result\": {\"success\": false, \"status\": \"error\", \"errorMsg\": \"PolyApiException[status_code=400, error_message={'error': 'no orders found to match with FAK order. FAK orders are partially filled or killed if no match is found.', 'orderID': '0xb79da37dff10022a9d862eda2726c323e09cbc2ea094dbbee216574c812697c2'}]\"}, \"close_skipped\": \"\"}\n\n[py_clob_client_v2] request error status=400 url=https://clob.polymarket.com/auth/api-key body={\"error\":\"Could not create api key\"}\n\n[py_clob_client_v2] request error status=400 url=https://clob.polymarket.com/order body={\"error\":\"no orders found to match with FAK order. FAK orders are partially filled or killed if no match is found.\",\"orderID\":\"0xb79da37dff10022a9d862eda2726c323e09cbc2ea094dbbee216574c812697c2\"}\n",
  "open_raw": "{\"mode\": \"open\", \"execute\": true, \"market_slug\": \"btc-updown-5m-1789639800\", \"force_side\": \"DOWN\", \"token_id\": \"18736236263445262563588045536866699532977612839453539147133159791160429103050\", \"entry_price\": 0.7, \"notional_usd\": 5.0, \"top_ask_notional_usd\": 398.538, \"collateral_pusd\": 433.208626, \"order_post_result\": {\"errorMsg\": \"\", \"orderID\": \"0x536d5bdfe75b0f1d22dccab653e2b3585190190ff5a7011f957405e5a9c6fceb\", \"takingAmount\": \"6.329114\", \"makingAmount\": \"5\", \"status\": \"matched\", \"transactionsHashes\": [\"0x6958df91ea0edfb5d50bd769d9006e252c167e97c6cd91f3abae23c30e7b51d1\"], \"success\": true}}\n\n[py_clob_client_v2] request error status=400 url=https://clob.polymarket.com/auth/api-key body={\"error\":\"Could not create api key\"}\n\n",
  "opened": {
    "opened_at": "2026-09-17T10:12:59.058266Z",
    "market_slug": "btc-updown-5m-1789639800",
    "market_end_iso": "2026-09-17T10:15:00Z",
    "side": "DOWN",
    "token_id": "18736236263445262563588045536866699532977612839453539147133159791160429103050",
    "entry_price": 0.7,
    "shares": 6.329114,
    "cost_usdc": 5.0,
    "open_order_id": "0x536d5bdfe75b0f1d22dccab653e2b3585190190ff5a7011f957405e5a9c6fceb",
    "open_tx": "0x6958df91ea0edfb5d50bd769d9006e252c167e97c6cd91f3abae23c30e7b51d1"
  },
  "stop_loss_price": 0.06999999999999998,
  "last_side_price": 0.255,
  "last_clob_bid": 0.01,
  "last_check_at": "2026-09-17T10:14:39.492551Z",
  "close_debug": [
    {
      "ts": "2026-09-17T10:14:44.130186Z",
      "attempt": 1,
      "order_type": "FAK",
      "status": "skipped",
      "close_skipped": "zero_effective_shares"
    },
    {
      "ts": "2026-09-17T10:14:47.742446Z",
      "attempt": 2,
      "order_type": "FAK",
      "status": "skipped",
      "close_skipped": "zero_effective_shares"
    },
    {
      "ts": "2026-09-17T10:14:51.326909Z",
      "attempt": 3,
      "order_type": "FAK",
      "status": "skipped",
      "close_skipped": "zero_effective_shares"
    },
    {
      "ts": "2026-09-17T10:14:55.007359Z",
      "attempt": 4,
      "order_type": "FAK",
      "status": "skipped",
      "close_skipped": "zero_effective_shares"
    },
    {
      "ts": "2026-09-17T10:14:58.687957Z",
      "attempt": 5,
      "order_type": "FAK",
      "status": "skipped",
      "close_skipped": "zero_effective_shares"
    },
    {
      "ts": "2026-09-17T10:15:02.364162Z",
      "attempt": 6,
      "order_type": "FAK",
      "status": "skipped",
      "close_skipped": "zero_effective_shares"
    },
    {
      "ts": "2026-09-17T10:15:06.081487Z",
      "attempt": 7,
      "order_type": "FAK",
      "status": "skipped",
      "close_skipped": "zero_effective_shares"
    },
    {
      "ts": "2026-09-17T10:15:13.312708Z",
      "attempt": 8,
      "order_type": "FAK",
      "status": "skipped",
      "close_skipped": "zero_effective_shares"
    },
    {
      "ts": "2026-09-17T10:15:17.181480Z",
      "attempt": 9,
      "order_type": "FAK",
      "status": "skipped",
      "close_skipped": "zero_effective_shares"
    },
    {
      "ts": "2026-09-17T10:15:20.900380Z",
      "attempt": 10,
      "order_type": "FAK",
      "status": "skipped",
      "close_skipped": "zero_effective_shares"
    },
    {
      "ts": "2026-09-17T10:15:24.544372Z",
      "attempt": 11,
      "order_type": "FAK",
      "status": "skipped",
      "close_skipped": "zero_effective_shares"
    },
    {
      "ts": "2026-09-17T10:15:28.235192Z",
      "attempt": 12,
      "order_type": "FAK",
      "status": "skipped",
      "close_skipped": "zero_effective_shares"
    },
    {
      "ts": "2026-09-17T10:15:31.859346Z",
      "attempt": 13,
      "order_type": "FAK",
      "status": "skipped",
      "close_skipped": "zero_effective_shares"
    },
    {
      "ts": "2026-09-17T10:15:35.522115Z",
      "attempt": 14,
      "order_type": "FAK",
      "status": "skipped",
      "close_skipped": "zero_effective_shares"
    },
    {
      "ts": "2026-09-17T10:15:39.184012Z",
      "attempt": 15,
      "order_type": "FAK",
      "status": "skipped",
      "close_skipped": "zero_effective_shares"
    },
    {
      "ts": "2026-09-17T10:15:42.862348Z",
      "attempt": 16,
      "order_type": "FAK",
      "status": "skipped",
      "close_skipped": "zero_effective_shares"
    },
    {
      "ts": "2026-09-17T10:15:50.205990Z",
      "attempt": 17,
      "order_type": "FAK",
      "status": "skipped",
      "close_skipped": "zero_effective_shares"
    },
    {
      "ts": "2026-09-17T10:15:53.874442Z",
      "attempt": 18,
      "order_type": "FAK",
      "status": "skipped",
      "close_skipped": "zero_effective_shares"
    },
    {
      "ts": "2026-09-17T10:15:57.571462Z",
      "attempt": 19,
      "order_type": "FAK",
      "status": "skipped",
      "close_skipped": "zero_effective_shares"
    },
    {
      "ts": "2026-09-17T10:16:01.199714Z",
      "attempt": 20,
      "order_type": "FAK",
      "status": "skipped",
      "close_skipped": "zero_effective_shares"
    },
    {
      "ts": "2026-09-17T10:16:04.785438Z",
      "attempt": 21,
      "order_type": "FAK",
      "status": "skipped",
      "close_skipped": "zero_effective_shares"
    },
    {
      "ts": "2026-09-17T10:16:08.457662Z",
      "attempt": 22,
      "order_type": "FAK",
      "status": "skipped",
      "close_skipped": "zero_effective_shares"
    },
    {
      "ts": "2026-09-17T10:16:12.161427Z",
      "attempt": 23,
      "order_type": "FAK",
      "status": "skipped",
      "close_skipped": "zero_effective_shares"
    },
    {
      "ts": "2026-09-17T10:16:15.913639Z",
      "attempt": 24,
      "order_type": "FAK",
      "status": "skipped",
      "close_skipped": "zero_effective_shares"
    },
    {
      "ts": "2026-09-17T10:16:19.599670Z",
      "attempt": 25,
      "order_type": "FAK",
      "status": "skipped",
      "close_skipped": "zero_effective_shares"
    },
    {
      "ts": "2026-09-17T10:16:26.849817Z",
      "attempt": 26,
      "order_type": "FAK",
      "status": "skipped",
      "close_skipped": "zero_effective_shares"
    },
    {
      "ts": "2026-09-17T10:16:30.410130Z",
      "attempt": 27,
      "order_type": "FAK",
      "status": "skipped",
      "close_skipped": "zero_effective_shares"
    },
    {
      "ts": "2026-09-17T10:16:34.174819Z",
      "attempt": 28,
      "order_type": "FAK",
      "status": "skipped",
      "close_skipped": "zero_effective_shares"
    },
    {
      "ts": "2026-09-17T10:16:37.776873Z",
      "attempt": 29,
      "order_type": "FAK",
      "status": "skipped",
      "close_skipped": "zero_effective_shares"
    },
    {
      "ts": "2026-09-17T10:16:51.491080Z",
      "attempt": 30,
      "order_type": "FAK",
      "status": "skipped",
      "close_skipped": "zero_effective_shares"
    }
  ],
  "close_raw": "{\"mode\": \"close\", \"execute\": true, \"market_slug\": \"btc-updown-5m-1789639800\", \"token_id\": \"18736236263445262563588045536866699532977612839453539147133159791160429103050\", \"requested_shares\": 6.329114, \"close_order_type\": \"FAK\", \"close_limit_price\": null, \"available_shares\": 0.009114, \"sell_shares\": 0.0091, \"close_skipped\": \"zero_effective_shares\", \"order_post_result\": {\"success\": false, \"status\": \"skipped\"}}\n\n[py_clob_client_v2] request error status=400 url=https://clob.polymarket.com/auth/api-key body={\"error\":\"Could not create api key\"}\n\n",
  "closed": {
    "close_reason": "time_exit_20s_before_end",
    "closed_at": "2026-09-17T10:16:53.491268Z",
    "close_success": false,
    "close_status": "skipped",
    "close_order_id": null,
    "close_tx": null,
    "close_shares": 0.0,
    "close_usdc": 0.0,
    "close_skipped": "zero_effective_shares"
  },
  "realized_cashflow_pnl_usdc": null,
  "finished_at": "2026-09-17T10:16:53.491302Z",
  "result": "done"
}
[2026-09-17T10:16:53Z] session_end rc=0 sessions=5 stake_usd=5
journal_ok trades=172 md=/home/yukeen/polymarketbot/5min-btc-polymarket/data/live_trades.md json=/home/yukeen/polymarketbot/5min-btc-polymarket/data/live_trades.json
[2026-09-17T10:18:25Z] fills=5/12 sessions=5/36
[py_clob_client_v2] request error status=400 url=https://clob.polymarket.com/auth/api-key body={"error":"Could not create api key"}

[2026-09-17T10:18:42Z] cash=429.328346
[py_clob_client_v2] request error status=400 url=https://clob.polymarket.com/auth/api-key body={"error":"Could not create api key"}

[2026-09-17T10:19:02Z] cash_retry=429.328346
[2026-09-17T10:19:10Z] session_begin sessions=5 fills=5 stake_usd=5
[py_clob_client_v2] request error: [Errno -3] Temporary failure in name resolution
{
  "started_at": "2026-09-17T10:19:10.818290Z",
  "params": {
    "profile": "conservative",
    "threshold": 0.7,
    "stake_usd": 5.0,
    "stop_loss_pct": 0.9,
    "exit_before_sec": 20,
    "min_entry_seconds_left": 60,
    "entry_timeout_min": 12,
    "poll_sec": 2.0,
    "max_ask": 0.85,
    "expensive_ask": 0.8,
    "expensive_after_wins": 3,
    "close_retry_max": 30,
    "close_retry_delay_sec": 2.0,
    "execute": true,
    "win_streak": 0
  },
  "attempts": [
    {
      "ts": "2026-09-17T10:19:11.122127Z",
      "slug": "btc-updown-5m-1789640100",
      "status": "skip_too_late_to_enter",
      "seconds_left": 48.87788128852844,
      "min_entry_seconds_left": 60
    },
    {
      "ts": "2026-09-17T10:19:13.421341Z",
      "slug": "btc-updown-5m-1789640100",
      "status": "skip_too_late_to_enter",
      "seconds_left": 46.57867622375488,
      "min_entry_seconds_left": 60
    },
    {
      "ts": "2026-09-17T10:19:15.753724Z",
      "slug": "btc-updown-5m-1789640100",
      "status": "skip_too_late_to_enter",
      "seconds_left": 44.24628138542175,
      "min_entry_seconds_left": 60
    },
    {
      "ts": "2026-09-17T10:19:18.094205Z",
      "slug": "btc-updown-5m-1789640100",
      "status": "skip_too_late_to_enter",
      "seconds_left": 41.90580129623413,
      "min_entry_seconds_left": 60
    },
    {
      "ts": "2026-09-17T10:19:20.404220Z",
      "slug": "btc-updown-5m-1789640100",
      "status": "skip_too_late_to_enter",
      "seconds_left": 39.595787525177,
      "min_entry_seconds_left": 60
    },
    {
      "ts": "2026-09-17T10:19:26.295525Z",
      "slug": "btc-updown-5m-1789640100",
      "status": "skip_too_late_to_enter",
      "seconds_left": 33.70447897911072,
      "min_entry_seconds_left": 60
    },
    {
      "ts": "2026-09-17T10:19:28.597854Z",
      "slug": "btc-updown-5m-1789640100",
      "status": "skip_too_late_to_enter",
      "seconds_left": 31.402150630950928,
      "min_entry_seconds_left": 60
    },
    {
      "ts": "2026-09-17T10:19:30.900757Z",
      "slug": "btc-updown-5m-1789640100",
      "status": "skip_too_late_to_enter",
      "seconds_left": 29.099247932434082,
      "min_entry_seconds_left": 60
    },
    {
      "ts": "2026-09-17T10:19:33.195626Z",
      "slug": "btc-updown-5m-1789640100",
      "status": "skip_too_late_to_enter",
      "seconds_left": 26.804380416870117,
      "min_entry_seconds_left": 60
    },
    {
      "ts": "2026-09-17T10:19:35.499764Z",
      "slug": "btc-updown-5m-1789640100",
      "status": "skip_too_late_to_enter",
      "seconds_left": 24.500237941741943,
      "min_entry_seconds_left": 60
    },
    {
      "ts": "2026-09-17T10:19:37.795864Z",
      "slug": "btc-updown-5m-1789640100",
      "status": "skip_too_late_to_enter",
      "seconds_left": 22.204138040542603,
      "min_entry_seconds_left": 60
    },
    {
      "ts": "2026-09-17T10:19:40.092234Z",
      "slug": "btc-updown-5m-1789640100",
      "status": "skip_too_late_to_enter",
      "seconds_left": 19.907772064208984,
      "min_entry_seconds_left": 60
    },
    {
      "ts": "2026-09-17T10:19:42.378429Z",
      "slug": "btc-updown-5m-1789640100",
      "status": "skip_too_late_to_enter",
      "seconds_left": 17.621574878692627,
      "min_entry_seconds_left": 60
    },
    {
      "ts": "2026-09-17T10:19:44.674906Z",
      "slug": "btc-updown-5m-1789640100",
      "status": "skip_too_late_to_enter",
      "seconds_left": 15.32509970664978,
      "min_entry_seconds_left": 60
    },
    {
      "ts": "2026-09-17T10:19:47.024812Z",
      "slug": "btc-updown-5m-1789640100",
      "status": "skip_too_late_to_enter",
      "seconds_left": 12.975192785263062,
      "min_entry_seconds_left": 60
    },
    {
      "ts": "2026-09-17T10:19:49.317681Z",
      "slug": "btc-updown-5m-1789640100",
      "status": "skip_too_late_to_enter",
      "seconds_left": 10.682322263717651,
      "min_entry_seconds_left": 60
    },
    {
      "ts": "2026-09-17T10:19:51.609567Z",
      "slug": "btc-updown-5m-1789640100",
      "status": "skip_too_late_to_enter",
      "seconds_left": 8.390436172485352,
      "min_entry_seconds_left": 60
    },
    {
      "ts": "2026-09-17T10:19:53.923860Z",
      "slug": "btc-updown-5m-1789640100",
      "status": "skip_too_late_to_enter",
      "seconds_left": 6.07614541053772,
      "min_entry_seconds_left": 60
    },
    {
      "ts": "2026-09-17T10:19:56.236284Z",
      "status": "heartbeat_no_current_market"
    },
    {
      "ts": "2026-09-17T10:20:03.001156Z",
      "slug": "btc-updown-5m-1789640400",
      "status": "heartbeat",
      "gamma_up": 0.505,
      "gamma_down": 0.495,
      "clob_up_ask": 0.51,
      "clob_down_ask": 0.5,
      "seconds_left": 297.85799288749695,
      "min_spread": 0.010000000000000009
    },
    {
      "ts": "2026-09-17T10:20:03.001178Z",
      "slug": "btc-updown-5m-1789640400",
      "status": "skip_price_below_threshold",
      "threshold": 0.7,
      "max_ask": 0.85,
      "win_streak": 0,
      "clob_up_ask": 0.51,
      "clob_down_ask": 0.5,
      "seconds_left": 297.85799288749695,
      "trigger_price": null
    },
    {
      "ts": "2026-09-17T10:20:06.045629Z",
      "slug": "btc-updown-5m-1789640400",
      "status": "heartbeat",
      "gamma_up": 0.505,
      "gamma_down": 0.495,
      "clob_up_ask": 0.51,
      "clob_down_ask": 0.5,
      "seconds_left": 294.5647306442261,
      "min_spread": 0.010000000000000009
    },
    {
      "ts": "2026-09-17T10:20:06.045656Z",
      "slug": "btc-updown-5m-1789640400",
      "status": "skip_price_below_threshold",
      "threshold": 0.7,
      "max_ask": 0.85,
      "win_streak": 0,
      "clob_up_ask": 0.51,
      "clob_down_ask": 0.5,
      "seconds_left": 294.5647306442261,
      "trigger_price": null
    },
    {
      "ts": "2026-09-17T10:20:08.992463Z",
      "slug": "btc-updown-5m-1789640400",
      "status": "heartbeat",
      "gamma_up": 0.505,
      "gamma_down": 0.495,
      "clob_up_ask": 0.53,
      "clob_down_ask": 0.47,
      "seconds_left": 291.66263937950134,
      "min_spread": 0.009999999999999953
    },
    {
      "ts": "2026-09-17T10:20:08.992483Z",
      "slug": "btc-updown-5m-1789640400",
      "status": "skip_price_below_threshold",
      "threshold": 0.7,
      "max_ask": 0.85,
      "win_streak": 0,
      "clob_up_ask": 0.53,
      "clob_down_ask": 0.47,
      "seconds_left": 291.66263937950134,
      "trigger_price": null
    },
    {
      "ts": "2026-09-17T10:20:11.905647Z",
      "slug": "btc-updown-5m-1789640400",
      "status": "heartbeat",
      "gamma_up": 0.505,
      "gamma_down": 0.495,
      "clob_up_ask": 0.54,
      "clob_down_ask": 0.47,
      "seconds_left": 288.70004177093506,
      "min_spread": 0.009999999999999953
    },
    {
      "ts": "2026-09-17T10:20:11.905674Z",
      "slug": "btc-updown-5m-1789640400",
      "status": "skip_price_below_threshold",
      "threshold": 0.7,
      "max_ask": 0.85,
      "win_streak": 0,
      "clob_up_ask": 0.54,
      "clob_down_ask": 0.47,
      "seconds_left": 288.70004177093506,
      "trigger_price": null
    },
    {
      "ts": "2026-09-17T10:20:14.814570Z",
      "slug": "btc-updown-5m-1789640400",
      "status": "heartbeat",
      "gamma_up": 0.505,
      "gamma_down": 0.495,
      "clob_up_ask": 0.55,
      "clob_down_ask": 0.46,
      "seconds_left": 285.804993391037,
      "min_spread": 0.010000000000000009
    },
    {
      "ts": "2026-09-17T10:20:14.814596Z",
      "slug": "btc-updown-5m-1789640400",
      "status": "skip_price_below_threshold",
      "threshold": 0.7,
      "max_ask": 0.85,
      "win_streak": 0,
      "clob_up_ask": 0.55,
      "clob_down_ask": 0.46,
      "seconds_left": 285.804993391037,
      "trigger_price": null
    },
    {
      "ts": "2026-09-17T10:20:17.727919Z",
      "slug": "btc-updown-5m-1789640400",
      "status": "heartbeat",
      "gamma_up": 0.505,
      "gamma_down": 0.495,
      "clob_up_ask": 0.55,
      "clob_down_ask": 0.47,
      "seconds_left": 282.89415407180786,
      "min_spread": 0.009999999999999953
    },
    {
      "ts": "2026-09-17T10:20:17.727933Z",
      "slug": "btc-updown-5m-1789640400",
      "status": "skip_price_below_threshold",
      "threshold": 0.7,
      "max_ask": 0.85,
      "win_streak": 0,
      "clob_up_ask": 0.55,
      "clob_down_ask": 0.47,
      "seconds_left": 282.89415407180786,
      "trigger_price": null
    },
    {
      "ts": "2026-09-17T10:20:20.652049Z",
      "slug": "btc-updown-5m-1789640400",
      "status": "heartbeat",
      "gamma_up": 0.505,
      "gamma_down": 0.495,
      "clob_up_ask": 0.55,
      "clob_down_ask": 0.47,
      "seconds_left": 279.97757935523987,
      "min_spread": 0.009999999999999953
    },
    {
      "ts": "2026-09-17T10:20:20.652114Z",
      "slug": "btc-updown-5m-1789640400",
      "status": "skip_price_below_threshold",
      "threshold": 0.7,
      "max_ask": 0.85,
      "win_streak": 0,
      "clob_up_ask": 0.55,
      "clob_down_ask": 0.47,
      "seconds_left": 279.97757935523987,
      "trigger_price": null
    },
    {
      "ts": "2026-09-17T10:20:23.550186Z",
      "slug": "btc-updown-5m-1789640400",
      "status": "heartbeat",
      "gamma_up": 0.505,
      "gamma_down": 0.495,
      "clob_up_ask": 0.53,
      "clob_down_ask": 0.48,
      "seconds_left": 277.061496257782,
      "min_spread": 0.010000000000000009
    },
    {
      "ts": "2026-09-17T10:20:23.550211Z",
      "slug": "btc-updown-5m-1789640400",
      "status": "skip_price_below_threshold",
      "threshold": 0.7,
      "max_ask": 0.85,
      "win_streak": 0,
      "clob_up_ask": 0.53,
      "clob_down_ask": 0.48,
      "seconds_left": 277.061496257782,
      "trigger_price": null
    },
    {
      "ts": "2026-09-17T10:20:26.516922Z",
      "slug": "btc-updown-5m-1789640400",
      "status": "heartbeat",
      "gamma_up": 0.505,
      "gamma_down": 0.495,
      "clob_up_ask": 0.54,
      "clob_down_ask": 0.47,
      "seconds_left": 274.1468529701233,
      "min_spread": 0.009999999999999953
    },
    {
      "ts": "2026-09-17T10:20:26.517053Z",
      "slug": "btc-updown-5m-1789640400",
      "status": "skip_price_below_threshold",
      "threshold": 0.7,
      "max_ask": 0.85,
      "win_streak": 0,
      "clob_up_ask": 0.54,
      "clob_down_ask": 0.47,
      "seconds_left": 274.1468529701233,
      "trigger_price": null
    },
    {
      "ts": "2026-09-17T10:20:29.454615Z",
      "slug": "btc-updown-5m-1789640400",
      "status": "heartbeat",
      "gamma_up": 0.505,
      "gamma_down": 0.495,
      "clob_up_ask": 0.55,
      "clob_down_ask": 0.46,
      "seconds_left": 271.14965319633484,
      "min_spread": 0.010000000000000009
    },
    {
      "ts": "2026-09-17T10:20:29.454634Z",
      "slug": "btc-updown-5m-1789640400",
      "status": "skip_price_below_threshold",
      "threshold": 0.7,
      "max_ask": 0.85,
      "win_streak": 0,
      "clob_up_ask": 0.55,
      "clob_down_ask": 0.46,
      "seconds_left": 271.14965319633484,
      "trigger_price": null
    },
    {
      "ts": "2026-09-17T10:20:32.469419Z",
      "slug": "btc-updown-5m-1789640400",
      "status": "heartbeat",
      "gamma_up": 0.505,
      "gamma_down": 0.495,
      "clob_up_ask": 0.54,
      "clob_down_ask": 0.47,
      "seconds_left": 268.13546776771545,
      "min_spread": 0.009999999999999953
    },
    {
      "ts": "2026-09-17T10:20:32.469436Z",
      "slug": "btc-updown-5m-1789640400",
      "status": "skip_price_below_threshold",
      "threshold": 0.7,
      "max_ask": 0.85,
      "win_streak": 0,
      "clob_up_ask": 0.54,
      "clob_down_ask": 0.47,
      "seconds_left": 268.13546776771545,
      "trigger_price": null
    },
    {
      "ts": "2026-09-17T10:20:38.945268Z",
      "slug": "btc-updown-5m-1789640400",
      "status": "heartbeat",
      "gamma_up": 0.505,
      "gamma_down": 0.495,
      "clob_up_ask": 0.54,
      "clob_down_ask": 0.47,
      "seconds_left": 261.6444709300995,
      "min_spread": 0.009999999999999953
    },
    {
      "ts": "2026-09-17T10:20:38.945335Z",
      "slug": "btc-updown-5m-1789640400",
      "status": "skip_price_below_threshold",
      "threshold": 0.7,
      "max_ask": 0.85,
      "win_streak": 0,
      "clob_up_ask": 0.54,
      "clob_down_ask": 0.47,
      "seconds_left": 261.6444709300995,
      "trigger_price": null
    },
    {
      "ts": "2026-09-17T10:20:41.888830Z",
      "slug": "btc-updown-5m-1789640400",
      "status": "heartbeat",
      "gamma_up": 0.505,
      "gamma_down": 0.495,
      "clob_up_ask": 0.53,
      "clob_down_ask": 0.52,
      "seconds_left": 258.73524951934814,
      "min_spread": 0.010000000000000009
    },
    {
      "ts": "2026-09-17T10:20:41.888862Z",
      "slug": "btc-updown-5m-1789640400",
      "status": "skip_price_below_threshold",
      "threshold": 0.7,
      "max_ask": 0.85,
      "win_streak": 0,
      "clob_up_ask": 0.53,
      "clob_down_ask": 0.52,
      "seconds_left": 258.73524951934814,
      "trigger_price": null
    },
    {
      "ts": "2026-09-17T10:20:44.789405Z",
      "slug": "btc-updown-5m-1789640400",
      "status": "heartbeat",
      "gamma_up": 0.505,
      "gamma_down": 0.495,
      "clob_up_ask": 0.51,
      "clob_down_ask": 0.5,
      "seconds_left": 255.80790853500366,
      "min_spread": 0.010000000000000009
    },
    {
      "ts": "2026-09-17T10:20:44.789430Z",
      "slug": "btc-updown-5m-1789640400",
      "status": "skip_price_below_threshold",
      "threshold": 0.7,
      "max_ask": 0.85,
      "win_streak": 0,
      "clob_up_ask": 0.51,
      "clob_down_ask": 0.5,
      "seconds_left": 255.80790853500366,
      "trigger_price": null
    },
    {
      "ts": "2026-09-17T10:20:47.686343Z",
      "slug": "btc-updown-5m-1789640400",
      "status": "heartbeat",
      "gamma_up": 0.505,
      "gamma_down": 0.495,
      "clob_up_ask": 0.51,
      "clob_down_ask": 0.5,
      "seconds_left": 252.92151021957397,
      "min_spread": 0.010000000000000009
    },
    {
      "ts": "2026-09-17T10:20:47.686370Z",
      "slug": "btc-updown-5m-1789640400",
      "status": "skip_price_below_threshold",
      "threshold": 0.7,
      "max_ask": 0.85,
      "win_streak": 0,
      "clob_up_ask": 0.51,
      "clob_down_ask": 0.5,
      "seconds_left": 252.92151021957397,
      "trigger_price": null
    },
    {
      "ts": "2026-09-17T10:20:50.605397Z",
      "slug": "btc-updown-5m-1789640400",
      "status": "heartbeat",
      "gamma_up": 0.505,
      "gamma_down": 0.495,
      "clob_up_ask": 0.52,
      "clob_down_ask": 0.49,
      "seconds_left": 250.01408314704895,
      "min_spread": 0.010000000000000009
    },
    {
      "ts": "2026-09-17T10:20:50.605424Z",
      "slug": "btc-updown-5m-1789640400",
      "status": "skip_price_below_threshold",
      "threshold": 0.7,
      "max_ask": 0.85,
      "win_streak": 0,
      "clob_up_ask": 0.52,
      "clob_down_ask": 0.49,
      "seconds_left": 250.01408314704895,
      "trigger_price": null
    },
    {
      "ts": "2026-09-17T10:20:53.548545Z",
      "slug": "btc-updown-5m-1789640400",
      "status": "heartbeat",
      "gamma_up": 0.505,
      "gamma_down": 0.495,
      "clob_up_ask": 0.54,
      "clob_down_ask": 0.47,
      "seconds_left": 247.07209134101868,
      "min_spread": 0.009999999999999953
    },
    {
      "ts": "2026-09-17T10:20:53.548559Z",
      "slug": "btc-updown-5m-1789640400",
      "status": "skip_price_below_threshold",
      "threshold": 0.7,
      "max_ask": 0.85,
      "win_streak": 0,
      "clob_up_ask": 0.54,
      "clob_down_ask": 0.47,
      "seconds_left": 247.07209134101868,
      "trigger_price": null
    },
    {
      "ts": "2026-09-17T10:20:56.803908Z",
      "slug": "btc-updown-5m-1789640400",
      "status": "heartbeat",
      "gamma_up": 0.535,
      "gamma_down": 0.465,
      "clob_up_ask": 0.54,
      "clob_down_ask": 0.47,
      "seconds_left": 243.9858853816986,
      "min_spread": 0.009999999999999953
    },
    {
      "ts": "2026-09-17T10:20:56.803921Z",
      "slug": "btc-updown-5m-1789640400",
      "status": "skip_price_below_threshold",
      "threshold": 0.7,
      "max_ask": 0.85,
      "win_streak": 0,
      "clob_up_ask": 0.54,
      "clob_down_ask": 0.47,
      "seconds_left": 243.9858853816986,
      "trigger_price": null
    },
    {
      "ts": "2026-09-17T10:20:59.756782Z",
      "slug": "btc-updown-5m-1789640400",
      "status": "heartbeat",
      "gamma_up": 0.535,
      "gamma_down": 0.465,
      "clob_up_ask": 0.5,
      "clob_down_ask": 0.51,
      "seconds_left": 240.89077734947205,
      "min_spread": 0.010000000000000009
    },
    {
      "ts": "2026-09-17T10:20:59.756809Z",
      "slug": "btc-updown-5m-1789640400",
      "status": "skip_price_below_threshold",
      "threshold": 0.7,
      "max_ask": 0.85,
      "win_streak": 0,
      "clob_up_ask": 0.5,
      "clob_down_ask": 0.51,
      "seconds_left": 240.89077734947205,
      "trigger_price": null
    },
    {
      "ts": "2026-09-17T10:21:02.686825Z",
      "slug": "btc-updown-5m-1789640400",
      "status": "heartbeat",
      "gamma_up": 0.535,
      "gamma_down": 0.465,
      "clob_up_ask": 0.51,
      "clob_down_ask": 0.5,
      "seconds_left": 237.93727111816406,
      "min_spread": 0.010000000000000009
    },
    {
      "ts": "2026-09-17T10:21:02.686845Z",
      "slug": "btc-updown-5m-1789640400",
      "status": "skip_price_below_threshold",
      "threshold": 0.7,
      "max_ask": 0.85,
      "win_streak": 0,
      "clob_up_ask": 0.51,
      "clob_down_ask": 0.5,
      "seconds_left": 237.93727111816406,
      "trigger_price": null
    },
    {
      "ts": "2026-09-17T10:21:23.313123Z",
      "status": "heartbeat_no_current_market"
    },
    {
      "ts": "2026-09-17T10:21:35.620896Z",
      "slug": "btc-updown-5m-1789640400",
      "status": "skip_clob_unavailable",
      "error": "PolyApiException[status_code=None, error_message=Request exception!]"
    },
    {
      "ts": "2026-09-17T10:21:38.938657Z",
      "slug": "btc-updown-5m-1789640400",
      "status": "heartbeat",
      "gamma_up": 0.535,
      "gamma_down": 0.465,
      "clob_up_ask": 0.49,
      "clob_down_ask": 0.52,
      "seconds_left": 201.93874764442444,
      "min_spread": 0.010000000000000009
    },
    {
      "ts": "2026-09-17T10:21:38.938683Z",
      "slug": "btc-updown-5m-1789640400",
      "status": "skip_price_below_threshold",
      "threshold": 0.7,
      "max_ask": 0.85,
      "win_streak": 0,
      "clob_up_ask": 0.49,
      "clob_down_ask": 0.52,
      "seconds_left": 201.93874764442444,
      "trigger_price": null
    },
    {
      "ts": "2026-09-17T10:21:41.847510Z",
      "slug": "btc-updown-5m-1789640400",
      "status": "heartbeat",
      "gamma_up": 0.535,
      "gamma_down": 0.465,
      "clob_up_ask": 0.49,
      "clob_down_ask": 0.52,
      "seconds_left": 198.74553847312927,
      "min_spread": 0.010000000000000009
    },
    {
      "ts": "2026-09-17T10:21:41.847532Z",
      "slug": "btc-updown-5m-1789640400",
      "status": "skip_price_below_threshold",
      "threshold": 0.7,
      "max_ask": 0.85,
      "win_streak": 0,
      "clob_up_ask": 0.49,
      "clob_down_ask": 0.52,
      "seconds_left": 198.74553847312927,
      "trigger_price": null
    },
    {
      "ts": "2026-09-17T10:21:44.843656Z",
      "slug": "btc-updown-5m-1789640400",
      "status": "heartbeat",
      "gamma_up": 0.535,
      "gamma_down": 0.465,
      "clob_up_ask": 0.48,
      "clob_down_ask": 0.53,
      "seconds_left": 195.80287337303162,
      "min_spread": 0.010000000000000009
    },
    {
      "ts": "2026-09-17T10:21:44.843681Z",
      "slug": "btc-updown-5m-1789640400",
      "status": "skip_price_below_threshold",
      "threshold": 0.7,
      "max_ask": 0.85,
      "win_streak": 0,
      "clob_up_ask": 0.48,
      "clob_down_ask": 0.53,
      "seconds_left": 195.80287337303162,
      "trigger_price": null
    },
    {
      "ts": "2026-09-17T10:21:51.377521Z",
      "slug": "btc-updown-5m-1789640400",
      "status": "heartbeat",
      "gamma_up": 0.535,
      "gamma_down": 0.465,
      "clob_up_ask": 0.45,
      "clob_down_ask": 0.56,
      "seconds_left": 189.22835636138916,
      "min_spread": 0.010000000000000009
    },
    {
      "ts": "2026-09-17T10:21:51.377545Z",
      "slug": "btc-updown-5m-1789640400",
      "status": "skip_price_below_threshold",
      "threshold": 0.7,
      "max_ask": 0.85,
      "win_streak": 0,
      "clob_up_ask": 0.45,
      "clob_down_ask": 0.56,
      "seconds_left": 189.22835636138916,
      "trigger_price": null
    },
    {
      "ts": "2026-09-17T10:21:54.287533Z",
      "slug": "btc-updown-5m-1789640400",
      "status": "heartbeat",
      "gamma_up": 0.535,
      "gamma_down": 0.465,
      "clob_up_ask": 0.46,
      "clob_down_ask": 0.54,
      "seconds_left": 186.33417057991028,
      "min_spread": 0.010000000000000009
    },
    {
      "ts": "2026-09-17T10:21:54.287562Z",
      "slug": "btc-updown-5m-1789640400",
      "status": "skip_price_below_threshold",
      "threshold": 0.7,
      "max_ask": 0.85,
      "win_streak": 0,
      "clob_up_ask": 0.46,
      "clob_down_ask": 0.54,
      "seconds_left": 186.33417057991028,
      "trigger_price": null
    },
    {
      "ts": "2026-09-17T10:22:06.293445Z",
      "status": "heartbeat_no_current_market"
    },
    {
      "ts": "2026-09-17T10:22:09.343140Z",
      "slug": "btc-updown-5m-1789640400",
      "status": "heartbeat",
      "gamma_up": 0.535,
      "gamma_down": 0.465,
      "clob_up_ask": 0.46,
      "clob_down_ask": 0.55,
      "seconds_left": 171.4214334487915,
      "min_spread": 0.010000000000000009
    },
    {
      "ts": "2026-09-17T10:22:09.343161Z",
      "slug": "btc-updown-5m-1789640400",
      "status": "skip_price_below_threshold",
      "threshold": 0.7,
      "max_ask": 0.85,
      "win_streak": 0,
      "clob_up_ask": 0.46,
      "clob_down_ask": 0.55,
      "seconds_left": 171.4214334487915,
      "trigger_price": null
    },
    {
      "ts": "2026-09-17T10:22:12.247084Z",
      "slug": "btc-updown-5m-1789640400",
      "status": "heartbeat",
      "gamma_up": 0.535,
      "gamma_down": 0.465,
      "clob_up_ask": 0.47,
      "clob_down_ask": 0.54,
      "seconds_left": 168.35207653045654,
      "min_spread": 0.009999999999999953
    },
    {
      "ts": "2026-09-17T10:22:12.247108Z",
      "slug": "btc-updown-5m-1789640400",
      "status": "skip_price_below_threshold",
      "threshold": 0.7,
      "max_ask": 0.85,
      "win_streak": 0,
      "clob_up_ask": 0.47,
      "clob_down_ask": 0.54,
      "seconds_left": 168.35207653045654,
      "trigger_price": null
    },
    {
      "ts": "2026-09-17T10:22:15.146229Z",
      "slug": "btc-updown-5m-1789640400",
      "status": "heartbeat",
      "gamma_up": 0.535,
      "gamma_down": 0.465,
      "clob_up_ask": 0.31,
      "clob_down_ask": 0.7,
      "seconds_left": 165.46468043327332,
      "min_spread": 0.010000000000000009
    }
  ],
  "open_raw": "{\"mode\": \"open\", \"execute\": true, \"market_slug\": \"btc-updown-5m-1789640400\", \"force_side\": \"DOWN\", \"token_id\": \"1199419015264054522594719103117763124660646853630520992868963620513325798324\", \"entry_price\": 0.7, \"notional_usd\": 5.0, \"top_ask_notional_usd\": 164.346, \"collateral_pusd\": 429.328346, \"order_post_result\": {\"errorMsg\": \"\", \"orderID\": \"0x48b92fe3f972d995b7aabde147c566941d46d033a501d5c0c4ed4e9f9d1acaf2\", \"takingAmount\": \"7.142856\", \"makingAmount\": \"4.999999\", \"status\": \"matched\", \"transactionsHashes\": [\"0xf347a409ed9ac2a02f1ef6a64a27fce8c04978a095f1730b5bdd4b17778a8f63\"], \"success\": true}}\n\n[py_clob_client_v2] request error status=400 url=https://clob.polymarket.com/auth/api-key body={\"error\":\"Could not create api key\"}\n\n",
  "opened": {
    "opened_at": "2026-09-17T10:22:20.057778Z",
    "market_slug": "btc-updown-5m-1789640400",
    "market_end_iso": "2026-09-17T10:25:00Z",
    "side": "DOWN",
    "token_id": "1199419015264054522594719103117763124660646853630520992868963620513325798324",
    "entry_price": 0.7,
    "shares": 7.142856,
    "cost_usdc": 4.999999,
    "open_order_id": "0x48b92fe3f972d995b7aabde147c566941d46d033a501d5c0c4ed4e9f9d1acaf2",
    "open_tx": "0xf347a409ed9ac2a02f1ef6a64a27fce8c04978a095f1730b5bdd4b17778a8f63"
  },
  "stop_loss_price": 0.06999999999999998,
  "last_side_price": 0.465,
  "last_clob_bid": 0.91,
  "last_check_at": "2026-09-17T10:24:38.951656Z",
  "closed": {
    "close_reason": "hold_to_settlement_winning_book",
    "closed_at": "2026-09-17T10:24:41.260316Z",
    "close_success": false,
    "close_status": "held",
    "close_order_id": null,
    "close_tx": null,
    "close_shares": 0.0,
    "close_usdc": 0.0,
    "close_skipped": "hold_to_settlement"
  },
  "realized_cashflow_pnl_usdc": null,
  "finished_at": "2026-09-17T10:24:41.260342Z",
  "result": "done"
}
[2026-09-17T10:24:41Z] session_end rc=0 sessions=6 stake_usd=5
journal_ok trades=173 md=/home/yukeen/polymarketbot/5min-btc-polymarket/data/live_trades.md json=/home/yukeen/polymarketbot/5min-btc-polymarket/data/live_trades.json
[2026-09-17T10:25:56Z] fills=6/12 sessions=6/36
[py_clob_client_v2] request error status=400 url=https://clob.polymarket.com/auth/api-key body={"error":"Could not create api key"}

[2026-09-17T10:26:16Z] cash=424.223357
[py_clob_client_v2] request error status=400 url=https://clob.polymarket.com/auth/api-key body={"error":"Could not create api key"}

[2026-09-17T10:26:33Z] cash_retry=424.223357
[2026-09-17T10:26:44Z] session_begin sessions=6 fills=6 stake_usd=5
{
  "started_at": "2026-09-17T10:26:45.208150Z",
  "params": {
    "profile": "conservative",
    "threshold": 0.7,
    "stake_usd": 5.0,
    "stop_loss_pct": 0.9,
    "exit_before_sec": 20,
    "min_entry_seconds_left": 60,
    "entry_timeout_min": 12,
    "poll_sec": 2.0,
    "max_ask": 0.85,
    "expensive_ask": 0.8,
    "expensive_after_wins": 3,
    "close_retry_max": 30,
    "close_retry_delay_sec": 2.0,
    "execute": true,
    "win_streak": 1
  },
  "attempts": [
    {
      "ts": "2026-09-17T10:26:46.298560Z",
      "slug": "btc-updown-5m-1789640700",
      "status": "heartbeat",
      "gamma_up": 0.505,
      "gamma_down": 0.495,
      "clob_up_ask": 0.56,
      "clob_down_ask": 0.45,
      "seconds_left": 194.44992113113403,
      "min_spread": 0.010000000000000009
    },
    {
      "ts": "2026-09-17T10:26:46.298594Z",
      "slug": "btc-updown-5m-1789640700",
      "status": "skip_price_below_threshold",
      "threshold": 0.7,
      "max_ask": 0.85,
      "win_streak": 1,
      "clob_up_ask": 0.56,
      "clob_down_ask": 0.45,
      "seconds_left": 194.44992113113403,
      "trigger_price": null
    },
    {
      "ts": "2026-09-17T10:26:49.242948Z",
      "slug": "btc-updown-5m-1789640700",
      "status": "heartbeat",
      "gamma_up": 0.505,
      "gamma_down": 0.495,
      "clob_up_ask": 0.53,
      "clob_down_ask": 0.46,
      "seconds_left": 191.4050452709198,
      "min_spread": 0.010000000000000009
    },
    {
      "ts": "2026-09-17T10:26:49.242982Z",
      "slug": "btc-updown-5m-1789640700",
      "status": "skip_price_below_threshold",
      "threshold": 0.7,
      "max_ask": 0.85,
      "win_streak": 1,
      "clob_up_ask": 0.53,
      "clob_down_ask": 0.46,
      "seconds_left": 191.4050452709198,
      "trigger_price": null
    },
    {
      "ts": "2026-09-17T10:26:52.195163Z",
      "slug": "btc-updown-5m-1789640700",
      "status": "heartbeat",
      "gamma_up": 0.505,
      "gamma_down": 0.495,
      "clob_up_ask": 0.6,
      "clob_down_ask": 0.39,
      "seconds_left": 188.45247864723206,
      "min_spread": 0.010000000000000009
    },
    {
      "ts": "2026-09-17T10:26:52.195180Z",
      "slug": "btc-updown-5m-1789640700",
      "status": "skip_price_below_threshold",
      "threshold": 0.7,
      "max_ask": 0.85,
      "win_streak": 1,
      "clob_up_ask": 0.6,
      "clob_down_ask": 0.39,
      "seconds_left": 188.45247864723206,
      "trigger_price": null
    },
    {
      "ts": "2026-09-17T10:26:55.106243Z",
      "slug": "btc-updown-5m-1789640700",
      "status": "heartbeat",
      "gamma_up": 0.505,
      "gamma_down": 0.495,
      "clob_up_ask": 0.64,
      "clob_down_ask": 0.37,
      "seconds_left": 185.51747488975525,
      "min_spread": 0.010000000000000009
    },
    {
      "ts": "2026-09-17T10:26:55.106268Z",
      "slug": "btc-updown-5m-1789640700",
      "status": "skip_price_below_threshold",
      "threshold": 0.7,
      "max_ask": 0.85,
      "win_streak": 1,
      "clob_up_ask": 0.64,
      "clob_down_ask": 0.37,
      "seconds_left": 185.51747488975525,
      "trigger_price": null
    },
    {
      "ts": "2026-09-17T10:26:58.055850Z",
      "slug": "btc-updown-5m-1789640700",
      "status": "heartbeat",
      "gamma_up": 0.505,
      "gamma_down": 0.495,
      "clob_up_ask": 0.75,
      "clob_down_ask": 0.26,
      "seconds_left": 182.5596981048584,
      "min_spread": 0.010000000000000009
    },
    {
      "ts": "2026-09-17T10:27:02.570928Z",
      "slug": "btc-updown-5m-1789640700",
      "status": "heartbeat",
      "gamma_up": 0.505,
      "gamma_down": 0.495,
      "clob_up_ask": 0.79,
      "clob_down_ask": 0.22,
      "seconds_left": 178.16146278381348,
      "min_spread": 0.010000000000000009
    },
    {
      "ts": "2026-09-17T10:27:06.828440Z",
      "slug": "btc-updown-5m-1789640700",
      "status": "heartbeat",
      "gamma_up": 0.505,
      "gamma_down": 0.495,
      "clob_up_ask": 0.63,
      "clob_down_ask": 0.37,
      "seconds_left": 173.78214716911316,
      "min_spread": 0.010000000000000009
    },
    {
      "ts": "2026-09-17T10:27:06.828459Z",
      "slug": "btc-updown-5m-1789640700",
      "status": "skip_price_below_threshold",
      "threshold": 0.7,
      "max_ask": 0.85,
      "win_streak": 1,
      "clob_up_ask": 0.63,
      "clob_down_ask": 0.37,
      "seconds_left": 173.78214716911316,
      "trigger_price": null
    },
    {
      "ts": "2026-09-17T10:27:09.770006Z",
      "slug": "btc-updown-5m-1789640700",
      "status": "heartbeat",
      "gamma_up": 0.505,
      "gamma_down": 0.495,
      "clob_up_ask": 0.64,
      "clob_down_ask": 0.36,
      "seconds_left": 170.86503720283508,
      "min_spread": 0.010000000000000009
    },
    {
      "ts": "2026-09-17T10:27:09.770028Z",
      "slug": "btc-updown-5m-1789640700",
      "status": "skip_price_below_threshold",
      "threshold": 0.7,
      "max_ask": 0.85,
      "win_streak": 1,
      "clob_up_ask": 0.64,
      "clob_down_ask": 0.36,
      "seconds_left": 170.86503720283508,
      "trigger_price": null
    },
    {
      "ts": "2026-09-17T10:27:16.456080Z",
      "slug": "btc-updown-5m-1789640700",
      "status": "heartbeat",
      "gamma_up": 0.505,
      "gamma_down": 0.495,
      "clob_up_ask": 0.66,
      "clob_down_ask": 0.35,
      "seconds_left": 164.18698525428772,
      "min_spread": 0.009999999999999953
    },
    {
      "ts": "2026-09-17T10:27:16.456152Z",
      "slug": "btc-updown-5m-1789640700",
      "status": "skip_price_below_threshold",
      "threshold": 0.7,
      "max_ask": 0.85,
      "win_streak": 1,
      "clob_up_ask": 0.66,
      "clob_down_ask": 0.35,
      "seconds_left": 164.18698525428772,
      "trigger_price": null
    },
    {
      "ts": "2026-09-17T10:27:19.353001Z",
      "slug": "btc-updown-5m-1789640700",
      "status": "heartbeat",
      "gamma_up": 0.505,
      "gamma_down": 0.495,
      "clob_up_ask": 0.68,
      "clob_down_ask": 0.33,
      "seconds_left": 161.26934218406677,
      "min_spread": 0.010000000000000009
    },
    {
      "ts": "2026-09-17T10:27:19.353025Z",
      "slug": "btc-updown-5m-1789640700",
      "status": "skip_price_below_threshold",
      "threshold": 0.7,
      "max_ask": 0.85,
      "win_streak": 1,
      "clob_up_ask": 0.68,
      "clob_down_ask": 0.33,
      "seconds_left": 161.26934218406677,
      "trigger_price": null
    },
    {
      "ts": "2026-09-17T10:27:22.267896Z",
      "slug": "btc-updown-5m-1789640700",
      "status": "heartbeat",
      "gamma_up": 0.505,
      "gamma_down": 0.495,
      "clob_up_ask": 0.76,
      "clob_down_ask": 0.24,
      "seconds_left": 158.35468983650208,
      "min_spread": 0.009999999999999981
    }
  ],
  "last_open_try": "{\"mode\": \"open\", \"execute\": true, \"market_slug\": \"btc-updown-5m-1789640700\", \"force_side\": \"UP\", \"token_id\": \"66899663293994044229506747922291240532491175331784610291620787649814501008877\", \"entry_price\": 0.76, \"notional_usd\": 5.0, \"top_ask_notional_usd\": 21.28, \"skipped\": \"thin_top_ask\", \"order_post_result\": {\"success\": false, \"status\": \"skipped\", \"errorMsg\": \"thin_top_ask\"}}\n\n",
  "open_raw": "{\"mode\": \"open\", \"execute\": true, \"market_slug\": \"btc-updown-5m-1789640700\", \"force_side\": \"UP\", \"token_id\": \"66899663293994044229506747922291240532491175331784610291620787649814501008877\", \"entry_price\": 0.7, \"notional_usd\": 5.0, \"top_ask_notional_usd\": 47.998999999999995, \"collateral_pusd\": 431.366213, \"order_post_result\": {\"errorMsg\": \"\", \"orderID\": \"0xe5f062292426cdcd7f07c2c97de16e898e57b98edb7dea8e80fc0730c66591ad\", \"takingAmount\": \"6.25\", \"makingAmount\": \"5\", \"status\": \"matched\", \"transactionsHashes\": [\"0x6c63a796998ca6ce61ad2980ab40589bb69f11fdc98ca2b0b7c8842fde370237\"], \"success\": true}}\n\n[py_clob_client_v2] request error status=400 url=https://clob.polymarket.com/auth/api-key body={\"error\":\"Could not create api key\"}\n\n",
  "opened": {
    "opened_at": "2026-09-17T10:27:26.899740Z",
    "market_slug": "btc-updown-5m-1789640700",
    "market_end_iso": "2026-09-17T10:30:00Z",
    "side": "UP",
    "token_id": "66899663293994044229506747922291240532491175331784610291620787649814501008877",
    "entry_price": 0.7,
    "shares": 6.25,
    "cost_usdc": 5.0,
    "open_order_id": "0xe5f062292426cdcd7f07c2c97de16e898e57b98edb7dea8e80fc0730c66591ad",
    "open_tx": "0x6c63a796998ca6ce61ad2980ab40589bb69f11fdc98ca2b0b7c8842fde370237"
  },
  "stop_loss_price": 0.06999999999999998,
  "last_side_price": 0.975,
  "last_clob_bid": 0.99,
  "last_check_at": "2026-09-17T10:29:40.170386Z",
  "closed": {
    "close_reason": "hold_to_settlement_winning_book",
    "closed_at": "2026-09-17T10:29:42.487160Z",
    "close_success": false,
    "close_status": "held",
    "close_order_id": null,
    "close_tx": null,
    "close_shares": 0.0,
    "close_usdc": 0.0,
    "close_skipped": "hold_to_settlement"
  },
  "realized_cashflow_pnl_usdc": null,
  "finished_at": "2026-09-17T10:29:42.487185Z",
  "result": "done"
}
[2026-09-17T10:29:42Z] session_end rc=0 sessions=7 stake_usd=5
journal_ok trades=174 md=/home/yukeen/polymarketbot/5min-btc-polymarket/data/live_trades.md json=/home/yukeen/polymarketbot/5min-btc-polymarket/data/live_trades.json
[2026-09-17T10:30:58Z] fills=7/12 sessions=7/36
[py_clob_client_v2] request error status=400 url=https://clob.polymarket.com/auth/api-key body={"error":"Could not create api key"}

[2026-09-17T10:31:28Z] cash=426.296213
[py_clob_client_v2] request error status=400 url=https://clob.polymarket.com/auth/api-key body={"error":"Could not create api key"}

[2026-09-17T10:31:45Z] cash_retry=432.546213
[2026-09-17T10:31:53Z] session_begin sessions=7 fills=7 stake_usd=5
[py_clob_client_v2] request error: [Errno -3] Temporary failure in name resolution
{
  "started_at": "2026-09-17T10:31:53.863939Z",
  "params": {
    "profile": "conservative",
    "threshold": 0.7,
    "stake_usd": 5.0,
    "stop_loss_pct": 0.9,
    "exit_before_sec": 20,
    "min_entry_seconds_left": 60,
    "entry_timeout_min": 12,
    "poll_sec": 2.0,
    "max_ask": 0.85,
    "expensive_ask": 0.8,
    "expensive_after_wins": 3,
    "close_retry_max": 30,
    "close_retry_delay_sec": 2.0,
    "execute": true,
    "win_streak": 2
  },
  "attempts": [
    {
      "ts": "2026-09-17T10:31:54.880546Z",
      "slug": "btc-updown-5m-1789641000",
      "status": "heartbeat",
      "gamma_up": 0.525,
      "gamma_down": 0.475,
      "clob_up_ask": 0.11,
      "clob_down_ask": 0.9,
      "seconds_left": 185.87057256698608,
      "min_spread": 0.009999999999999995
    },
    {
      "ts": "2026-09-17T10:31:54.880580Z",
      "slug": "btc-updown-5m-1789641000",
      "status": "skip_ask_too_expensive",
      "threshold": 0.7,
      "max_ask": 0.85,
      "win_streak": 2,
      "clob_up_ask": 0.11,
      "clob_down_ask": 0.9,
      "seconds_left": 185.87057256698608,
      "trigger_price": 0.9
    },
    {
      "ts": "2026-09-17T10:31:57.812988Z",
      "slug": "btc-updown-5m-1789641000",
      "status": "heartbeat",
      "gamma_up": 0.525,
      "gamma_down": 0.475,
      "clob_up_ask": 0.11,
      "clob_down_ask": 0.89,
      "seconds_left": 182.7993266582489,
      "min_spread": 0.009999999999999995
    },
    {
      "ts": "2026-09-17T10:31:57.813022Z",
      "slug": "btc-updown-5m-1789641000",
      "status": "skip_ask_too_expensive",
      "threshold": 0.7,
      "max_ask": 0.85,
      "win_streak": 2,
      "clob_up_ask": 0.11,
      "clob_down_ask": 0.89,
      "seconds_left": 182.7993266582489,
      "trigger_price": 0.89
    },
    {
      "ts": "2026-09-17T10:32:04.335476Z",
      "slug": "btc-updown-5m-1789641000",
      "status": "heartbeat",
      "gamma_up": 0.525,
      "gamma_down": 0.475,
      "clob_up_ask": 0.11,
      "clob_down_ask": 0.9,
      "seconds_left": 176.2780909538269,
      "min_spread": 0.009999999999999995
    },
    {
      "ts": "2026-09-17T10:32:04.335497Z",
      "slug": "btc-updown-5m-1789641000",
      "status": "skip_ask_too_expensive",
      "threshold": 0.7,
      "max_ask": 0.85,
      "win_streak": 2,
      "clob_up_ask": 0.11,
      "clob_down_ask": 0.9,
      "seconds_left": 176.2780909538269,
      "trigger_price": 0.9
    },
    {
      "ts": "2026-09-17T10:32:07.239988Z",
      "slug": "btc-updown-5m-1789641000",
      "status": "heartbeat",
      "gamma_up": 0.525,
      "gamma_down": 0.475,
      "clob_up_ask": 0.1,
      "clob_down_ask": 0.91,
      "seconds_left": 173.37813091278076,
      "min_spread": 0.010000000000000009
    },
    {
      "ts": "2026-09-17T10:32:07.240016Z",
      "slug": "btc-updown-5m-1789641000",
      "status": "skip_ask_too_expensive",
      "threshold": 0.7,
      "max_ask": 0.85,
      "win_streak": 2,
      "clob_up_ask": 0.1,
      "clob_down_ask": 0.91,
      "seconds_left": 173.37813091278076,
      "trigger_price": 0.91
    },
    {
      "ts": "2026-09-17T10:32:10.212147Z",
      "slug": "btc-updown-5m-1789641000",
      "status": "heartbeat",
      "gamma_up": 0.525,
      "gamma_down": 0.475,
      "clob_up_ask": 0.1,
      "clob_down_ask": 0.91,
      "seconds_left": 170.40510725975037,
      "min_spread": 0.010000000000000009
    },
    {
      "ts": "2026-09-17T10:32:10.212175Z",
      "slug": "btc-updown-5m-1789641000",
      "status": "skip_ask_too_expensive",
      "threshold": 0.7,
      "max_ask": 0.85,
      "win_streak": 2,
      "clob_up_ask": 0.1,
      "clob_down_ask": 0.91,
      "seconds_left": 170.40510725975037,
      "trigger_price": 0.91
    },
    {
      "ts": "2026-09-17T10:32:13.124870Z",
      "slug": "btc-updown-5m-1789641000",
      "status": "heartbeat",
      "gamma_up": 0.525,
      "gamma_down": 0.475,
      "clob_up_ask": 0.1,
      "clob_down_ask": 0.91,
      "seconds_left": 167.48710584640503,
      "min_spread": 0.010000000000000009
    },
    {
      "ts": "2026-09-17T10:32:13.124899Z",
      "slug": "btc-updown-5m-1789641000",
      "status": "skip_ask_too_expensive",
      "threshold": 0.7,
      "max_ask": 0.85,
      "win_streak": 2,
      "clob_up_ask": 0.1,
      "clob_down_ask": 0.91,
      "seconds_left": 167.48710584640503,
      "trigger_price": 0.91
    },
    {
      "ts": "2026-09-17T10:32:16.028784Z",
      "slug": "btc-updown-5m-1789641000",
      "status": "heartbeat",
      "gamma_up": 0.525,
      "gamma_down": 0.475,
      "clob_up_ask": 0.1,
      "clob_down_ask": 0.91,
      "seconds_left": 164.594247341156,
      "min_spread": 0.010000000000000009
    },
    {
      "ts": "2026-09-17T10:32:16.028812Z",
      "slug": "btc-updown-5m-1789641000",
      "status": "skip_ask_too_expensive",
      "threshold": 0.7,
      "max_ask": 0.85,
      "win_streak": 2,
      "clob_up_ask": 0.1,
      "clob_down_ask": 0.91,
      "seconds_left": 164.594247341156,
      "trigger_price": 0.91
    },
    {
      "ts": "2026-09-17T10:32:19.026715Z",
      "slug": "btc-updown-5m-1789641000",
      "status": "heartbeat",
      "gamma_up": 0.525,
      "gamma_down": 0.475,
      "clob_up_ask": 0.11,
      "clob_down_ask": 0.9,
      "seconds_left": 161.62946224212646,
      "min_spread": 0.009999999999999995
    },
    {
      "ts": "2026-09-17T10:32:19.026747Z",
      "slug": "btc-updown-5m-1789641000",
      "status": "skip_ask_too_expensive",
      "threshold": 0.7,
      "max_ask": 0.85,
      "win_streak": 2,
      "clob_up_ask": 0.11,
      "clob_down_ask": 0.9,
      "seconds_left": 161.62946224212646,
      "trigger_price": 0.9
    },
    {
      "ts": "2026-09-17T10:32:22.022484Z",
      "slug": "btc-updown-5m-1789641000",
      "status": "heartbeat",
      "gamma_up": 0.525,
      "gamma_down": 0.475,
      "clob_up_ask": 0.11,
      "clob_down_ask": 0.9,
      "seconds_left": 158.67466926574707,
      "min_spread": 0.009999999999999995
    },
    {
      "ts": "2026-09-17T10:32:22.022521Z",
      "slug": "btc-updown-5m-1789641000",
      "status": "skip_ask_too_expensive",
      "threshold": 0.7,
      "max_ask": 0.85,
      "win_streak": 2,
      "clob_up_ask": 0.11,
      "clob_down_ask": 0.9,
      "seconds_left": 158.67466926574707,
      "trigger_price": 0.9
    },
    {
      "ts": "2026-09-17T10:32:42.639401Z",
      "status": "heartbeat_no_current_market"
    },
    {
      "ts": "2026-09-17T10:32:45.954648Z",
      "slug": "btc-updown-5m-1789641000",
      "status": "heartbeat",
      "gamma_up": 0.525,
      "gamma_down": 0.475,
      "clob_up_ask": 0.1,
      "clob_down_ask": 0.91,
      "seconds_left": 135.05722546577454,
      "min_spread": 0.010000000000000009
    },
    {
      "ts": "2026-09-17T10:32:45.954663Z",
      "slug": "btc-updown-5m-1789641000",
      "status": "skip_ask_too_expensive",
      "threshold": 0.7,
      "max_ask": 0.85,
      "win_streak": 2,
      "clob_up_ask": 0.1,
      "clob_down_ask": 0.91,
      "seconds_left": 135.05722546577454,
      "trigger_price": 0.91
    },
    {
      "ts": "2026-09-17T10:32:48.915760Z",
      "slug": "btc-updown-5m-1789641000",
      "status": "heartbeat",
      "gamma_up": 0.525,
      "gamma_down": 0.475,
      "clob_up_ask": 0.09,
      "clob_down_ask": 0.92,
      "seconds_left": 131.746563911438,
      "min_spread": 0.009999999999999995
    },
    {
      "ts": "2026-09-17T10:32:48.915785Z",
      "slug": "btc-updown-5m-1789641000",
      "status": "skip_ask_too_expensive",
      "threshold": 0.7,
      "max_ask": 0.85,
      "win_streak": 2,
      "clob_up_ask": 0.09,
      "clob_down_ask": 0.92,
      "seconds_left": 131.746563911438,
      "trigger_price": 0.92
    },
    {
      "ts": "2026-09-17T10:32:51.832580Z",
      "slug": "btc-updown-5m-1789641000",
      "status": "heartbeat",
      "gamma_up": 0.525,
      "gamma_down": 0.475,
      "clob_up_ask": 0.07,
      "clob_down_ask": 0.94,
      "seconds_left": 128.77813410758972,
      "min_spread": 0.009999999999999898
    },
    {
      "ts": "2026-09-17T10:32:51.832608Z",
      "slug": "btc-updown-5m-1789641000",
      "status": "skip_ask_too_expensive",
      "threshold": 0.7,
      "max_ask": 0.85,
      "win_streak": 2,
      "clob_up_ask": 0.07,
      "clob_down_ask": 0.94,
      "seconds_left": 128.77813410758972,
      "trigger_price": 0.94
    },
    {
      "ts": "2026-09-17T10:32:54.744352Z",
      "slug": "btc-updown-5m-1789641000",
      "status": "heartbeat",
      "gamma_up": 0.525,
      "gamma_down": 0.475,
      "clob_up_ask": 0.06,
      "clob_down_ask": 0.95,
      "seconds_left": 125.87072706222534,
      "min_spread": 0.009999999999999995
    },
    {
      "ts": "2026-09-17T10:32:54.744382Z",
      "slug": "btc-updown-5m-1789641000",
      "status": "skip_ask_too_expensive",
      "threshold": 0.7,
      "max_ask": 0.85,
      "win_streak": 2,
      "clob_up_ask": 0.06,
      "clob_down_ask": 0.95,
      "seconds_left": 125.87072706222534,
      "trigger_price": 0.95
    },
    {
      "ts": "2026-09-17T10:32:57.648971Z",
      "slug": "btc-updown-5m-1789641000",
      "status": "heartbeat",
      "gamma_up": 0.525,
      "gamma_down": 0.475,
      "clob_up_ask": 0.06,
      "clob_down_ask": 0.95,
      "seconds_left": 122.95608496665955,
      "min_spread": 0.009999999999999995
    },
    {
      "ts": "2026-09-17T10:32:57.649001Z",
      "slug": "btc-updown-5m-1789641000",
      "status": "skip_ask_too_expensive",
      "threshold": 0.7,
      "max_ask": 0.85,
      "win_streak": 2,
      "clob_up_ask": 0.06,
      "clob_down_ask": 0.95,
      "seconds_left": 122.95608496665955,
      "trigger_price": 0.95
    },
    {
      "ts": "2026-09-17T10:33:00.562605Z",
      "slug": "btc-updown-5m-1789641000",
      "status": "heartbeat",
      "gamma_up": 0.525,
      "gamma_down": 0.475,
      "clob_up_ask": 0.07,
      "clob_down_ask": 0.94,
      "seconds_left": 120.06149315834045,
      "min_spread": 0.009999999999999898
    },
    {
      "ts": "2026-09-17T10:33:00.562693Z",
      "slug": "btc-updown-5m-1789641000",
      "status": "skip_ask_too_expensive",
      "threshold": 0.7,
      "max_ask": 0.85,
      "win_streak": 2,
      "clob_up_ask": 0.07,
      "clob_down_ask": 0.94,
      "seconds_left": 120.06149315834045,
      "trigger_price": 0.94
    },
    {
      "ts": "2026-09-17T10:33:03.560410Z",
      "slug": "btc-updown-5m-1789641000",
      "status": "heartbeat",
      "gamma_up": 0.525,
      "gamma_down": 0.475,
      "clob_up_ask": 0.07,
      "clob_down_ask": 0.94,
      "seconds_left": 117.04595303535461,
      "min_spread": 0.009999999999999898
    },
    {
      "ts": "2026-09-17T10:33:03.560445Z",
      "slug": "btc-updown-5m-1789641000",
      "status": "skip_ask_too_expensive",
      "threshold": 0.7,
      "max_ask": 0.85,
      "win_streak": 2,
      "clob_up_ask": 0.07,
      "clob_down_ask": 0.94,
      "seconds_left": 117.04595303535461,
      "trigger_price": 0.94
    },
    {
      "ts": "2026-09-17T10:33:06.460195Z",
      "slug": "btc-updown-5m-1789641000",
      "status": "heartbeat",
      "gamma_up": 0.525,
      "gamma_down": 0.475,
      "clob_up_ask": 0.06,
      "clob_down_ask": 0.95,
      "seconds_left": 114.15370988845825,
      "min_spread": 0.009999999999999995
    },
    {
      "ts": "2026-09-17T10:33:06.460258Z",
      "slug": "btc-updown-5m-1789641000",
      "status": "skip_ask_too_expensive",
      "threshold": 0.7,
      "max_ask": 0.85,
      "win_streak": 2,
      "clob_up_ask": 0.06,
      "clob_down_ask": 0.95,
      "seconds_left": 114.15370988845825,
      "trigger_price": 0.95
    },
    {
      "ts": "2026-09-17T10:33:09.368769Z",
      "slug": "btc-updown-5m-1789641000",
      "status": "heartbeat",
      "gamma_up": 0.525,
      "gamma_down": 0.475,
      "clob_up_ask": 0.06,
      "clob_down_ask": 0.96,
      "seconds_left": 111.26341938972473,
      "min_spread": 0.009999999999999995
    },
    {
      "ts": "2026-09-17T10:33:09.368809Z",
      "slug": "btc-updown-5m-1789641000",
      "status": "skip_ask_too_expensive",
      "threshold": 0.7,
      "max_ask": 0.85,
      "win_streak": 2,
      "clob_up_ask": 0.06,
      "clob_down_ask": 0.96,
      "seconds_left": 111.26341938972473,
      "trigger_price": 0.96
    },
    {
      "ts": "2026-09-17T10:33:15.925901Z",
      "slug": "btc-updown-5m-1789641000",
      "status": "heartbeat",
      "gamma_up": 0.525,
      "gamma_down": 0.475,
      "clob_up_ask": 0.05,
      "clob_down_ask": 0.96,
      "seconds_left": 108.30058789253235,
      "min_spread": 0.010000000000000002
    },
    {
      "ts": "2026-09-17T10:33:15.925918Z",
      "slug": "btc-updown-5m-1789641000",
      "status": "skip_ask_too_expensive",
      "threshold": 0.7,
      "max_ask": 0.85,
      "win_streak": 2,
      "clob_up_ask": 0.05,
      "clob_down_ask": 0.96,
      "seconds_left": 108.30058789253235,
      "trigger_price": 0.96
    },
    {
      "ts": "2026-09-17T10:33:18.954260Z",
      "slug": "btc-updown-5m-1789641000",
      "status": "heartbeat",
      "gamma_up": 0.525,
      "gamma_down": 0.475,
      "clob_up_ask": 0.04,
      "clob_down_ask": 0.97,
      "seconds_left": 101.70184636116028,
      "min_spread": 0.010000000000000002
    },
    {
      "ts": "2026-09-17T10:33:18.954284Z",
      "slug": "btc-updown-5m-1789641000",
      "status": "skip_ask_too_expensive",
      "threshold": 0.7,
      "max_ask": 0.85,
      "win_streak": 2,
      "clob_up_ask": 0.04,
      "clob_down_ask": 0.97,
      "seconds_left": 101.70184636116028,
      "trigger_price": 0.97
    },
    {
      "ts": "2026-09-17T10:33:21.978014Z",
      "slug": "btc-updown-5m-1789641000",
      "status": "heartbeat",
      "gamma_up": 0.525,
      "gamma_down": 0.475,
      "clob_up_ask": 0.04,
      "clob_down_ask": 0.97,
      "seconds_left": 98.69916343688965,
      "min_spread": 0.010000000000000002
    },
    {
      "ts": "2026-09-17T10:33:21.978038Z",
      "slug": "btc-updown-5m-1789641000",
      "status": "skip_ask_too_expensive",
      "threshold": 0.7,
      "max_ask": 0.85,
      "win_streak": 2,
      "clob_up_ask": 0.04,
      "clob_down_ask": 0.97,
      "seconds_left": 98.69916343688965,
      "trigger_price": 0.97
    },
    {
      "ts": "2026-09-17T10:33:24.862438Z",
      "slug": "btc-updown-5m-1789641000",
      "status": "heartbeat",
      "gamma_up": 0.525,
      "gamma_down": 0.475,
      "clob_up_ask": 0.04,
      "clob_down_ask": 0.97,
      "seconds_left": 95.7422525882721,
      "min_spread": 0.010000000000000002
    },
    {
      "ts": "2026-09-17T10:33:24.862465Z",
      "slug": "btc-updown-5m-1789641000",
      "status": "skip_ask_too_expensive",
      "threshold": 0.7,
      "max_ask": 0.85,
      "win_streak": 2,
      "clob_up_ask": 0.04,
      "clob_down_ask": 0.97,
      "seconds_left": 95.7422525882721,
      "trigger_price": 0.97
    },
    {
      "ts": "2026-09-17T10:33:27.775331Z",
      "slug": "btc-updown-5m-1789641000",
      "status": "heartbeat",
      "gamma_up": 0.525,
      "gamma_down": 0.475,
      "clob_up_ask": 0.04,
      "clob_down_ask": 0.97,
      "seconds_left": 92.83481907844543,
      "min_spread": 0.010000000000000002
    },
    {
      "ts": "2026-09-17T10:33:27.775347Z",
      "slug": "btc-updown-5m-1789641000",
      "status": "skip_ask_too_expensive",
      "threshold": 0.7,
      "max_ask": 0.85,
      "win_streak": 2,
      "clob_up_ask": 0.04,
      "clob_down_ask": 0.97,
      "seconds_left": 92.83481907844543,
      "trigger_price": 0.97
    },
    {
      "ts": "2026-09-17T10:33:30.677795Z",
      "slug": "btc-updown-5m-1789641000",
      "status": "heartbeat",
      "gamma_up": 0.525,
      "gamma_down": 0.475,
      "clob_up_ask": 0.03,
      "clob_down_ask": 0.98,
      "seconds_left": 89.93226718902588,
      "min_spread": 0.009999999999999998
    },
    {
      "ts": "2026-09-17T10:33:30.677827Z",
      "slug": "btc-updown-5m-1789641000",
      "status": "skip_ask_too_expensive",
      "threshold": 0.7,
      "max_ask": 0.85,
      "win_streak": 2,
      "clob_up_ask": 0.03,
      "clob_down_ask": 0.98,
      "seconds_left": 89.93226718902588,
      "trigger_price": 0.98
    },
    {
      "ts": "2026-09-17T10:33:33.733671Z",
      "slug": "btc-updown-5m-1789641000",
      "status": "heartbeat",
      "gamma_up": 0.525,
      "gamma_down": 0.475,
      "clob_up_ask": 0.03,
      "clob_down_ask": 0.98,
      "seconds_left": 86.87703967094421,
      "min_spread": 0.009999999999999998
    },
    {
      "ts": "2026-09-17T10:33:33.733699Z",
      "slug": "btc-updown-5m-1789641000",
      "status": "skip_ask_too_expensive",
      "threshold": 0.7,
      "max_ask": 0.85,
      "win_streak": 2,
      "clob_up_ask": 0.03,
      "clob_down_ask": 0.98,
      "seconds_left": 86.87703967094421,
      "trigger_price": 0.98
    },
    {
      "ts": "2026-09-17T10:33:36.669246Z",
      "slug": "btc-updown-5m-1789641000",
      "status": "heartbeat",
      "gamma_up": 0.525,
      "gamma_down": 0.475,
      "clob_up_ask": 0.03,
      "clob_down_ask": 0.98,
      "seconds_left": 83.96534442901611,
      "min_spread": 0.009999999999999998
    },
    {
      "ts": "2026-09-17T10:33:36.669277Z",
      "slug": "btc-updown-5m-1789641000",
      "status": "skip_ask_too_expensive",
      "threshold": 0.7,
      "max_ask": 0.85,
      "win_streak": 2,
      "clob_up_ask": 0.03,
      "clob_down_ask": 0.98,
      "seconds_left": 83.96534442901611,
      "trigger_price": 0.98
    },
    {
      "ts": "2026-09-17T10:33:39.569838Z",
      "slug": "btc-updown-5m-1789641000",
      "status": "heartbeat",
      "gamma_up": 0.525,
      "gamma_down": 0.475,
      "clob_up_ask": 0.02,
      "clob_down_ask": 0.99,
      "seconds_left": 81.03657627105713,
      "min_spread": 0.01
    },
    {
      "ts": "2026-09-17T10:33:39.569867Z",
      "slug": "btc-updown-5m-1789641000",
      "status": "skip_ask_too_expensive",
      "threshold": 0.7,
      "max_ask": 0.85,
      "win_streak": 2,
      "clob_up_ask": 0.02,
      "clob_down_ask": 0.99,
      "seconds_left": 81.03657627105713,
      "trigger_price": 0.99
    },
    {
      "ts": "2026-09-17T10:33:42.481919Z",
      "slug": "btc-updown-5m-1789641000",
      "status": "heartbeat",
      "gamma_up": 0.525,
      "gamma_down": 0.475,
      "clob_up_ask": 0.02,
      "clob_down_ask": 0.99,
      "seconds_left": 78.13095736503601,
      "min_spread": 0.01
    },
    {
      "ts": "2026-09-17T10:33:42.481937Z",
      "slug": "btc-updown-5m-1789641000",
      "status": "skip_ask_too_expensive",
      "threshold": 0.7,
      "max_ask": 0.85,
      "win_streak": 2,
      "clob_up_ask": 0.02,
      "clob_down_ask": 0.99,
      "seconds_left": 78.13095736503601,
      "trigger_price": 0.99
    },
    {
      "ts": "2026-09-17T10:33:45.385960Z",
      "slug": "btc-updown-5m-1789641000",
      "status": "heartbeat",
      "gamma_up": 0.525,
      "gamma_down": 0.475,
      "clob_up_ask": 0.02,
      "clob_down_ask": 0.99,
      "seconds_left": 75.2117657661438,
      "min_spread": 0.01
    },
    {
      "ts": "2026-09-17T10:33:45.385989Z",
      "slug": "btc-updown-5m-1789641000",
      "status": "skip_ask_too_expensive",
      "threshold": 0.7,
      "max_ask": 0.85,
      "win_streak": 2,
      "clob_up_ask": 0.02,
      "clob_down_ask": 0.99,
      "seconds_left": 75.2117657661438,
      "trigger_price": 0.99
    },
    {
      "ts": "2026-09-17T10:33:48.328298Z",
      "slug": "btc-updown-5m-1789641000",
      "status": "heartbeat",
      "gamma_up": 0.525,
      "gamma_down": 0.475,
      "clob_up_ask": 0.02,
      "clob_down_ask": 0.99,
      "seconds_left": 72.32271409034729,
      "min_spread": 0.01
    },
    {
      "ts": "2026-09-17T10:33:48.328318Z",
      "slug": "btc-updown-5m-1789641000",
      "status": "skip_ask_too_expensive",
      "threshold": 0.7,
      "max_ask": 0.85,
      "win_streak": 2,
      "clob_up_ask": 0.02,
      "clob_down_ask": 0.99,
      "seconds_left": 72.32271409034729,
      "trigger_price": 0.99
    },
    {
      "ts": "2026-09-17T10:33:54.821857Z",
      "slug": "btc-updown-5m-1789641000",
      "status": "heartbeat",
      "gamma_up": 0.525,
      "gamma_down": 0.475,
      "clob_up_ask": 0.02,
      "clob_down_ask": 0.99,
      "seconds_left": 65.77404117584229,
      "min_spread": 0.01
    },
    {
      "ts": "2026-09-17T10:33:54.821887Z",
      "slug": "btc-updown-5m-1789641000",
      "status": "skip_ask_too_expensive",
      "threshold": 0.7,
      "max_ask": 0.85,
      "win_streak": 2,
      "clob_up_ask": 0.02,
      "clob_down_ask": 0.99,
      "seconds_left": 65.77404117584229,
      "trigger_price": 0.99
    },
    {
      "ts": "2026-09-17T10:33:57.703199Z",
      "slug": "btc-updown-5m-1789641000",
      "status": "heartbeat",
      "gamma_up": 0.525,
      "gamma_down": 0.475,
      "clob_up_ask": 0.01,
      "clob_down_ask": null,
      "seconds_left": 62.90135478973389,
      "min_spread": null
    },
    {
      "ts": "2026-09-17T10:33:57.703218Z",
      "slug": "btc-updown-5m-1789641000",
      "status": "skip_price_below_threshold",
      "threshold": 0.7,
      "max_ask": 0.85,
      "win_streak": 2,
      "clob_up_ask": 0.01,
      "clob_down_ask": null,
      "seconds_left": 62.90135478973389,
      "trigger_price": null
    },
    {
      "ts": "2026-09-17T10:34:00.583407Z",
      "slug": "btc-updown-5m-1789641000",
      "status": "heartbeat",
      "gamma_up": 0.525,
      "gamma_down": 0.475,
      "clob_up_ask": 0.01,
      "clob_down_ask": null,
      "seconds_left": 60.03055238723755,
      "min_spread": null
    },
    {
      "ts": "2026-09-17T10:34:00.583442Z",
      "slug": "btc-updown-5m-1789641000",
      "status": "skip_price_below_threshold",
      "threshold": 0.7,
      "max_ask": 0.85,
      "win_streak": 2,
      "clob_up_ask": 0.01,
      "clob_down_ask": null,
      "seconds_left": 60.03055238723755,
      "trigger_price": null
    },
    {
      "ts": "2026-09-17T10:34:02.881047Z",
      "slug": "btc-updown-5m-1789641000",
      "status": "skip_too_late_to_enter",
      "seconds_left": 57.118959188461304,
      "min_entry_seconds_left": 60
    },
    {
      "ts": "2026-09-17T10:34:05.194791Z",
      "slug": "btc-updown-5m-1789641000",
      "status": "skip_too_late_to_enter",
      "seconds_left": 54.805214643478394,
      "min_entry_seconds_left": 60
    },
    {
      "ts": "2026-09-17T10:34:07.499974Z",
      "slug": "btc-updown-5m-1789641000",
      "status": "skip_too_late_to_enter",
      "seconds_left": 52.50003004074097,
      "min_entry_seconds_left": 60
    },
    {
      "ts": "2026-09-17T10:34:09.800424Z",
      "slug": "btc-updown-5m-1789641000",
      "status": "skip_too_late_to_enter",
      "seconds_left": 50.1995792388916,
      "min_entry_seconds_left": 60
    },
    {
      "ts": "2026-09-17T10:34:12.156619Z",
      "slug": "btc-updown-5m-1789641000",
      "status": "skip_too_late_to_enter",
      "seconds_left": 47.84338617324829,
      "min_entry_seconds_left": 60
    },
    {
      "ts": "2026-09-17T10:34:14.438399Z",
      "slug": "btc-updown-5m-1789641000",
      "status": "skip_too_late_to_enter",
      "seconds_left": 45.56160569190979,
      "min_entry_seconds_left": 60
    },
    {
      "ts": "2026-09-17T10:34:16.739512Z",
      "slug": "btc-updown-5m-1789641000",
      "status": "skip_too_late_to_enter",
      "seconds_left": 43.26049280166626,
      "min_entry_seconds_left": 60
    },
    {
      "ts": "2026-09-17T10:34:19.089823Z",
      "slug": "btc-updown-5m-1789641000",
      "status": "skip_too_late_to_enter",
      "seconds_left": 40.91018223762512,
      "min_entry_seconds_left": 60
    },
    {
      "ts": "2026-09-17T10:34:21.388537Z",
      "slug": "btc-updown-5m-1789641000",
      "status": "skip_too_late_to_enter",
      "seconds_left": 38.611467599868774,
      "min_entry_seconds_left": 60
    },
    {
      "ts": "2026-09-17T10:34:23.679862Z",
      "slug": "btc-updown-5m-1789641000",
      "status": "skip_too_late_to_enter",
      "seconds_left": 36.32014083862305,
      "min_entry_seconds_left": 60
    },
    {
      "ts": "2026-09-17T10:34:29.592822Z",
      "slug": "btc-updown-5m-1789641000",
      "status": "skip_too_late_to_enter",
      "seconds_left": 30.40718150138855,
      "min_entry_seconds_left": 60
    },
    {
      "ts": "2026-09-17T10:34:31.885503Z",
      "slug": "btc-updown-5m-1789641000",
      "status": "skip_too_late_to_enter",
      "seconds_left": 28.114503145217896,
      "min_entry_seconds_left": 60
    },
    {
      "ts": "2026-09-17T10:34:34.294448Z",
      "slug": "btc-updown-5m-1789641000",
      "status": "skip_too_late_to_enter",
      "seconds_left": 25.705556392669678,
      "min_entry_seconds_left": 60
    },
    {
      "ts": "2026-09-17T10:34:36.737263Z",
      "slug": "btc-updown-5m-1789641000",
      "status": "skip_too_late_to_enter",
      "seconds_left": 23.262742280960083,
      "min_entry_seconds_left": 60
    },
    {
      "ts": "2026-09-17T10:34:39.046050Z",
      "slug": "btc-updown-5m-1789641000",
      "status": "skip_too_late_to_enter",
      "seconds_left": 20.953956604003906,
      "min_entry_seconds_left": 60
    },
    {
      "ts": "2026-09-17T10:34:41.350802Z",
      "slug": "btc-updown-5m-1789641000",
      "status": "skip_too_late_to_enter",
      "seconds_left": 18.649203062057495,
      "min_entry_seconds_left": 60
    },
    {
      "ts": "2026-09-17T10:34:43.659191Z",
      "slug": "btc-updown-5m-1789641000",
      "status": "skip_too_late_to_enter",
      "seconds_left": 16.340813875198364,
      "min_entry_seconds_left": 60
    },
    {
      "ts": "2026-09-17T10:34:46.021108Z",
      "slug": "btc-updown-5m-1789641000",
      "status": "skip_too_late_to_enter",
      "seconds_left": 13.978896617889404,
      "min_entry_seconds_left": 60
    },
    {
      "ts": "2026-09-17T10:34:48.308534Z",
      "slug": "btc-updown-5m-1789641000",
      "status": "skip_too_late_to_enter",
      "seconds_left": 11.691469430923462,
      "min_entry_seconds_left": 60
    },
    {
      "ts": "2026-09-17T10:34:50.609627Z",
      "slug": "btc-updown-5m-1789641000",
      "status": "skip_too_late_to_enter",
      "seconds_left": 9.390378475189209,
      "min_entry_seconds_left": 60
    },
    {
      "ts": "2026-09-17T10:34:52.909961Z",
      "slug": "btc-updown-5m-1789641000",
      "status": "skip_too_late_to_enter",
      "seconds_left": 7.090043306350708,
      "min_entry_seconds_left": 60
    },
    {
      "ts": "2026-09-17T10:34:55.233205Z",
      "status": "heartbeat_no_current_market"
    },
    {
      "ts": "2026-09-17T10:34:57.549444Z",
      "status": "heartbeat_no_current_market"
    },
    {
      "ts": "2026-09-17T10:34:59.836671Z",
      "status": "heartbeat_no_current_market"
    },
    {
      "ts": "2026-09-17T10:35:06.501600Z",
      "slug": "btc-updown-5m-1789641300",
      "status": "heartbeat",
      "gamma_up": 0.515,
      "gamma_down": 0.485,
      "clob_up_ask": 0.65,
      "clob_down_ask": 0.35,
      "seconds_left": 294.249374628067,
      "min_spread": 0.009999999999999953
    },
    {
      "ts": "2026-09-17T10:35:06.501625Z",
      "slug": "btc-updown-5m-1789641300",
      "status": "skip_price_below_threshold",
      "threshold": 0.7,
      "max_ask": 0.85,
      "win_streak": 2,
      "clob_up_ask": 0.65,
      "clob_down_ask": 0.35,
      "seconds_left": 294.249374628067,
      "trigger_price": null
    },
    {
      "ts": "2026-09-17T10:35:09.409652Z",
      "slug": "btc-updown-5m-1789641300",
      "status": "heartbeat",
      "gamma_up": 0.515,
      "gamma_down": 0.485,
      "clob_up_ask": 0.74,
      "clob_down_ask": 0.27,
      "seconds_left": 291.2060115337372,
      "min_spread": 0.010000000000000009
    },
    {
      "ts": "2026-09-17T10:35:17.458333Z",
      "slug": "btc-updown-5m-1789641300",
      "status": "heartbeat",
      "gamma_up": 0.515,
      "gamma_down": 0.485,
      "clob_up_ask": 0.71,
      "clob_down_ask": 0.3,
      "seconds_left": 283.33542251586914,
      "min_spread": 0.010000000000000009
    }
  ],
  "last_open_try": "{\"error\": \"PolyApiException[status_code=400, error_message={'error': 'no orders found to match with FAK order. FAK orders are partially filled or killed if no match is found.', 'orderID': '0x96f560422c235ac8ede9847836b81e2b2c5d0622e8b848f573634a180ef50663'}]\", \"order_post_result\": {\"success\": false, \"status\": \"error\", \"errorMsg\": \"PolyApiException[status_code=400, error_message={'error': 'no orders found to match with FAK order. FAK orders are partially filled or killed if no match is found.', 'orderID': '0x96f560422c235ac8ede9847836b81e2b2c5d0622e8b848f573634a180ef50663'}]\"}, \"close_skipped\": \"\"}\n\n[py_clob_client_v2] request error status=400 url=https://clob.polymarket.com/auth/api-key body={\"error\":\"Could not create api key\"}\n\n[py_clob_client_v2] request error status=400 url=https://clob.polymarket.com/order body={\"error\":\"no orders found to match with FAK order. FAK orders are partially filled or killed if no match is found.\",\"orderID\":\"0x96f560422c235ac8ede9847836b81e2b2c5d0622e8b848f573634a180ef50663\"}\n",
  "open_raw": "{\"mode\": \"open\", \"execute\": true, \"market_slug\": \"btc-updown-5m-1789641300\", \"force_side\": \"UP\", \"token_id\": \"21472026887801145632695947878552240805686102075126098168075889253989243217923\", \"entry_price\": 0.77, \"notional_usd\": 5.0, \"top_ask_notional_usd\": 199.6302, \"collateral_pusd\": 432.546213, \"order_post_result\": {\"errorMsg\": \"\", \"orderID\": \"0xa8437268f6a35135ef8d52d2669847ec2ac7e56da6bf4762a8e9d3788fdeb2f9\", \"takingAmount\": \"6.493504\", \"makingAmount\": \"4.999998\", \"status\": \"matched\", \"transactionsHashes\": [\"0x42ec35961389606a8adf0e8cbbe46babac938169935bb3b8ac2e38ef11ba39d1\"], \"success\": true}}\n\n[py_clob_client_v2] request error status=400 url=https://clob.polymarket.com/auth/api-key body={\"error\":\"Could not create api key\"}\n\n",
  "opened": {
    "opened_at": "2026-09-17T10:35:22.225596Z",
    "market_slug": "btc-updown-5m-1789641300",
    "market_end_iso": "2026-09-17T10:40:00Z",
    "side": "UP",
    "token_id": "21472026887801145632695947878552240805686102075126098168075889253989243217923",
    "entry_price": 0.77,
    "shares": 6.493504,
    "cost_usdc": 4.999998,
    "open_order_id": "0xa8437268f6a35135ef8d52d2669847ec2ac7e56da6bf4762a8e9d3788fdeb2f9",
    "open_tx": "0x42ec35961389606a8adf0e8cbbe46babac938169935bb3b8ac2e38ef11ba39d1"
  },
  "stop_loss_price": 0.07699999999999999,
  "last_side_price": 0.515,
  "last_clob_bid": 0.999,
  "last_check_at": "2026-09-17T10:39:39.619974Z",
  "closed": {
    "close_reason": "hold_to_settlement_winning_book",
    "closed_at": "2026-09-17T10:39:41.916437Z",
    "close_success": false,
    "close_status": "held",
    "close_order_id": null,
    "close_tx": null,
    "close_shares": 0.0,
    "close_usdc": 0.0,
    "close_skipped": "hold_to_settlement"
  },
  "realized_cashflow_pnl_usdc": null,
  "finished_at": "2026-09-17T10:39:41.916489Z",
  "result": "done"
}
[2026-09-17T10:39:41Z] session_end rc=0 sessions=8 stake_usd=5
journal_ok trades=175 md=/home/yukeen/polymarketbot/5min-btc-polymarket/data/live_trades.md json=/home/yukeen/polymarketbot/5min-btc-polymarket/data/live_trades.json
[2026-09-17T10:41:10Z] fills=8/12 sessions=8/36
[py_clob_client_v2] request error status=400 url=https://clob.polymarket.com/auth/api-key body={"error":"Could not create api key"}

[2026-09-17T10:41:27Z] cash=427.465725
[py_clob_client_v2] request error status=400 url=https://clob.polymarket.com/auth/api-key body={"error":"Could not create api key"}

[2026-09-17T10:41:47Z] cash_retry=433.959229
[2026-09-17T10:41:55Z] session_begin sessions=8 fills=8 stake_usd=5
{
  "started_at": "2026-09-17T10:41:56.020228Z",
  "params": {
    "profile": "conservative",
    "threshold": 0.7,
    "stake_usd": 5.0,
    "stop_loss_pct": 0.9,
    "exit_before_sec": 20,
    "min_entry_seconds_left": 60,
    "entry_timeout_min": 12,
    "poll_sec": 2.0,
    "max_ask": 0.85,
    "expensive_ask": 0.8,
    "expensive_after_wins": 3,
    "close_retry_max": 30,
    "close_retry_delay_sec": 2.0,
    "execute": true,
    "win_streak": 3
  },
  "attempts": [
    {
      "ts": "2026-09-17T10:41:57.101079Z",
      "slug": "btc-updown-5m-1789641600",
      "status": "heartbeat",
      "gamma_up": 0.525,
      "gamma_down": 0.475,
      "clob_up_ask": 0.15,
      "clob_down_ask": 0.86,
      "seconds_left": 183.69871425628662,
      "min_spread": 0.009999999999999981
    },
    {
      "ts": "2026-09-17T10:41:57.101112Z",
      "slug": "btc-updown-5m-1789641600",
      "status": "skip_ask_too_expensive",
      "threshold": 0.7,
      "max_ask": 0.85,
      "win_streak": 3,
      "clob_up_ask": 0.15,
      "clob_down_ask": 0.86,
      "seconds_left": 183.69871425628662,
      "trigger_price": 0.86
    },
    {
      "ts": "2026-09-17T10:42:00.013721Z",
      "slug": "btc-updown-5m-1789641600",
      "status": "heartbeat",
      "gamma_up": 0.525,
      "gamma_down": 0.475,
      "clob_up_ask": 0.15,
      "clob_down_ask": 0.86,
      "seconds_left": 180.5953812599182,
      "min_spread": 0.009999999999999981
    },
    {
      "ts": "2026-09-17T10:42:00.013754Z",
      "slug": "btc-updown-5m-1789641600",
      "status": "skip_ask_too_expensive",
      "threshold": 0.7,
      "max_ask": 0.85,
      "win_streak": 3,
      "clob_up_ask": 0.15,
      "clob_down_ask": 0.86,
      "seconds_left": 180.5953812599182,
      "trigger_price": 0.86
    },
    {
      "ts": "2026-09-17T10:42:02.976431Z",
      "slug": "btc-updown-5m-1789641600",
      "status": "heartbeat",
      "gamma_up": 0.525,
      "gamma_down": 0.475,
      "clob_up_ask": 0.15,
      "clob_down_ask": 0.86,
      "seconds_left": 177.70613169670105,
      "min_spread": 0.009999999999999981
    },
    {
      "ts": "2026-09-17T10:42:02.976460Z",
      "slug": "btc-updown-5m-1789641600",
      "status": "skip_ask_too_expensive",
      "threshold": 0.7,
      "max_ask": 0.85,
      "win_streak": 3,
      "clob_up_ask": 0.15,
      "clob_down_ask": 0.86,
      "seconds_left": 177.70613169670105,
      "trigger_price": 0.86
    },
    {
      "ts": "2026-09-17T10:42:05.944999Z",
      "slug": "btc-updown-5m-1789641600",
      "status": "heartbeat",
      "gamma_up": 0.525,
      "gamma_down": 0.475,
      "clob_up_ask": 0.15,
      "clob_down_ask": 0.87,
      "seconds_left": 174.725093126297,
      "min_spread": 0.009999999999999981
    },
    {
      "ts": "2026-09-17T10:42:05.945029Z",
      "slug": "btc-updown-5m-1789641600",
      "status": "skip_ask_too_expensive",
      "threshold": 0.7,
      "max_ask": 0.85,
      "win_streak": 3,
      "clob_up_ask": 0.15,
      "clob_down_ask": 0.87,
      "seconds_left": 174.725093126297,
      "trigger_price": 0.87
    },
    {
      "ts": "2026-09-17T10:42:08.952980Z",
      "slug": "btc-updown-5m-1789641600",
      "status": "heartbeat",
      "gamma_up": 0.525,
      "gamma_down": 0.475,
      "clob_up_ask": 0.13,
      "clob_down_ask": 0.88,
      "seconds_left": 171.68613529205322,
      "min_spread": 0.010000000000000009
    },
    {
      "ts": "2026-09-17T10:42:08.953012Z",
      "slug": "btc-updown-5m-1789641600",
      "status": "skip_ask_too_expensive",
      "threshold": 0.7,
      "max_ask": 0.85,
      "win_streak": 3,
      "clob_up_ask": 0.13,
      "clob_down_ask": 0.88,
      "seconds_left": 171.68613529205322,
      "trigger_price": 0.88
    },
    {
      "ts": "2026-09-17T10:42:11.857320Z",
      "slug": "btc-updown-5m-1789641600",
      "status": "heartbeat",
      "gamma_up": 0.525,
      "gamma_down": 0.475,
      "clob_up_ask": 0.12,
      "clob_down_ask": 0.89,
      "seconds_left": 168.76753067970276,
      "min_spread": 0.009999999999999995
    },
    {
      "ts": "2026-09-17T10:42:11.857345Z",
      "slug": "btc-updown-5m-1789641600",
      "status": "skip_ask_too_expensive",
      "threshold": 0.7,
      "max_ask": 0.85,
      "win_streak": 3,
      "clob_up_ask": 0.12,
      "clob_down_ask": 0.89,
      "seconds_left": 168.76753067970276,
      "trigger_price": 0.89
    },
    {
      "ts": "2026-09-17T10:42:18.405308Z",
      "slug": "btc-updown-5m-1789641600",
      "status": "heartbeat",
      "gamma_up": 0.525,
      "gamma_down": 0.475,
      "clob_up_ask": 0.1,
      "clob_down_ask": 0.91,
      "seconds_left": 162.23381996154785,
      "min_spread": 0.010000000000000009
    },
    {
      "ts": "2026-09-17T10:42:18.405416Z",
      "slug": "btc-updown-5m-1789641600",
      "status": "skip_ask_too_expensive",
      "threshold": 0.7,
      "max_ask": 0.85,
      "win_streak": 3,
      "clob_up_ask": 0.1,
      "clob_down_ask": 0.91,
      "seconds_left": 162.23381996154785,
      "trigger_price": 0.91
    },
    {
      "ts": "2026-09-17T10:42:21.331018Z",
      "slug": "btc-updown-5m-1789641600",
      "status": "heartbeat",
      "gamma_up": 0.525,
      "gamma_down": 0.475,
      "clob_up_ask": 0.1,
      "clob_down_ask": 0.91,
      "seconds_left": 159.29799842834473,
      "min_spread": 0.010000000000000009
    },
    {
      "ts": "2026-09-17T10:42:21.331042Z",
      "slug": "btc-updown-5m-1789641600",
      "status": "skip_ask_too_expensive",
      "threshold": 0.7,
      "max_ask": 0.85,
      "win_streak": 3,
      "clob_up_ask": 0.1,
      "clob_down_ask": 0.91,
      "seconds_left": 159.29799842834473,
      "trigger_price": 0.91
    },
    {
      "ts": "2026-09-17T10:42:24.292197Z",
      "slug": "btc-updown-5m-1789641600",
      "status": "heartbeat",
      "gamma_up": 0.525,
      "gamma_down": 0.475,
      "clob_up_ask": 0.1,
      "clob_down_ask": 0.91,
      "seconds_left": 156.34345364570618,
      "min_spread": 0.010000000000000009
    },
    {
      "ts": "2026-09-17T10:42:24.292228Z",
      "slug": "btc-updown-5m-1789641600",
      "status": "skip_ask_too_expensive",
      "threshold": 0.7,
      "max_ask": 0.85,
      "win_streak": 3,
      "clob_up_ask": 0.1,
      "clob_down_ask": 0.91,
      "seconds_left": 156.34345364570618,
      "trigger_price": 0.91
    },
    {
      "ts": "2026-09-17T10:42:27.226702Z",
      "slug": "btc-updown-5m-1789641600",
      "status": "heartbeat",
      "gamma_up": 0.525,
      "gamma_down": 0.475,
      "clob_up_ask": 0.09,
      "clob_down_ask": 0.92,
      "seconds_left": 153.38535237312317,
      "min_spread": 0.009999999999999995
    },
    {
      "ts": "2026-09-17T10:42:27.226731Z",
      "slug": "btc-updown-5m-1789641600",
      "status": "skip_ask_too_expensive",
      "threshold": 0.7,
      "max_ask": 0.85,
      "win_streak": 3,
      "clob_up_ask": 0.09,
      "clob_down_ask": 0.92,
      "seconds_left": 153.38535237312317,
      "trigger_price": 0.92
    },
    {
      "ts": "2026-09-17T10:42:30.178811Z",
      "slug": "btc-updown-5m-1789641600",
      "status": "heartbeat",
      "gamma_up": 0.525,
      "gamma_down": 0.475,
      "clob_up_ask": 0.09,
      "clob_down_ask": 0.92,
      "seconds_left": 150.43282961845398,
      "min_spread": 0.009999999999999995
    },
    {
      "ts": "2026-09-17T10:42:30.178842Z",
      "slug": "btc-updown-5m-1789641600",
      "status": "skip_ask_too_expensive",
      "threshold": 0.7,
      "max_ask": 0.85,
      "win_streak": 3,
      "clob_up_ask": 0.09,
      "clob_down_ask": 0.92,
      "seconds_left": 150.43282961845398,
      "trigger_price": 0.92
    },
    {
      "ts": "2026-09-17T10:42:33.127117Z",
      "slug": "btc-updown-5m-1789641600",
      "status": "heartbeat",
      "gamma_up": 0.525,
      "gamma_down": 0.475,
      "clob_up_ask": 0.08,
      "clob_down_ask": 0.93,
      "seconds_left": 147.4959900379181,
      "min_spread": 0.009999999999999995
    },
    {
      "ts": "2026-09-17T10:42:33.127145Z",
      "slug": "btc-updown-5m-1789641600",
      "status": "skip_ask_too_expensive",
      "threshold": 0.7,
      "max_ask": 0.85,
      "win_streak": 3,
      "clob_up_ask": 0.08,
      "clob_down_ask": 0.93,
      "seconds_left": 147.4959900379181,
      "trigger_price": 0.93
    },
    {
      "ts": "2026-09-17T10:42:36.044932Z",
      "slug": "btc-updown-5m-1789641600",
      "status": "heartbeat",
      "gamma_up": 0.525,
      "gamma_down": 0.475,
      "clob_up_ask": 0.08,
      "clob_down_ask": 0.93,
      "seconds_left": 144.58832049369812,
      "min_spread": 0.009999999999999995
    },
    {
      "ts": "2026-09-17T10:42:36.044956Z",
      "slug": "btc-updown-5m-1789641600",
      "status": "skip_ask_too_expensive",
      "threshold": 0.7,
      "max_ask": 0.85,
      "win_streak": 3,
      "clob_up_ask": 0.08,
      "clob_down_ask": 0.93,
      "seconds_left": 144.58832049369812,
      "trigger_price": 0.93
    },
    {
      "ts": "2026-09-17T10:42:38.928302Z",
      "slug": "btc-updown-5m-1789641600",
      "status": "heartbeat",
      "gamma_up": 0.525,
      "gamma_down": 0.475,
      "clob_up_ask": 0.08,
      "clob_down_ask": 0.93,
      "seconds_left": 141.66744542121887,
      "min_spread": 0.009999999999999995
    },
    {
      "ts": "2026-09-17T10:42:38.928332Z",
      "slug": "btc-updown-5m-1789641600",
      "status": "skip_ask_too_expensive",
      "threshold": 0.7,
      "max_ask": 0.85,
      "win_streak": 3,
      "clob_up_ask": 0.08,
      "clob_down_ask": 0.93,
      "seconds_left": 141.66744542121887,
      "trigger_price": 0.93
    },
    {
      "ts": "2026-09-17T10:42:41.868707Z",
      "slug": "btc-updown-5m-1789641600",
      "status": "heartbeat",
      "gamma_up": 0.525,
      "gamma_down": 0.475,
      "clob_up_ask": 0.08,
      "clob_down_ask": 0.93,
      "seconds_left": 138.7685194015503,
      "min_spread": 0.009999999999999995
    },
    {
      "ts": "2026-09-17T10:42:41.868739Z",
      "slug": "btc-updown-5m-1789641600",
      "status": "skip_ask_too_expensive",
      "threshold": 0.7,
      "max_ask": 0.85,
      "win_streak": 3,
      "clob_up_ask": 0.08,
      "clob_down_ask": 0.93,
      "seconds_left": 138.7685194015503,
      "trigger_price": 0.93
    },
    {
      "ts": "2026-09-17T10:42:44.797897Z",
      "slug": "btc-updown-5m-1789641600",
      "status": "heartbeat",
      "gamma_up": 0.525,
      "gamma_down": 0.475,
      "clob_up_ask": 0.07,
      "clob_down_ask": 0.94,
      "seconds_left": 135.81596279144287,
      "min_spread": 0.009999999999999898
    },
    {
      "ts": "2026-09-17T10:42:44.797930Z",
      "slug": "btc-updown-5m-1789641600",
      "status": "skip_ask_too_expensive",
      "threshold": 0.7,
      "max_ask": 0.85,
      "win_streak": 3,
      "clob_up_ask": 0.07,
      "clob_down_ask": 0.94,
      "seconds_left": 135.81596279144287,
      "trigger_price": 0.94
    },
    {
      "ts": "2026-09-17T10:42:47.781623Z",
      "slug": "btc-updown-5m-1789641600",
      "status": "heartbeat",
      "gamma_up": 0.525,
      "gamma_down": 0.475,
      "clob_up_ask": 0.11,
      "clob_down_ask": 0.9,
      "seconds_left": 132.86395645141602,
      "min_spread": 0.009999999999999995
    },
    {
      "ts": "2026-09-17T10:42:47.781656Z",
      "slug": "btc-updown-5m-1789641600",
      "status": "skip_ask_too_expensive",
      "threshold": 0.7,
      "max_ask": 0.85,
      "win_streak": 3,
      "clob_up_ask": 0.11,
      "clob_down_ask": 0.9,
      "seconds_left": 132.86395645141602,
      "trigger_price": 0.9
    },
    {
      "ts": "2026-09-17T10:42:54.292712Z",
      "slug": "btc-updown-5m-1789641600",
      "status": "heartbeat",
      "gamma_up": 0.525,
      "gamma_down": 0.475,
      "clob_up_ask": 0.16,
      "clob_down_ask": 0.85,
      "seconds_left": 126.32972526550293,
      "min_spread": 0.010000000000000009
    },
    {
      "ts": "2026-09-17T10:42:54.292742Z",
      "slug": "btc-updown-5m-1789641600",
      "status": "skip_ask_too_expensive",
      "threshold": 0.7,
      "max_ask": 0.85,
      "win_streak": 3,
      "clob_up_ask": 0.16,
      "clob_down_ask": 0.85,
      "seconds_left": 126.32972526550293,
      "trigger_price": 0.85
    },
    {
      "ts": "2026-09-17T10:42:57.227889Z",
      "slug": "btc-updown-5m-1789641600",
      "status": "heartbeat",
      "gamma_up": 0.525,
      "gamma_down": 0.475,
      "clob_up_ask": 0.15,
      "clob_down_ask": 0.86,
      "seconds_left": 123.39120078086853,
      "min_spread": 0.009999999999999981
    },
    {
      "ts": "2026-09-17T10:42:57.227931Z",
      "slug": "btc-updown-5m-1789641600",
      "status": "skip_ask_too_expensive",
      "threshold": 0.7,
      "max_ask": 0.85,
      "win_streak": 3,
      "clob_up_ask": 0.15,
      "clob_down_ask": 0.86,
      "seconds_left": 123.39120078086853,
      "trigger_price": 0.86
    },
    {
      "ts": "2026-09-17T10:43:00.165575Z",
      "slug": "btc-updown-5m-1789641600",
      "status": "heartbeat",
      "gamma_up": 0.525,
      "gamma_down": 0.475,
      "clob_up_ask": 0.11,
      "clob_down_ask": 0.9,
      "seconds_left": 120.47275114059448,
      "min_spread": 0.009999999999999995
    },
    {
      "ts": "2026-09-17T10:43:00.165597Z",
      "slug": "btc-updown-5m-1789641600",
      "status": "skip_ask_too_expensive",
      "threshold": 0.7,
      "max_ask": 0.85,
      "win_streak": 3,
      "clob_up_ask": 0.11,
      "clob_down_ask": 0.9,
      "seconds_left": 120.47275114059448,
      "trigger_price": 0.9
    },
    {
      "ts": "2026-09-17T10:43:03.077406Z",
      "slug": "btc-updown-5m-1789641600",
      "status": "heartbeat",
      "gamma_up": 0.525,
      "gamma_down": 0.475,
      "clob_up_ask": 0.09,
      "clob_down_ask": 0.92,
      "seconds_left": 117.54948139190674,
      "min_spread": 0.009999999999999995
    },
    {
      "ts": "2026-09-17T10:43:03.077440Z",
      "slug": "btc-updown-5m-1789641600",
      "status": "skip_ask_too_expensive",
      "threshold": 0.7,
      "max_ask": 0.85,
      "win_streak": 3,
      "clob_up_ask": 0.09,
      "clob_down_ask": 0.92,
      "seconds_left": 117.54948139190674,
      "trigger_price": 0.92
    },
    {
      "ts": "2026-09-17T10:43:06.016622Z",
      "slug": "btc-updown-5m-1789641600",
      "status": "heartbeat",
      "gamma_up": 0.525,
      "gamma_down": 0.475,
      "clob_up_ask": 0.08,
      "clob_down_ask": 0.93,
      "seconds_left": 114.59168481826782,
      "min_spread": 0.009999999999999995
    },
    {
      "ts": "2026-09-17T10:43:06.016655Z",
      "slug": "btc-updown-5m-1789641600",
      "status": "skip_ask_too_expensive",
      "threshold": 0.7,
      "max_ask": 0.85,
      "win_streak": 3,
      "clob_up_ask": 0.08,
      "clob_down_ask": 0.93,
      "seconds_left": 114.59168481826782,
      "trigger_price": 0.93
    },
    {
      "ts": "2026-09-17T10:43:08.970292Z",
      "slug": "btc-updown-5m-1789641600",
      "status": "heartbeat",
      "gamma_up": 0.525,
      "gamma_down": 0.475,
      "clob_up_ask": 0.08,
      "clob_down_ask": 0.93,
      "seconds_left": 111.62995910644531,
      "min_spread": 0.009999999999999995
    },
    {
      "ts": "2026-09-17T10:43:08.970309Z",
      "slug": "btc-updown-5m-1789641600",
      "status": "skip_ask_too_expensive",
      "threshold": 0.7,
      "max_ask": 0.85,
      "win_streak": 3,
      "clob_up_ask": 0.08,
      "clob_down_ask": 0.93,
      "seconds_left": 111.62995910644531,
      "trigger_price": 0.93
    },
    {
      "ts": "2026-09-17T10:43:11.880188Z",
      "slug": "btc-updown-5m-1789641600",
      "status": "heartbeat",
      "gamma_up": 0.525,
      "gamma_down": 0.475,
      "clob_up_ask": 0.07,
      "clob_down_ask": 0.94,
      "seconds_left": 108.73050594329834,
      "min_spread": 0.009999999999999898
    },
    {
      "ts": "2026-09-17T10:43:11.880222Z",
      "slug": "btc-updown-5m-1789641600",
      "status": "skip_ask_too_expensive",
      "threshold": 0.7,
      "max_ask": 0.85,
      "win_streak": 3,
      "clob_up_ask": 0.07,
      "clob_down_ask": 0.94,
      "seconds_left": 108.73050594329834,
      "trigger_price": 0.94
    },
    {
      "ts": "2026-09-17T10:43:14.821347Z",
      "slug": "btc-updown-5m-1789641600",
      "status": "heartbeat",
      "gamma_up": 0.525,
      "gamma_down": 0.475,
      "clob_up_ask": 0.07,
      "clob_down_ask": 0.95,
      "seconds_left": 105.7938871383667,
      "min_spread": 0.010000000000000009
    },
    {
      "ts": "2026-09-17T10:43:14.821378Z",
      "slug": "btc-updown-5m-1789641600",
      "status": "skip_ask_too_expensive",
      "threshold": 0.7,
      "max_ask": 0.85,
      "win_streak": 3,
      "clob_up_ask": 0.07,
      "clob_down_ask": 0.95,
      "seconds_left": 105.7938871383667,
      "trigger_price": 0.95
    },
    {
      "ts": "2026-09-17T10:43:17.768554Z",
      "slug": "btc-updown-5m-1789641600",
      "status": "heartbeat",
      "gamma_up": 0.525,
      "gamma_down": 0.475,
      "clob_up_ask": 0.06,
      "clob_down_ask": 0.95,
      "seconds_left": 102.83994388580322,
      "min_spread": 0.009999999999999995
    },
    {
      "ts": "2026-09-17T10:43:17.768585Z",
      "slug": "btc-updown-5m-1789641600",
      "status": "skip_ask_too_expensive",
      "threshold": 0.7,
      "max_ask": 0.85,
      "win_streak": 3,
      "clob_up_ask": 0.06,
      "clob_down_ask": 0.95,
      "seconds_left": 102.83994388580322,
      "trigger_price": 0.95
    },
    {
      "ts": "2026-09-17T10:43:20.699876Z",
      "slug": "btc-updown-5m-1789641600",
      "status": "heartbeat",
      "gamma_up": 0.525,
      "gamma_down": 0.475,
      "clob_up_ask": 0.05,
      "clob_down_ask": 0.97,
      "seconds_left": 99.93354916572571,
      "min_spread": 0.010000000000000002
    },
    {
      "ts": "2026-09-17T10:43:20.699902Z",
      "slug": "btc-updown-5m-1789641600",
      "status": "skip_ask_too_expensive",
      "threshold": 0.7,
      "max_ask": 0.85,
      "win_streak": 3,
      "clob_up_ask": 0.05,
      "clob_down_ask": 0.97,
      "seconds_left": 99.93354916572571,
      "trigger_price": 0.97
    },
    {
      "ts": "2026-09-17T10:43:23.613997Z",
      "slug": "btc-updown-5m-1789641600",
      "status": "heartbeat",
      "gamma_up": 0.525,
      "gamma_down": 0.475,
      "clob_up_ask": 0.04,
      "clob_down_ask": 0.97,
      "seconds_left": 97.00023293495178,
      "min_spread": 0.010000000000000002
    },
    {
      "ts": "2026-09-17T10:43:23.614028Z",
      "slug": "btc-updown-5m-1789641600",
      "status": "skip_ask_too_expensive",
      "threshold": 0.7,
      "max_ask": 0.85,
      "win_streak": 3,
      "clob_up_ask": 0.04,
      "clob_down_ask": 0.97,
      "seconds_left": 97.00023293495178,
      "trigger_price": 0.97
    },
    {
      "ts": "2026-09-17T10:43:30.153262Z",
      "slug": "btc-updown-5m-1789641600",
      "status": "heartbeat",
      "gamma_up": 0.525,
      "gamma_down": 0.475,
      "clob_up_ask": 0.04,
      "clob_down_ask": 0.97,
      "seconds_left": 94.06211543083191,
      "min_spread": 0.010000000000000002
    },
    {
      "ts": "2026-09-17T10:43:30.153301Z",
      "slug": "btc-updown-5m-1789641600",
      "status": "skip_ask_too_expensive",
      "threshold": 0.7,
      "max_ask": 0.85,
      "win_streak": 3,
      "clob_up_ask": 0.04,
      "clob_down_ask": 0.97,
      "seconds_left": 94.06211543083191,
      "trigger_price": 0.97
    },
    {
      "ts": "2026-09-17T10:43:33.090190Z",
      "slug": "btc-updown-5m-1789641600",
      "status": "heartbeat",
      "gamma_up": 0.525,
      "gamma_down": 0.475,
      "clob_up_ask": 0.04,
      "clob_down_ask": 0.96,
      "seconds_left": 87.53221583366394,
      "min_spread": 0.010000000000000002
    },
    {
      "ts": "2026-09-17T10:43:33.090222Z",
      "slug": "btc-updown-5m-1789641600",
      "status": "skip_ask_too_expensive",
      "threshold": 0.7,
      "max_ask": 0.85,
      "win_streak": 3,
      "clob_up_ask": 0.04,
      "clob_down_ask": 0.96,
      "seconds_left": 87.53221583366394,
      "trigger_price": 0.96
    },
    {
      "ts": "2026-09-17T10:43:36.006826Z",
      "slug": "btc-updown-5m-1789641600",
      "status": "heartbeat",
      "gamma_up": 0.525,
      "gamma_down": 0.475,
      "clob_up_ask": 0.05,
      "clob_down_ask": 0.94,
      "seconds_left": 84.61868667602539,
      "min_spread": 0.009999999999999898
    },
    {
      "ts": "2026-09-17T10:43:36.006853Z",
      "slug": "btc-updown-5m-1789641600",
      "status": "skip_ask_too_expensive",
      "threshold": 0.7,
      "max_ask": 0.85,
      "win_streak": 3,
      "clob_up_ask": 0.05,
      "clob_down_ask": 0.94,
      "seconds_left": 84.61868667602539,
      "trigger_price": 0.94
    },
    {
      "ts": "2026-09-17T10:43:38.960455Z",
      "slug": "btc-updown-5m-1789641600",
      "status": "heartbeat",
      "gamma_up": 0.525,
      "gamma_down": 0.475,
      "clob_up_ask": 0.06,
      "clob_down_ask": 0.95,
      "seconds_left": 81.6606125831604,
      "min_spread": 0.009999999999999995
    },
    {
      "ts": "2026-09-17T10:43:38.960483Z",
      "slug": "btc-updown-5m-1789641600",
      "status": "skip_ask_too_expensive",
      "threshold": 0.7,
      "max_ask": 0.85,
      "win_streak": 3,
      "clob_up_ask": 0.06,
      "clob_down_ask": 0.95,
      "seconds_left": 81.6606125831604,
      "trigger_price": 0.95
    },
    {
      "ts": "2026-09-17T10:43:41.862208Z",
      "slug": "btc-updown-5m-1789641600",
      "status": "heartbeat",
      "gamma_up": 0.525,
      "gamma_down": 0.475,
      "clob_up_ask": 0.05,
      "clob_down_ask": 0.96,
      "seconds_left": 78.74052572250366,
      "min_spread": 0.010000000000000002
    },
    {
      "ts": "2026-09-17T10:43:41.862238Z",
      "slug": "btc-updown-5m-1789641600",
      "status": "skip_ask_too_expensive",
      "threshold": 0.7,
      "max_ask": 0.85,
      "win_streak": 3,
      "clob_up_ask": 0.05,
      "clob_down_ask": 0.96,
      "seconds_left": 78.74052572250366,
      "trigger_price": 0.96
    },
    {
      "ts": "2026-09-17T10:43:44.788633Z",
      "slug": "btc-updown-5m-1789641600",
      "status": "heartbeat",
      "gamma_up": 0.525,
      "gamma_down": 0.475,
      "clob_up_ask": 0.05,
      "clob_down_ask": 0.97,
      "seconds_left": 75.8233380317688,
      "min_spread": 0.010000000000000002
    },
    {
      "ts": "2026-09-17T10:43:44.788665Z",
      "slug": "btc-updown-5m-1789641600",
      "status": "skip_ask_too_expensive",
      "threshold": 0.7,
      "max_ask": 0.85,
      "win_streak": 3,
      "clob_up_ask": 0.05,
      "clob_down_ask": 0.97,
      "seconds_left": 75.8233380317688,
      "trigger_price": 0.97
    },
    {
      "ts": "2026-09-17T10:43:47.726000Z",
      "slug": "btc-updown-5m-1789641600",
      "status": "heartbeat",
      "gamma_up": 0.525,
      "gamma_down": 0.475,
      "clob_up_ask": 0.03,
      "clob_down_ask": 0.98,
      "seconds_left": 72.87827372550964,
      "min_spread": 0.009999999999999998
    },
    {
      "ts": "2026-09-17T10:43:47.726019Z",
      "slug": "btc-updown-5m-1789641600",
      "status": "skip_ask_too_expensive",
      "threshold": 0.7,
      "max_ask": 0.85,
      "win_streak": 3,
      "clob_up_ask": 0.03,
      "clob_down_ask": 0.98,
      "seconds_left": 72.87827372550964,
      "trigger_price": 0.98
    },
    {
      "ts": "2026-09-17T10:43:50.617277Z",
      "slug": "btc-updown-5m-1789641600",
      "status": "heartbeat",
      "gamma_up": 0.525,
      "gamma_down": 0.475,
      "clob_up_ask": 0.03,
      "clob_down_ask": 0.98,
      "seconds_left": 69.98835253715515,
      "min_spread": 0.009999999999999998
    },
    {
      "ts": "2026-09-17T10:43:50.617304Z",
      "slug": "btc-updown-5m-1789641600",
      "status": "skip_ask_too_expensive",
      "threshold": 0.7,
      "max_ask": 0.85,
      "win_streak": 3,
      "clob_up_ask": 0.03,
      "clob_down_ask": 0.98,
      "seconds_left": 69.98835253715515,
      "trigger_price": 0.98
    },
    {
      "ts": "2026-09-17T10:43:53.529315Z",
      "slug": "btc-updown-5m-1789641600",
      "status": "heartbeat",
      "gamma_up": 0.525,
      "gamma_down": 0.475,
      "clob_up_ask": 0.01,
      "clob_down_ask": null,
      "seconds_left": 67.11017608642578,
      "min_spread": null
    },
    {
      "ts": "2026-09-17T10:43:53.529343Z",
      "slug": "btc-updown-5m-1789641600",
      "status": "skip_price_below_threshold",
      "threshold": 0.7,
      "max_ask": 0.85,
      "win_streak": 3,
      "clob_up_ask": 0.01,
      "clob_down_ask": null,
      "seconds_left": 67.11017608642578,
      "trigger_price": null
    },
    {
      "ts": "2026-09-17T10:43:56.445110Z",
      "slug": "btc-updown-5m-1789641600",
      "status": "heartbeat",
      "gamma_up": 0.525,
      "gamma_down": 0.475,
      "clob_up_ask": 0.01,
      "clob_down_ask": null,
      "seconds_left": 64.16446828842163,
      "min_spread": null
    },
    {
      "ts": "2026-09-17T10:43:56.445133Z",
      "slug": "btc-updown-5m-1789641600",
      "status": "skip_price_below_threshold",
      "threshold": 0.7,
      "max_ask": 0.85,
      "win_streak": 3,
      "clob_up_ask": 0.01,
      "clob_down_ask": null,
      "seconds_left": 64.16446828842163,
      "trigger_price": null
    },
    {
      "ts": "2026-09-17T10:43:59.360099Z",
      "slug": "btc-updown-5m-1789641600",
      "status": "heartbeat",
      "gamma_up": 0.525,
      "gamma_down": 0.475,
      "clob_up_ask": 0.01,
      "clob_down_ask": null,
      "seconds_left": 61.25753974914551,
      "min_spread": null
    },
    {
      "ts": "2026-09-17T10:43:59.360135Z",
      "slug": "btc-updown-5m-1789641600",
      "status": "skip_price_below_threshold",
      "threshold": 0.7,
      "max_ask": 0.85,
      "win_streak": 3,
      "clob_up_ask": 0.01,
      "clob_down_ask": null,
      "seconds_left": 61.25753974914551,
      "trigger_price": null
    },
    {
      "ts": "2026-09-17T10:44:01.738249Z",
      "slug": "btc-updown-5m-1789641600",
      "status": "skip_too_late_to_enter",
      "seconds_left": 58.26175570487976,
      "min_entry_seconds_left": 60
    },
    {
      "ts": "2026-09-17T10:44:07.650884Z",
      "slug": "btc-updown-5m-1789641600",
      "status": "skip_too_late_to_enter",
      "seconds_left": 52.34912180900574,
      "min_entry_seconds_left": 60
    },
    {
      "ts": "2026-09-17T10:44:09.955721Z",
      "slug": "btc-updown-5m-1789641600",
      "status": "skip_too_late_to_enter",
      "seconds_left": 50.044283390045166,
      "min_entry_seconds_left": 60
    },
    {
      "ts": "2026-09-17T10:44:12.274787Z",
      "slug": "btc-updown-5m-1789641600",
      "status": "skip_too_late_to_enter",
      "seconds_left": 47.72521758079529,
      "min_entry_seconds_left": 60
    },
    {
      "ts": "2026-09-17T10:44:14.621057Z",
      "slug": "btc-updown-5m-1789641600",
      "status": "skip_too_late_to_enter",
      "seconds_left": 45.378947496414185,
      "min_entry_seconds_left": 60
    },
    {
      "ts": "2026-09-17T10:44:16.947557Z",
      "slug": "btc-updown-5m-1789641600",
      "status": "skip_too_late_to_enter",
      "seconds_left": 43.05244851112366,
      "min_entry_seconds_left": 60
    },
    {
      "ts": "2026-09-17T10:44:19.250868Z",
      "slug": "btc-updown-5m-1789641600",
      "status": "skip_too_late_to_enter",
      "seconds_left": 40.74913763999939,
      "min_entry_seconds_left": 60
    },
    {
      "ts": "2026-09-17T10:44:21.551603Z",
      "slug": "btc-updown-5m-1789641600",
      "status": "skip_too_late_to_enter",
      "seconds_left": 38.4484007358551,
      "min_entry_seconds_left": 60
    },
    {
      "ts": "2026-09-17T10:44:23.810600Z",
      "slug": "btc-updown-5m-1789641600",
      "status": "skip_too_late_to_enter",
      "seconds_left": 36.18940258026123,
      "min_entry_seconds_left": 60
    },
    {
      "ts": "2026-09-17T10:44:26.093856Z",
      "slug": "btc-updown-5m-1789641600",
      "status": "skip_too_late_to_enter",
      "seconds_left": 33.906150817871094,
      "min_entry_seconds_left": 60
    },
    {
      "ts": "2026-09-17T10:44:28.385314Z",
      "slug": "btc-updown-5m-1789641600",
      "status": "skip_too_late_to_enter",
      "seconds_left": 31.614691257476807,
      "min_entry_seconds_left": 60
    },
    {
      "ts": "2026-09-17T10:44:30.653699Z",
      "slug": "btc-updown-5m-1789641600",
      "status": "skip_too_late_to_enter",
      "seconds_left": 29.346304416656494,
      "min_entry_seconds_left": 60
    },
    {
      "ts": "2026-09-17T10:44:32.927426Z",
      "slug": "btc-updown-5m-1789641600",
      "status": "skip_too_late_to_enter",
      "seconds_left": 27.072576761245728,
      "min_entry_seconds_left": 60
    },
    {
      "ts": "2026-09-17T10:44:35.215913Z",
      "slug": "btc-updown-5m-1789641600",
      "status": "skip_too_late_to_enter",
      "seconds_left": 24.784092903137207,
      "min_entry_seconds_left": 60
    },
    {
      "ts": "2026-09-17T10:44:37.486138Z",
      "slug": "btc-updown-5m-1789641600",
      "status": "skip_too_late_to_enter",
      "seconds_left": 22.513867616653442,
      "min_entry_seconds_left": 60
    },
    {
      "ts": "2026-09-17T10:44:43.378569Z",
      "slug": "btc-updown-5m-1789641600",
      "status": "skip_too_late_to_enter",
      "seconds_left": 16.62143301963806,
      "min_entry_seconds_left": 60
    },
    {
      "ts": "2026-09-17T10:44:45.644105Z",
      "slug": "btc-updown-5m-1789641600",
      "status": "skip_too_late_to_enter",
      "seconds_left": 14.355900049209595,
      "min_entry_seconds_left": 60
    },
    {
      "ts": "2026-09-17T10:44:47.919859Z",
      "slug": "btc-updown-5m-1789641600",
      "status": "skip_too_late_to_enter",
      "seconds_left": 12.080143928527832,
      "min_entry_seconds_left": 60
    },
    {
      "ts": "2026-09-17T10:44:50.198233Z",
      "slug": "btc-updown-5m-1789641600",
      "status": "skip_too_late_to_enter",
      "seconds_left": 9.801772594451904,
      "min_entry_seconds_left": 60
    },
    {
      "ts": "2026-09-17T10:44:52.467224Z",
      "slug": "btc-updown-5m-1789641600",
      "status": "skip_too_late_to_enter",
      "seconds_left": 7.532780170440674,
      "min_entry_seconds_left": 60
    },
    {
      "ts": "2026-09-17T10:44:54.744002Z",
      "slug": "btc-updown-5m-1789641600",
      "status": "skip_too_late_to_enter",
      "seconds_left": 5.256002187728882,
      "min_entry_seconds_left": 60
    },
    {
      "ts": "2026-09-17T10:44:57.248334Z",
      "status": "heartbeat_no_current_market"
    },
    {
      "ts": "2026-09-17T10:44:59.607575Z",
      "status": "heartbeat_no_current_market"
    },
    {
      "ts": "2026-09-17T10:45:02.957195Z",
      "slug": "btc-updown-5m-1789641900",
      "status": "heartbeat",
      "gamma_up": 0.505,
      "gamma_down": 0.495,
      "clob_up_ask": 0.43,
      "clob_down_ask": 0.58,
      "seconds_left": 297.9740180969238,
      "min_spread": 0.010000000000000009
    },
    {
      "ts": "2026-09-17T10:45:02.957246Z",
      "slug": "btc-updown-5m-1789641900",
      "status": "skip_price_below_threshold",
      "threshold": 0.7,
      "max_ask": 0.85,
      "win_streak": 3,
      "clob_up_ask": 0.43,
      "clob_down_ask": 0.58,
      "seconds_left": 297.9740180969238,
      "trigger_price": null
    },
    {
      "ts": "2026-09-17T10:45:05.831294Z",
      "slug": "btc-updown-5m-1789641900",
      "status": "heartbeat",
      "gamma_up": 0.505,
      "gamma_down": 0.495,
      "clob_up_ask": 0.4,
      "clob_down_ask": 0.62,
      "seconds_left": 294.7730059623718,
      "min_spread": 0.010000000000000009
    },
    {
      "ts": "2026-09-17T10:45:05.831321Z",
      "slug": "btc-updown-5m-1789641900",
      "status": "skip_price_below_threshold",
      "threshold": 0.7,
      "max_ask": 0.85,
      "win_streak": 3,
      "clob_up_ask": 0.4,
      "clob_down_ask": 0.62,
      "seconds_left": 294.7730059623718,
      "trigger_price": null
    },
    {
      "ts": "2026-09-17T10:45:08.736069Z",
      "slug": "btc-updown-5m-1789641900",
      "status": "heartbeat",
      "gamma_up": 0.505,
      "gamma_down": 0.495,
      "clob_up_ask": 0.32,
      "clob_down_ask": 0.69,
      "seconds_left": 291.87586283683777,
      "min_spread": 0.009999999999999898
    },
    {
      "ts": "2026-09-17T10:45:08.736093Z",
      "slug": "btc-updown-5m-1789641900",
      "status": "skip_price_below_threshold",
      "threshold": 0.7,
      "max_ask": 0.85,
      "win_streak": 3,
      "clob_up_ask": 0.32,
      "clob_down_ask": 0.69,
      "seconds_left": 291.87586283683777,
      "trigger_price": null
    },
    {
      "ts": "2026-09-17T10:45:11.637725Z",
      "slug": "btc-updown-5m-1789641900",
      "status": "heartbeat",
      "gamma_up": 0.505,
      "gamma_down": 0.495,
      "clob_up_ask": 0.29,
      "clob_down_ask": 0.72,
      "seconds_left": 288.9671721458435,
      "min_spread": 0.009999999999999953
    }
  ],
  "open_raw": "{\"mode\": \"open\", \"execute\": true, \"market_slug\": \"btc-updown-5m-1789641900\", \"force_side\": \"DOWN\", \"token_id\": \"52191557032075077715120014851413327075346833701795705639449053953621474009948\", \"entry_price\": 0.72, \"notional_usd\": 5.0, \"top_ask_notional_usd\": 223.22159999999997, \"collateral_pusd\": 433.959229, \"order_post_result\": {\"errorMsg\": \"\", \"orderID\": \"0xfc774c2b38f2f0296e9aa9911e8c549826d4551b5f68568a8ef5845aa3498aea\", \"takingAmount\": \"7.042254\", \"makingAmount\": \"5\", \"status\": \"matched\", \"transactionsHashes\": [\"0x0d5b517c4b06b4a5c1e683ed267cf237689c2ae9b5ef68d0114cd23a32a607d4\"], \"success\": true}}\n\n[py_clob_client_v2] request error status=400 url=https://clob.polymarket.com/auth/api-key body={\"error\":\"Could not create api key\"}\n\n",
  "opened": {
    "opened_at": "2026-09-17T10:45:20.390273Z",
    "market_slug": "btc-updown-5m-1789641900",
    "market_end_iso": "2026-09-17T10:50:00Z",
    "side": "DOWN",
    "token_id": "52191557032075077715120014851413327075346833701795705639449053953621474009948",
    "entry_price": 0.72,
    "shares": 7.042254,
    "cost_usdc": 5.0,
    "open_order_id": "0xfc774c2b38f2f0296e9aa9911e8c549826d4551b5f68568a8ef5845aa3498aea",
    "open_tx": "0x0d5b517c4b06b4a5c1e683ed267cf237689c2ae9b5ef68d0114cd23a32a607d4"
  },
  "stop_loss_price": 0.07199999999999998,
  "last_side_price": 0.935,
  "last_clob_bid": 0.99,
  "last_check_at": "2026-09-17T10:49:40.049361Z",
  "closed": {
    "close_reason": "hold_to_settlement_winning_book",
    "closed_at": "2026-09-17T10:49:42.362449Z",
    "close_success": false,
    "close_status": "held",
    "close_order_id": null,
    "close_tx": null,
    "close_shares": 0.0,
    "close_usdc": 0.0,
    "close_skipped": "hold_to_settlement"
  },
  "realized_cashflow_pnl_usdc": null,
  "finished_at": "2026-09-17T10:49:42.362472Z",
  "result": "done"
}
[2026-09-17T10:49:42Z] session_end rc=0 sessions=9 stake_usd=5
journal_ok trades=176 md=/home/yukeen/polymarketbot/5min-btc-polymarket/data/live_trades.md json=/home/yukeen/polymarketbot/5min-btc-polymarket/data/live_trades.json
[2026-09-17T10:51:05Z] fills=9/12 sessions=9/36
[py_clob_client_v2] request error status=400 url=https://clob.polymarket.com/auth/api-key body={"error":"Could not create api key"}

[2026-09-17T10:51:25Z] cash=428.857729
[py_clob_client_v2] request error status=400 url=https://clob.polymarket.com/auth/api-key body={"error":"Could not create api key"}

[2026-09-17T10:51:42Z] cash_retry=435.899983
[2026-09-17T10:51:50Z] session_begin sessions=9 fills=9 stake_usd=5
[py_clob_client_v2] request error: [Errno -3] Temporary failure in name resolution
[py_clob_client_v2] request error status=400 url=https://clob.polymarket.com/auth/api-key body={"error":"Could not create api key"}

[py_clob_client_v2] request error status=404 url=https://clob.polymarket.com/book body={"error":"No orderbook exists for the requested token id"}

[py_clob_client_v2] request error status=404 url=https://clob.polymarket.com/book body={"error":"No orderbook exists for the requested token id"}

[py_clob_client_v2] request error status=404 url=https://clob.polymarket.com/book body={"error":"No orderbook exists for the requested token id"}

{
  "started_at": "2026-09-17T10:51:50.820604Z",
  "params": {
    "profile": "conservative",
    "threshold": 0.7,
    "stake_usd": 5.0,
    "stop_loss_pct": 0.9,
    "exit_before_sec": 20,
    "min_entry_seconds_left": 60,
    "entry_timeout_min": 12,
    "poll_sec": 2.0,
    "max_ask": 0.85,
    "expensive_ask": 0.8,
    "expensive_after_wins": 3,
    "close_retry_max": 30,
    "close_retry_delay_sec": 2.0,
    "execute": true,
    "win_streak": 4
  },
  "attempts": [
    {
      "ts": "2026-09-17T10:51:55.454970Z",
      "slug": "btc-updown-5m-1789642200",
      "status": "heartbeat",
      "gamma_up": 0.505,
      "gamma_down": 0.495,
      "clob_up_ask": 0.94,
      "clob_down_ask": 0.07,
      "seconds_left": 188.87485647201538,
      "min_spread": 0.009999999999999898
    },
    {
      "ts": "2026-09-17T10:51:55.455007Z",
      "slug": "btc-updown-5m-1789642200",
      "status": "skip_ask_too_expensive",
      "threshold": 0.7,
      "max_ask": 0.85,
      "win_streak": 4,
      "clob_up_ask": 0.94,
      "clob_down_ask": 0.07,
      "seconds_left": 188.87485647201538,
      "trigger_price": 0.94
    },
    {
      "ts": "2026-09-17T10:51:58.412254Z",
      "slug": "btc-updown-5m-1789642200",
      "status": "heartbeat",
      "gamma_up": 0.505,
      "gamma_down": 0.495,
      "clob_up_ask": 0.95,
      "clob_down_ask": 0.06,
      "seconds_left": 182.189044713974,
      "min_spread": 0.009999999999999995
    },
    {
      "ts": "2026-09-17T10:51:58.412283Z",
      "slug": "btc-updown-5m-1789642200",
      "status": "skip_ask_too_expensive",
      "threshold": 0.7,
      "max_ask": 0.85,
      "win_streak": 4,
      "clob_up_ask": 0.95,
      "clob_down_ask": 0.06,
      "seconds_left": 182.189044713974,
      "trigger_price": 0.95
    },
    {
      "ts": "2026-09-17T10:52:01.323583Z",
      "slug": "btc-updown-5m-1789642200",
      "status": "heartbeat",
      "gamma_up": 0.505,
      "gamma_down": 0.495,
      "clob_up_ask": 0.81,
      "clob_down_ask": 0.2,
      "seconds_left": 179.28557586669922,
      "min_spread": 0.010000000000000009
    },
    {
      "ts": "2026-09-17T10:52:01.323619Z",
      "slug": "btc-updown-5m-1789642200",
      "status": "skip_expensive_after_wins",
      "threshold": 0.7,
      "max_ask": 0.85,
      "win_streak": 4,
      "clob_up_ask": 0.81,
      "clob_down_ask": 0.2,
      "seconds_left": 179.28557586669922,
      "trigger_price": 0.81
    },
    {
      "ts": "2026-09-17T10:52:04.245189Z",
      "slug": "btc-updown-5m-1789642200",
      "status": "heartbeat",
      "gamma_up": 0.505,
      "gamma_down": 0.495,
      "clob_up_ask": 0.81,
      "clob_down_ask": 0.19,
      "seconds_left": 176.3764193058014,
      "min_spread": 0.010000000000000009
    },
    {
      "ts": "2026-09-17T10:52:04.245222Z",
      "slug": "btc-updown-5m-1789642200",
      "status": "skip_expensive_after_wins",
      "threshold": 0.7,
      "max_ask": 0.85,
      "win_streak": 4,
      "clob_up_ask": 0.81,
      "clob_down_ask": 0.19,
      "seconds_left": 176.3764193058014,
      "trigger_price": 0.81
    },
    {
      "ts": "2026-09-17T10:52:07.175521Z",
      "slug": "btc-updown-5m-1789642200",
      "status": "heartbeat",
      "gamma_up": 0.505,
      "gamma_down": 0.495,
      "clob_up_ask": 0.83,
      "clob_down_ask": 0.18,
      "seconds_left": 173.46336317062378,
      "min_spread": 0.009999999999999981
    },
    {
      "ts": "2026-09-17T10:52:07.175550Z",
      "slug": "btc-updown-5m-1789642200",
      "status": "skip_expensive_after_wins",
      "threshold": 0.7,
      "max_ask": 0.85,
      "win_streak": 4,
      "clob_up_ask": 0.83,
      "clob_down_ask": 0.18,
      "seconds_left": 173.46336317062378,
      "trigger_price": 0.83
    },
    {
      "ts": "2026-09-17T10:52:10.271019Z",
      "slug": "btc-updown-5m-1789642200",
      "status": "heartbeat",
      "gamma_up": 0.505,
      "gamma_down": 0.495,
      "clob_up_ask": 0.84,
      "clob_down_ask": 0.15,
      "seconds_left": 170.38113045692444,
      "min_spread": 0.009999999999999981
    },
    {
      "ts": "2026-09-17T10:52:10.271049Z",
      "slug": "btc-updown-5m-1789642200",
      "status": "skip_expensive_after_wins",
      "threshold": 0.7,
      "max_ask": 0.85,
      "win_streak": 4,
      "clob_up_ask": 0.84,
      "clob_down_ask": 0.15,
      "seconds_left": 170.38113045692444,
      "trigger_price": 0.84
    },
    {
      "ts": "2026-09-17T10:52:13.168959Z",
      "slug": "btc-updown-5m-1789642200",
      "status": "heartbeat",
      "gamma_up": 0.505,
      "gamma_down": 0.495,
      "clob_up_ask": 0.88,
      "clob_down_ask": 0.11,
      "seconds_left": 167.43748450279236,
      "min_spread": 0.009999999999999995
    },
    {
      "ts": "2026-09-17T10:52:13.168989Z",
      "slug": "btc-updown-5m-1789642200",
      "status": "skip_ask_too_expensive",
      "threshold": 0.7,
      "max_ask": 0.85,
      "win_streak": 4,
      "clob_up_ask": 0.88,
      "clob_down_ask": 0.11,
      "seconds_left": 167.43748450279236,
      "trigger_price": 0.88
    },
    {
      "ts": "2026-09-17T10:52:16.111055Z",
      "slug": "btc-updown-5m-1789642200",
      "status": "heartbeat",
      "gamma_up": 0.505,
      "gamma_down": 0.495,
      "clob_up_ask": 0.93,
      "clob_down_ask": 0.08,
      "seconds_left": 164.4830026626587,
      "min_spread": 0.009999999999999995
    },
    {
      "ts": "2026-09-17T10:52:16.111090Z",
      "slug": "btc-updown-5m-1789642200",
      "status": "skip_ask_too_expensive",
      "threshold": 0.7,
      "max_ask": 0.85,
      "win_streak": 4,
      "clob_up_ask": 0.93,
      "clob_down_ask": 0.08,
      "seconds_left": 164.4830026626587,
      "trigger_price": 0.93
    },
    {
      "ts": "2026-09-17T10:52:19.008646Z",
      "slug": "btc-updown-5m-1789642200",
      "status": "heartbeat",
      "gamma_up": 0.505,
      "gamma_down": 0.495,
      "clob_up_ask": 0.93,
      "clob_down_ask": 0.08,
      "seconds_left": 161.59788489341736,
      "min_spread": 0.009999999999999995
    },
    {
      "ts": "2026-09-17T10:52:19.008678Z",
      "slug": "btc-updown-5m-1789642200",
      "status": "skip_ask_too_expensive",
      "threshold": 0.7,
      "max_ask": 0.85,
      "win_streak": 4,
      "clob_up_ask": 0.93,
      "clob_down_ask": 0.08,
      "seconds_left": 161.59788489341736,
      "trigger_price": 0.93
    },
    {
      "ts": "2026-09-17T10:52:22.071996Z",
      "slug": "btc-updown-5m-1789642200",
      "status": "heartbeat",
      "gamma_up": 0.505,
      "gamma_down": 0.495,
      "clob_up_ask": 0.93,
      "clob_down_ask": 0.09,
      "seconds_left": 158.69611501693726,
      "min_spread": 0.009999999999999995
    },
    {
      "ts": "2026-09-17T10:52:22.072025Z",
      "slug": "btc-updown-5m-1789642200",
      "status": "skip_ask_too_expensive",
      "threshold": 0.7,
      "max_ask": 0.85,
      "win_streak": 4,
      "clob_up_ask": 0.93,
      "clob_down_ask": 0.09,
      "seconds_left": 158.69611501693726,
      "trigger_price": 0.93
    },
    {
      "ts": "2026-09-17T10:52:25.048411Z",
      "slug": "btc-updown-5m-1789642200",
      "status": "heartbeat",
      "gamma_up": 0.505,
      "gamma_down": 0.495,
      "clob_up_ask": 0.91,
      "clob_down_ask": 0.1,
      "seconds_left": 155.54302763938904,
      "min_spread": 0.010000000000000009
    },
    {
      "ts": "2026-09-17T10:52:25.048441Z",
      "slug": "btc-updown-5m-1789642200",
      "status": "skip_ask_too_expensive",
      "threshold": 0.7,
      "max_ask": 0.85,
      "win_streak": 4,
      "clob_up_ask": 0.91,
      "clob_down_ask": 0.1,
      "seconds_left": 155.54302763938904,
      "trigger_price": 0.91
    },
    {
      "ts": "2026-09-17T10:52:31.534936Z",
      "slug": "btc-updown-5m-1789642200",
      "status": "heartbeat",
      "gamma_up": 0.505,
      "gamma_down": 0.495,
      "clob_up_ask": 0.92,
      "clob_down_ask": 0.09,
      "seconds_left": 152.65769505500793,
      "min_spread": 0.009999999999999995
    },
    {
      "ts": "2026-09-17T10:52:31.534971Z",
      "slug": "btc-updown-5m-1789642200",
      "status": "skip_ask_too_expensive",
      "threshold": 0.7,
      "max_ask": 0.85,
      "win_streak": 4,
      "clob_up_ask": 0.92,
      "clob_down_ask": 0.09,
      "seconds_left": 152.65769505500793,
      "trigger_price": 0.92
    },
    {
      "ts": "2026-09-17T10:52:34.459111Z",
      "slug": "btc-updown-5m-1789642200",
      "status": "heartbeat",
      "gamma_up": 0.505,
      "gamma_down": 0.495,
      "clob_up_ask": 0.92,
      "clob_down_ask": 0.08,
      "seconds_left": 146.1591227054596,
      "min_spread": 0.009999999999999995
    },
    {
      "ts": "2026-09-17T10:52:34.459145Z",
      "slug": "btc-updown-5m-1789642200",
      "status": "skip_ask_too_expensive",
      "threshold": 0.7,
      "max_ask": 0.85,
      "win_streak": 4,
      "clob_up_ask": 0.92,
      "clob_down_ask": 0.08,
      "seconds_left": 146.1591227054596,
      "trigger_price": 0.92
    },
    {
      "ts": "2026-09-17T10:52:37.355413Z",
      "slug": "btc-updown-5m-1789642200",
      "status": "heartbeat",
      "gamma_up": 0.505,
      "gamma_down": 0.495,
      "clob_up_ask": 0.94,
      "clob_down_ask": 0.07,
      "seconds_left": 143.23501467704773,
      "min_spread": 0.009999999999999898
    },
    {
      "ts": "2026-09-17T10:52:37.355444Z",
      "slug": "btc-updown-5m-1789642200",
      "status": "skip_ask_too_expensive",
      "threshold": 0.7,
      "max_ask": 0.85,
      "win_streak": 4,
      "clob_up_ask": 0.94,
      "clob_down_ask": 0.07,
      "seconds_left": 143.23501467704773,
      "trigger_price": 0.94
    },
    {
      "ts": "2026-09-17T10:52:40.243800Z",
      "slug": "btc-updown-5m-1789642200",
      "status": "heartbeat",
      "gamma_up": 0.505,
      "gamma_down": 0.495,
      "clob_up_ask": 0.94,
      "clob_down_ask": 0.07,
      "seconds_left": 140.35935878753662,
      "min_spread": 0.009999999999999898
    },
    {
      "ts": "2026-09-17T10:52:40.243822Z",
      "slug": "btc-updown-5m-1789642200",
      "status": "skip_ask_too_expensive",
      "threshold": 0.7,
      "max_ask": 0.85,
      "win_streak": 4,
      "clob_up_ask": 0.94,
      "clob_down_ask": 0.07,
      "seconds_left": 140.35935878753662,
      "trigger_price": 0.94
    },
    {
      "ts": "2026-09-17T10:52:43.176354Z",
      "slug": "btc-updown-5m-1789642200",
      "status": "heartbeat",
      "gamma_up": 0.505,
      "gamma_down": 0.495,
      "clob_up_ask": 0.96,
      "clob_down_ask": 0.05,
      "seconds_left": 137.44652032852173,
      "min_spread": 0.010000000000000002
    },
    {
      "ts": "2026-09-17T10:52:43.176381Z",
      "slug": "btc-updown-5m-1789642200",
      "status": "skip_ask_too_expensive",
      "threshold": 0.7,
      "max_ask": 0.85,
      "win_streak": 4,
      "clob_up_ask": 0.96,
      "clob_down_ask": 0.05,
      "seconds_left": 137.44652032852173,
      "trigger_price": 0.96
    },
    {
      "ts": "2026-09-17T10:52:46.097226Z",
      "slug": "btc-updown-5m-1789642200",
      "status": "heartbeat",
      "gamma_up": 0.505,
      "gamma_down": 0.495,
      "clob_up_ask": 0.97,
      "clob_down_ask": 0.04,
      "seconds_left": 134.51491498947144,
      "min_spread": 0.010000000000000002
    },
    {
      "ts": "2026-09-17T10:52:46.097255Z",
      "slug": "btc-updown-5m-1789642200",
      "status": "skip_ask_too_expensive",
      "threshold": 0.7,
      "max_ask": 0.85,
      "win_streak": 4,
      "clob_up_ask": 0.97,
      "clob_down_ask": 0.04,
      "seconds_left": 134.51491498947144,
      "trigger_price": 0.97
    },
    {
      "ts": "2026-09-17T10:52:48.984277Z",
      "slug": "btc-updown-5m-1789642200",
      "status": "heartbeat",
      "gamma_up": 0.505,
      "gamma_down": 0.495,
      "clob_up_ask": 0.97,
      "clob_down_ask": 0.04,
      "seconds_left": 131.6185188293457,
      "min_spread": 0.010000000000000002
    },
    {
      "ts": "2026-09-17T10:52:48.984309Z",
      "slug": "btc-updown-5m-1789642200",
      "status": "skip_ask_too_expensive",
      "threshold": 0.7,
      "max_ask": 0.85,
      "win_streak": 4,
      "clob_up_ask": 0.97,
      "clob_down_ask": 0.04,
      "seconds_left": 131.6185188293457,
      "trigger_price": 0.97
    },
    {
      "ts": "2026-09-17T10:52:51.920927Z",
      "slug": "btc-updown-5m-1789642200",
      "status": "heartbeat",
      "gamma_up": 0.505,
      "gamma_down": 0.495,
      "clob_up_ask": 0.97,
      "clob_down_ask": 0.04,
      "seconds_left": 128.6834888458252,
      "min_spread": 0.010000000000000002
    },
    {
      "ts": "2026-09-17T10:52:51.920958Z",
      "slug": "btc-updown-5m-1789642200",
      "status": "skip_ask_too_expensive",
      "threshold": 0.7,
      "max_ask": 0.85,
      "win_streak": 4,
      "clob_up_ask": 0.97,
      "clob_down_ask": 0.04,
      "seconds_left": 128.6834888458252,
      "trigger_price": 0.97
    },
    {
      "ts": "2026-09-17T10:52:55.051416Z",
      "slug": "btc-updown-5m-1789642200",
      "status": "heartbeat",
      "gamma_up": 0.505,
      "gamma_down": 0.495,
      "clob_up_ask": 0.97,
      "clob_down_ask": 0.04,
      "seconds_left": 125.60551476478577,
      "min_spread": 0.010000000000000002
    },
    {
      "ts": "2026-09-17T10:52:55.051445Z",
      "slug": "btc-updown-5m-1789642200",
      "status": "skip_ask_too_expensive",
      "threshold": 0.7,
      "max_ask": 0.85,
      "win_streak": 4,
      "clob_up_ask": 0.97,
      "clob_down_ask": 0.04,
      "seconds_left": 125.60551476478577,
      "trigger_price": 0.97
    },
    {
      "ts": "2026-09-17T10:52:57.959176Z",
      "slug": "btc-updown-5m-1789642200",
      "status": "heartbeat",
      "gamma_up": 0.505,
      "gamma_down": 0.495,
      "clob_up_ask": 0.97,
      "clob_down_ask": 0.04,
      "seconds_left": 122.6430230140686,
      "min_spread": 0.010000000000000002
    },
    {
      "ts": "2026-09-17T10:52:57.959207Z",
      "slug": "btc-updown-5m-1789642200",
      "status": "skip_ask_too_expensive",
      "threshold": 0.7,
      "max_ask": 0.85,
      "win_streak": 4,
      "clob_up_ask": 0.97,
      "clob_down_ask": 0.04,
      "seconds_left": 122.6430230140686,
      "trigger_price": 0.97
    },
    {
      "ts": "2026-09-17T10:53:00.913067Z",
      "slug": "btc-updown-5m-1789642200",
      "status": "heartbeat",
      "gamma_up": 0.505,
      "gamma_down": 0.495,
      "clob_up_ask": 0.98,
      "clob_down_ask": 0.03,
      "seconds_left": 119.68965578079224,
      "min_spread": 0.009999999999999998
    },
    {
      "ts": "2026-09-17T10:53:00.913097Z",
      "slug": "btc-updown-5m-1789642200",
      "status": "skip_ask_too_expensive",
      "threshold": 0.7,
      "max_ask": 0.85,
      "win_streak": 4,
      "clob_up_ask": 0.98,
      "clob_down_ask": 0.03,
      "seconds_left": 119.68965578079224,
      "trigger_price": 0.98
    },
    {
      "ts": "2026-09-17T10:53:03.822937Z",
      "slug": "btc-updown-5m-1789642200",
      "status": "heartbeat",
      "gamma_up": 0.505,
      "gamma_down": 0.495,
      "clob_up_ask": 0.98,
      "clob_down_ask": 0.03,
      "seconds_left": 116.79422950744629,
      "min_spread": 0.009999999999999998
    },
    {
      "ts": "2026-09-17T10:53:03.822968Z",
      "slug": "btc-updown-5m-1789642200",
      "status": "skip_ask_too_expensive",
      "threshold": 0.7,
      "max_ask": 0.85,
      "win_streak": 4,
      "clob_up_ask": 0.98,
      "clob_down_ask": 0.03,
      "seconds_left": 116.79422950744629,
      "trigger_price": 0.98
    },
    {
      "ts": "2026-09-17T10:53:10.357242Z",
      "slug": "btc-updown-5m-1789642200",
      "status": "heartbeat",
      "gamma_up": 0.505,
      "gamma_down": 0.495,
      "clob_up_ask": 0.98,
      "clob_down_ask": 0.03,
      "seconds_left": 110.24881982803345,
      "min_spread": 0.009999999999999998
    },
    {
      "ts": "2026-09-17T10:53:10.357258Z",
      "slug": "btc-updown-5m-1789642200",
      "status": "skip_ask_too_expensive",
      "threshold": 0.7,
      "max_ask": 0.85,
      "win_streak": 4,
      "clob_up_ask": 0.98,
      "clob_down_ask": 0.03,
      "seconds_left": 110.24881982803345,
      "trigger_price": 0.98
    },
    {
      "ts": "2026-09-17T10:53:13.238985Z",
      "slug": "btc-updown-5m-1789642200",
      "status": "heartbeat",
      "gamma_up": 0.505,
      "gamma_down": 0.495,
      "clob_up_ask": 0.99,
      "clob_down_ask": 0.02,
      "seconds_left": 107.35567212104797,
      "min_spread": 0.01
    },
    {
      "ts": "2026-09-17T10:53:13.238999Z",
      "slug": "btc-updown-5m-1789642200",
      "status": "skip_ask_too_expensive",
      "threshold": 0.7,
      "max_ask": 0.85,
      "win_streak": 4,
      "clob_up_ask": 0.99,
      "clob_down_ask": 0.02,
      "seconds_left": 107.35567212104797,
      "trigger_price": 0.99
    },
    {
      "ts": "2026-09-17T10:53:16.171873Z",
      "slug": "btc-updown-5m-1789642200",
      "status": "heartbeat",
      "gamma_up": 0.505,
      "gamma_down": 0.495,
      "clob_up_ask": 0.99,
      "clob_down_ask": 0.02,
      "seconds_left": 104.48409247398376,
      "min_spread": 0.01
    },
    {
      "ts": "2026-09-17T10:53:16.171900Z",
      "slug": "btc-updown-5m-1789642200",
      "status": "skip_ask_too_expensive",
      "threshold": 0.7,
      "max_ask": 0.85,
      "win_streak": 4,
      "clob_up_ask": 0.99,
      "clob_down_ask": 0.02,
      "seconds_left": 104.48409247398376,
      "trigger_price": 0.99
    },
    {
      "ts": "2026-09-17T10:53:19.081481Z",
      "slug": "btc-updown-5m-1789642200",
      "status": "heartbeat",
      "gamma_up": 0.505,
      "gamma_down": 0.495,
      "clob_up_ask": 0.99,
      "clob_down_ask": 0.019,
      "seconds_left": 101.52746415138245,
      "min_spread": 0.0010000000000000009
    },
    {
      "ts": "2026-09-17T10:53:19.081497Z",
      "slug": "btc-updown-5m-1789642200",
      "status": "skip_ask_too_expensive",
      "threshold": 0.7,
      "max_ask": 0.85,
      "win_streak": 4,
      "clob_up_ask": 0.99,
      "clob_down_ask": 0.019,
      "seconds_left": 101.52746415138245,
      "trigger_price": 0.99
    },
    {
      "ts": "2026-09-17T10:53:21.970965Z",
      "slug": "btc-updown-5m-1789642200",
      "status": "heartbeat",
      "gamma_up": 0.505,
      "gamma_down": 0.495,
      "clob_up_ask": 0.98,
      "clob_down_ask": 0.023,
      "seconds_left": 98.62912702560425,
      "min_spread": 0.002999999999999999
    },
    {
      "ts": "2026-09-17T10:53:21.970981Z",
      "slug": "btc-updown-5m-1789642200",
      "status": "skip_ask_too_expensive",
      "threshold": 0.7,
      "max_ask": 0.85,
      "win_streak": 4,
      "clob_up_ask": 0.98,
      "clob_down_ask": 0.023,
      "seconds_left": 98.62912702560425,
      "trigger_price": 0.98
    },
    {
      "ts": "2026-09-17T10:53:24.877002Z",
      "slug": "btc-updown-5m-1789642200",
      "status": "heartbeat",
      "gamma_up": 0.505,
      "gamma_down": 0.495,
      "clob_up_ask": 0.98,
      "clob_down_ask": 0.019,
      "seconds_left": 95.72080135345459,
      "min_spread": 0.0020000000000000018
    },
    {
      "ts": "2026-09-17T10:53:24.877029Z",
      "slug": "btc-updown-5m-1789642200",
      "status": "skip_ask_too_expensive",
      "threshold": 0.7,
      "max_ask": 0.85,
      "win_streak": 4,
      "clob_up_ask": 0.98,
      "clob_down_ask": 0.019,
      "seconds_left": 95.72080135345459,
      "trigger_price": 0.98
    },
    {
      "ts": "2026-09-17T10:53:27.835540Z",
      "slug": "btc-updown-5m-1789642200",
      "status": "heartbeat",
      "gamma_up": 0.505,
      "gamma_down": 0.495,
      "clob_up_ask": 0.99,
      "clob_down_ask": 0.02,
      "seconds_left": 92.82174372673035,
      "min_spread": 0.01
    },
    {
      "ts": "2026-09-17T10:53:27.835568Z",
      "slug": "btc-updown-5m-1789642200",
      "status": "skip_ask_too_expensive",
      "threshold": 0.7,
      "max_ask": 0.85,
      "win_streak": 4,
      "clob_up_ask": 0.99,
      "clob_down_ask": 0.02,
      "seconds_left": 92.82174372673035,
      "trigger_price": 0.99
    },
    {
      "ts": "2026-09-17T10:53:30.787723Z",
      "slug": "btc-updown-5m-1789642200",
      "status": "heartbeat",
      "gamma_up": 0.505,
      "gamma_down": 0.495,
      "clob_up_ask": 0.98,
      "clob_down_ask": 0.021,
      "seconds_left": 89.86043930053711,
      "min_spread": 0.0010000000000000009
    },
    {
      "ts": "2026-09-17T10:53:30.787755Z",
      "slug": "btc-updown-5m-1789642200",
      "status": "skip_ask_too_expensive",
      "threshold": 0.7,
      "max_ask": 0.85,
      "win_streak": 4,
      "clob_up_ask": 0.98,
      "clob_down_ask": 0.021,
      "seconds_left": 89.86043930053711,
      "trigger_price": 0.98
    },
    {
      "ts": "2026-09-17T10:53:33.739405Z",
      "slug": "btc-updown-5m-1789642200",
      "status": "heartbeat",
      "gamma_up": 0.505,
      "gamma_down": 0.495,
      "clob_up_ask": 0.982,
      "clob_down_ask": 0.019,
      "seconds_left": 86.90734577178955,
      "min_spread": 0.0010000000000000009
    },
    {
      "ts": "2026-09-17T10:53:33.739421Z",
      "slug": "btc-updown-5m-1789642200",
      "status": "skip_ask_too_expensive",
      "threshold": 0.7,
      "max_ask": 0.85,
      "win_streak": 4,
      "clob_up_ask": 0.982,
      "clob_down_ask": 0.019,
      "seconds_left": 86.90734577178955,
      "trigger_price": 0.982
    },
    {
      "ts": "2026-09-17T10:53:36.633284Z",
      "slug": "btc-updown-5m-1789642200",
      "status": "heartbeat",
      "gamma_up": 0.505,
      "gamma_down": 0.495,
      "clob_up_ask": 0.991,
      "clob_down_ask": 0.006,
      "seconds_left": 83.96707820892334,
      "min_spread": 0.0010000000000000009
    },
    {
      "ts": "2026-09-17T10:53:36.633299Z",
      "slug": "btc-updown-5m-1789642200",
      "status": "skip_ask_too_expensive",
      "threshold": 0.7,
      "max_ask": 0.85,
      "win_streak": 4,
      "clob_up_ask": 0.991,
      "clob_down_ask": 0.006,
      "seconds_left": 83.96707820892334,
      "trigger_price": 0.991
    },
    {
      "ts": "2026-09-17T10:53:39.581997Z",
      "slug": "btc-updown-5m-1789642200",
      "status": "heartbeat",
      "gamma_up": 0.505,
      "gamma_down": 0.495,
      "clob_up_ask": 0.999,
      "clob_down_ask": 0.003,
      "seconds_left": 81.01981568336487,
      "min_spread": 0.002
    },
    {
      "ts": "2026-09-17T10:53:39.582027Z",
      "slug": "btc-updown-5m-1789642200",
      "status": "skip_ask_too_expensive",
      "threshold": 0.7,
      "max_ask": 0.85,
      "win_streak": 4,
      "clob_up_ask": 0.999,
      "clob_down_ask": 0.003,
      "seconds_left": 81.01981568336487,
      "trigger_price": 0.999
    },
    {
      "ts": "2026-09-17T10:53:46.080969Z",
      "slug": "btc-updown-5m-1789642200",
      "status": "heartbeat",
      "gamma_up": 0.505,
      "gamma_down": 0.495,
      "clob_up_ask": 0.999,
      "clob_down_ask": 0.002,
      "seconds_left": 74.53285598754883,
      "min_spread": 0.001
    },
    {
      "ts": "2026-09-17T10:53:46.081001Z",
      "slug": "btc-updown-5m-1789642200",
      "status": "skip_ask_too_expensive",
      "threshold": 0.7,
      "max_ask": 0.85,
      "win_streak": 4,
      "clob_up_ask": 0.999,
      "clob_down_ask": 0.002,
      "seconds_left": 74.53285598754883,
      "trigger_price": 0.999
    },
    {
      "ts": "2026-09-17T10:53:48.993910Z",
      "slug": "btc-updown-5m-1789642200",
      "status": "heartbeat",
      "gamma_up": 0.505,
      "gamma_down": 0.495,
      "clob_up_ask": null,
      "clob_down_ask": 0.001,
      "seconds_left": 71.62126517295837,
      "min_spread": null
    },
    {
      "ts": "2026-09-17T10:53:48.993929Z",
      "slug": "btc-updown-5m-1789642200",
      "status": "skip_price_below_threshold",
      "threshold": 0.7,
      "max_ask": 0.85,
      "win_streak": 4,
      "clob_up_ask": null,
      "clob_down_ask": 0.001,
      "seconds_left": 71.62126517295837,
      "trigger_price": null
    },
    {
      "ts": "2026-09-17T10:53:51.897483Z",
      "slug": "btc-updown-5m-1789642200",
      "status": "heartbeat",
      "gamma_up": 0.505,
      "gamma_down": 0.495,
      "clob_up_ask": null,
      "clob_down_ask": 0.001,
      "seconds_left": 68.70050716400146,
      "min_spread": null
    },
    {
      "ts": "2026-09-17T10:53:51.897498Z",
      "slug": "btc-updown-5m-1789642200",
      "status": "skip_price_below_threshold",
      "threshold": 0.7,
      "max_ask": 0.85,
      "win_streak": 4,
      "clob_up_ask": null,
      "clob_down_ask": 0.001,
      "seconds_left": 68.70050716400146,
      "trigger_price": null
    },
    {
      "ts": "2026-09-17T10:53:54.795098Z",
      "slug": "btc-updown-5m-1789642200",
      "status": "heartbeat",
      "gamma_up": 0.505,
      "gamma_down": 0.495,
      "clob_up_ask": null,
      "clob_down_ask": 0.001,
      "seconds_left": 65.8314561843872,
      "min_spread": null
    },
    {
      "ts": "2026-09-17T10:53:54.795212Z",
      "slug": "btc-updown-5m-1789642200",
      "status": "skip_price_below_threshold",
      "threshold": 0.7,
      "max_ask": 0.85,
      "win_streak": 4,
      "clob_up_ask": null,
      "clob_down_ask": 0.001,
      "seconds_left": 65.8314561843872,
      "trigger_price": null
    },
    {
      "ts": "2026-09-17T10:53:57.706045Z",
      "slug": "btc-updown-5m-1789642200",
      "status": "heartbeat",
      "gamma_up": 0.505,
      "gamma_down": 0.495,
      "clob_up_ask": null,
      "clob_down_ask": 0.001,
      "seconds_left": 62.917601585388184,
      "min_spread": null
    },
    {
      "ts": "2026-09-17T10:53:57.706068Z",
      "slug": "btc-updown-5m-1789642200",
      "status": "skip_price_below_threshold",
      "threshold": 0.7,
      "max_ask": 0.85,
      "win_streak": 4,
      "clob_up_ask": null,
      "clob_down_ask": 0.001,
      "seconds_left": 62.917601585388184,
      "trigger_price": null
    },
    {
      "ts": "2026-09-17T10:54:10.136179Z",
      "slug": "btc-updown-5m-1789642200",
      "status": "skip_too_late_to_enter",
      "seconds_left": 49.8638277053833,
      "min_entry_seconds_left": 60
    },
    {
      "ts": "2026-09-17T10:54:12.408128Z",
      "slug": "btc-updown-5m-1789642200",
      "status": "skip_too_late_to_enter",
      "seconds_left": 47.591875314712524,
      "min_entry_seconds_left": 60
    },
    {
      "ts": "2026-09-17T10:54:14.716150Z",
      "slug": "btc-updown-5m-1789642200",
      "status": "skip_too_late_to_enter",
      "seconds_left": 45.28385305404663,
      "min_entry_seconds_left": 60
    },
    {
      "ts": "2026-09-17T10:54:20.596690Z",
      "slug": "btc-updown-5m-1789642200",
      "status": "skip_too_late_to_enter",
      "seconds_left": 39.403313636779785,
      "min_entry_seconds_left": 60
    },
    {
      "ts": "2026-09-17T10:54:22.878722Z",
      "slug": "btc-updown-5m-1789642200",
      "status": "skip_too_late_to_enter",
      "seconds_left": 37.12128305435181,
      "min_entry_seconds_left": 60
    },
    {
      "ts": "2026-09-17T10:54:25.170016Z",
      "slug": "btc-updown-5m-1789642200",
      "status": "skip_too_late_to_enter",
      "seconds_left": 34.82999038696289,
      "min_entry_seconds_left": 60
    },
    {
      "ts": "2026-09-17T10:54:27.455164Z",
      "slug": "btc-updown-5m-1789642200",
      "status": "skip_too_late_to_enter",
      "seconds_left": 32.544841289520264,
      "min_entry_seconds_left": 60
    },
    {
      "ts": "2026-09-17T10:54:29.770432Z",
      "slug": "btc-updown-5m-1789642200",
      "status": "skip_too_late_to_enter",
      "seconds_left": 30.229572296142578,
      "min_entry_seconds_left": 60
    },
    {
      "ts": "2026-09-17T10:54:32.056341Z",
      "slug": "btc-updown-5m-1789642200",
      "status": "skip_too_late_to_enter",
      "seconds_left": 27.94366455078125,
      "min_entry_seconds_left": 60
    },
    {
      "ts": "2026-09-17T10:54:34.366335Z",
      "slug": "btc-updown-5m-1789642200",
      "status": "skip_too_late_to_enter",
      "seconds_left": 25.63366937637329,
      "min_entry_seconds_left": 60
    },
    {
      "ts": "2026-09-17T10:54:36.666227Z",
      "slug": "btc-updown-5m-1789642200",
      "status": "skip_too_late_to_enter",
      "seconds_left": 23.33377504348755,
      "min_entry_seconds_left": 60
    },
    {
      "ts": "2026-09-17T10:54:38.970533Z",
      "slug": "btc-updown-5m-1789642200",
      "status": "skip_too_late_to_enter",
      "seconds_left": 21.029472827911377,
      "min_entry_seconds_left": 60
    },
    {
      "ts": "2026-09-17T10:54:41.251515Z",
      "slug": "btc-updown-5m-1789642200",
      "status": "skip_too_late_to_enter",
      "seconds_left": 18.748491048812866,
      "min_entry_seconds_left": 60
    },
    {
      "ts": "2026-09-17T10:54:43.541632Z",
      "slug": "btc-updown-5m-1789642200",
      "status": "skip_too_late_to_enter",
      "seconds_left": 16.458372831344604,
      "min_entry_seconds_left": 60
    },
    {
      "ts": "2026-09-17T10:54:45.836836Z",
      "slug": "btc-updown-5m-1789642200",
      "status": "skip_too_late_to_enter",
      "seconds_left": 14.163167238235474,
      "min_entry_seconds_left": 60
    },
    {
      "ts": "2026-09-17T10:54:48.112148Z",
      "slug": "btc-updown-5m-1789642200",
      "status": "skip_too_late_to_enter",
      "seconds_left": 11.887857437133789,
      "min_entry_seconds_left": 60
    },
    {
      "ts": "2026-09-17T10:54:50.409929Z",
      "slug": "btc-updown-5m-1789642200",
      "status": "skip_too_late_to_enter",
      "seconds_left": 9.590085983276367,
      "min_entry_seconds_left": 60
    },
    {
      "ts": "2026-09-17T10:54:56.349981Z",
      "status": "heartbeat_no_current_market"
    },
    {
      "ts": "2026-09-17T10:54:58.644993Z",
      "status": "heartbeat_no_current_market"
    },
    {
      "ts": "2026-09-17T10:55:01.777628Z",
      "slug": "btc-updown-5m-1789642500",
      "status": "heartbeat",
      "gamma_up": 0.515,
      "gamma_down": 0.485,
      "clob_up_ask": 0.56,
      "clob_down_ask": 0.45,
      "seconds_left": 299.06891560554504,
      "min_spread": 0.010000000000000009
    },
    {
      "ts": "2026-09-17T10:55:01.777643Z",
      "slug": "btc-updown-5m-1789642500",
      "status": "skip_price_below_threshold",
      "threshold": 0.7,
      "max_ask": 0.85,
      "win_streak": 4,
      "clob_up_ask": 0.56,
      "clob_down_ask": 0.45,
      "seconds_left": 299.06891560554504,
      "trigger_price": null
    },
    {
      "ts": "2026-09-17T10:55:04.676389Z",
      "slug": "btc-updown-5m-1789642500",
      "status": "heartbeat",
      "gamma_up": 0.515,
      "gamma_down": 0.485,
      "clob_up_ask": 0.54,
      "clob_down_ask": 0.47,
      "seconds_left": 295.9508192539215,
      "min_spread": 0.009999999999999953
    },
    {
      "ts": "2026-09-17T10:55:04.676403Z",
      "slug": "btc-updown-5m-1789642500",
      "status": "skip_price_below_threshold",
      "threshold": 0.7,
      "max_ask": 0.85,
      "win_streak": 4,
      "clob_up_ask": 0.54,
      "clob_down_ask": 0.47,
      "seconds_left": 295.9508192539215,
      "trigger_price": null
    },
    {
      "ts": "2026-09-17T10:55:07.572447Z",
      "slug": "btc-updown-5m-1789642500",
      "status": "heartbeat",
      "gamma_up": 0.515,
      "gamma_down": 0.485,
      "clob_up_ask": 0.53,
      "clob_down_ask": 0.47,
      "seconds_left": 293.0377879142761,
      "min_spread": 0.009999999999999953
    },
    {
      "ts": "2026-09-17T10:55:07.572473Z",
      "slug": "btc-updown-5m-1789642500",
      "status": "skip_price_below_threshold",
      "threshold": 0.7,
      "max_ask": 0.85,
      "win_streak": 4,
      "clob_up_ask": 0.53,
      "clob_down_ask": 0.47,
      "seconds_left": 293.0377879142761,
      "trigger_price": null
    },
    {
      "ts": "2026-09-17T10:55:10.455041Z",
      "slug": "btc-updown-5m-1789642500",
      "status": "heartbeat",
      "gamma_up": 0.515,
      "gamma_down": 0.485,
      "clob_up_ask": 0.58,
      "clob_down_ask": 0.43,
      "seconds_left": 290.1502664089203,
      "min_spread": 0.010000000000000009
    },
    {
      "ts": "2026-09-17T10:55:10.455067Z",
      "slug": "btc-updown-5m-1789642500",
      "status": "skip_price_below_threshold",
      "threshold": 0.7,
      "max_ask": 0.85,
      "win_streak": 4,
      "clob_up_ask": 0.58,
      "clob_down_ask": 0.43,
      "seconds_left": 290.1502664089203,
      "trigger_price": null
    },
    {
      "ts": "2026-09-17T10:55:13.372634Z",
      "slug": "btc-updown-5m-1789642500",
      "status": "heartbeat",
      "gamma_up": 0.515,
      "gamma_down": 0.485,
      "clob_up_ask": 0.64,
      "clob_down_ask": 0.37,
      "seconds_left": 287.2333245277405,
      "min_spread": 0.010000000000000009
    },
    {
      "ts": "2026-09-17T10:55:13.372651Z",
      "slug": "btc-updown-5m-1789642500",
      "status": "skip_price_below_threshold",
      "threshold": 0.7,
      "max_ask": 0.85,
      "win_streak": 4,
      "clob_up_ask": 0.64,
      "clob_down_ask": 0.37,
      "seconds_left": 287.2333245277405,
      "trigger_price": null
    },
    {
      "ts": "2026-09-17T10:55:16.543476Z",
      "slug": "btc-updown-5m-1789642500",
      "status": "heartbeat",
      "gamma_up": 0.515,
      "gamma_down": 0.485,
      "clob_up_ask": 0.59,
      "clob_down_ask": 0.42,
      "seconds_left": 284.3554298877716,
      "min_spread": 0.010000000000000009
    },
    {
      "ts": "2026-09-17T10:55:16.543494Z",
      "slug": "btc-updown-5m-1789642500",
      "status": "skip_price_below_threshold",
      "threshold": 0.7,
      "max_ask": 0.85,
      "win_streak": 4,
      "clob_up_ask": 0.59,
      "clob_down_ask": 0.42,
      "seconds_left": 284.3554298877716,
      "trigger_price": null
    },
    {
      "ts": "2026-09-17T10:55:19.446010Z",
      "slug": "btc-updown-5m-1789642500",
      "status": "heartbeat",
      "gamma_up": 0.515,
      "gamma_down": 0.485,
      "clob_up_ask": 0.57,
      "clob_down_ask": 0.45,
      "seconds_left": 281.1892032623291,
      "min_spread": 0.009999999999999898
    },
    {
      "ts": "2026-09-17T10:55:19.446032Z",
      "slug": "btc-updown-5m-1789642500",
      "status": "skip_price_below_threshold",
      "threshold": 0.7,
      "max_ask": 0.85,
      "win_streak": 4,
      "clob_up_ask": 0.57,
      "clob_down_ask": 0.45,
      "seconds_left": 281.1892032623291,
      "trigger_price": null
    },
    {
      "ts": "2026-09-17T10:55:22.352216Z",
      "slug": "btc-updown-5m-1789642500",
      "status": "heartbeat",
      "gamma_up": 0.515,
      "gamma_down": 0.485,
      "clob_up_ask": 0.58,
      "clob_down_ask": 0.43,
      "seconds_left": 278.267804145813,
      "min_spread": 0.010000000000000009
    },
    {
      "ts": "2026-09-17T10:55:22.352242Z",
      "slug": "btc-updown-5m-1789642500",
      "status": "skip_price_below_threshold",
      "threshold": 0.7,
      "max_ask": 0.85,
      "win_streak": 4,
      "clob_up_ask": 0.58,
      "clob_down_ask": 0.43,
      "seconds_left": 278.267804145813,
      "trigger_price": null
    },
    {
      "ts": "2026-09-17T10:55:25.292984Z",
      "slug": "btc-updown-5m-1789642500",
      "status": "heartbeat",
      "gamma_up": 0.515,
      "gamma_down": 0.485,
      "clob_up_ask": 0.57,
      "clob_down_ask": 0.44,
      "seconds_left": 275.3720850944519,
      "min_spread": 0.009999999999999898
    },
    {
      "ts": "2026-09-17T10:55:25.293009Z",
      "slug": "btc-updown-5m-1789642500",
      "status": "skip_price_below_threshold",
      "threshold": 0.7,
      "max_ask": 0.85,
      "win_streak": 4,
      "clob_up_ask": 0.57,
      "clob_down_ask": 0.44,
      "seconds_left": 275.3720850944519,
      "trigger_price": null
    },
    {
      "ts": "2026-09-17T10:55:28.214599Z",
      "slug": "btc-updown-5m-1789642500",
      "status": "heartbeat",
      "gamma_up": 0.515,
      "gamma_down": 0.485,
      "clob_up_ask": 0.49,
      "clob_down_ask": 0.52,
      "seconds_left": 272.40902066230774,
      "min_spread": 0.010000000000000009
    },
    {
      "ts": "2026-09-17T10:55:28.214627Z",
      "slug": "btc-updown-5m-1789642500",
      "status": "skip_price_below_threshold",
      "threshold": 0.7,
      "max_ask": 0.85,
      "win_streak": 4,
      "clob_up_ask": 0.49,
      "clob_down_ask": 0.52,
      "seconds_left": 272.40902066230774,
      "trigger_price": null
    },
    {
      "ts": "2026-09-17T10:55:34.723070Z",
      "slug": "btc-updown-5m-1789642500",
      "status": "heartbeat",
      "gamma_up": 0.515,
      "gamma_down": 0.485,
      "clob_up_ask": 0.5,
      "clob_down_ask": 0.5,
      "seconds_left": 265.89672780036926,
      "min_spread": 0.010000000000000009
    },
    {
      "ts": "2026-09-17T10:55:34.723126Z",
      "slug": "btc-updown-5m-1789642500",
      "status": "skip_price_below_threshold",
      "threshold": 0.7,
      "max_ask": 0.85,
      "win_streak": 4,
      "clob_up_ask": 0.5,
      "clob_down_ask": 0.5,
      "seconds_left": 265.89672780036926,
      "trigger_price": null
    },
    {
      "ts": "2026-09-17T10:55:37.614911Z",
      "slug": "btc-updown-5m-1789642500",
      "status": "heartbeat",
      "gamma_up": 0.515,
      "gamma_down": 0.485,
      "clob_up_ask": 0.53,
      "clob_down_ask": 0.48,
      "seconds_left": 263.00953245162964,
      "min_spread": 0.010000000000000009
    },
    {
      "ts": "2026-09-17T10:55:37.614937Z",
      "slug": "btc-updown-5m-1789642500",
      "status": "skip_price_below_threshold",
      "threshold": 0.7,
      "max_ask": 0.85,
      "win_streak": 4,
      "clob_up_ask": 0.53,
      "clob_down_ask": 0.48,
      "seconds_left": 263.00953245162964,
      "trigger_price": null
    },
    {
      "ts": "2026-09-17T10:55:40.592249Z",
      "slug": "btc-updown-5m-1789642500",
      "status": "heartbeat",
      "gamma_up": 0.515,
      "gamma_down": 0.485,
      "clob_up_ask": 0.62,
      "clob_down_ask": 0.4,
      "seconds_left": 260.03599762916565,
      "min_spread": 0.010000000000000009
    },
    {
      "ts": "2026-09-17T10:55:40.592278Z",
      "slug": "btc-updown-5m-1789642500",
      "status": "skip_price_below_threshold",
      "threshold": 0.7,
      "max_ask": 0.85,
      "win_streak": 4,
      "clob_up_ask": 0.62,
      "clob_down_ask": 0.4,
      "seconds_left": 260.03599762916565,
      "trigger_price": null
    },
    {
      "ts": "2026-09-17T10:55:43.517703Z",
      "slug": "btc-updown-5m-1789642500",
      "status": "heartbeat",
      "gamma_up": 0.515,
      "gamma_down": 0.485,
      "clob_up_ask": 0.6,
      "clob_down_ask": 0.41,
      "seconds_left": 257.1099798679352,
      "min_spread": 0.009999999999999953
    },
    {
      "ts": "2026-09-17T10:55:43.517729Z",
      "slug": "btc-updown-5m-1789642500",
      "status": "skip_price_below_threshold",
      "threshold": 0.7,
      "max_ask": 0.85,
      "win_streak": 4,
      "clob_up_ask": 0.6,
      "clob_down_ask": 0.41,
      "seconds_left": 257.1099798679352,
      "trigger_price": null
    },
    {
      "ts": "2026-09-17T10:55:46.424857Z",
      "slug": "btc-updown-5m-1789642500",
      "status": "heartbeat",
      "gamma_up": 0.515,
      "gamma_down": 0.485,
      "clob_up_ask": 0.57,
      "clob_down_ask": 0.44,
      "seconds_left": 254.17911338806152,
      "min_spread": 0.009999999999999898
    },
    {
      "ts": "2026-09-17T10:55:46.424883Z",
      "slug": "btc-updown-5m-1789642500",
      "status": "skip_price_below_threshold",
      "threshold": 0.7,
      "max_ask": 0.85,
      "win_streak": 4,
      "clob_up_ask": 0.57,
      "clob_down_ask": 0.44,
      "seconds_left": 254.17911338806152,
      "trigger_price": null
    },
    {
      "ts": "2026-09-17T10:55:49.327161Z",
      "slug": "btc-updown-5m-1789642500",
      "status": "heartbeat",
      "gamma_up": 0.515,
      "gamma_down": 0.485,
      "clob_up_ask": 0.58,
      "clob_down_ask": 0.43,
      "seconds_left": 251.28058528900146,
      "min_spread": 0.010000000000000009
    },
    {
      "ts": "2026-09-17T10:55:49.327191Z",
      "slug": "btc-updown-5m-1789642500",
      "status": "skip_price_below_threshold",
      "threshold": 0.7,
      "max_ask": 0.85,
      "win_streak": 4,
      "clob_up_ask": 0.58,
      "clob_down_ask": 0.43,
      "seconds_left": 251.28058528900146,
      "trigger_price": null
    },
    {
      "ts": "2026-09-17T10:55:52.209309Z",
      "slug": "btc-updown-5m-1789642500",
      "status": "heartbeat",
      "gamma_up": 0.515,
      "gamma_down": 0.485,
      "clob_up_ask": 0.49,
      "clob_down_ask": 0.52,
      "seconds_left": 248.39286041259766,
      "min_spread": 0.010000000000000009
    },
    {
      "ts": "2026-09-17T10:55:52.209336Z",
      "slug": "btc-updown-5m-1789642500",
      "status": "skip_price_below_threshold",
      "threshold": 0.7,
      "max_ask": 0.85,
      "win_streak": 4,
      "clob_up_ask": 0.49,
      "clob_down_ask": 0.52,
      "seconds_left": 248.39286041259766,
      "trigger_price": null
    },
    {
      "ts": "2026-09-17T10:55:55.140371Z",
      "slug": "btc-updown-5m-1789642500",
      "status": "heartbeat",
      "gamma_up": 0.515,
      "gamma_down": 0.485,
      "clob_up_ask": 0.48,
      "clob_down_ask": 0.54,
      "seconds_left": 245.4845793247223,
      "min_spread": 0.010000000000000009
    },
    {
      "ts": "2026-09-17T10:55:55.140391Z",
      "slug": "btc-updown-5m-1789642500",
      "status": "skip_price_below_threshold",
      "threshold": 0.7,
      "max_ask": 0.85,
      "win_streak": 4,
      "clob_up_ask": 0.48,
      "clob_down_ask": 0.54,
      "seconds_left": 245.4845793247223,
      "trigger_price": null
    },
    {
      "ts": "2026-09-17T10:55:58.045537Z",
      "slug": "btc-updown-5m-1789642500",
      "status": "heartbeat",
      "gamma_up": 0.515,
      "gamma_down": 0.485,
      "clob_up_ask": 0.47,
      "clob_down_ask": 0.54,
      "seconds_left": 242.56947660446167,
      "min_spread": 0.009999999999999953
    },
    {
      "ts": "2026-09-17T10:55:58.045553Z",
      "slug": "btc-updown-5m-1789642500",
      "status": "skip_price_below_threshold",
      "threshold": 0.7,
      "max_ask": 0.85,
      "win_streak": 4,
      "clob_up_ask": 0.47,
      "clob_down_ask": 0.54,
      "seconds_left": 242.56947660446167,
      "trigger_price": null
    },
    {
      "ts": "2026-09-17T10:56:00.950476Z",
      "slug": "btc-updown-5m-1789642500",
      "status": "heartbeat",
      "gamma_up": 0.515,
      "gamma_down": 0.485,
      "clob_up_ask": 0.48,
      "clob_down_ask": 0.53,
      "seconds_left": 239.6721727848053,
      "min_spread": 0.010000000000000009
    },
    {
      "ts": "2026-09-17T10:56:00.950490Z",
      "slug": "btc-updown-5m-1789642500",
      "status": "skip_price_below_threshold",
      "threshold": 0.7,
      "max_ask": 0.85,
      "win_streak": 4,
      "clob_up_ask": 0.48,
      "clob_down_ask": 0.53,
      "seconds_left": 239.6721727848053,
      "trigger_price": null
    },
    {
      "ts": "2026-09-17T10:56:03.827136Z",
      "slug": "btc-updown-5m-1789642500",
      "status": "heartbeat",
      "gamma_up": 0.515,
      "gamma_down": 0.485,
      "clob_up_ask": 0.47,
      "clob_down_ask": 0.55,
      "seconds_left": 236.77777576446533,
      "min_spread": 0.009999999999999953
    },
    {
      "ts": "2026-09-17T10:56:03.827156Z",
      "slug": "btc-updown-5m-1789642500",
      "status": "skip_price_below_threshold",
      "threshold": 0.7,
      "max_ask": 0.85,
      "win_streak": 4,
      "clob_up_ask": 0.47,
      "clob_down_ask": 0.55,
      "seconds_left": 236.77777576446533,
      "trigger_price": null
    },
    {
      "ts": "2026-09-17T10:56:10.328447Z",
      "slug": "btc-updown-5m-1789642500",
      "status": "heartbeat",
      "gamma_up": 0.515,
      "gamma_down": 0.485,
      "clob_up_ask": 0.28,
      "clob_down_ask": 0.72,
      "seconds_left": 230.28442215919495,
      "min_spread": 0.010000000000000009
    }
  ],
  "open_raw": "{\"mode\": \"open\", \"execute\": true, \"market_slug\": \"btc-updown-5m-1789642500\", \"force_side\": \"DOWN\", \"token_id\": \"107056133609780732241978580767665130183398613108592424135637637470075052867745\", \"entry_price\": 0.72, \"notional_usd\": 5.0, \"top_ask_notional_usd\": 149.76, \"collateral_pusd\": 435.899983, \"order_post_result\": {\"errorMsg\": \"\", \"orderID\": \"0xce2e07e94b1450124e66b9b80c8e31deda8f058e466baae6e4f87e0bd5663d3a\", \"takingAmount\": \"7.142856\", \"makingAmount\": \"4.999999\", \"status\": \"matched\", \"transactionsHashes\": [\"0x6bc8febd132d8a39e3a44c12886a0d1f9307e388ab89efa318fdc27b0c05e1d2\"], \"success\": true}}\n\n[py_clob_client_v2] request error status=400 url=https://clob.polymarket.com/auth/api-key body={\"error\":\"Could not create api key\"}\n\n",
  "opened": {
    "opened_at": "2026-09-17T10:56:15.577121Z",
    "market_slug": "btc-updown-5m-1789642500",
    "market_end_iso": "2026-09-17T11:00:00Z",
    "side": "DOWN",
    "token_id": "107056133609780732241978580767665130183398613108592424135637637470075052867745",
    "entry_price": 0.72,
    "shares": 7.142856,
    "cost_usdc": 4.999999,
    "open_order_id": "0xce2e07e94b1450124e66b9b80c8e31deda8f058e466baae6e4f87e0bd5663d3a",
    "open_tx": "0x6bc8febd132d8a39e3a44c12886a0d1f9307e388ab89efa318fdc27b0c05e1d2"
  },
  "stop_loss_price": 0.07199999999999998,
  "last_side_price": 0.485,
  "last_check_at": "2026-09-17T10:59:39.739450Z",
  "last_clob_bid": 0.01,
  "close_debug": [
    {
      "ts": "2026-09-17T10:59:49.819754Z",
      "attempt": 1,
      "order_type": "FAK",
      "status": "error",
      "close_skipped": ""
    },
    {
      "ts": "2026-09-17T10:59:55.144784Z",
      "attempt": 2,
      "order_type": "FAK",
      "status": "error",
      "close_skipped": ""
    },
    {
      "ts": "2026-09-17T11:00:00.904208Z",
      "attempt": 3,
      "order_type": "FAK",
      "status": "error",
      "close_skipped": ""
    },
    {
      "ts": "2026-09-17T11:00:06.156813Z",
      "attempt": 4,
      "order_type": "FAK",
      "status": "error",
      "close_skipped": ""
    },
    {
      "ts": "2026-09-17T11:00:11.388531Z",
      "attempt": 5,
      "order_type": "FAK",
      "status": "error",
      "close_skipped": ""
    },
    {
      "ts": "2026-09-17T11:00:16.714225Z",
      "attempt": 6,
      "order_type": "FAK",
      "status": "error",
      "close_skipped": ""
    },
    {
      "ts": "2026-09-17T11:00:25.574772Z",
      "attempt": 7,
      "order_type": "FAK",
      "status": "error",
      "close_skipped": ""
    },
    {
      "ts": "2026-09-17T11:00:30.891657Z",
      "attempt": 8,
      "order_type": "FAK",
      "status": "error",
      "close_skipped": ""
    },
    {
      "ts": "2026-09-17T11:00:36.514871Z",
      "attempt": 9,
      "order_type": "FAK",
      "status": "error",
      "close_skipped": ""
    },
    {
      "ts": "2026-09-17T11:00:41.738399Z",
      "attempt": 10,
      "order_type": "FAK",
      "status": "error",
      "close_skipped": ""
    },
    {
      "ts": "2026-09-17T11:00:46.925016Z",
      "attempt": 11,
      "order_type": "FAK",
      "status": "error",
      "close_skipped": ""
    },
    {
      "ts": "2026-09-17T11:00:52.204821Z",
      "attempt": 12,
      "order_type": "FAK",
      "status": "error",
      "close_skipped": ""
    },
    {
      "ts": "2026-09-17T11:01:01.051399Z",
      "attempt": 13,
      "order_type": "FAK",
      "status": "error",
      "close_skipped": ""
    },
    {
      "ts": "2026-09-17T11:01:06.137484Z",
      "attempt": 14,
      "order_type": "FAK",
      "status": "error",
      "close_skipped": ""
    },
    {
      "ts": "2026-09-17T11:01:11.452734Z",
      "attempt": 15,
      "order_type": "FAK",
      "status": "error",
      "close_skipped": ""
    },
    {
      "ts": "2026-09-17T11:01:16.865262Z",
      "attempt": 16,
      "order_type": "FAK",
      "status": "error",
      "close_skipped": ""
    },
    {
      "ts": "2026-09-17T11:01:22.205531Z",
      "attempt": 17,
      "order_type": "FAK",
      "status": "error",
      "close_skipped": ""
    },
    {
      "ts": "2026-09-17T11:01:27.543640Z",
      "attempt": 18,
      "order_type": "FAK",
      "status": "error",
      "close_skipped": ""
    },
    {
      "ts": "2026-09-17T11:01:36.299773Z",
      "attempt": 19,
      "order_type": "FAK",
      "status": "error",
      "close_skipped": ""
    },
    {
      "ts": "2026-09-17T11:01:41.493679Z",
      "attempt": 20,
      "order_type": "FAK",
      "status": "error",
      "close_skipped": ""
    },
    {
      "ts": "2026-09-17T11:01:46.624917Z",
      "attempt": 21,
      "order_type": "FAK",
      "status": "error",
      "close_skipped": ""
    },
    {
      "ts": "2026-09-17T11:01:51.889827Z",
      "attempt": 22,
      "order_type": "FAK",
      "status": "error",
      "close_skipped": ""
    },
    {
      "ts": "2026-09-17T11:01:57.728208Z",
      "attempt": 23,
      "order_type": "FAK",
      "status": "error",
      "close_skipped": ""
    },
    {
      "ts": "2026-09-17T11:02:03.033085Z",
      "attempt": 24,
      "order_type": "FAK",
      "status": "error",
      "close_skipped": ""
    },
    {
      "ts": "2026-09-17T11:02:12.000636Z",
      "attempt": 25,
      "order_type": "FAK",
      "status": "error",
      "close_skipped": ""
    },
    {
      "ts": "2026-09-17T11:02:18.013804Z",
      "attempt": 26,
      "order_type": "FAK",
      "status": "error",
      "close_skipped": ""
    },
    {
      "ts": "2026-09-17T11:02:23.399832Z",
      "attempt": 27,
      "order_type": "FAK",
      "status": "error",
      "close_skipped": ""
    },
    {
      "ts": "2026-09-17T11:02:29.016789Z",
      "attempt": 28,
      "order_type": "FAK",
      "status": "error",
      "close_skipped": ""
    },
    {
      "ts": "2026-09-17T11:02:29.951455Z",
      "attempt": 28,
      "order_type": "SKIP_DEAD_BOOK",
      "status": "no_salvage_bid",
      "close_skipped": ""
    },
    {
      "ts": "2026-09-17T11:02:35.211490Z",
      "attempt": 29,
      "order_type": "FAK",
      "status": "error",
      "close_skipped": ""
    },
    {
      "ts": "2026-09-17T11:02:35.982161Z",
      "attempt": 29,
      "order_type": "SKIP_DEAD_BOOK",
      "status": "no_salvage_bid",
      "close_skipped": ""
    },
    {
      "ts": "2026-09-17T11:02:41.230490Z",
      "attempt": 30,
      "order_type": "FAK",
      "status": "error",
      "close_skipped": ""
    },
    {
      "ts": "2026-09-17T11:02:45.615071Z",
      "attempt": 30,
      "order_type": "SKIP_DEAD_BOOK",
      "status": "no_salvage_bid",
      "close_skipped": ""
    }
  ],
  "close_raw": "{\"error\": \"PolyApiException[status_code=404, error_message={'error': 'No orderbook exists for the requested token id'}]\", \"order_post_result\": {\"success\": false, \"status\": \"error\", \"errorMsg\": \"PolyApiException[status_code=404, error_message={'error': 'No orderbook exists for the requested token id'}]\"}, \"close_skipped\": \"\"}\n\n[py_clob_client_v2] request error status=400 url=https://clob.polymarket.com/auth/api-key body={\"error\":\"Could not create api key\"}\n\n[py_clob_client_v2] request error status=404 url=https://clob.polymarket.com/book body={\"error\":\"No orderbook exists for the requested token id\"}\n\n",
  "closed": {
    "close_reason": "time_exit_20s_before_end",
    "closed_at": "2026-09-17T11:02:47.615180Z",
    "close_success": false,
    "close_status": "error",
    "close_order_id": null,
    "close_tx": null,
    "close_shares": 0.0,
    "close_usdc": 0.0,
    "close_skipped": ""
  },
  "realized_cashflow_pnl_usdc": null,
  "finished_at": "2026-09-17T11:02:47.615225Z",
  "result": "done"
}
[2026-09-17T11:02:47Z] session_end rc=0 sessions=10 stake_usd=5
journal_ok trades=177 md=/home/yukeen/polymarketbot/5min-btc-polymarket/data/live_trades.md json=/home/yukeen/polymarketbot/5min-btc-polymarket/data/live_trades.json
[2026-09-17T11:03:52Z] fills=10/12 sessions=10/36
[py_clob_client_v2] request error status=400 url=https://clob.polymarket.com/auth/api-key body={"error":"Could not create api key"}

[2026-09-17T11:04:12Z] cash=430.794994
[2026-09-17T11:04:20Z] session_begin sessions=10 fills=10 stake_usd=5
{
  "started_at": "2026-09-17T11:04:21.372234Z",
  "params": {
    "profile": "conservative",
    "threshold": 0.7,
    "stake_usd": 5.0,
    "stop_loss_pct": 0.9,
    "exit_before_sec": 20,
    "min_entry_seconds_left": 60,
    "entry_timeout_min": 12,
    "poll_sec": 2.0,
    "max_ask": 0.85,
    "expensive_ask": 0.8,
    "expensive_after_wins": 3,
    "close_retry_max": 30,
    "close_retry_delay_sec": 2.0,
    "execute": true,
    "win_streak": 0
  },
  "attempts": [
    {
      "ts": "2026-09-17T11:04:21.777830Z",
      "slug": "btc-updown-5m-1789642800",
      "status": "skip_too_late_to_enter",
      "seconds_left": 38.22217512130737,
      "min_entry_seconds_left": 60
    },
    {
      "ts": "2026-09-17T11:04:24.091522Z",
      "slug": "btc-updown-5m-1789642800",
      "status": "skip_too_late_to_enter",
      "seconds_left": 35.90848517417908,
      "min_entry_seconds_left": 60
    },
    {
      "ts": "2026-09-17T11:04:26.448610Z",
      "slug": "btc-updown-5m-1789642800",
      "status": "skip_too_late_to_enter",
      "seconds_left": 33.55139756202698,
      "min_entry_seconds_left": 60
    },
    {
      "ts": "2026-09-17T11:04:28.778651Z",
      "slug": "btc-updown-5m-1789642800",
      "status": "skip_too_late_to_enter",
      "seconds_left": 31.221355676651,
      "min_entry_seconds_left": 60
    },
    {
      "ts": "2026-09-17T11:04:34.661180Z",
      "slug": "btc-updown-5m-1789642800",
      "status": "skip_too_late_to_enter",
      "seconds_left": 25.338825225830078,
      "min_entry_seconds_left": 60
    },
    {
      "ts": "2026-09-17T11:04:36.992979Z",
      "slug": "btc-updown-5m-1789642800",
      "status": "skip_too_late_to_enter",
      "seconds_left": 23.00702667236328,
      "min_entry_seconds_left": 60
    },
    {
      "ts": "2026-09-17T11:04:39.281461Z",
      "slug": "btc-updown-5m-1789642800",
      "status": "skip_too_late_to_enter",
      "seconds_left": 20.718541860580444,
      "min_entry_seconds_left": 60
    },
    {
      "ts": "2026-09-17T11:04:41.572053Z",
      "slug": "btc-updown-5m-1789642800",
      "status": "skip_too_late_to_enter",
      "seconds_left": 18.427950620651245,
      "min_entry_seconds_left": 60
    },
    {
      "ts": "2026-09-17T11:04:43.860639Z",
      "slug": "btc-updown-5m-1789642800",
      "status": "skip_too_late_to_enter",
      "seconds_left": 16.139365673065186,
      "min_entry_seconds_left": 60
    },
    {
      "ts": "2026-09-17T11:04:46.151286Z",
      "slug": "btc-updown-5m-1789642800",
      "status": "skip_too_late_to_enter",
      "seconds_left": 13.84872031211853,
      "min_entry_seconds_left": 60
    },
    {
      "ts": "2026-09-17T11:04:48.441047Z",
      "slug": "btc-updown-5m-1789642800",
      "status": "skip_too_late_to_enter",
      "seconds_left": 11.558959007263184,
      "min_entry_seconds_left": 60
    },
    {
      "ts": "2026-09-17T11:04:50.744885Z",
      "slug": "btc-updown-5m-1789642800",
      "status": "skip_too_late_to_enter",
      "seconds_left": 9.25512170791626,
      "min_entry_seconds_left": 60
    },
    {
      "ts": "2026-09-17T11:04:53.027174Z",
      "slug": "btc-updown-5m-1789642800",
      "status": "skip_too_late_to_enter",
      "seconds_left": 6.972829103469849,
      "min_entry_seconds_left": 60
    },
    {
      "ts": "2026-09-17T11:04:55.304741Z",
      "status": "heartbeat_no_current_market"
    },
    {
      "ts": "2026-09-17T11:04:57.619833Z",
      "status": "heartbeat_no_current_market"
    },
    {
      "ts": "2026-09-17T11:04:59.918165Z",
      "status": "heartbeat_no_current_market"
    },
    {
      "ts": "2026-09-17T11:05:03.056912Z",
      "slug": "btc-updown-5m-1789643100",
      "status": "heartbeat",
      "gamma_up": 0.505,
      "gamma_down": 0.495,
      "clob_up_ask": 0.32,
      "clob_down_ask": 0.69,
      "seconds_left": 297.7945535182953,
      "min_spread": 0.009999999999999898
    },
    {
      "ts": "2026-09-17T11:05:03.056977Z",
      "slug": "btc-updown-5m-1789643100",
      "status": "skip_price_below_threshold",
      "threshold": 0.7,
      "max_ask": 0.85,
      "win_streak": 0,
      "clob_up_ask": 0.32,
      "clob_down_ask": 0.69,
      "seconds_left": 297.7945535182953,
      "trigger_price": null
    },
    {
      "ts": "2026-09-17T11:05:05.955631Z",
      "slug": "btc-updown-5m-1789643100",
      "status": "heartbeat",
      "gamma_up": 0.505,
      "gamma_down": 0.495,
      "clob_up_ask": 0.31,
      "clob_down_ask": 0.7,
      "seconds_left": 294.63918352127075,
      "min_spread": 0.010000000000000009
    }
  ],
  "open_raw": "{\"mode\": \"open\", \"execute\": true, \"market_slug\": \"btc-updown-5m-1789643100\", \"force_side\": \"DOWN\", \"token_id\": \"92334112119425218247862280504048692289034370256794753741989798717427808694528\", \"entry_price\": 0.69, \"notional_usd\": 5.0, \"top_ask_notional_usd\": 622.8974999999999, \"collateral_pusd\": 430.794994, \"order_post_result\": {\"errorMsg\": \"\", \"orderID\": \"0x2e0bc7054ef29db87f4ce3525235b74d5e356851d369cdfd6af5fa366d09baa1\", \"takingAmount\": \"7.35294\", \"makingAmount\": \"4.999999\", \"status\": \"matched\", \"transactionsHashes\": [\"0x37787d3de75b43d83f3626973b046bc54670d60acf5fae462580a108a094036f\"], \"success\": true}}\n\n[py_clob_client_v2] request error status=400 url=https://clob.polymarket.com/auth/api-key body={\"error\":\"Could not create api key\"}\n\n",
  "opened": {
    "opened_at": "2026-09-17T11:05:14.451006Z",
    "market_slug": "btc-updown-5m-1789643100",
    "market_end_iso": "2026-09-17T11:10:00Z",
    "side": "DOWN",
    "token_id": "92334112119425218247862280504048692289034370256794753741989798717427808694528",
    "entry_price": 0.69,
    "shares": 7.35294,
    "cost_usdc": 4.999999,
    "open_order_id": "0x2e0bc7054ef29db87f4ce3525235b74d5e356851d369cdfd6af5fa366d09baa1",
    "open_tx": "0x37787d3de75b43d83f3626973b046bc54670d60acf5fae462580a108a094036f"
  },
  "stop_loss_price": 0.06899999999999998,
  "last_side_price": 0.495,
  "last_clob_bid": 0.99,
  "last_check_at": "2026-09-17T11:09:39.810182Z",
  "closed": {
    "close_reason": "hold_to_settlement_winning_book",
    "closed_at": "2026-09-17T11:09:42.112329Z",
    "close_success": false,
    "close_status": "held",
    "close_order_id": null,
    "close_tx": null,
    "close_shares": 0.0,
    "close_usdc": 0.0,
    "close_skipped": "hold_to_settlement"
  },
  "realized_cashflow_pnl_usdc": null,
  "finished_at": "2026-09-17T11:09:42.112385Z",
  "result": "done"
}
[2026-09-17T11:09:42Z] session_end rc=0 sessions=11 stake_usd=5
journal_ok trades=178 md=/home/yukeen/polymarketbot/5min-btc-polymarket/data/live_trades.md json=/home/yukeen/polymarketbot/5min-btc-polymarket/data/live_trades.json
[2026-09-17T11:10:50Z] fills=11/12 sessions=11/36
[py_clob_client_v2] request error status=400 url=https://clob.polymarket.com/auth/api-key body={"error":"Could not create api key"}

[2026-09-17T11:11:11Z] cash=425.683005
[py_clob_client_v2] request error status=400 url=https://clob.polymarket.com/auth/api-key body={"error":"Could not create api key"}

[2026-09-17T11:11:27Z] cash_retry=425.683005
[2026-09-17T11:11:35Z] session_begin sessions=11 fills=11 stake_usd=5
{
  "started_at": "2026-09-17T11:11:36.499389Z",
  "params": {
    "profile": "conservative",
    "threshold": 0.7,
    "stake_usd": 5.0,
    "stop_loss_pct": 0.9,
    "exit_before_sec": 20,
    "min_entry_seconds_left": 60,
    "entry_timeout_min": 12,
    "poll_sec": 2.0,
    "max_ask": 0.85,
    "expensive_ask": 0.8,
    "expensive_after_wins": 3,
    "close_retry_max": 30,
    "close_retry_delay_sec": 2.0,
    "execute": true,
    "win_streak": 1
  },
  "attempts": [
    {
      "ts": "2026-09-17T11:11:37.636849Z",
      "slug": "btc-updown-5m-1789643400",
      "status": "heartbeat",
      "gamma_up": 0.505,
      "gamma_down": 0.495,
      "clob_up_ask": 0.83,
      "clob_down_ask": 0.18,
      "seconds_left": 203.12836623191833,
      "min_spread": 0.009999999999999981
    }
  ],
  "open_raw": "{\"mode\": \"open\", \"execute\": true, \"market_slug\": \"btc-updown-5m-1789643400\", \"force_side\": \"UP\", \"token_id\": \"32214372692768527607966139168378482883090936694821914625074367519139350851085\", \"entry_price\": 0.84, \"notional_usd\": 5.0, \"top_ask_notional_usd\": 115.89479999999999, \"collateral_pusd\": 425.683005, \"order_post_result\": {\"errorMsg\": \"\", \"orderID\": \"0xa22c18e6b7a50a20889d4e63acde117a00048a840b8855b81753dba2fe4923bc\", \"takingAmount\": \"5.952381\", \"makingAmount\": \"5\", \"status\": \"matched\", \"transactionsHashes\": [\"0x8e80ddf3bde8ccb7fa1a89c3468f6ef8289795be43093bab61264bd77295b30d\"], \"success\": true}}\n\n[py_clob_client_v2] request error status=400 url=https://clob.polymarket.com/auth/api-key body={\"error\":\"Could not create api key\"}\n\n",
  "opened": {
    "opened_at": "2026-09-17T11:11:42.325445Z",
    "market_slug": "btc-updown-5m-1789643400",
    "market_end_iso": "2026-09-17T11:15:00Z",
    "side": "UP",
    "token_id": "32214372692768527607966139168378482883090936694821914625074367519139350851085",
    "entry_price": 0.84,
    "shares": 5.952381,
    "cost_usdc": 5.0,
    "open_order_id": "0xa22c18e6b7a50a20889d4e63acde117a00048a840b8855b81753dba2fe4923bc",
    "open_tx": "0x8e80ddf3bde8ccb7fa1a89c3468f6ef8289795be43093bab61264bd77295b30d"
  },
  "stop_loss_price": 0.08399999999999998,
  "last_side_price": 0.505,
  "last_clob_bid": 0.99,
  "last_check_at": "2026-09-17T11:14:39.561814Z",
  "closed": {
    "close_reason": "hold_to_settlement_winning_book",
    "closed_at": "2026-09-17T11:14:41.861547Z",
    "close_success": false,
    "close_status": "held",
    "close_order_id": null,
    "close_tx": null,
    "close_shares": 0.0,
    "close_usdc": 0.0,
    "close_skipped": "hold_to_settlement"
  },
  "realized_cashflow_pnl_usdc": null,
  "finished_at": "2026-09-17T11:14:41.861631Z",
  "result": "done"
}
[2026-09-17T11:14:41Z] session_end rc=0 sessions=12 stake_usd=5
journal_ok trades=179 md=/home/yukeen/polymarketbot/5min-btc-polymarket/data/live_trades.md json=/home/yukeen/polymarketbot/5min-btc-polymarket/data/live_trades.json
[2026-09-17T11:16:17Z] fills=12/12 sessions=12/36
[2026-09-17T11:16:17Z] stop_max_fills=12
[2026-09-17T11:16:17Z] loop_exit
